batch	work_id	title	input_path	output_path	pdf_path	status	error	changes	before_total	after_total	before_register_jump	after_register_jump	before_dangling_tie	after_dangling_tie	before_accidental_on_tie_continuation	after_accidental_on_tie_continuation	before_sparse_fragment	after_sparse_fragment	before_sparse_window	after_sparse_window	removed_dynamics	removed_hairpins	normalized_dangling_ties	suppressed_tie_continuation_accidentals
cpdl_5_voice_string_quartet	2	Ave Regina coelorum	/Users/francoispachet/IdeaProjects/gesualdo/data/cpdl/5-voices/reductions/string_quartet/002_ave_regina_coelorum.musicxml	/Users/francoispachet/IdeaProjects/gesualdo/outputs/batch_octave_optimization/cpdl_5_voice_string_quartet/002_ave_regina_coelorum/002_ave_regina_coelorum_optimized.musicxml		ok		24	55	4	29	4	19	0	7	0	0	0	0	0	48	44	27	0
cpdl_5_voice_string_quartet	3	Ave, dulcissima Maria	/Users/francoispachet/IdeaProjects/gesualdo/data/cpdl/5-voices/reductions/string_quartet/003_ave_dulcissima_maria.musicxml	/Users/francoispachet/IdeaProjects/gesualdo/outputs/batch_octave_optimization/cpdl_5_voice_string_quartet/003_ave_dulcissima_maria/003_ave_dulcissima_maria_optimized.musicxml		ok		30	40	3	26	3	8	0	6	0	0	0	0	0	44	40	14	0
cpdl_5_voice_string_quartet	4	Deus refugium et virtus	/Users/francoispachet/IdeaProjects/gesualdo/data/cpdl/5-voices/reductions/string_quartet/004_deus_refugium_et_virtus.musicxml	/Users/francoispachet/IdeaProjects/gesualdo/outputs/batch_octave_optimization/cpdl_5_voice_string_quartet/004_deus_refugium_et_virtus/004_deus_refugium_et_virtus_optimized.musicxml		ok		28	54	1	25	1	16	0	13	0	0	0	0	0	64	60	29	0
cpdl_5_voice_string_quartet	5	Dignare me	/Users/francoispachet/IdeaProjects/gesualdo/data/cpdl/5-voices/reductions/string_quartet/005_dignare_me.musicxml	/Users/francoispachet/IdeaProjects/gesualdo/outputs/batch_octave_optimization/cpdl_5_voice_string_quartet/005_dignare_me/005_dignare_me_optimized.musicxml		ok		24	41	1	27	1	8	0	6	0	0	0	0	0	44	40	15	0
cpdl_5_voice_string_quartet	6	Domine ne despicias	/Users/francoispachet/IdeaProjects/gesualdo/data/cpdl/5-voices/reductions/string_quartet/006_domine_ne_despicias.musicxml	/Users/francoispachet/IdeaProjects/gesualdo/outputs/batch_octave_optimization/cpdl_5_voice_string_quartet/006_domine_ne_despicias/006_domine_ne_despicias_optimized.musicxml		ok		20	46	3	26	3	13	0	7	0	0	0	0	0	80	76	24	0
cpdl_5_voice_string_quartet	7	Exaudi Deus	/Users/francoispachet/IdeaProjects/gesualdo/data/cpdl/5-voices/reductions/string_quartet/007_exaudi_deus.musicxml	/Users/francoispachet/IdeaProjects/gesualdo/outputs/batch_octave_optimization/cpdl_5_voice_string_quartet/007_exaudi_deus/007_exaudi_deus_optimized.musicxml		ok		24	41	0	28	0	9	0	4	0	0	0	0	0	32	28	14	0
cpdl_5_voice_string_quartet	8	Hei mihi, Domine	/Users/francoispachet/IdeaProjects/gesualdo/data/cpdl/5-voices/reductions/string_quartet/008_hei_mihi_domine.musicxml	/Users/francoispachet/IdeaProjects/gesualdo/outputs/batch_octave_optimization/cpdl_5_voice_string_quartet/008_hei_mihi_domine/008_hei_mihi_domine_optimized.musicxml		ok		21	57	5	19	5	27	0	11	0	0	0	0	0	64	60	46	0
cpdl_5_voice_string_quartet	9	Illumina faciem tuam	/Users/francoispachet/IdeaProjects/gesualdo/data/cpdl/5-voices/reductions/string_quartet/009_illumina_faciem_tuam.musicxml	/Users/francoispachet/IdeaProjects/gesualdo/outputs/batch_octave_optimization/cpdl_5_voice_string_quartet/009_illumina_faciem_tuam/009_illumina_faciem_tuam_optimized.musicxml		ok		34	54	2	31	2	18	0	5	0	0	0	0	0	52	48	23	0
cpdl_5_voice_string_quartet	10	Laboravi in gemitu meo	/Users/francoispachet/IdeaProjects/gesualdo/data/cpdl/5-voices/reductions/string_quartet/010_laboravi_in_gemitu_meo.musicxml	/Users/francoispachet/IdeaProjects/gesualdo/outputs/batch_octave_optimization/cpdl_5_voice_string_quartet/010_laboravi_in_gemitu_meo/010_laboravi_in_gemitu_meo_optimized.musicxml		ok		34	69	2	35	2	20	0	14	0	0	0	0	0	56	52	35	1
cpdl_5_voice_string_quartet	11	Maria, mater gratiae	/Users/francoispachet/IdeaProjects/gesualdo/data/cpdl/5-voices/reductions/string_quartet/011_maria_mater_gratiae.musicxml	/Users/francoispachet/IdeaProjects/gesualdo/outputs/batch_octave_optimization/cpdl_5_voice_string_quartet/011_maria_mater_gratiae/011_maria_mater_gratiae_optimized.musicxml		ok		40	84	4	48	4	22	0	14	0	0	0	0	0	44	40	37	0
cpdl_5_voice_string_quartet	12	O Crux benedicta	/Users/francoispachet/IdeaProjects/gesualdo/data/cpdl/5-voices/reductions/string_quartet/012_o_crux_benedicta.musicxml	/Users/francoispachet/IdeaProjects/gesualdo/outputs/batch_octave_optimization/cpdl_5_voice_string_quartet/012_o_crux_benedicta/012_o_crux_benedicta_optimized.musicxml		ok		21	60	0	20	0	26	0	14	0	0	0	0	0	20	12	41	0
cpdl_5_voice_string_quartet	13	O vos omnes (1603)	/Users/francoispachet/IdeaProjects/gesualdo/data/cpdl/5-voices/reductions/string_quartet/013_o_vos_omnes_1603.musicxml	/Users/francoispachet/IdeaProjects/gesualdo/outputs/batch_octave_optimization/cpdl_5_voice_string_quartet/013_o_vos_omnes_1603/013_o_vos_omnes_1603_optimized.musicxml		ok		14	23	4	21	4	1	0	1	0	0	0	0	0	52	48	2	0
cpdl_5_voice_string_quartet	14	Peccantem me quotidie	/Users/francoispachet/IdeaProjects/gesualdo/data/cpdl/5-voices/reductions/string_quartet/014_peccantem_me_quotidie.musicxml	/Users/francoispachet/IdeaProjects/gesualdo/outputs/batch_octave_optimization/cpdl_5_voice_string_quartet/014_peccantem_me_quotidie/014_peccantem_me_quotidie_optimized.musicxml		ok		34	85	4	37	4	33	0	15	0	0	0	0	0	76	72	50	0
cpdl_5_voice_string_quartet	15	Precibus et meritis	/Users/francoispachet/IdeaProjects/gesualdo/data/cpdl/5-voices/reductions/string_quartet/015_precibus_et_meritis.musicxml	/Users/francoispachet/IdeaProjects/gesualdo/outputs/batch_octave_optimization/cpdl_5_voice_string_quartet/015_precibus_et_meritis/015_precibus_et_meritis_optimized.musicxml		ok		35	56	2	39	2	10	0	7	0	0	0	0	0	44	40	20	0
cpdl_5_voice_string_quartet	16	Reminiscere	/Users/francoispachet/IdeaProjects/gesualdo/data/cpdl/5-voices/reductions/string_quartet/016_reminiscere.musicxml	/Users/francoispachet/IdeaProjects/gesualdo/outputs/batch_octave_optimization/cpdl_5_voice_string_quartet/016_reminiscere/016_reminiscere_optimized.musicxml		ok		34	54	3	33	3	14	0	7	0	0	0	0	0	60	56	21	1
cpdl_5_voice_string_quartet	17	Sancti Spiritus Domine	/Users/francoispachet/IdeaProjects/gesualdo/data/cpdl/5-voices/reductions/string_quartet/017_sancti_spiritus_domine.musicxml	/Users/francoispachet/IdeaProjects/gesualdo/outputs/batch_octave_optimization/cpdl_5_voice_string_quartet/017_sancti_spiritus_domine/017_sancti_spiritus_domine_optimized.musicxml		ok		32	41	1	24	1	9	0	8	0	0	0	0	0	68	64	18	0
cpdl_5_voice_string_quartet	18	Tribularer si nescirem	/Users/francoispachet/IdeaProjects/gesualdo/data/cpdl/5-voices/reductions/string_quartet/018_tribularer_si_nescirem.musicxml	/Users/francoispachet/IdeaProjects/gesualdo/outputs/batch_octave_optimization/cpdl_5_voice_string_quartet/018_tribularer_si_nescirem/018_tribularer_si_nescirem_optimized.musicxml		ok		29	51	1	26	1	15	0	10	0	0	0	0	0	44	40	25	0
cpdl_5_voice_string_quartet	19	Tribulationem et dolorem	/Users/francoispachet/IdeaProjects/gesualdo/data/cpdl/5-voices/reductions/string_quartet/019_tribulationem_et_dolorem.musicxml	/Users/francoispachet/IdeaProjects/gesualdo/outputs/batch_octave_optimization/cpdl_5_voice_string_quartet/019_tribulationem_et_dolorem/019_tribulationem_et_dolorem_optimized.musicxml		ok		37	74	0	37	0	24	0	13	0	0	0	0	0	60	56	40	0
cpdl_5_voice_string_quartet	20	Venit lumen tuum	/Users/francoispachet/IdeaProjects/gesualdo/data/cpdl/5-voices/reductions/string_quartet/020_venit_lumen_tuum.musicxml	/Users/francoispachet/IdeaProjects/gesualdo/outputs/batch_octave_optimization/cpdl_5_voice_string_quartet/020_venit_lumen_tuum/020_venit_lumen_tuum_optimized.musicxml		ok		32	52	1	33	1	13	0	6	0	0	0	0	0	40	36	24	0
cpdl_5_voice_string_quartet	57	A voi, mentre il mio core	/Users/francoispachet/IdeaProjects/gesualdo/data/cpdl/5-voices/reductions/string_quartet/057_a_voi_mentre_il_mio_core.musicxml	/Users/francoispachet/IdeaProjects/gesualdo/outputs/batch_octave_optimization/cpdl_5_voice_string_quartet/057_a_voi_mentre_il_mio_core/057_a_voi_mentre_il_mio_core_optimized.musicxml		ok		33	45	5	33	5	7	0	5	0	0	0	0	0	68	64	12	0
cpdl_5_voice_string_quartet	58	Ahi, disperata vita	/Users/francoispachet/IdeaProjects/gesualdo/data/cpdl/5-voices/reductions/string_quartet/058_ahi_disperata_vita.musicxml	/Users/francoispachet/IdeaProjects/gesualdo/outputs/batch_octave_optimization/cpdl_5_voice_string_quartet/058_ahi_disperata_vita/058_ahi_disperata_vita_optimized.musicxml		ok		30	41	1	31	1	7	0	3	0	0	0	0	0	48	40	11	0
cpdl_5_voice_string_quartet	60	Al mio gioir il ciel si fa sereno	/Users/francoispachet/IdeaProjects/gesualdo/data/cpdl/5-voices/reductions/string_quartet/060_al_mio_gioir_il_ciel_si_fa_sereno.musicxml	/Users/francoispachet/IdeaProjects/gesualdo/outputs/batch_octave_optimization/cpdl_5_voice_string_quartet/060_al_mio_gioir_il_ciel_si_fa_sereno/060_al_mio_gioir_il_ciel_si_fa_sereno_optimized.musicxml		ok		46	63	2	44	2	10	0	9	0	0	0	0	0	76	72	20	0
cpdl_5_voice_string_quartet	61	All' ombra de gl'allori	/Users/francoispachet/IdeaProjects/gesualdo/data/cpdl/5-voices/reductions/string_quartet/061_all_ombra_de_gl_allori.musicxml	/Users/francoispachet/IdeaProjects/gesualdo/outputs/batch_octave_optimization/cpdl_5_voice_string_quartet/061_all_ombra_de_gl_allori/061_all_ombra_de_gl_allori_optimized.musicxml		ok		5	12	4	3	0	2	0	3	0	0	0	4	4	12	8	5	0
cpdl_5_voice_string_quartet	62	All'apparir di quelle luci ardenti	/Users/francoispachet/IdeaProjects/gesualdo/data/cpdl/5-voices/reductions/string_quartet/062_all_apparir_di_quelle_luci_ardenti.musicxml	/Users/francoispachet/IdeaProjects/gesualdo/outputs/batch_octave_optimization/cpdl_5_voice_string_quartet/062_all_apparir_di_quelle_luci_ardenti/062_all_apparir_di_quelle_luci_ardenti_optimized.musicxml		ok		42	57	6	39	6	11	0	7	0	0	0	0	0	44	37	23	1
cpdl_5_voice_string_quartet	63	Alme d'Amor rubelle	/Users/francoispachet/IdeaProjects/gesualdo/data/cpdl/5-voices/reductions/string_quartet/063_alme_d_amor_rubelle.musicxml	/Users/francoispachet/IdeaProjects/gesualdo/outputs/batch_octave_optimization/cpdl_5_voice_string_quartet/063_alme_d_amor_rubelle/063_alme_d_amor_rubelle_optimized.musicxml		ok		31	54	8	44	8	4	0	6	0	0	0	0	0	68	64	10	0
cpdl_5_voice_string_quartet	64	Amor pace non chero	/Users/francoispachet/IdeaProjects/gesualdo/data/cpdl/5-voices/reductions/string_quartet/064_amor_pace_non_chero.musicxml	/Users/francoispachet/IdeaProjects/gesualdo/outputs/batch_octave_optimization/cpdl_5_voice_string_quartet/064_amor_pace_non_chero/064_amor_pace_non_chero_optimized.musicxml		ok		14	18	0	13	0	3	0	2	0	0	0	0	0	40	34	5	0
cpdl_5_voice_string_quartet	65	Ancide sol la morte	/Users/francoispachet/IdeaProjects/gesualdo/data/cpdl/5-voices/reductions/string_quartet/065_ancide_sol_la_morte.musicxml	/Users/francoispachet/IdeaProjects/gesualdo/outputs/batch_octave_optimization/cpdl_5_voice_string_quartet/065_ancide_sol_la_morte/065_ancide_sol_la_morte_optimized.musicxml		ok		41	45	1	39	1	1	0	5	0	0	0	0	0	44	40	6	0
cpdl_5_voice_string_quartet	66	Ancidetemi pur, grievi martiri	/Users/francoispachet/IdeaProjects/gesualdo/data/cpdl/5-voices/reductions/string_quartet/066_ancidetemi_pur_grievi_martiri.musicxml	/Users/francoispachet/IdeaProjects/gesualdo/outputs/batch_octave_optimization/cpdl_5_voice_string_quartet/066_ancidetemi_pur_grievi_martiri/066_ancidetemi_pur_grievi_martiri_optimized.musicxml		ok		35	47	0	31	0	8	0	8	0	0	0	0	0	60	48	16	0
cpdl_5_voice_string_quartet	67	Ancor che per amarti	/Users/francoispachet/IdeaProjects/gesualdo/data/cpdl/5-voices/reductions/string_quartet/067_ancor_che_per_amarti.musicxml	/Users/francoispachet/IdeaProjects/gesualdo/outputs/batch_octave_optimization/cpdl_5_voice_string_quartet/067_ancor_che_per_amarti/067_ancor_che_per_amarti_optimized.musicxml		ok		21	39	3	25	3	10	0	4	0	0	0	0	0	76	72	14	0
cpdl_5_voice_string_quartet	68	Arde il mio cor	/Users/francoispachet/IdeaProjects/gesualdo/data/cpdl/5-voices/reductions/string_quartet/068_arde_il_mio_cor.musicxml	/Users/francoispachet/IdeaProjects/gesualdo/outputs/batch_octave_optimization/cpdl_5_voice_string_quartet/068_arde_il_mio_cor/068_arde_il_mio_cor_optimized.musicxml		ok		30	40	1	32	1	3	0	5	0	0	0	0	0	44	40	8	0
cpdl_5_voice_string_quartet	69	Ardita zanzaretta	/Users/francoispachet/IdeaProjects/gesualdo/data/cpdl/5-voices/reductions/string_quartet/069_ardita_zanzaretta.musicxml	/Users/francoispachet/IdeaProjects/gesualdo/outputs/batch_octave_optimization/cpdl_5_voice_string_quartet/069_ardita_zanzaretta/069_ardita_zanzaretta_optimized.musicxml		ok		49	60	4	44	4	10	0	6	0	0	0	0	0	80	76	14	0
cpdl_5_voice_string_quartet	70	Ardo per te, mio bene	/Users/francoispachet/IdeaProjects/gesualdo/data/cpdl/5-voices/reductions/string_quartet/070_ardo_per_te_mio_bene.musicxml	/Users/francoispachet/IdeaProjects/gesualdo/outputs/batch_octave_optimization/cpdl_5_voice_string_quartet/070_ardo_per_te_mio_bene/070_ardo_per_te_mio_bene_optimized.musicxml		ok		44	57	6	42	6	8	0	7	0	0	0	0	0	56	51	16	0
cpdl_5_voice_string_quartet	71	Asciugate i begli occhi	/Users/francoispachet/IdeaProjects/gesualdo/data/cpdl/5-voices/reductions/string_quartet/071_asciugate_i_begli_occhi.musicxml	/Users/francoispachet/IdeaProjects/gesualdo/outputs/batch_octave_optimization/cpdl_5_voice_string_quartet/071_asciugate_i_begli_occhi/071_asciugate_i_begli_occhi_optimized.musicxml		ok		21	23	2	19	2	3	0	1	0	0	0	0	0	64	60	5	0
cpdl_5_voice_string_quartet	72	Baci soavi e cari	/Users/francoispachet/IdeaProjects/gesualdo/data/cpdl/5-voices/reductions/string_quartet/072_baci_soavi_e_cari.musicxml	/Users/francoispachet/IdeaProjects/gesualdo/outputs/batch_octave_optimization/cpdl_5_voice_string_quartet/072_baci_soavi_e_cari/072_baci_soavi_e_cari_optimized.musicxml		failed	Invariant mismatch at segment 1015: (1, 312.0, 313.0, (2,)) != (1, 312.0, 313.0, ())	80	0	0	0	0	0	0	0	0	0	0	0	0	96	87	268	2
cpdl_5_voice_string_quartet	73	Bella Angioletta	/Users/francoispachet/IdeaProjects/gesualdo/data/cpdl/5-voices/reductions/string_quartet/073_bella_angioletta.musicxml	/Users/francoispachet/IdeaProjects/gesualdo/outputs/batch_octave_optimization/cpdl_5_voice_string_quartet/073_bella_angioletta/073_bella_angioletta_optimized.musicxml		ok		17	24	4	21	4	1	0	2	0	0	0	0	0	80	76	3	0
cpdl_5_voice_string_quartet	74	Beltà poi che t'assenti	/Users/francoispachet/IdeaProjects/gesualdo/data/cpdl/5-voices/reductions/string_quartet/074_belt_poi_che_t_assenti.musicxml	/Users/francoispachet/IdeaProjects/gesualdo/outputs/batch_octave_optimization/cpdl_5_voice_string_quartet/074_belt_poi_che_t_assenti/074_belt_poi_che_t_assenti_optimized.musicxml		ok		16	31	2	18	2	8	0	5	0	0	0	0	0	60	56	12	0
cpdl_5_voice_string_quartet	75	Candida man qual neve	/Users/francoispachet/IdeaProjects/gesualdo/data/cpdl/5-voices/reductions/string_quartet/075_candida_man_qual_neve.musicxml	/Users/francoispachet/IdeaProjects/gesualdo/outputs/batch_octave_optimization/cpdl_5_voice_string_quartet/075_candida_man_qual_neve/075_candida_man_qual_neve_optimized.musicxml		ok		36	48	2	40	2	3	0	5	0	0	0	0	0	56	49	9	0
cpdl_5_voice_string_quartet	76	Candido e verde fiore	/Users/francoispachet/IdeaProjects/gesualdo/data/cpdl/5-voices/reductions/string_quartet/076_candido_e_verde_fiore.musicxml	/Users/francoispachet/IdeaProjects/gesualdo/outputs/batch_octave_optimization/cpdl_5_voice_string_quartet/076_candido_e_verde_fiore/076_candido_e_verde_fiore_optimized.musicxml		ok		26	51	2	25	2	14	0	12	0	0	0	0	0	56	52	26	1
cpdl_5_voice_string_quartet	77	Caro amoroso neo	/Users/francoispachet/IdeaProjects/gesualdo/data/cpdl/5-voices/reductions/string_quartet/077_caro_amoroso_neo.musicxml	/Users/francoispachet/IdeaProjects/gesualdo/outputs/batch_octave_optimization/cpdl_5_voice_string_quartet/077_caro_amoroso_neo/077_caro_amoroso_neo_optimized.musicxml		ok		37	56	3	40	2	7	0	8	0	0	0	1	1	84	78	18	1
cpdl_5_voice_string_quartet	78	Che fai meco	/Users/francoispachet/IdeaProjects/gesualdo/data/cpdl/5-voices/reductions/string_quartet/078_che_fai_meco.musicxml	/Users/francoispachet/IdeaProjects/gesualdo/outputs/batch_octave_optimization/cpdl_5_voice_string_quartet/078_che_fai_meco/078_che_fai_meco_optimized.musicxml		ok		41	56	3	39	3	8	0	9	0	0	0	0	0	60	56	17	0
cpdl_5_voice_string_quartet	79	Che sentir deve il petto mio	/Users/francoispachet/IdeaProjects/gesualdo/data/cpdl/5-voices/reductions/string_quartet/079_che_sentir_deve_il_petto_mio.musicxml	/Users/francoispachet/IdeaProjects/gesualdo/outputs/batch_octave_optimization/cpdl_5_voice_string_quartet/079_che_sentir_deve_il_petto_mio/079_che_sentir_deve_il_petto_mio_optimized.musicxml		ok		25	35	1	23	1	9	0	3	0	0	0	0	0	80	76	14	0
cpdl_5_voice_string_quartet	80	Chiaro risplender suole	/Users/francoispachet/IdeaProjects/gesualdo/data/cpdl/5-voices/reductions/string_quartet/080_chiaro_risplender_suole.musicxml	/Users/francoispachet/IdeaProjects/gesualdo/outputs/batch_octave_optimization/cpdl_5_voice_string_quartet/080_chiaro_risplender_suole/080_chiaro_risplender_suole_optimized.musicxml		ok		14	34	1	15	1	11	0	8	0	0	0	0	0	68	64	19	0
cpdl_5_voice_string_quartet	81	Com'esser può ch'io viva	/Users/francoispachet/IdeaProjects/gesualdo/data/cpdl/5-voices/reductions/string_quartet/081_com_esser_pu_ch_io_viva.musicxml	/Users/francoispachet/IdeaProjects/gesualdo/outputs/batch_octave_optimization/cpdl_5_voice_string_quartet/081_com_esser_pu_ch_io_viva/081_com_esser_pu_ch_io_viva_optimized.musicxml		ok		35	49	0	33	0	8	0	8	0	0	0	0	0	44	38	17	0
cpdl_5_voice_string_quartet	82	Come vivrai cor mio	/Users/francoispachet/IdeaProjects/gesualdo/data/cpdl/5-voices/reductions/string_quartet/082_come_vivrai_cor_mio.musicxml	/Users/francoispachet/IdeaProjects/gesualdo/outputs/batch_octave_optimization/cpdl_5_voice_string_quartet/082_come_vivrai_cor_mio/082_come_vivrai_cor_mio_optimized.musicxml		ok		16	16	0	13	0	2	0	1	0	0	0	0	0	12	8	3	0
cpdl_5_voice_string_quartet	83	Cor mio, deh, non piangete	/Users/francoispachet/IdeaProjects/gesualdo/data/cpdl/5-voices/reductions/string_quartet/083_cor_mio_deh_non_piangete.musicxml	/Users/francoispachet/IdeaProjects/gesualdo/outputs/batch_octave_optimization/cpdl_5_voice_string_quartet/083_cor_mio_deh_non_piangete/083_cor_mio_deh_non_piangete_optimized.musicxml		ok		31	53	2	28	2	16	0	9	0	0	0	0	0	108	98	25	0
cpdl_5_voice_string_quartet	84	Correte, amanti, a prova	/Users/francoispachet/IdeaProjects/gesualdo/data/cpdl/5-voices/reductions/string_quartet/084_correte_amanti_a_prova.musicxml	/Users/francoispachet/IdeaProjects/gesualdo/outputs/batch_octave_optimization/cpdl_5_voice_string_quartet/084_correte_amanti_a_prova/084_correte_amanti_a_prova_optimized.musicxml		ok		45	54	1	42	1	9	0	3	0	0	0	0	0	56	52	12	0
cpdl_5_voice_string_quartet	86	Dalle odorate spoglie	/Users/francoispachet/IdeaProjects/gesualdo/data/cpdl/5-voices/reductions/string_quartet/086_dalle_odorate_spoglie.musicxml	/Users/francoispachet/IdeaProjects/gesualdo/outputs/batch_octave_optimization/cpdl_5_voice_string_quartet/086_dalle_odorate_spoglie/086_dalle_odorate_spoglie_optimized.musicxml		ok		16	18	0	15	0	1	0	2	0	0	0	0	0	24	20	3	0
cpdl_5_voice_string_quartet	87	Deh coprite il bel seno	/Users/francoispachet/IdeaProjects/gesualdo/data/cpdl/5-voices/reductions/string_quartet/087_deh_coprite_il_bel_seno.musicxml	/Users/francoispachet/IdeaProjects/gesualdo/outputs/batch_octave_optimization/cpdl_5_voice_string_quartet/087_deh_coprite_il_bel_seno/087_deh_coprite_il_bel_seno_optimized.musicxml		ok		23	33	6	24	6	6	0	3	0	0	0	0	0	64	60	10	0
cpdl_5_voice_string_quartet	88	Deh, come invan sospiro	/Users/francoispachet/IdeaProjects/gesualdo/data/cpdl/5-voices/reductions/string_quartet/088_deh_come_invan_sospiro.musicxml	/Users/francoispachet/IdeaProjects/gesualdo/outputs/batch_octave_optimization/cpdl_5_voice_string_quartet/088_deh_come_invan_sospiro/088_deh_come_invan_sospiro_optimized.musicxml		ok		22	32	3	19	3	8	0	5	0	0	0	0	0	72	62	17	0
cpdl_5_voice_string_quartet	90	Del bel de bei vostri occhi	/Users/francoispachet/IdeaProjects/gesualdo/data/cpdl/5-voices/reductions/string_quartet/090_del_bel_de_bei_vostri_occhi.musicxml	/Users/francoispachet/IdeaProjects/gesualdo/outputs/batch_octave_optimization/cpdl_5_voice_string_quartet/090_del_bel_de_bei_vostri_occhi/090_del_bel_de_bei_vostri_occhi_optimized.musicxml		ok		47	62	4	36	1	5	0	18	0	0	0	3	3	76	68	23	0
cpdl_5_voice_string_quartet	91	Dolce spirto d'amore	/Users/francoispachet/IdeaProjects/gesualdo/data/cpdl/5-voices/reductions/string_quartet/091_dolce_spirto_d_amore.musicxml	/Users/francoispachet/IdeaProjects/gesualdo/outputs/batch_octave_optimization/cpdl_5_voice_string_quartet/091_dolce_spirto_d_amore/091_dolce_spirto_d_amore_optimized.musicxml		ok		37	50	0	36	0	11	0	3	0	0	0	0	0	64	60	16	1
cpdl_5_voice_string_quartet	92	Dolcissima mia vita	/Users/francoispachet/IdeaProjects/gesualdo/data/cpdl/5-voices/reductions/string_quartet/092_dolcissima_mia_vita.musicxml	/Users/francoispachet/IdeaProjects/gesualdo/outputs/batch_octave_optimization/cpdl_5_voice_string_quartet/092_dolcissima_mia_vita/092_dolcissima_mia_vita_optimized.musicxml		ok		31	41	0	31	0	7	0	3	0	0	0	0	0	40	36	11	0
cpdl_5_voice_string_quartet	93	Dolcissimo sospiro	/Users/francoispachet/IdeaProjects/gesualdo/data/cpdl/5-voices/reductions/string_quartet/093_dolcissimo_sospiro.musicxml	/Users/francoispachet/IdeaProjects/gesualdo/outputs/batch_octave_optimization/cpdl_5_voice_string_quartet/093_dolcissimo_sospiro/093_dolcissimo_sospiro_optimized.musicxml		ok		44	66	9	45	8	7	0	13	0	0	0	1	1	36	30	24	0
cpdl_5_voice_string_quartet	95	Ecco, morirò dunque	/Users/francoispachet/IdeaProjects/gesualdo/data/cpdl/5-voices/reductions/string_quartet/095_ecco_morir_dunque.musicxml	/Users/francoispachet/IdeaProjects/gesualdo/outputs/batch_octave_optimization/cpdl_5_voice_string_quartet/095_ecco_morir_dunque/095_ecco_morir_dunque_optimized.musicxml		ok		38	67	3	34	3	19	0	14	0	0	0	0	0	128	124	35	0
cpdl_5_voice_string_quartet	96	Felice primavera	/Users/francoispachet/IdeaProjects/gesualdo/data/cpdl/5-voices/reductions/string_quartet/096_felice_primavera.musicxml	/Users/francoispachet/IdeaProjects/gesualdo/outputs/batch_octave_optimization/cpdl_5_voice_string_quartet/096_felice_primavera/096_felice_primavera_optimized.musicxml		ok		66	81	14	72	12	4	0	3	0	0	0	2	2	88	80	9	0
cpdl_5_voice_string_quartet	97	Felicissimo sonno	/Users/francoispachet/IdeaProjects/gesualdo/data/cpdl/5-voices/reductions/string_quartet/097_felicissimo_sonno.musicxml	/Users/francoispachet/IdeaProjects/gesualdo/outputs/batch_octave_optimization/cpdl_5_voice_string_quartet/097_felicissimo_sonno/097_felicissimo_sonno_optimized.musicxml		ok		29	46	3	32	3	8	0	6	0	0	0	0	0	60	56	14	0
cpdl_5_voice_string_quartet	98	Gelo ha madonna il seno	/Users/francoispachet/IdeaProjects/gesualdo/data/cpdl/5-voices/reductions/string_quartet/098_gelo_ha_madonna_il_seno.musicxml	/Users/francoispachet/IdeaProjects/gesualdo/outputs/batch_octave_optimization/cpdl_5_voice_string_quartet/098_gelo_ha_madonna_il_seno/098_gelo_ha_madonna_il_seno_optimized.musicxml		ok		30	44	1	40	1	3	0	1	0	0	0	0	0	80	76	3	0
cpdl_5_voice_string_quartet	99	Gioite voi col canto	/Users/francoispachet/IdeaProjects/gesualdo/data/cpdl/5-voices/reductions/string_quartet/099_gioite_voi_col_canto.musicxml	/Users/francoispachet/IdeaProjects/gesualdo/outputs/batch_octave_optimization/cpdl_5_voice_string_quartet/099_gioite_voi_col_canto/099_gioite_voi_col_canto_optimized.musicxml		ok		36	60	1	35	1	16	0	9	0	0	0	0	0	92	88	25	0
cpdl_5_voice_string_quartet	100	Già piansi nel dolore	/Users/francoispachet/IdeaProjects/gesualdo/data/cpdl/5-voices/reductions/string_quartet/100_gi_piansi_nel_dolore.musicxml	/Users/francoispachet/IdeaProjects/gesualdo/outputs/batch_octave_optimization/cpdl_5_voice_string_quartet/100_gi_piansi_nel_dolore/100_gi_piansi_nel_dolore_optimized.musicxml		ok		21	39	0	20	0	8	0	11	0	0	0	0	0	76	72	19	0
cpdl_5_voice_string_quartet	101	Hai rotto e sciolto e spento	/Users/francoispachet/IdeaProjects/gesualdo/data/cpdl/5-voices/reductions/string_quartet/101_hai_rotto_e_sciolto_e_spento.musicxml	/Users/francoispachet/IdeaProjects/gesualdo/outputs/batch_octave_optimization/cpdl_5_voice_string_quartet/101_hai_rotto_e_sciolto_e_spento/101_hai_rotto_e_sciolto_e_spento_optimized.musicxml		ok		49	72	17	57	17	11	0	4	0	0	0	0	0	96	92	20	0
cpdl_5_voice_string_quartet	102	In più leggiadro velo	/Users/francoispachet/IdeaProjects/gesualdo/data/cpdl/5-voices/reductions/string_quartet/102_in_pi_leggiadro_velo.musicxml	/Users/francoispachet/IdeaProjects/gesualdo/outputs/batch_octave_optimization/cpdl_5_voice_string_quartet/102_in_pi_leggiadro_velo/102_in_pi_leggiadro_velo_optimized.musicxml		ok		35	43	2	36	2	3	0	4	0	0	0	0	0	56	50	8	0
cpdl_5_voice_string_quartet	103	Io parto, e non più dissi	/Users/francoispachet/IdeaProjects/gesualdo/data/cpdl/5-voices/reductions/string_quartet/103_io_parto_e_non_pi_dissi.musicxml	/Users/francoispachet/IdeaProjects/gesualdo/outputs/batch_octave_optimization/cpdl_5_voice_string_quartet/103_io_parto_e_non_pi_dissi/103_io_parto_e_non_pi_dissi_optimized.musicxml		ok		36	49	1	36	1	8	0	5	0	0	0	0	0	60	56	13	0
cpdl_5_voice_string_quartet	104	Io pur respiro in così gran dolore	/Users/francoispachet/IdeaProjects/gesualdo/data/cpdl/5-voices/reductions/string_quartet/104_io_pur_respiro_in_cos_gran_dolore.musicxml	/Users/francoispachet/IdeaProjects/gesualdo/outputs/batch_octave_optimization/cpdl_5_voice_string_quartet/104_io_pur_respiro_in_cos_gran_dolore/104_io_pur_respiro_in_cos_gran_dolore_optimized.musicxml		ok		33	52	2	34	2	10	0	8	0	0	0	0	0	72	65	18	0
cpdl_5_voice_string_quartet	105	Io tacerò	/Users/francoispachet/IdeaProjects/gesualdo/data/cpdl/5-voices/reductions/string_quartet/105_io_tacer.musicxml	/Users/francoispachet/IdeaProjects/gesualdo/outputs/batch_octave_optimization/cpdl_5_voice_string_quartet/105_io_tacer/105_io_tacer_optimized.musicxml		ok		29	39	0	25	0	10	0	4	0	0	0	0	0	44	40	17	0
cpdl_5_voice_string_quartet	106	Itene o miei sospiri	/Users/francoispachet/IdeaProjects/gesualdo/data/cpdl/5-voices/reductions/string_quartet/106_itene_o_miei_sospiri.musicxml	/Users/francoispachet/IdeaProjects/gesualdo/outputs/batch_octave_optimization/cpdl_5_voice_string_quartet/106_itene_o_miei_sospiri/106_itene_o_miei_sospiri_optimized.musicxml		ok		35	45	2	32	2	9	0	4	0	0	0	0	0	64	60	15	0
cpdl_5_voice_string_quartet	107	Languisce al fin chi da la vita parte	/Users/francoispachet/IdeaProjects/gesualdo/data/cpdl/5-voices/reductions/string_quartet/107_languisce_al_fin_chi_da_la_vita_parte.musicxml	/Users/francoispachet/IdeaProjects/gesualdo/outputs/batch_octave_optimization/cpdl_5_voice_string_quartet/107_languisce_al_fin_chi_da_la_vita_parte/107_languisce_al_fin_chi_da_la_vita_parte_optimized.musicxml		ok		27	48	3	27	3	12	0	9	0	0	0	0	0	68	64	22	0
cpdl_5_voice_string_quartet	109	Luci serene e chiare	/Users/francoispachet/IdeaProjects/gesualdo/data/cpdl/5-voices/reductions/string_quartet/109_luci_serene_e_chiare.musicxml	/Users/francoispachet/IdeaProjects/gesualdo/outputs/batch_octave_optimization/cpdl_5_voice_string_quartet/109_luci_serene_e_chiare/109_luci_serene_e_chiare_optimized.musicxml		ok		31	30	3	30	3	0	0	0	0	0	0	0	0	56	52	0	0
cpdl_5_voice_string_quartet	110	Ma se avverrà ch'io moia	/Users/francoispachet/IdeaProjects/gesualdo/data/cpdl/5-voices/reductions/string_quartet/110_ma_se_avverr_ch_io_moia.musicxml	/Users/francoispachet/IdeaProjects/gesualdo/outputs/batch_octave_optimization/cpdl_5_voice_string_quartet/110_ma_se_avverr_ch_io_moia/110_ma_se_avverr_ch_io_moia_optimized.musicxml		ok		17	28	1	20	1	3	0	5	0	0	0	0	0	44	40	10	0
cpdl_5_voice_string_quartet	111	Ma se tale ha costei	/Users/francoispachet/IdeaProjects/gesualdo/data/cpdl/5-voices/reductions/string_quartet/111_ma_se_tale_ha_costei.musicxml	/Users/francoispachet/IdeaProjects/gesualdo/outputs/batch_octave_optimization/cpdl_5_voice_string_quartet/111_ma_se_tale_ha_costei/111_ma_se_tale_ha_costei_optimized.musicxml		ok		22	26	0	20	0	4	0	2	0	0	0	0	0	56	52	6	0
cpdl_5_voice_string_quartet	112	Ma tu, cagion di quella atroce pena	/Users/francoispachet/IdeaProjects/gesualdo/data/cpdl/5-voices/reductions/string_quartet/112_ma_tu_cagion_di_quella_atroce_pena.musicxml	/Users/francoispachet/IdeaProjects/gesualdo/outputs/batch_octave_optimization/cpdl_5_voice_string_quartet/112_ma_tu_cagion_di_quella_atroce_pena/112_ma_tu_cagion_di_quella_atroce_pena_optimized.musicxml		ok		15	31	3	21	3	7	0	3	0	0	0	0	0	48	44	13	0
cpdl_5_voice_string_quartet	113	Madonna, io ben vorrei	/Users/francoispachet/IdeaProjects/gesualdo/data/cpdl/5-voices/reductions/string_quartet/113_madonna_io_ben_vorrei.musicxml	/Users/francoispachet/IdeaProjects/gesualdo/outputs/batch_octave_optimization/cpdl_5_voice_string_quartet/113_madonna_io_ben_vorrei/113_madonna_io_ben_vorrei_optimized.musicxml		ok		33	43	3	35	3	4	0	4	0	0	0	0	0	44	40	8	0
cpdl_5_voice_string_quartet	114	Mentre gira costei	/Users/francoispachet/IdeaProjects/gesualdo/data/cpdl/5-voices/reductions/string_quartet/114_mentre_gira_costei.musicxml	/Users/francoispachet/IdeaProjects/gesualdo/outputs/batch_octave_optimization/cpdl_5_voice_string_quartet/114_mentre_gira_costei/114_mentre_gira_costei_optimized.musicxml		ok		29	46	4	25	4	11	0	10	0	0	0	0	0	84	80	22	0
cpdl_5_voice_string_quartet	115	Mentre madonna il lasso fianco posa	/Users/francoispachet/IdeaProjects/gesualdo/data/cpdl/5-voices/reductions/string_quartet/115_mentre_madonna_il_lasso_fianco_posa.musicxml	/Users/francoispachet/IdeaProjects/gesualdo/outputs/batch_octave_optimization/cpdl_5_voice_string_quartet/115_mentre_madonna_il_lasso_fianco_posa/115_mentre_madonna_il_lasso_fianco_posa_optimized.musicxml		ok		56	82	6	61	5	11	0	9	0	1	1	0	0	76	71	20	1
cpdl_5_voice_string_quartet	116	Mentre, mia stella, miri	/Users/francoispachet/IdeaProjects/gesualdo/data/cpdl/5-voices/reductions/string_quartet/116_mentre_mia_stella_miri.musicxml	/Users/francoispachet/IdeaProjects/gesualdo/outputs/batch_octave_optimization/cpdl_5_voice_string_quartet/116_mentre_mia_stella_miri/116_mentre_mia_stella_miri_optimized.musicxml		ok		27	29	3	23	1	2	0	2	0	0	0	2	2	80	76	4	0
cpdl_5_voice_string_quartet	117	Meraviglia d'Amore	/Users/francoispachet/IdeaProjects/gesualdo/data/cpdl/5-voices/reductions/string_quartet/117_meraviglia_d_amore.musicxml	/Users/francoispachet/IdeaProjects/gesualdo/outputs/batch_octave_optimization/cpdl_5_voice_string_quartet/117_meraviglia_d_amore/117_meraviglia_d_amore_optimized.musicxml		ok		54	64	3	55	3	5	0	4	0	0	0	0	0	92	85	7	0
cpdl_5_voice_string_quartet	118	Mercè grido piangendo	/Users/francoispachet/IdeaProjects/gesualdo/data/cpdl/5-voices/reductions/string_quartet/118_merc_grido_piangendo.musicxml	/Users/francoispachet/IdeaProjects/gesualdo/outputs/batch_octave_optimization/cpdl_5_voice_string_quartet/118_merc_grido_piangendo/118_merc_grido_piangendo_optimized.musicxml		ok		25	48	0	30	0	10	0	8	0	0	0	0	0	52	48	18	0
cpdl_5_voice_string_quartet	119	Mille volte il di	/Users/francoispachet/IdeaProjects/gesualdo/data/cpdl/5-voices/reductions/string_quartet/119_mille_volte_il_di.musicxml	/Users/francoispachet/IdeaProjects/gesualdo/outputs/batch_octave_optimization/cpdl_5_voice_string_quartet/119_mille_volte_il_di/119_mille_volte_il_di_optimized.musicxml		ok		53	80	1	51	1	16	0	13	0	0	0	0	0	64	60	30	0
cpdl_5_voice_string_quartet	120	Moro, e mentre sospiro	/Users/francoispachet/IdeaProjects/gesualdo/data/cpdl/5-voices/reductions/string_quartet/120_moro_e_mentre_sospiro.musicxml	/Users/francoispachet/IdeaProjects/gesualdo/outputs/batch_octave_optimization/cpdl_5_voice_string_quartet/120_moro_e_mentre_sospiro/120_moro_e_mentre_sospiro_optimized.musicxml		ok		45	59	5	45	5	8	0	6	0	0	0	0	0	52	48	14	0
cpdl_5_voice_string_quartet	121	Moro, lasso, al mio duolo	/Users/francoispachet/IdeaProjects/gesualdo/data/cpdl/5-voices/reductions/string_quartet/121_moro_lasso_al_mio_duolo.musicxml	/Users/francoispachet/IdeaProjects/gesualdo/outputs/batch_octave_optimization/cpdl_5_voice_string_quartet/121_moro_lasso_al_mio_duolo/121_moro_lasso_al_mio_duolo_optimized.musicxml		ok		30	46	6	29	6	9	0	8	0	0	0	0	0	84	80	19	1
cpdl_5_voice_string_quartet	123	Non mai non cangerò stato	/Users/francoispachet/IdeaProjects/gesualdo/data/cpdl/5-voices/reductions/string_quartet/123_non_mai_non_canger_stato.musicxml	/Users/francoispachet/IdeaProjects/gesualdo/outputs/batch_octave_optimization/cpdl_5_voice_string_quartet/123_non_mai_non_canger_stato/123_non_mai_non_canger_stato_optimized.musicxml		ok		19	21	2	20	2	0	0	1	0	0	0	0	0	40	36	3	0
cpdl_5_voice_string_quartet	124	Non mi toglia il ben mio	/Users/francoispachet/IdeaProjects/gesualdo/data/cpdl/5-voices/reductions/string_quartet/124_non_mi_toglia_il_ben_mio.musicxml	/Users/francoispachet/IdeaProjects/gesualdo/outputs/batch_octave_optimization/cpdl_5_voice_string_quartet/124_non_mi_toglia_il_ben_mio/124_non_mi_toglia_il_ben_mio_optimized.musicxml		ok		17	15	0	15	0	0	0	0	0	0	0	0	0	56	52	0	0
cpdl_5_voice_string_quartet	125	Non mirar, non mirare	/Users/francoispachet/IdeaProjects/gesualdo/data/cpdl/5-voices/reductions/string_quartet/125_non_mirar_non_mirare.musicxml	/Users/francoispachet/IdeaProjects/gesualdo/outputs/batch_octave_optimization/cpdl_5_voice_string_quartet/125_non_mirar_non_mirare/125_non_mirar_non_mirare_optimized.musicxml		ok		36	40	1	34	1	4	0	2	0	0	0	0	0	68	63	6	0
cpdl_5_voice_string_quartet	127	Non è questa la mano	/Users/francoispachet/IdeaProjects/gesualdo/data/cpdl/5-voices/reductions/string_quartet/127_non_questa_la_mano.musicxml	/Users/francoispachet/IdeaProjects/gesualdo/outputs/batch_octave_optimization/cpdl_5_voice_string_quartet/127_non_questa_la_mano/127_non_questa_la_mano_optimized.musicxml		ok		61	83	6	66	6	7	0	10	0	0	0	0	0	52	45	19	0
cpdl_5_voice_string_quartet	128	O com'è gran martire	/Users/francoispachet/IdeaProjects/gesualdo/data/cpdl/5-voices/reductions/string_quartet/128_o_com_gran_martire.musicxml	/Users/francoispachet/IdeaProjects/gesualdo/outputs/batch_octave_optimization/cpdl_5_voice_string_quartet/128_o_com_gran_martire/128_o_com_gran_martire_optimized.musicxml		ok		24	26	0	22	0	2	0	2	0	0	0	0	0	52	45	4	0
cpdl_5_voice_string_quartet	129	O dolce mio martire	/Users/francoispachet/IdeaProjects/gesualdo/data/cpdl/5-voices/reductions/string_quartet/129_o_dolce_mio_martire.musicxml	/Users/francoispachet/IdeaProjects/gesualdo/outputs/batch_octave_optimization/cpdl_5_voice_string_quartet/129_o_dolce_mio_martire/129_o_dolce_mio_martire_optimized.musicxml		ok		16	22	0	21	0	1	0	0	0	0	0	0	0	36	32	1	0
cpdl_5_voice_string_quartet	130	O dolce mio tesoro	/Users/francoispachet/IdeaProjects/gesualdo/data/cpdl/5-voices/reductions/string_quartet/130_o_dolce_mio_tesoro.musicxml	/Users/francoispachet/IdeaProjects/gesualdo/outputs/batch_octave_optimization/cpdl_5_voice_string_quartet/130_o_dolce_mio_tesoro/130_o_dolce_mio_tesoro_optimized.musicxml		ok		25	54	2	28	2	17	0	9	0	0	0	0	0	56	52	26	0
cpdl_5_voice_string_quartet	131	O dolorosa gioia	/Users/francoispachet/IdeaProjects/gesualdo/data/cpdl/5-voices/reductions/string_quartet/131_o_dolorosa_gioia.musicxml	/Users/francoispachet/IdeaProjects/gesualdo/outputs/batch_octave_optimization/cpdl_5_voice_string_quartet/131_o_dolorosa_gioia/131_o_dolorosa_gioia_optimized.musicxml		ok		41	75	1	45	0	18	0	11	0	0	0	1	1	44	40	29	0
cpdl_5_voice_string_quartet	132	O mal nati messagi	/Users/francoispachet/IdeaProjects/gesualdo/data/cpdl/5-voices/reductions/string_quartet/132_o_mal_nati_messagi.musicxml	/Users/francoispachet/IdeaProjects/gesualdo/outputs/batch_octave_optimization/cpdl_5_voice_string_quartet/132_o_mal_nati_messagi/132_o_mal_nati_messagi_optimized.musicxml		ok		26	39	3	28	3	6	0	5	0	0	0	0	0	68	64	11	0
cpdl_5_voice_string_quartet	134	O tenebroso giorno	/Users/francoispachet/IdeaProjects/gesualdo/data/cpdl/5-voices/reductions/string_quartet/134_o_tenebroso_giorno.musicxml	/Users/francoispachet/IdeaProjects/gesualdo/outputs/batch_octave_optimization/cpdl_5_voice_string_quartet/134_o_tenebroso_giorno/134_o_tenebroso_giorno_optimized.musicxml		ok		36	40	1	32	1	6	0	2	0	0	0	0	0	44	40	8	0
cpdl_5_voice_string_quartet	135	O voi troppo felici	/Users/francoispachet/IdeaProjects/gesualdo/data/cpdl/5-voices/reductions/string_quartet/135_o_voi_troppo_felici.musicxml	/Users/francoispachet/IdeaProjects/gesualdo/outputs/batch_octave_optimization/cpdl_5_voice_string_quartet/135_o_voi_troppo_felici/135_o_voi_troppo_felici_optimized.musicxml		ok		22	24	0	20	0	2	0	2	0	0	0	0	0	40	36	4	0
cpdl_5_voice_string_quartet	136	Occhi del mio cor vita	/Users/francoispachet/IdeaProjects/gesualdo/data/cpdl/5-voices/reductions/string_quartet/136_occhi_del_mio_cor_vita.musicxml	/Users/francoispachet/IdeaProjects/gesualdo/outputs/batch_octave_optimization/cpdl_5_voice_string_quartet/136_occhi_del_mio_cor_vita/136_occhi_del_mio_cor_vita_optimized.musicxml		ok		34	46	1	32	1	8	0	6	0	0	0	0	0	56	52	15	0
cpdl_5_voice_string_quartet	137	Or, che in gioia	/Users/francoispachet/IdeaProjects/gesualdo/data/cpdl/5-voices/reductions/string_quartet/137_or_che_in_gioia.musicxml	/Users/francoispachet/IdeaProjects/gesualdo/outputs/batch_octave_optimization/cpdl_5_voice_string_quartet/137_or_che_in_gioia/137_or_che_in_gioia_optimized.musicxml		ok		30	50	3	31	3	14	0	5	0	0	0	0	0	60	56	22	0
cpdl_5_voice_string_quartet	138	Poichè l'avida sete	/Users/francoispachet/IdeaProjects/gesualdo/data/cpdl/5-voices/reductions/string_quartet/138_poich_l_avida_sete.musicxml	/Users/francoispachet/IdeaProjects/gesualdo/outputs/batch_octave_optimization/cpdl_5_voice_string_quartet/138_poich_l_avida_sete/138_poich_l_avida_sete_optimized.musicxml		ok		24	45	3	26	3	15	0	4	0	0	0	0	0	60	56	24	0
cpdl_5_voice_string_quartet	139	Qual fora, donna	/Users/francoispachet/IdeaProjects/gesualdo/data/cpdl/5-voices/reductions/string_quartet/139_qual_fora_donna.musicxml	/Users/francoispachet/IdeaProjects/gesualdo/outputs/batch_octave_optimization/cpdl_5_voice_string_quartet/139_qual_fora_donna/139_qual_fora_donna_optimized.musicxml		ok		22	28	1	22	1	4	0	2	0	0	0	0	0	56	52	6	0
cpdl_5_voice_string_quartet	140	Quando l'alba novella	/Users/francoispachet/IdeaProjects/gesualdo/data/cpdl/5-voices/reductions/string_quartet/140_quando_l_alba_novella.musicxml	/Users/francoispachet/IdeaProjects/gesualdo/outputs/batch_octave_optimization/cpdl_5_voice_string_quartet/140_quando_l_alba_novella/140_quando_l_alba_novella_optimized.musicxml		ok		7	9	2	7	2	1	0	1	0	0	0	0	0	12	8	2	0
cpdl_5_voice_string_quartet	141	Quando ridente e bella	/Users/francoispachet/IdeaProjects/gesualdo/data/cpdl/5-voices/reductions/string_quartet/141_quando_ridente_e_bella.musicxml	/Users/francoispachet/IdeaProjects/gesualdo/outputs/batch_octave_optimization/cpdl_5_voice_string_quartet/141_quando_ridente_e_bella/141_quando_ridente_e_bella_optimized.musicxml		ok		20	30	2	18	2	6	0	6	0	0	0	0	0	60	56	15	0
cpdl_5_voice_string_quartet	143	Quel 'no' crudel che la mia speme ancise	/Users/francoispachet/IdeaProjects/gesualdo/data/cpdl/5-voices/reductions/string_quartet/143_quel_no_crudel_che_la_mia_speme_ancise.musicxml	/Users/francoispachet/IdeaProjects/gesualdo/outputs/batch_octave_optimization/cpdl_5_voice_string_quartet/143_quel_no_crudel_che_la_mia_speme_ancise/143_quel_no_crudel_che_la_mia_speme_ancise_optimized.musicxml		ok		28	56	4	38	4	12	0	6	0	0	0	0	0	72	68	18	0
cpdl_5_voice_string_quartet	144	Questa crudele e pia	/Users/francoispachet/IdeaProjects/gesualdo/data/cpdl/5-voices/reductions/string_quartet/144_questa_crudele_e_pia.musicxml	/Users/francoispachet/IdeaProjects/gesualdo/outputs/batch_octave_optimization/cpdl_5_voice_string_quartet/144_questa_crudele_e_pia/144_questa_crudele_e_pia_optimized.musicxml		ok		22	44	2	24	2	12	0	8	0	0	0	0	0	56	52	19	0
cpdl_5_voice_string_quartet	145	Questi leggiadri odorosetti fiori	/Users/francoispachet/IdeaProjects/gesualdo/data/cpdl/5-voices/reductions/string_quartet/145_questi_leggiadri_odorosetti_fiori.musicxml	/Users/francoispachet/IdeaProjects/gesualdo/outputs/batch_octave_optimization/cpdl_5_voice_string_quartet/145_questi_leggiadri_odorosetti_fiori/145_questi_leggiadri_odorosetti_fiori_optimized.musicxml		ok		39	54	4	42	4	10	0	2	0	0	0	0	0	56	51	15	0
cpdl_5_voice_string_quartet	146	Resta di darmi noia	/Users/francoispachet/IdeaProjects/gesualdo/data/cpdl/5-voices/reductions/string_quartet/146_resta_di_darmi_noia.musicxml	/Users/francoispachet/IdeaProjects/gesualdo/outputs/batch_octave_optimization/cpdl_5_voice_string_quartet/146_resta_di_darmi_noia/146_resta_di_darmi_noia_optimized.musicxml		ok		25	38	0	26	0	7	0	5	0	0	0	0	0	40	35	12	0
cpdl_5_voice_string_quartet	147	S'io non miro non moro	/Users/francoispachet/IdeaProjects/gesualdo/data/cpdl/5-voices/reductions/string_quartet/147_s_io_non_miro_non_moro.musicxml	/Users/francoispachet/IdeaProjects/gesualdo/outputs/batch_octave_optimization/cpdl_5_voice_string_quartet/147_s_io_non_miro_non_moro/147_s_io_non_miro_non_moro_optimized.musicxml		ok		29	39	2	29	2	7	0	3	0	0	0	0	0	60	56	11	0
cpdl_5_voice_string_quartet	148	Se chiudete nel core	/Users/francoispachet/IdeaProjects/gesualdo/data/cpdl/5-voices/reductions/string_quartet/148_se_chiudete_nel_core.musicxml	/Users/francoispachet/IdeaProjects/gesualdo/outputs/batch_octave_optimization/cpdl_5_voice_string_quartet/148_se_chiudete_nel_core/148_se_chiudete_nel_core_optimized.musicxml		ok		19	36	3	20	3	7	0	9	0	0	0	0	0	52	48	16	0
cpdl_5_voice_string_quartet	149	Se così dolce è il duolo	/Users/francoispachet/IdeaProjects/gesualdo/data/cpdl/5-voices/reductions/string_quartet/149_se_cos_dolce_il_duolo.musicxml	/Users/francoispachet/IdeaProjects/gesualdo/outputs/batch_octave_optimization/cpdl_5_voice_string_quartet/149_se_cos_dolce_il_duolo/149_se_cos_dolce_il_duolo_optimized.musicxml		ok		35	58	10	38	10	4	0	16	0	0	0	0	0	36	29	29	0
cpdl_5_voice_string_quartet	150	Se da sì nobil mano	/Users/francoispachet/IdeaProjects/gesualdo/data/cpdl/5-voices/reductions/string_quartet/150_se_da_s_nobil_mano.musicxml	/Users/francoispachet/IdeaProjects/gesualdo/outputs/batch_octave_optimization/cpdl_5_voice_string_quartet/150_se_da_s_nobil_mano/150_se_da_s_nobil_mano_optimized.musicxml		ok		26	37	4	24	2	3	0	8	0	0	0	2	2	44	40	11	0
cpdl_5_voice_string_quartet	151	Se la mia morte brami	/Users/francoispachet/IdeaProjects/gesualdo/data/cpdl/5-voices/reductions/string_quartet/151_se_la_mia_morte_brami.musicxml	/Users/francoispachet/IdeaProjects/gesualdo/outputs/batch_octave_optimization/cpdl_5_voice_string_quartet/151_se_la_mia_morte_brami/151_se_la_mia_morte_brami_optimized.musicxml		ok		27	41	2	28	2	8	0	5	0	0	0	0	0	96	77	16	0
cpdl_5_voice_string_quartet	152	Se per lieve ferita	/Users/francoispachet/IdeaProjects/gesualdo/data/cpdl/5-voices/reductions/string_quartet/152_se_per_lieve_ferita.musicxml	/Users/francoispachet/IdeaProjects/gesualdo/outputs/batch_octave_optimization/cpdl_5_voice_string_quartet/152_se_per_lieve_ferita/152_se_per_lieve_ferita_optimized.musicxml		ok		13	33	1	14	1	11	0	8	0	0	0	0	0	56	52	20	0
cpdl_5_voice_string_quartet	153	Se piange, ahimè, la donna del mio core	/Users/francoispachet/IdeaProjects/gesualdo/data/cpdl/5-voices/reductions/string_quartet/153_se_piange_ahim_la_donna_del_mio_core.musicxml	/Users/francoispachet/IdeaProjects/gesualdo/outputs/batch_octave_optimization/cpdl_5_voice_string_quartet/153_se_piange_ahim_la_donna_del_mio_core/153_se_piange_ahim_la_donna_del_mio_core_optimized.musicxml		ok		34	50	0	36	0	7	0	7	0	0	0	0	0	56	50	14	0
cpdl_5_voice_string_quartet	154	Se taccio, il duol s'avanza	/Users/francoispachet/IdeaProjects/gesualdo/data/cpdl/5-voices/reductions/string_quartet/154_se_taccio_il_duol_s_avanza.musicxml	/Users/francoispachet/IdeaProjects/gesualdo/outputs/batch_octave_optimization/cpdl_5_voice_string_quartet/154_se_taccio_il_duol_s_avanza/154_se_taccio_il_duol_s_avanza_optimized.musicxml		ok		20	19	1	16	1	2	0	1	0	0	0	0	0	24	17	5	0
cpdl_5_voice_string_quartet	155	Se tu fuggi	/Users/francoispachet/IdeaProjects/gesualdo/data/cpdl/5-voices/reductions/string_quartet/155_se_tu_fuggi.musicxml	/Users/francoispachet/IdeaProjects/gesualdo/outputs/batch_octave_optimization/cpdl_5_voice_string_quartet/155_se_tu_fuggi/155_se_tu_fuggi_optimized.musicxml		ok		33	40	2	31	2	5	0	4	0	0	0	0	0	56	52	10	0
cpdl_5_voice_string_quartet	156	Se vi duol il mio duolo	/Users/francoispachet/IdeaProjects/gesualdo/data/cpdl/5-voices/reductions/string_quartet/156_se_vi_duol_il_mio_duolo.musicxml	/Users/francoispachet/IdeaProjects/gesualdo/outputs/batch_octave_optimization/cpdl_5_voice_string_quartet/156_se_vi_duol_il_mio_duolo/156_se_vi_duol_il_mio_duolo_optimized.musicxml		ok		49	69	3	42	3	17	0	10	0	0	0	0	0	68	64	32	0
cpdl_5_voice_string_quartet	158	Sento che nel partire	/Users/francoispachet/IdeaProjects/gesualdo/data/cpdl/5-voices/reductions/string_quartet/158_sento_che_nel_partire.musicxml	/Users/francoispachet/IdeaProjects/gesualdo/outputs/batch_octave_optimization/cpdl_5_voice_string_quartet/158_sento_che_nel_partire/158_sento_che_nel_partire_optimized.musicxml		ok		47	55	4	42	4	10	0	3	0	0	0	0	0	52	48	16	0
cpdl_5_voice_string_quartet	159	Son sì belle le rose	/Users/francoispachet/IdeaProjects/gesualdo/data/cpdl/5-voices/reductions/string_quartet/159_son_s_belle_le_rose.musicxml	/Users/francoispachet/IdeaProjects/gesualdo/outputs/batch_octave_optimization/cpdl_5_voice_string_quartet/159_son_s_belle_le_rose/159_son_s_belle_le_rose_optimized.musicxml		ok		29	24	1	22	1	1	0	1	0	0	0	0	0	40	33	2	0
cpdl_5_voice_string_quartet	160	Sospirava	/Users/francoispachet/IdeaProjects/gesualdo/data/cpdl/5-voices/reductions/string_quartet/160_sospirava.musicxml	/Users/francoispachet/IdeaProjects/gesualdo/outputs/batch_octave_optimization/cpdl_5_voice_string_quartet/160_sospirava/160_sospirava_optimized.musicxml		ok		14	17	0	12	0	3	0	2	0	0	0	0	0	32	28	5	0
cpdl_5_voice_string_quartet	161	Sparge la morte	/Users/francoispachet/IdeaProjects/gesualdo/data/cpdl/5-voices/reductions/string_quartet/161_sparge_la_morte.musicxml	/Users/francoispachet/IdeaProjects/gesualdo/outputs/batch_octave_optimization/cpdl_5_voice_string_quartet/161_sparge_la_morte/161_sparge_la_morte_optimized.musicxml		ok		14	27	3	16	3	7	0	4	0	0	0	0	0	76	72	12	0
cpdl_5_voice_string_quartet	162	Sì gioioso mi fanno i dolor miei	/Users/francoispachet/IdeaProjects/gesualdo/data/cpdl/5-voices/reductions/string_quartet/162_s_gioioso_mi_fanno_i_dolor_miei.musicxml	/Users/francoispachet/IdeaProjects/gesualdo/outputs/batch_octave_optimization/cpdl_5_voice_string_quartet/162_s_gioioso_mi_fanno_i_dolor_miei/162_s_gioioso_mi_fanno_i_dolor_miei_optimized.musicxml		ok		10	20	3	8	1	5	0	5	0	0	0	2	2	76	72	10	0
cpdl_5_voice_string_quartet	163	T'amo, mia vita	/Users/francoispachet/IdeaProjects/gesualdo/data/cpdl/5-voices/reductions/string_quartet/163_t_amo_mia_vita.musicxml	/Users/francoispachet/IdeaProjects/gesualdo/outputs/batch_octave_optimization/cpdl_5_voice_string_quartet/163_t_amo_mia_vita/163_t_amo_mia_vita_optimized.musicxml		ok		30	37	3	30	3	3	0	4	0	0	0	0	0	32	28	7	1
cpdl_5_voice_string_quartet	164	Tall'or sano desio	/Users/francoispachet/IdeaProjects/gesualdo/data/cpdl/5-voices/reductions/string_quartet/164_tall_or_sano_desio.musicxml	/Users/francoispachet/IdeaProjects/gesualdo/outputs/batch_octave_optimization/cpdl_5_voice_string_quartet/164_tall_or_sano_desio/164_tall_or_sano_desio_optimized.musicxml		ok		34	52	2	30	2	13	0	9	0	0	0	0	0	92	88	20	2
cpdl_5_voice_string_quartet	165	Tirsi morir volea	/Users/francoispachet/IdeaProjects/gesualdo/data/cpdl/5-voices/reductions/string_quartet/165_tirsi_morir_volea.musicxml	/Users/francoispachet/IdeaProjects/gesualdo/outputs/batch_octave_optimization/cpdl_5_voice_string_quartet/165_tirsi_morir_volea/165_tirsi_morir_volea_optimized.musicxml		ok		56	95	16	81	15	9	0	4	0	1	1	0	0	72	65	17	0
cpdl_5_voice_string_quartet	166	Tu m'uccidi, o crudele	/Users/francoispachet/IdeaProjects/gesualdo/data/cpdl/5-voices/reductions/string_quartet/166_tu_m_uccidi_o_crudele.musicxml	/Users/francoispachet/IdeaProjects/gesualdo/outputs/batch_octave_optimization/cpdl_5_voice_string_quartet/166_tu_m_uccidi_o_crudele/166_tu_m_uccidi_o_crudele_optimized.musicxml		ok		33	45	6	32	6	8	0	5	0	0	0	0	0	72	68	13	0
cpdl_5_voice_string_quartet	167	Tu piangi, o Filli mia	/Users/francoispachet/IdeaProjects/gesualdo/data/cpdl/5-voices/reductions/string_quartet/167_tu_piangi_o_filli_mia.musicxml	/Users/francoispachet/IdeaProjects/gesualdo/outputs/batch_octave_optimization/cpdl_5_voice_string_quartet/167_tu_piangi_o_filli_mia/167_tu_piangi_o_filli_mia_optimized.musicxml		ok		40	60	4	45	4	8	0	7	0	0	0	0	0	72	65	15	0
cpdl_5_voice_string_quartet	168	Tu segui, o bella Clori	/Users/francoispachet/IdeaProjects/gesualdo/data/cpdl/5-voices/reductions/string_quartet/168_tu_segui_o_bella_clori.musicxml	/Users/francoispachet/IdeaProjects/gesualdo/outputs/batch_octave_optimization/cpdl_5_voice_string_quartet/168_tu_segui_o_bella_clori/168_tu_segui_o_bella_clori_optimized.musicxml		ok		34	34	1	32	1	1	0	1	0	0	0	0	0	48	44	2	0
cpdl_5_voice_string_quartet	170	Voi volete ch'io mora	/Users/francoispachet/IdeaProjects/gesualdo/data/cpdl/5-voices/reductions/string_quartet/170_voi_volete_ch_io_mora.musicxml	/Users/francoispachet/IdeaProjects/gesualdo/outputs/batch_octave_optimization/cpdl_5_voice_string_quartet/170_voi_volete_ch_io_mora/170_voi_volete_ch_io_mora_optimized.musicxml		ok		48	76	8	45	7	8	0	22	0	1	1	0	0	80	76	38	1
cpdl_5_voice_string_quartet	171	Volan quasi farfalle	/Users/francoispachet/IdeaProjects/gesualdo/data/cpdl/5-voices/reductions/string_quartet/171_volan_quasi_farfalle.musicxml	/Users/francoispachet/IdeaProjects/gesualdo/outputs/batch_octave_optimization/cpdl_5_voice_string_quartet/171_volan_quasi_farfalle/171_volan_quasi_farfalle_optimized.musicxml		ok		26	56	5	31	5	14	0	11	0	0	0	0	0	76	72	25	0
cpdl_5_voice_quartet_plus_viole	2	Ave Regina coelorum	/Users/francoispachet/IdeaProjects/gesualdo/data/cpdl/5-voices/reductions/string_quartet_plus_viole/002_ave_regina_coelorum.musicxml	/Users/francoispachet/IdeaProjects/gesualdo/outputs/batch_octave_optimization/cpdl_5_voice_quartet_plus_viole/002_ave_regina_coelorum/002_ave_regina_coelorum_optimized.musicxml		ok		17	20	3	20	3	0	0	0	0	0	0	0	0	70	59	0	0
cpdl_5_voice_quartet_plus_viole	3	Ave, dulcissima Maria	/Users/francoispachet/IdeaProjects/gesualdo/data/cpdl/5-voices/reductions/string_quartet_plus_viole/003_ave_dulcissima_maria.musicxml	/Users/francoispachet/IdeaProjects/gesualdo/outputs/batch_octave_optimization/cpdl_5_voice_quartet_plus_viole/003_ave_dulcissima_maria/003_ave_dulcissima_maria_optimized.musicxml		ok		10	13	3	13	3	0	0	0	0	0	0	0	0	60	54	0	0
cpdl_5_voice_quartet_plus_viole	4	Deus refugium et virtus	/Users/francoispachet/IdeaProjects/gesualdo/data/cpdl/5-voices/reductions/string_quartet_plus_viole/004_deus_refugium_et_virtus.musicxml	/Users/francoispachet/IdeaProjects/gesualdo/outputs/batch_octave_optimization/cpdl_5_voice_quartet_plus_viole/004_deus_refugium_et_virtus/004_deus_refugium_et_virtus_optimized.musicxml		ok		15	17	2	16	1	0	0	0	0	1	1	0	0	85	73	0	0
cpdl_5_voice_quartet_plus_viole	5	Dignare me	/Users/francoispachet/IdeaProjects/gesualdo/data/cpdl/5-voices/reductions/string_quartet_plus_viole/005_dignare_me.musicxml	/Users/francoispachet/IdeaProjects/gesualdo/outputs/batch_octave_optimization/cpdl_5_voice_quartet_plus_viole/005_dignare_me/005_dignare_me_optimized.musicxml		ok		7	9	1	8	1	1	0	0	0	0	0	0	0	85	72	1	0
cpdl_5_voice_quartet_plus_viole	6	Domine ne despicias	/Users/francoispachet/IdeaProjects/gesualdo/data/cpdl/5-voices/reductions/string_quartet_plus_viole/006_domine_ne_despicias.musicxml	/Users/francoispachet/IdeaProjects/gesualdo/outputs/batch_octave_optimization/cpdl_5_voice_quartet_plus_viole/006_domine_ne_despicias/006_domine_ne_despicias_optimized.musicxml		ok		10	14	5	13	4	0	0	0	0	1	1	0	0	80	66	0	0
cpdl_5_voice_quartet_plus_viole	7	Exaudi Deus	/Users/francoispachet/IdeaProjects/gesualdo/data/cpdl/5-voices/reductions/string_quartet_plus_viole/007_exaudi_deus.musicxml	/Users/francoispachet/IdeaProjects/gesualdo/outputs/batch_octave_optimization/cpdl_5_voice_quartet_plus_viole/007_exaudi_deus/007_exaudi_deus_optimized.musicxml		ok		7	8	2	8	2	0	0	0	0	0	0	0	0	70	55	0	0
cpdl_5_voice_quartet_plus_viole	8	Hei mihi, Domine	/Users/francoispachet/IdeaProjects/gesualdo/data/cpdl/5-voices/reductions/string_quartet_plus_viole/008_hei_mihi_domine.musicxml	/Users/francoispachet/IdeaProjects/gesualdo/outputs/batch_octave_optimization/cpdl_5_voice_quartet_plus_viole/008_hei_mihi_domine/008_hei_mihi_domine_optimized.musicxml		ok		9	11	2	11	2	0	0	0	0	0	0	0	0	60	46	0	0
cpdl_5_voice_quartet_plus_viole	9	Illumina faciem tuam	/Users/francoispachet/IdeaProjects/gesualdo/data/cpdl/5-voices/reductions/string_quartet_plus_viole/009_illumina_faciem_tuam.musicxml	/Users/francoispachet/IdeaProjects/gesualdo/outputs/batch_octave_optimization/cpdl_5_voice_quartet_plus_viole/009_illumina_faciem_tuam/009_illumina_faciem_tuam_optimized.musicxml		ok		12	14	3	14	3	0	0	0	0	0	0	0	0	40	31	0	0
cpdl_5_voice_quartet_plus_viole	10	Laboravi in gemitu meo	/Users/francoispachet/IdeaProjects/gesualdo/data/cpdl/5-voices/reductions/string_quartet_plus_viole/010_laboravi_in_gemitu_meo.musicxml	/Users/francoispachet/IdeaProjects/gesualdo/outputs/batch_octave_optimization/cpdl_5_voice_quartet_plus_viole/010_laboravi_in_gemitu_meo/010_laboravi_in_gemitu_meo_optimized.musicxml		ok		12	19	7	18	6	0	0	0	0	1	1	0	0	65	51	0	0
cpdl_5_voice_quartet_plus_viole	11	Maria, mater gratiae	/Users/francoispachet/IdeaProjects/gesualdo/data/cpdl/5-voices/reductions/string_quartet_plus_viole/011_maria_mater_gratiae.musicxml	/Users/francoispachet/IdeaProjects/gesualdo/outputs/batch_octave_optimization/cpdl_5_voice_quartet_plus_viole/011_maria_mater_gratiae/011_maria_mater_gratiae_optimized.musicxml		ok		23	28	3	27	2	0	0	0	0	1	1	0	0	60	50	0	0
cpdl_5_voice_quartet_plus_viole	12	O Crux benedicta	/Users/francoispachet/IdeaProjects/gesualdo/data/cpdl/5-voices/reductions/string_quartet_plus_viole/012_o_crux_benedicta.musicxml	/Users/francoispachet/IdeaProjects/gesualdo/outputs/batch_octave_optimization/cpdl_5_voice_quartet_plus_viole/012_o_crux_benedicta/012_o_crux_benedicta_optimized.musicxml		ok		13	15	0	14	0	1	0	0	0	0	0	0	0	35	21	1	0
cpdl_5_voice_quartet_plus_viole	14	Peccantem me quotidie	/Users/francoispachet/IdeaProjects/gesualdo/data/cpdl/5-voices/reductions/string_quartet_plus_viole/014_peccantem_me_quotidie.musicxml	/Users/francoispachet/IdeaProjects/gesualdo/outputs/batch_octave_optimization/cpdl_5_voice_quartet_plus_viole/014_peccantem_me_quotidie/014_peccantem_me_quotidie_optimized.musicxml		ok		20	29	10	29	10	0	0	0	0	0	0	0	0	100	90	0	0
cpdl_5_voice_quartet_plus_viole	15	Precibus et meritis	/Users/francoispachet/IdeaProjects/gesualdo/data/cpdl/5-voices/reductions/string_quartet_plus_viole/015_precibus_et_meritis.musicxml	/Users/francoispachet/IdeaProjects/gesualdo/outputs/batch_octave_optimization/cpdl_5_voice_quartet_plus_viole/015_precibus_et_meritis/015_precibus_et_meritis_optimized.musicxml		ok		6	9	3	8	2	0	0	0	0	1	1	0	0	65	52	0	0
cpdl_5_voice_quartet_plus_viole	16	Reminiscere	/Users/francoispachet/IdeaProjects/gesualdo/data/cpdl/5-voices/reductions/string_quartet_plus_viole/016_reminiscere.musicxml	/Users/francoispachet/IdeaProjects/gesualdo/outputs/batch_octave_optimization/cpdl_5_voice_quartet_plus_viole/016_reminiscere/016_reminiscere_optimized.musicxml		ok		18	18	2	18	2	0	0	0	0	0	0	0	0	80	70	0	0
cpdl_5_voice_quartet_plus_viole	17	Sancti Spiritus Domine	/Users/francoispachet/IdeaProjects/gesualdo/data/cpdl/5-voices/reductions/string_quartet_plus_viole/017_sancti_spiritus_domine.musicxml	/Users/francoispachet/IdeaProjects/gesualdo/outputs/batch_octave_optimization/cpdl_5_voice_quartet_plus_viole/017_sancti_spiritus_domine/017_sancti_spiritus_domine_optimized.musicxml		ok		4	4	0	4	0	0	0	0	0	0	0	0	0	50	40	0	0
cpdl_5_voice_quartet_plus_viole	18	Tribularer si nescirem	/Users/francoispachet/IdeaProjects/gesualdo/data/cpdl/5-voices/reductions/string_quartet_plus_viole/018_tribularer_si_nescirem.musicxml	/Users/francoispachet/IdeaProjects/gesualdo/outputs/batch_octave_optimization/cpdl_5_voice_quartet_plus_viole/018_tribularer_si_nescirem/018_tribularer_si_nescirem_optimized.musicxml		ok		5	6	2	6	2	0	0	0	0	0	0	0	0	80	68	0	0
cpdl_5_voice_quartet_plus_viole	19	Tribulationem et dolorem	/Users/francoispachet/IdeaProjects/gesualdo/data/cpdl/5-voices/reductions/string_quartet_plus_viole/019_tribulationem_et_dolorem.musicxml	/Users/francoispachet/IdeaProjects/gesualdo/outputs/batch_octave_optimization/cpdl_5_voice_quartet_plus_viole/019_tribulationem_et_dolorem/019_tribulationem_et_dolorem_optimized.musicxml		ok		10	15	3	14	3	1	0	0	0	0	0	0	0	65	55	1	0
cpdl_5_voice_quartet_plus_viole	20	Venit lumen tuum	/Users/francoispachet/IdeaProjects/gesualdo/data/cpdl/5-voices/reductions/string_quartet_plus_viole/020_venit_lumen_tuum.musicxml	/Users/francoispachet/IdeaProjects/gesualdo/outputs/batch_octave_optimization/cpdl_5_voice_quartet_plus_viole/020_venit_lumen_tuum/020_venit_lumen_tuum_optimized.musicxml		ok		9	10	1	9	0	0	0	0	0	0	0	1	1	60	50	0	0
cpdl_5_voice_quartet_plus_viole	57	A voi, mentre il mio core	/Users/francoispachet/IdeaProjects/gesualdo/data/cpdl/5-voices/reductions/string_quartet_plus_viole/057_a_voi_mentre_il_mio_core.musicxml	/Users/francoispachet/IdeaProjects/gesualdo/outputs/batch_octave_optimization/cpdl_5_voice_quartet_plus_viole/057_a_voi_mentre_il_mio_core/057_a_voi_mentre_il_mio_core_optimized.musicxml		ok		6	11	5	9	3	0	0	0	0	2	2	0	0	95	75	0	0
cpdl_5_voice_quartet_plus_viole	58	Ahi, disperata vita	/Users/francoispachet/IdeaProjects/gesualdo/data/cpdl/5-voices/reductions/string_quartet_plus_viole/058_ahi_disperata_vita.musicxml	/Users/francoispachet/IdeaProjects/gesualdo/outputs/batch_octave_optimization/cpdl_5_voice_quartet_plus_viole/058_ahi_disperata_vita/058_ahi_disperata_vita_optimized.musicxml		ok		1	4	3	3	2	0	0	0	0	1	1	0	0	80	65	0	0
cpdl_5_voice_quartet_plus_viole	60	Al mio gioir il ciel si fa sereno	/Users/francoispachet/IdeaProjects/gesualdo/data/cpdl/5-voices/reductions/string_quartet_plus_viole/060_al_mio_gioir_il_ciel_si_fa_sereno.musicxml	/Users/francoispachet/IdeaProjects/gesualdo/outputs/batch_octave_optimization/cpdl_5_voice_quartet_plus_viole/060_al_mio_gioir_il_ciel_si_fa_sereno/060_al_mio_gioir_il_ciel_si_fa_sereno_optimized.musicxml		ok		12	15	1	13	1	0	0	2	0	0	0	0	0	110	95	2	0
cpdl_5_voice_quartet_plus_viole	61	All' ombra de gl'allori	/Users/francoispachet/IdeaProjects/gesualdo/data/cpdl/5-voices/reductions/string_quartet_plus_viole/061_all_ombra_de_gl_allori.musicxml	/Users/francoispachet/IdeaProjects/gesualdo/outputs/batch_octave_optimization/cpdl_5_voice_quartet_plus_viole/061_all_ombra_de_gl_allori/061_all_ombra_de_gl_allori_optimized.musicxml		ok		2	7	5	2	0	0	0	0	0	0	0	5	5	25	18	0	0
cpdl_5_voice_quartet_plus_viole	62	All'apparir di quelle luci ardenti	/Users/francoispachet/IdeaProjects/gesualdo/data/cpdl/5-voices/reductions/string_quartet_plus_viole/062_all_apparir_di_quelle_luci_ardenti.musicxml	/Users/francoispachet/IdeaProjects/gesualdo/outputs/batch_octave_optimization/cpdl_5_voice_quartet_plus_viole/062_all_apparir_di_quelle_luci_ardenti/062_all_apparir_di_quelle_luci_ardenti_optimized.musicxml		ok		6	16	2	7	1	4	0	4	0	0	0	1	1	65	53	10	0
cpdl_5_voice_quartet_plus_viole	63	Alme d'Amor rubelle	/Users/francoispachet/IdeaProjects/gesualdo/data/cpdl/5-voices/reductions/string_quartet_plus_viole/063_alme_d_amor_rubelle.musicxml	/Users/francoispachet/IdeaProjects/gesualdo/outputs/batch_octave_optimization/cpdl_5_voice_quartet_plus_viole/063_alme_d_amor_rubelle/063_alme_d_amor_rubelle_optimized.musicxml		ok		11	19	6	18	6	0	0	1	0	0	0	0	0	60	50	1	0
cpdl_5_voice_quartet_plus_viole	64	Amor pace non chero	/Users/francoispachet/IdeaProjects/gesualdo/data/cpdl/5-voices/reductions/string_quartet_plus_viole/064_amor_pace_non_chero.musicxml	/Users/francoispachet/IdeaProjects/gesualdo/outputs/batch_octave_optimization/cpdl_5_voice_quartet_plus_viole/064_amor_pace_non_chero/064_amor_pace_non_chero_optimized.musicxml		ok		3	4	0	3	0	1	0	0	0	0	0	0	0	55	47	1	0
cpdl_5_voice_quartet_plus_viole	65	Ancide sol la morte	/Users/francoispachet/IdeaProjects/gesualdo/data/cpdl/5-voices/reductions/string_quartet_plus_viole/065_ancide_sol_la_morte.musicxml	/Users/francoispachet/IdeaProjects/gesualdo/outputs/batch_octave_optimization/cpdl_5_voice_quartet_plus_viole/065_ancide_sol_la_morte/065_ancide_sol_la_morte_optimized.musicxml		ok		13	14	1	13	1	0	0	1	0	0	0	0	0	75	66	1	0
cpdl_5_voice_quartet_plus_viole	66	Ancidetemi pur, grievi martiri	/Users/francoispachet/IdeaProjects/gesualdo/data/cpdl/5-voices/reductions/string_quartet_plus_viole/066_ancidetemi_pur_grievi_martiri.musicxml	/Users/francoispachet/IdeaProjects/gesualdo/outputs/batch_octave_optimization/cpdl_5_voice_quartet_plus_viole/066_ancidetemi_pur_grievi_martiri/066_ancidetemi_pur_grievi_martiri_optimized.musicxml		ok		5	13	1	5	1	4	0	4	0	0	0	0	0	140	109	8	0
cpdl_5_voice_quartet_plus_viole	67	Ancor che per amarti	/Users/francoispachet/IdeaProjects/gesualdo/data/cpdl/5-voices/reductions/string_quartet_plus_viole/067_ancor_che_per_amarti.musicxml	/Users/francoispachet/IdeaProjects/gesualdo/outputs/batch_octave_optimization/cpdl_5_voice_quartet_plus_viole/067_ancor_che_per_amarti/067_ancor_che_per_amarti_optimized.musicxml		ok		2	6	3	2	0	0	0	1	0	3	3	0	0	85	73	1	0
cpdl_5_voice_quartet_plus_viole	68	Arde il mio cor	/Users/francoispachet/IdeaProjects/gesualdo/data/cpdl/5-voices/reductions/string_quartet_plus_viole/068_arde_il_mio_cor.musicxml	/Users/francoispachet/IdeaProjects/gesualdo/outputs/batch_octave_optimization/cpdl_5_voice_quartet_plus_viole/068_arde_il_mio_cor/068_arde_il_mio_cor_optimized.musicxml		ok		4	8	4	5	1	0	0	0	0	3	3	0	0	40	27	0	0
cpdl_5_voice_quartet_plus_viole	69	Ardita zanzaretta	/Users/francoispachet/IdeaProjects/gesualdo/data/cpdl/5-voices/reductions/string_quartet_plus_viole/069_ardita_zanzaretta.musicxml	/Users/francoispachet/IdeaProjects/gesualdo/outputs/batch_octave_optimization/cpdl_5_voice_quartet_plus_viole/069_ardita_zanzaretta/069_ardita_zanzaretta_optimized.musicxml		ok		15	19	5	17	3	0	0	0	0	2	2	0	0	105	75	0	0
cpdl_5_voice_quartet_plus_viole	70	Ardo per te, mio bene	/Users/francoispachet/IdeaProjects/gesualdo/data/cpdl/5-voices/reductions/string_quartet_plus_viole/070_ardo_per_te_mio_bene.musicxml	/Users/francoispachet/IdeaProjects/gesualdo/outputs/batch_octave_optimization/cpdl_5_voice_quartet_plus_viole/070_ardo_per_te_mio_bene/070_ardo_per_te_mio_bene_optimized.musicxml		ok		18	21	4	19	3	0	0	1	0	1	1	0	0	95	80	1	0
cpdl_5_voice_quartet_plus_viole	71	Asciugate i begli occhi	/Users/francoispachet/IdeaProjects/gesualdo/data/cpdl/5-voices/reductions/string_quartet_plus_viole/071_asciugate_i_begli_occhi.musicxml	/Users/francoispachet/IdeaProjects/gesualdo/outputs/batch_octave_optimization/cpdl_5_voice_quartet_plus_viole/071_asciugate_i_begli_occhi/071_asciugate_i_begli_occhi_optimized.musicxml		ok		9	8	2	8	2	0	0	0	0	0	0	0	0	65	54	0	0
cpdl_5_voice_quartet_plus_viole	72	Baci soavi e cari	/Users/francoispachet/IdeaProjects/gesualdo/data/cpdl/5-voices/reductions/string_quartet_plus_viole/072_baci_soavi_e_cari.musicxml	/Users/francoispachet/IdeaProjects/gesualdo/outputs/batch_octave_optimization/cpdl_5_voice_quartet_plus_viole/072_baci_soavi_e_cari/072_baci_soavi_e_cari_optimized.musicxml		failed	Invariant mismatch at segment 827: (1, 312.0, 312.125, (4,)) != (1, 312.0, 312.125, ())	15	0	0	0	0	0	0	0	0	0	0	0	0	145	116	270	0
cpdl_5_voice_quartet_plus_viole	73	Bella Angioletta	/Users/francoispachet/IdeaProjects/gesualdo/data/cpdl/5-voices/reductions/string_quartet_plus_viole/073_bella_angioletta.musicxml	/Users/francoispachet/IdeaProjects/gesualdo/outputs/batch_octave_optimization/cpdl_5_voice_quartet_plus_viole/073_bella_angioletta/073_bella_angioletta_optimized.musicxml		ok		1	3	2	3	2	0	0	0	0	0	0	0	0	105	87	0	0
cpdl_5_voice_quartet_plus_viole	74	Beltà poi che t'assenti	/Users/francoispachet/IdeaProjects/gesualdo/data/cpdl/5-voices/reductions/string_quartet_plus_viole/074_belt_poi_che_t_assenti.musicxml	/Users/francoispachet/IdeaProjects/gesualdo/outputs/batch_octave_optimization/cpdl_5_voice_quartet_plus_viole/074_belt_poi_che_t_assenti/074_belt_poi_che_t_assenti_optimized.musicxml		ok		3	7	4	6	3	0	0	0	0	1	1	0	0	90	68	0	0
cpdl_5_voice_quartet_plus_viole	75	Candida man qual neve	/Users/francoispachet/IdeaProjects/gesualdo/data/cpdl/5-voices/reductions/string_quartet_plus_viole/075_candida_man_qual_neve.musicxml	/Users/francoispachet/IdeaProjects/gesualdo/outputs/batch_octave_optimization/cpdl_5_voice_quartet_plus_viole/075_candida_man_qual_neve/075_candida_man_qual_neve_optimized.musicxml		ok		6	11	3	7	2	0	0	3	0	0	0	1	1	110	85	3	0
cpdl_5_voice_quartet_plus_viole	76	Candido e verde fiore	/Users/francoispachet/IdeaProjects/gesualdo/data/cpdl/5-voices/reductions/string_quartet_plus_viole/076_candido_e_verde_fiore.musicxml	/Users/francoispachet/IdeaProjects/gesualdo/outputs/batch_octave_optimization/cpdl_5_voice_quartet_plus_viole/076_candido_e_verde_fiore/076_candido_e_verde_fiore_optimized.musicxml		ok		15	19	3	19	3	0	0	0	0	0	0	0	0	90	75	0	0
cpdl_5_voice_quartet_plus_viole	77	Caro amoroso neo	/Users/francoispachet/IdeaProjects/gesualdo/data/cpdl/5-voices/reductions/string_quartet_plus_viole/077_caro_amoroso_neo.musicxml	/Users/francoispachet/IdeaProjects/gesualdo/outputs/batch_octave_optimization/cpdl_5_voice_quartet_plus_viole/077_caro_amoroso_neo/077_caro_amoroso_neo_optimized.musicxml		ok		13	20	2	10	0	2	0	6	0	0	0	2	2	125	113	9	0
cpdl_5_voice_quartet_plus_viole	78	Che fai meco	/Users/francoispachet/IdeaProjects/gesualdo/data/cpdl/5-voices/reductions/string_quartet_plus_viole/078_che_fai_meco.musicxml	/Users/francoispachet/IdeaProjects/gesualdo/outputs/batch_octave_optimization/cpdl_5_voice_quartet_plus_viole/078_che_fai_meco/078_che_fai_meco_optimized.musicxml		ok		3	4	1	4	1	0	0	0	0	0	0	0	0	95	72	0	0
cpdl_5_voice_quartet_plus_viole	79	Che sentir deve il petto mio	/Users/francoispachet/IdeaProjects/gesualdo/data/cpdl/5-voices/reductions/string_quartet_plus_viole/079_che_sentir_deve_il_petto_mio.musicxml	/Users/francoispachet/IdeaProjects/gesualdo/outputs/batch_octave_optimization/cpdl_5_voice_quartet_plus_viole/079_che_sentir_deve_il_petto_mio/079_che_sentir_deve_il_petto_mio_optimized.musicxml		ok		6	9	2	8	1	0	0	0	0	1	1	0	0	90	71	0	0
cpdl_5_voice_quartet_plus_viole	80	Chiaro risplender suole	/Users/francoispachet/IdeaProjects/gesualdo/data/cpdl/5-voices/reductions/string_quartet_plus_viole/080_chiaro_risplender_suole.musicxml	/Users/francoispachet/IdeaProjects/gesualdo/outputs/batch_octave_optimization/cpdl_5_voice_quartet_plus_viole/080_chiaro_risplender_suole/080_chiaro_risplender_suole_optimized.musicxml		ok		5	11	6	6	1	0	0	0	0	5	5	0	0	100	76	0	0
cpdl_5_voice_quartet_plus_viole	81	Com'esser può ch'io viva	/Users/francoispachet/IdeaProjects/gesualdo/data/cpdl/5-voices/reductions/string_quartet_plus_viole/081_com_esser_pu_ch_io_viva.musicxml	/Users/francoispachet/IdeaProjects/gesualdo/outputs/batch_octave_optimization/cpdl_5_voice_quartet_plus_viole/081_com_esser_pu_ch_io_viva/081_com_esser_pu_ch_io_viva_optimized.musicxml		ok		2	5	1	2	0	0	0	2	0	1	1	0	0	105	81	2	0
cpdl_5_voice_quartet_plus_viole	82	Come vivrai cor mio	/Users/francoispachet/IdeaProjects/gesualdo/data/cpdl/5-voices/reductions/string_quartet_plus_viole/082_come_vivrai_cor_mio.musicxml	/Users/francoispachet/IdeaProjects/gesualdo/outputs/batch_octave_optimization/cpdl_5_voice_quartet_plus_viole/082_come_vivrai_cor_mio/082_come_vivrai_cor_mio_optimized.musicxml		ok		4	5	1	4	0	0	0	0	0	0	0	1	1	15	10	0	0
cpdl_5_voice_quartet_plus_viole	83	Cor mio, deh, non piangete	/Users/francoispachet/IdeaProjects/gesualdo/data/cpdl/5-voices/reductions/string_quartet_plus_viole/083_cor_mio_deh_non_piangete.musicxml	/Users/francoispachet/IdeaProjects/gesualdo/outputs/batch_octave_optimization/cpdl_5_voice_quartet_plus_viole/083_cor_mio_deh_non_piangete/083_cor_mio_deh_non_piangete_optimized.musicxml		ok		5	10	4	9	4	1	0	0	0	0	0	0	0	145	113	1	0
cpdl_5_voice_quartet_plus_viole	84	Correte, amanti, a prova	/Users/francoispachet/IdeaProjects/gesualdo/data/cpdl/5-voices/reductions/string_quartet_plus_viole/084_correte_amanti_a_prova.musicxml	/Users/francoispachet/IdeaProjects/gesualdo/outputs/batch_octave_optimization/cpdl_5_voice_quartet_plus_viole/084_correte_amanti_a_prova/084_correte_amanti_a_prova_optimized.musicxml		ok		16	17	1	17	1	0	0	0	0	0	0	0	0	75	66	0	0
cpdl_5_voice_quartet_plus_viole	86	Dalle odorate spoglie	/Users/francoispachet/IdeaProjects/gesualdo/data/cpdl/5-voices/reductions/string_quartet_plus_viole/086_dalle_odorate_spoglie.musicxml	/Users/francoispachet/IdeaProjects/gesualdo/outputs/batch_octave_optimization/cpdl_5_voice_quartet_plus_viole/086_dalle_odorate_spoglie/086_dalle_odorate_spoglie_optimized.musicxml		ok		5	4	0	4	0	0	0	0	0	0	0	0	0	40	32	0	0
cpdl_5_voice_quartet_plus_viole	87	Deh coprite il bel seno	/Users/francoispachet/IdeaProjects/gesualdo/data/cpdl/5-voices/reductions/string_quartet_plus_viole/087_deh_coprite_il_bel_seno.musicxml	/Users/francoispachet/IdeaProjects/gesualdo/outputs/batch_octave_optimization/cpdl_5_voice_quartet_plus_viole/087_deh_coprite_il_bel_seno/087_deh_coprite_il_bel_seno_optimized.musicxml		ok		8	10	2	10	2	0	0	0	0	0	0	0	0	70	57	0	0
cpdl_5_voice_quartet_plus_viole	88	Deh, come invan sospiro	/Users/francoispachet/IdeaProjects/gesualdo/data/cpdl/5-voices/reductions/string_quartet_plus_viole/088_deh_come_invan_sospiro.musicxml	/Users/francoispachet/IdeaProjects/gesualdo/outputs/batch_octave_optimization/cpdl_5_voice_quartet_plus_viole/088_deh_come_invan_sospiro/088_deh_come_invan_sospiro_optimized.musicxml		ok		2	5	3	4	2	0	0	0	0	1	1	0	0	145	113	0	0
cpdl_5_voice_quartet_plus_viole	90	Del bel de bei vostri occhi	/Users/francoispachet/IdeaProjects/gesualdo/data/cpdl/5-voices/reductions/string_quartet_plus_viole/090_del_bel_de_bei_vostri_occhi.musicxml	/Users/francoispachet/IdeaProjects/gesualdo/outputs/batch_octave_optimization/cpdl_5_voice_quartet_plus_viole/090_del_bel_de_bei_vostri_occhi/090_del_bel_de_bei_vostri_occhi_optimized.musicxml		ok		8	32	5	9	2	0	0	20	0	0	0	3	3	110	97	20	0
cpdl_5_voice_quartet_plus_viole	91	Dolce spirto d'amore	/Users/francoispachet/IdeaProjects/gesualdo/data/cpdl/5-voices/reductions/string_quartet_plus_viole/091_dolce_spirto_d_amore.musicxml	/Users/francoispachet/IdeaProjects/gesualdo/outputs/batch_octave_optimization/cpdl_5_voice_quartet_plus_viole/091_dolce_spirto_d_amore/091_dolce_spirto_d_amore_optimized.musicxml		ok		6	14	1	6	0	7	0	0	0	0	0	1	1	90	74	8	0
cpdl_5_voice_quartet_plus_viole	92	Dolcissima mia vita	/Users/francoispachet/IdeaProjects/gesualdo/data/cpdl/5-voices/reductions/string_quartet_plus_viole/092_dolcissima_mia_vita.musicxml	/Users/francoispachet/IdeaProjects/gesualdo/outputs/batch_octave_optimization/cpdl_5_voice_quartet_plus_viole/092_dolcissima_mia_vita/092_dolcissima_mia_vita_optimized.musicxml		ok		4	4	1	4	1	0	0	0	0	0	0	0	0	60	52	0	0
cpdl_5_voice_quartet_plus_viole	93	Dolcissimo sospiro	/Users/francoispachet/IdeaProjects/gesualdo/data/cpdl/5-voices/reductions/string_quartet_plus_viole/093_dolcissimo_sospiro.musicxml	/Users/francoispachet/IdeaProjects/gesualdo/outputs/batch_octave_optimization/cpdl_5_voice_quartet_plus_viole/093_dolcissimo_sospiro/093_dolcissimo_sospiro_optimized.musicxml		ok		4	32	5	7	3	7	0	16	0	1	1	1	1	100	87	24	0
cpdl_5_voice_quartet_plus_viole	95	Ecco, morirò dunque	/Users/francoispachet/IdeaProjects/gesualdo/data/cpdl/5-voices/reductions/string_quartet_plus_viole/095_ecco_morir_dunque.musicxml	/Users/francoispachet/IdeaProjects/gesualdo/outputs/batch_octave_optimization/cpdl_5_voice_quartet_plus_viole/095_ecco_morir_dunque/095_ecco_morir_dunque_optimized.musicxml		ok		5	12	7	8	3	0	0	0	0	4	4	0	0	135	112	0	0
cpdl_5_voice_quartet_plus_viole	96	Felice primavera	/Users/francoispachet/IdeaProjects/gesualdo/data/cpdl/5-voices/reductions/string_quartet_plus_viole/096_felice_primavera.musicxml	/Users/francoispachet/IdeaProjects/gesualdo/outputs/batch_octave_optimization/cpdl_5_voice_quartet_plus_viole/096_felice_primavera/096_felice_primavera_optimized.musicxml		ok		16	15	1	14	0	0	0	0	0	0	0	1	1	140	122	0	0
cpdl_5_voice_quartet_plus_viole	97	Felicissimo sonno	/Users/francoispachet/IdeaProjects/gesualdo/data/cpdl/5-voices/reductions/string_quartet_plus_viole/097_felicissimo_sonno.musicxml	/Users/francoispachet/IdeaProjects/gesualdo/outputs/batch_octave_optimization/cpdl_5_voice_quartet_plus_viole/097_felicissimo_sonno/097_felicissimo_sonno_optimized.musicxml		ok		13	15	3	14	2	0	0	0	0	1	1	0	0	75	58	0	0
cpdl_5_voice_quartet_plus_viole	98	Gelo ha madonna il seno	/Users/francoispachet/IdeaProjects/gesualdo/data/cpdl/5-voices/reductions/string_quartet_plus_viole/098_gelo_ha_madonna_il_seno.musicxml	/Users/francoispachet/IdeaProjects/gesualdo/outputs/batch_octave_optimization/cpdl_5_voice_quartet_plus_viole/098_gelo_ha_madonna_il_seno/098_gelo_ha_madonna_il_seno_optimized.musicxml		ok		0	5	3	2	2	2	0	0	0	0	0	1	1	85	72	2	0
cpdl_5_voice_quartet_plus_viole	99	Gioite voi col canto	/Users/francoispachet/IdeaProjects/gesualdo/data/cpdl/5-voices/reductions/string_quartet_plus_viole/099_gioite_voi_col_canto.musicxml	/Users/francoispachet/IdeaProjects/gesualdo/outputs/batch_octave_optimization/cpdl_5_voice_quartet_plus_viole/099_gioite_voi_col_canto/099_gioite_voi_col_canto_optimized.musicxml		ok		8	9	1	7	0	1	0	0	0	1	1	0	0	135	108	1	0
cpdl_5_voice_quartet_plus_viole	100	Già piansi nel dolore	/Users/francoispachet/IdeaProjects/gesualdo/data/cpdl/5-voices/reductions/string_quartet_plus_viole/100_gi_piansi_nel_dolore.musicxml	/Users/francoispachet/IdeaProjects/gesualdo/outputs/batch_octave_optimization/cpdl_5_voice_quartet_plus_viole/100_gi_piansi_nel_dolore/100_gi_piansi_nel_dolore_optimized.musicxml		ok		6	8	1	6	1	0	0	2	0	0	0	0	0	115	99	4	0
cpdl_5_voice_quartet_plus_viole	101	Hai rotto e sciolto e spento	/Users/francoispachet/IdeaProjects/gesualdo/data/cpdl/5-voices/reductions/string_quartet_plus_viole/101_hai_rotto_e_sciolto_e_spento.musicxml	/Users/francoispachet/IdeaProjects/gesualdo/outputs/batch_octave_optimization/cpdl_5_voice_quartet_plus_viole/101_hai_rotto_e_sciolto_e_spento/101_hai_rotto_e_sciolto_e_spento_optimized.musicxml		ok		7	14	7	13	6	0	0	0	0	1	1	0	0	120	106	0	0
cpdl_5_voice_quartet_plus_viole	102	In più leggiadro velo	/Users/francoispachet/IdeaProjects/gesualdo/data/cpdl/5-voices/reductions/string_quartet_plus_viole/102_in_pi_leggiadro_velo.musicxml	/Users/francoispachet/IdeaProjects/gesualdo/outputs/batch_octave_optimization/cpdl_5_voice_quartet_plus_viole/102_in_pi_leggiadro_velo/102_in_pi_leggiadro_velo_optimized.musicxml		ok		7	11	0	7	0	0	0	4	0	0	0	0	0	75	61	4	0
cpdl_5_voice_quartet_plus_viole	103	Io parto, e non più dissi	/Users/francoispachet/IdeaProjects/gesualdo/data/cpdl/5-voices/reductions/string_quartet_plus_viole/103_io_parto_e_non_pi_dissi.musicxml	/Users/francoispachet/IdeaProjects/gesualdo/outputs/batch_octave_optimization/cpdl_5_voice_quartet_plus_viole/103_io_parto_e_non_pi_dissi/103_io_parto_e_non_pi_dissi_optimized.musicxml		ok		7	9	3	8	2	0	0	0	0	0	0	1	1	90	68	0	0
cpdl_5_voice_quartet_plus_viole	104	Io pur respiro in così gran dolore	/Users/francoispachet/IdeaProjects/gesualdo/data/cpdl/5-voices/reductions/string_quartet_plus_viole/104_io_pur_respiro_in_cos_gran_dolore.musicxml	/Users/francoispachet/IdeaProjects/gesualdo/outputs/batch_octave_optimization/cpdl_5_voice_quartet_plus_viole/104_io_pur_respiro_in_cos_gran_dolore/104_io_pur_respiro_in_cos_gran_dolore_optimized.musicxml		ok		3	5	2	4	1	0	0	0	0	1	1	0	0	90	63	0	0
cpdl_5_voice_quartet_plus_viole	105	Io tacerò	/Users/francoispachet/IdeaProjects/gesualdo/data/cpdl/5-voices/reductions/string_quartet_plus_viole/105_io_tacer.musicxml	/Users/francoispachet/IdeaProjects/gesualdo/outputs/batch_octave_optimization/cpdl_5_voice_quartet_plus_viole/105_io_tacer/105_io_tacer_optimized.musicxml		ok		1	5	1	3	1	2	0	0	0	0	0	0	0	55	42	2	0
cpdl_5_voice_quartet_plus_viole	106	Itene o miei sospiri	/Users/francoispachet/IdeaProjects/gesualdo/data/cpdl/5-voices/reductions/string_quartet_plus_viole/106_itene_o_miei_sospiri.musicxml	/Users/francoispachet/IdeaProjects/gesualdo/outputs/batch_octave_optimization/cpdl_5_voice_quartet_plus_viole/106_itene_o_miei_sospiri/106_itene_o_miei_sospiri_optimized.musicxml		ok		10	12	2	10	0	0	0	0	0	2	2	0	0	85	73	0	0
cpdl_5_voice_quartet_plus_viole	107	Languisce al fin chi da la vita parte	/Users/francoispachet/IdeaProjects/gesualdo/data/cpdl/5-voices/reductions/string_quartet_plus_viole/107_languisce_al_fin_chi_da_la_vita_parte.musicxml	/Users/francoispachet/IdeaProjects/gesualdo/outputs/batch_octave_optimization/cpdl_5_voice_quartet_plus_viole/107_languisce_al_fin_chi_da_la_vita_parte/107_languisce_al_fin_chi_da_la_vita_parte_optimized.musicxml		ok		11	14	3	14	3	0	0	0	0	0	0	0	0	90	70	0	0
cpdl_5_voice_quartet_plus_viole	109	Luci serene e chiare	/Users/francoispachet/IdeaProjects/gesualdo/data/cpdl/5-voices/reductions/string_quartet_plus_viole/109_luci_serene_e_chiare.musicxml	/Users/francoispachet/IdeaProjects/gesualdo/outputs/batch_octave_optimization/cpdl_5_voice_quartet_plus_viole/109_luci_serene_e_chiare/109_luci_serene_e_chiare_optimized.musicxml		ok		16	14	1	14	1	0	0	0	0	0	0	0	0	55	50	0	0
cpdl_5_voice_quartet_plus_viole	110	Ma se avverrà ch'io moia	/Users/francoispachet/IdeaProjects/gesualdo/data/cpdl/5-voices/reductions/string_quartet_plus_viole/110_ma_se_avverr_ch_io_moia.musicxml	/Users/francoispachet/IdeaProjects/gesualdo/outputs/batch_octave_optimization/cpdl_5_voice_quartet_plus_viole/110_ma_se_avverr_ch_io_moia/110_ma_se_avverr_ch_io_moia_optimized.musicxml		ok		1	4	3	3	2	0	0	0	0	1	1	0	0	60	46	0	0
cpdl_5_voice_quartet_plus_viole	111	Ma se tale ha costei	/Users/francoispachet/IdeaProjects/gesualdo/data/cpdl/5-voices/reductions/string_quartet_plus_viole/111_ma_se_tale_ha_costei.musicxml	/Users/francoispachet/IdeaProjects/gesualdo/outputs/batch_octave_optimization/cpdl_5_voice_quartet_plus_viole/111_ma_se_tale_ha_costei/111_ma_se_tale_ha_costei_optimized.musicxml		ok		2	2	0	2	0	0	0	0	0	0	0	0	0	75	58	0	0
cpdl_5_voice_quartet_plus_viole	112	Ma tu, cagion di quella atroce pena	/Users/francoispachet/IdeaProjects/gesualdo/data/cpdl/5-voices/reductions/string_quartet_plus_viole/112_ma_tu_cagion_di_quella_atroce_pena.musicxml	/Users/francoispachet/IdeaProjects/gesualdo/outputs/batch_octave_optimization/cpdl_5_voice_quartet_plus_viole/112_ma_tu_cagion_di_quella_atroce_pena/112_ma_tu_cagion_di_quella_atroce_pena_optimized.musicxml		ok		5	9	3	9	3	0	0	0	0	0	0	0	0	45	39	0	0
cpdl_5_voice_quartet_plus_viole	113	Madonna, io ben vorrei	/Users/francoispachet/IdeaProjects/gesualdo/data/cpdl/5-voices/reductions/string_quartet_plus_viole/113_madonna_io_ben_vorrei.musicxml	/Users/francoispachet/IdeaProjects/gesualdo/outputs/batch_octave_optimization/cpdl_5_voice_quartet_plus_viole/113_madonna_io_ben_vorrei/113_madonna_io_ben_vorrei_optimized.musicxml		ok		4	8	4	7	3	0	0	0	0	1	1	0	0	110	92	0	0
cpdl_5_voice_quartet_plus_viole	114	Mentre gira costei	/Users/francoispachet/IdeaProjects/gesualdo/data/cpdl/5-voices/reductions/string_quartet_plus_viole/114_mentre_gira_costei.musicxml	/Users/francoispachet/IdeaProjects/gesualdo/outputs/batch_octave_optimization/cpdl_5_voice_quartet_plus_viole/114_mentre_gira_costei/114_mentre_gira_costei_optimized.musicxml		ok		12	13	2	12	1	0	0	0	0	1	1	0	0	85	71	0	0
cpdl_5_voice_quartet_plus_viole	115	Mentre madonna il lasso fianco posa	/Users/francoispachet/IdeaProjects/gesualdo/data/cpdl/5-voices/reductions/string_quartet_plus_viole/115_mentre_madonna_il_lasso_fianco_posa.musicxml	/Users/francoispachet/IdeaProjects/gesualdo/outputs/batch_octave_optimization/cpdl_5_voice_quartet_plus_viole/115_mentre_madonna_il_lasso_fianco_posa/115_mentre_madonna_il_lasso_fianco_posa_optimized.musicxml		ok		13	19	3	14	2	2	0	2	0	1	1	0	0	155	132	4	0
cpdl_5_voice_quartet_plus_viole	116	Mentre, mia stella, miri	/Users/francoispachet/IdeaProjects/gesualdo/data/cpdl/5-voices/reductions/string_quartet_plus_viole/116_mentre_mia_stella_miri.musicxml	/Users/francoispachet/IdeaProjects/gesualdo/outputs/batch_octave_optimization/cpdl_5_voice_quartet_plus_viole/116_mentre_mia_stella_miri/116_mentre_mia_stella_miri_optimized.musicxml		ok		1	6	3	2	1	0	0	2	0	0	0	2	2	75	68	2	0
cpdl_5_voice_quartet_plus_viole	117	Meraviglia d'Amore	/Users/francoispachet/IdeaProjects/gesualdo/data/cpdl/5-voices/reductions/string_quartet_plus_viole/117_meraviglia_d_amore.musicxml	/Users/francoispachet/IdeaProjects/gesualdo/outputs/batch_octave_optimization/cpdl_5_voice_quartet_plus_viole/117_meraviglia_d_amore/117_meraviglia_d_amore_optimized.musicxml		ok		14	16	1	14	0	1	0	0	0	0	0	1	1	90	76	1	0
cpdl_5_voice_quartet_plus_viole	118	Mercè grido piangendo	/Users/francoispachet/IdeaProjects/gesualdo/data/cpdl/5-voices/reductions/string_quartet_plus_viole/118_merc_grido_piangendo.musicxml	/Users/francoispachet/IdeaProjects/gesualdo/outputs/batch_octave_optimization/cpdl_5_voice_quartet_plus_viole/118_merc_grido_piangendo/118_merc_grido_piangendo_optimized.musicxml		ok		4	9	4	7	2	0	0	0	0	2	2	0	0	85	71	0	0
cpdl_5_voice_quartet_plus_viole	119	Mille volte il di	/Users/francoispachet/IdeaProjects/gesualdo/data/cpdl/5-voices/reductions/string_quartet_plus_viole/119_mille_volte_il_di.musicxml	/Users/francoispachet/IdeaProjects/gesualdo/outputs/batch_octave_optimization/cpdl_5_voice_quartet_plus_viole/119_mille_volte_il_di/119_mille_volte_il_di_optimized.musicxml		ok		14	17	4	14	1	0	0	0	0	3	3	0	0	135	103	0	0
cpdl_5_voice_quartet_plus_viole	120	Moro, e mentre sospiro	/Users/francoispachet/IdeaProjects/gesualdo/data/cpdl/5-voices/reductions/string_quartet_plus_viole/120_moro_e_mentre_sospiro.musicxml	/Users/francoispachet/IdeaProjects/gesualdo/outputs/batch_octave_optimization/cpdl_5_voice_quartet_plus_viole/120_moro_e_mentre_sospiro/120_moro_e_mentre_sospiro_optimized.musicxml		ok		14	17	6	14	3	0	0	0	0	3	3	0	0	75	60	0	1
cpdl_5_voice_quartet_plus_viole	121	Moro, lasso, al mio duolo	/Users/francoispachet/IdeaProjects/gesualdo/data/cpdl/5-voices/reductions/string_quartet_plus_viole/121_moro_lasso_al_mio_duolo.musicxml	/Users/francoispachet/IdeaProjects/gesualdo/outputs/batch_octave_optimization/cpdl_5_voice_quartet_plus_viole/121_moro_lasso_al_mio_duolo/121_moro_lasso_al_mio_duolo_optimized.musicxml		ok		7	9	3	9	3	0	0	0	0	0	0	0	0	115	90	0	0
cpdl_5_voice_quartet_plus_viole	123	Non mai non cangerò stato	/Users/francoispachet/IdeaProjects/gesualdo/data/cpdl/5-voices/reductions/string_quartet_plus_viole/123_non_mai_non_canger_stato.musicxml	/Users/francoispachet/IdeaProjects/gesualdo/outputs/batch_octave_optimization/cpdl_5_voice_quartet_plus_viole/123_non_mai_non_canger_stato/123_non_mai_non_canger_stato_optimized.musicxml		ok		5	5	0	5	0	0	0	0	0	0	0	0	0	75	64	0	0
cpdl_5_voice_quartet_plus_viole	125	Non mirar, non mirare	/Users/francoispachet/IdeaProjects/gesualdo/data/cpdl/5-voices/reductions/string_quartet_plus_viole/125_non_mirar_non_mirare.musicxml	/Users/francoispachet/IdeaProjects/gesualdo/outputs/batch_octave_optimization/cpdl_5_voice_quartet_plus_viole/125_non_mirar_non_mirare/125_non_mirar_non_mirare_optimized.musicxml		ok		8	10	1	7	0	2	0	0	0	1	1	0	0	140	120	2	0
cpdl_5_voice_quartet_plus_viole	127	Non è questa la mano	/Users/francoispachet/IdeaProjects/gesualdo/data/cpdl/5-voices/reductions/string_quartet_plus_viole/127_non_questa_la_mano.musicxml	/Users/francoispachet/IdeaProjects/gesualdo/outputs/batch_octave_optimization/cpdl_5_voice_quartet_plus_viole/127_non_questa_la_mano/127_non_questa_la_mano_optimized.musicxml		ok		0	13	3	2	2	2	0	8	0	0	0	1	1	90	64	10	0
cpdl_5_voice_quartet_plus_viole	128	O com'è gran martire	/Users/francoispachet/IdeaProjects/gesualdo/data/cpdl/5-voices/reductions/string_quartet_plus_viole/128_o_com_gran_martire.musicxml	/Users/francoispachet/IdeaProjects/gesualdo/outputs/batch_octave_optimization/cpdl_5_voice_quartet_plus_viole/128_o_com_gran_martire/128_o_com_gran_martire_optimized.musicxml		ok		6	6	0	6	0	0	0	0	0	0	0	0	0	95	83	0	0
cpdl_5_voice_quartet_plus_viole	129	O dolce mio martire	/Users/francoispachet/IdeaProjects/gesualdo/data/cpdl/5-voices/reductions/string_quartet_plus_viole/129_o_dolce_mio_martire.musicxml	/Users/francoispachet/IdeaProjects/gesualdo/outputs/batch_octave_optimization/cpdl_5_voice_quartet_plus_viole/129_o_dolce_mio_martire/129_o_dolce_mio_martire_optimized.musicxml		ok		5	6	0	4	0	2	0	0	0	0	0	0	0	90	70	2	0
cpdl_5_voice_quartet_plus_viole	130	O dolce mio tesoro	/Users/francoispachet/IdeaProjects/gesualdo/data/cpdl/5-voices/reductions/string_quartet_plus_viole/130_o_dolce_mio_tesoro.musicxml	/Users/francoispachet/IdeaProjects/gesualdo/outputs/batch_octave_optimization/cpdl_5_voice_quartet_plus_viole/130_o_dolce_mio_tesoro/130_o_dolce_mio_tesoro_optimized.musicxml		ok		9	11	3	7	0	1	0	0	0	3	3	0	0	75	60	1	0
cpdl_5_voice_quartet_plus_viole	131	O dolorosa gioia	/Users/francoispachet/IdeaProjects/gesualdo/data/cpdl/5-voices/reductions/string_quartet_plus_viole/131_o_dolorosa_gioia.musicxml	/Users/francoispachet/IdeaProjects/gesualdo/outputs/batch_octave_optimization/cpdl_5_voice_quartet_plus_viole/131_o_dolorosa_gioia/131_o_dolorosa_gioia_optimized.musicxml		ok		10	12	3	11	2	0	0	0	0	1	1	0	0	75	63	0	0
cpdl_5_voice_quartet_plus_viole	132	O mal nati messagi	/Users/francoispachet/IdeaProjects/gesualdo/data/cpdl/5-voices/reductions/string_quartet_plus_viole/132_o_mal_nati_messagi.musicxml	/Users/francoispachet/IdeaProjects/gesualdo/outputs/batch_octave_optimization/cpdl_5_voice_quartet_plus_viole/132_o_mal_nati_messagi/132_o_mal_nati_messagi_optimized.musicxml		ok		7	10	4	8	2	0	0	0	0	1	1	1	1	95	78	0	0
cpdl_5_voice_quartet_plus_viole	134	O tenebroso giorno	/Users/francoispachet/IdeaProjects/gesualdo/data/cpdl/5-voices/reductions/string_quartet_plus_viole/134_o_tenebroso_giorno.musicxml	/Users/francoispachet/IdeaProjects/gesualdo/outputs/batch_octave_optimization/cpdl_5_voice_quartet_plus_viole/134_o_tenebroso_giorno/134_o_tenebroso_giorno_optimized.musicxml		ok		10	11	2	11	2	0	0	0	0	0	0	0	0	45	36	0	0
cpdl_5_voice_quartet_plus_viole	135	O voi troppo felici	/Users/francoispachet/IdeaProjects/gesualdo/data/cpdl/5-voices/reductions/string_quartet_plus_viole/135_o_voi_troppo_felici.musicxml	/Users/francoispachet/IdeaProjects/gesualdo/outputs/batch_octave_optimization/cpdl_5_voice_quartet_plus_viole/135_o_voi_troppo_felici/135_o_voi_troppo_felici_optimized.musicxml		ok		10	10	1	10	1	0	0	0	0	0	0	0	0	60	55	0	0
cpdl_5_voice_quartet_plus_viole	136	Occhi del mio cor vita	/Users/francoispachet/IdeaProjects/gesualdo/data/cpdl/5-voices/reductions/string_quartet_plus_viole/136_occhi_del_mio_cor_vita.musicxml	/Users/francoispachet/IdeaProjects/gesualdo/outputs/batch_octave_optimization/cpdl_5_voice_quartet_plus_viole/136_occhi_del_mio_cor_vita/136_occhi_del_mio_cor_vita_optimized.musicxml		ok		3	7	4	4	1	0	0	0	0	3	3	0	0	80	64	0	0
cpdl_5_voice_quartet_plus_viole	137	Or, che in gioia	/Users/francoispachet/IdeaProjects/gesualdo/data/cpdl/5-voices/reductions/string_quartet_plus_viole/137_or_che_in_gioia.musicxml	/Users/francoispachet/IdeaProjects/gesualdo/outputs/batch_octave_optimization/cpdl_5_voice_quartet_plus_viole/137_or_che_in_gioia/137_or_che_in_gioia_optimized.musicxml		ok		2	9	5	5	3	2	0	0	0	2	2	0	0	125	103	2	0
cpdl_5_voice_quartet_plus_viole	138	Poichè l'avida sete	/Users/francoispachet/IdeaProjects/gesualdo/data/cpdl/5-voices/reductions/string_quartet_plus_viole/138_poich_l_avida_sete.musicxml	/Users/francoispachet/IdeaProjects/gesualdo/outputs/batch_octave_optimization/cpdl_5_voice_quartet_plus_viole/138_poich_l_avida_sete/138_poich_l_avida_sete_optimized.musicxml		ok		9	13	4	13	4	0	0	0	0	0	0	0	0	50	40	0	0
cpdl_5_voice_quartet_plus_viole	139	Qual fora, donna	/Users/francoispachet/IdeaProjects/gesualdo/data/cpdl/5-voices/reductions/string_quartet_plus_viole/139_qual_fora_donna.musicxml	/Users/francoispachet/IdeaProjects/gesualdo/outputs/batch_octave_optimization/cpdl_5_voice_quartet_plus_viole/139_qual_fora_donna/139_qual_fora_donna_optimized.musicxml		ok		9	9	1	9	1	0	0	0	0	0	0	0	0	55	41	0	0
cpdl_5_voice_quartet_plus_viole	140	Quando l'alba novella	/Users/francoispachet/IdeaProjects/gesualdo/data/cpdl/5-voices/reductions/string_quartet_plus_viole/140_quando_l_alba_novella.musicxml	/Users/francoispachet/IdeaProjects/gesualdo/outputs/batch_octave_optimization/cpdl_5_voice_quartet_plus_viole/140_quando_l_alba_novella/140_quando_l_alba_novella_optimized.musicxml		ok		0	1	1	1	1	0	0	0	0	0	0	0	0	25	18	0	0
cpdl_5_voice_quartet_plus_viole	141	Quando ridente e bella	/Users/francoispachet/IdeaProjects/gesualdo/data/cpdl/5-voices/reductions/string_quartet_plus_viole/141_quando_ridente_e_bella.musicxml	/Users/francoispachet/IdeaProjects/gesualdo/outputs/batch_octave_optimization/cpdl_5_voice_quartet_plus_viole/141_quando_ridente_e_bella/141_quando_ridente_e_bella_optimized.musicxml		ok		9	10	1	7	1	0	0	3	0	0	0	0	0	65	60	3	0
cpdl_5_voice_quartet_plus_viole	143	Quel 'no' crudel che la mia speme ancise	/Users/francoispachet/IdeaProjects/gesualdo/data/cpdl/5-voices/reductions/string_quartet_plus_viole/143_quel_no_crudel_che_la_mia_speme_ancise.musicxml	/Users/francoispachet/IdeaProjects/gesualdo/outputs/batch_octave_optimization/cpdl_5_voice_quartet_plus_viole/143_quel_no_crudel_che_la_mia_speme_ancise/143_quel_no_crudel_che_la_mia_speme_ancise_optimized.musicxml		ok		10	11	1	10	0	0	0	0	0	1	1	0	0	100	84	0	0
cpdl_5_voice_quartet_plus_viole	144	Questa crudele e pia	/Users/francoispachet/IdeaProjects/gesualdo/data/cpdl/5-voices/reductions/string_quartet_plus_viole/144_questa_crudele_e_pia.musicxml	/Users/francoispachet/IdeaProjects/gesualdo/outputs/batch_octave_optimization/cpdl_5_voice_quartet_plus_viole/144_questa_crudele_e_pia/144_questa_crudele_e_pia_optimized.musicxml		ok		0	7	3	3	3	3	0	1	0	0	0	0	0	85	74	4	0
cpdl_5_voice_quartet_plus_viole	145	Questi leggiadri odorosetti fiori	/Users/francoispachet/IdeaProjects/gesualdo/data/cpdl/5-voices/reductions/string_quartet_plus_viole/145_questi_leggiadri_odorosetti_fiori.musicxml	/Users/francoispachet/IdeaProjects/gesualdo/outputs/batch_octave_optimization/cpdl_5_voice_quartet_plus_viole/145_questi_leggiadri_odorosetti_fiori/145_questi_leggiadri_odorosetti_fiori_optimized.musicxml		ok		9	15	2	10	1	2	0	2	0	1	1	0	0	60	46	4	0
cpdl_5_voice_quartet_plus_viole	146	Resta di darmi noia	/Users/francoispachet/IdeaProjects/gesualdo/data/cpdl/5-voices/reductions/string_quartet_plus_viole/146_resta_di_darmi_noia.musicxml	/Users/francoispachet/IdeaProjects/gesualdo/outputs/batch_octave_optimization/cpdl_5_voice_quartet_plus_viole/146_resta_di_darmi_noia/146_resta_di_darmi_noia_optimized.musicxml		ok		10	9	0	8	0	0	0	1	0	0	0	0	0	65	50	1	0
cpdl_5_voice_quartet_plus_viole	147	S'io non miro non moro	/Users/francoispachet/IdeaProjects/gesualdo/data/cpdl/5-voices/reductions/string_quartet_plus_viole/147_s_io_non_miro_non_moro.musicxml	/Users/francoispachet/IdeaProjects/gesualdo/outputs/batch_octave_optimization/cpdl_5_voice_quartet_plus_viole/147_s_io_non_miro_non_moro/147_s_io_non_miro_non_moro_optimized.musicxml		ok		6	7	1	6	1	1	0	0	0	0	0	0	0	65	56	1	0
cpdl_5_voice_quartet_plus_viole	148	Se chiudete nel core	/Users/francoispachet/IdeaProjects/gesualdo/data/cpdl/5-voices/reductions/string_quartet_plus_viole/148_se_chiudete_nel_core.musicxml	/Users/francoispachet/IdeaProjects/gesualdo/outputs/batch_octave_optimization/cpdl_5_voice_quartet_plus_viole/148_se_chiudete_nel_core/148_se_chiudete_nel_core_optimized.musicxml		ok		0	5	3	2	2	1	0	1	0	1	1	0	0	65	56	2	0
cpdl_5_voice_quartet_plus_viole	149	Se così dolce è il duolo	/Users/francoispachet/IdeaProjects/gesualdo/data/cpdl/5-voices/reductions/string_quartet_plus_viole/149_se_cos_dolce_il_duolo.musicxml	/Users/francoispachet/IdeaProjects/gesualdo/outputs/batch_octave_optimization/cpdl_5_voice_quartet_plus_viole/149_se_cos_dolce_il_duolo/149_se_cos_dolce_il_duolo_optimized.musicxml		ok		3	25	3	5	2	1	0	18	0	1	1	0	0	90	69	19	0
cpdl_5_voice_quartet_plus_viole	150	Se da sì nobil mano	/Users/francoispachet/IdeaProjects/gesualdo/data/cpdl/5-voices/reductions/string_quartet_plus_viole/150_se_da_s_nobil_mano.musicxml	/Users/francoispachet/IdeaProjects/gesualdo/outputs/batch_octave_optimization/cpdl_5_voice_quartet_plus_viole/150_se_da_s_nobil_mano/150_se_da_s_nobil_mano_optimized.musicxml		ok		4	15	4	3	0	0	0	8	0	0	0	4	4	85	66	8	0
cpdl_5_voice_quartet_plus_viole	151	Se la mia morte brami	/Users/francoispachet/IdeaProjects/gesualdo/data/cpdl/5-voices/reductions/string_quartet_plus_viole/151_se_la_mia_morte_brami.musicxml	/Users/francoispachet/IdeaProjects/gesualdo/outputs/batch_octave_optimization/cpdl_5_voice_quartet_plus_viole/151_se_la_mia_morte_brami/151_se_la_mia_morte_brami_optimized.musicxml		ok		3	5	2	5	2	0	0	0	0	0	0	0	0	115	79	0	0
cpdl_5_voice_quartet_plus_viole	152	Se per lieve ferita	/Users/francoispachet/IdeaProjects/gesualdo/data/cpdl/5-voices/reductions/string_quartet_plus_viole/152_se_per_lieve_ferita.musicxml	/Users/francoispachet/IdeaProjects/gesualdo/outputs/batch_octave_optimization/cpdl_5_voice_quartet_plus_viole/152_se_per_lieve_ferita/152_se_per_lieve_ferita_optimized.musicxml		ok		5	5	0	5	0	0	0	0	0	0	0	0	0	60	47	0	0
cpdl_5_voice_quartet_plus_viole	153	Se piange, ahimè, la donna del mio core	/Users/francoispachet/IdeaProjects/gesualdo/data/cpdl/5-voices/reductions/string_quartet_plus_viole/153_se_piange_ahim_la_donna_del_mio_core.musicxml	/Users/francoispachet/IdeaProjects/gesualdo/outputs/batch_octave_optimization/cpdl_5_voice_quartet_plus_viole/153_se_piange_ahim_la_donna_del_mio_core/153_se_piange_ahim_la_donna_del_mio_core_optimized.musicxml		ok		6	10	3	6	0	1	0	0	0	3	3	0	0	135	102	1	0
cpdl_5_voice_quartet_plus_viole	154	Se taccio, il duol s'avanza	/Users/francoispachet/IdeaProjects/gesualdo/data/cpdl/5-voices/reductions/string_quartet_plus_viole/154_se_taccio_il_duol_s_avanza.musicxml	/Users/francoispachet/IdeaProjects/gesualdo/outputs/batch_octave_optimization/cpdl_5_voice_quartet_plus_viole/154_se_taccio_il_duol_s_avanza/154_se_taccio_il_duol_s_avanza_optimized.musicxml		ok		6	8	3	7	2	0	0	0	0	1	1	0	0	65	50	0	0
cpdl_5_voice_quartet_plus_viole	155	Se tu fuggi	/Users/francoispachet/IdeaProjects/gesualdo/data/cpdl/5-voices/reductions/string_quartet_plus_viole/155_se_tu_fuggi.musicxml	/Users/francoispachet/IdeaProjects/gesualdo/outputs/batch_octave_optimization/cpdl_5_voice_quartet_plus_viole/155_se_tu_fuggi/155_se_tu_fuggi_optimized.musicxml		ok		9	10	1	10	1	0	0	0	0	0	0	0	0	60	50	0	0
cpdl_5_voice_quartet_plus_viole	156	Se vi duol il mio duolo	/Users/francoispachet/IdeaProjects/gesualdo/data/cpdl/5-voices/reductions/string_quartet_plus_viole/156_se_vi_duol_il_mio_duolo.musicxml	/Users/francoispachet/IdeaProjects/gesualdo/outputs/batch_octave_optimization/cpdl_5_voice_quartet_plus_viole/156_se_vi_duol_il_mio_duolo/156_se_vi_duol_il_mio_duolo_optimized.musicxml		ok		7	15	8	9	2	0	0	0	0	6	6	0	0	110	96	0	0
cpdl_5_voice_quartet_plus_viole	158	Sento che nel partire	/Users/francoispachet/IdeaProjects/gesualdo/data/cpdl/5-voices/reductions/string_quartet_plus_viole/158_sento_che_nel_partire.musicxml	/Users/francoispachet/IdeaProjects/gesualdo/outputs/batch_octave_optimization/cpdl_5_voice_quartet_plus_viole/158_sento_che_nel_partire/158_sento_che_nel_partire_optimized.musicxml		ok		6	12	6	11	5	0	0	0	0	1	1	0	0	90	76	0	0
cpdl_5_voice_quartet_plus_viole	159	Son sì belle le rose	/Users/francoispachet/IdeaProjects/gesualdo/data/cpdl/5-voices/reductions/string_quartet_plus_viole/159_son_s_belle_le_rose.musicxml	/Users/francoispachet/IdeaProjects/gesualdo/outputs/batch_octave_optimization/cpdl_5_voice_quartet_plus_viole/159_son_s_belle_le_rose/159_son_s_belle_le_rose_optimized.musicxml		ok		8	8	0	8	0	0	0	0	0	0	0	0	0	55	39	0	0
cpdl_5_voice_quartet_plus_viole	160	Sospirava	/Users/francoispachet/IdeaProjects/gesualdo/data/cpdl/5-voices/reductions/string_quartet_plus_viole/160_sospirava.musicxml	/Users/francoispachet/IdeaProjects/gesualdo/outputs/batch_octave_optimization/cpdl_5_voice_quartet_plus_viole/160_sospirava/160_sospirava_optimized.musicxml		ok		5	5	0	5	0	0	0	0	0	0	0	0	0	40	35	0	0
cpdl_5_voice_quartet_plus_viole	161	Sparge la morte	/Users/francoispachet/IdeaProjects/gesualdo/data/cpdl/5-voices/reductions/string_quartet_plus_viole/161_sparge_la_morte.musicxml	/Users/francoispachet/IdeaProjects/gesualdo/outputs/batch_octave_optimization/cpdl_5_voice_quartet_plus_viole/161_sparge_la_morte/161_sparge_la_morte_optimized.musicxml		ok		2	5	2	3	1	1	0	0	0	1	1	0	0	100	78	1	0
cpdl_5_voice_quartet_plus_viole	162	Sì gioioso mi fanno i dolor miei	/Users/francoispachet/IdeaProjects/gesualdo/data/cpdl/5-voices/reductions/string_quartet_plus_viole/162_s_gioioso_mi_fanno_i_dolor_miei.musicxml	/Users/francoispachet/IdeaProjects/gesualdo/outputs/batch_octave_optimization/cpdl_5_voice_quartet_plus_viole/162_s_gioioso_mi_fanno_i_dolor_miei/162_s_gioioso_mi_fanno_i_dolor_miei_optimized.musicxml		ok		4	4	1	2	0	0	0	1	0	0	0	1	1	85	71	1	0
cpdl_5_voice_quartet_plus_viole	163	T'amo, mia vita	/Users/francoispachet/IdeaProjects/gesualdo/data/cpdl/5-voices/reductions/string_quartet_plus_viole/163_t_amo_mia_vita.musicxml	/Users/francoispachet/IdeaProjects/gesualdo/outputs/batch_octave_optimization/cpdl_5_voice_quartet_plus_viole/163_t_amo_mia_vita/163_t_amo_mia_vita_optimized.musicxml		ok		10	11	1	11	1	0	0	0	0	0	0	0	0	65	58	0	0
cpdl_5_voice_quartet_plus_viole	164	Tall'or sano desio	/Users/francoispachet/IdeaProjects/gesualdo/data/cpdl/5-voices/reductions/string_quartet_plus_viole/164_tall_or_sano_desio.musicxml	/Users/francoispachet/IdeaProjects/gesualdo/outputs/batch_octave_optimization/cpdl_5_voice_quartet_plus_viole/164_tall_or_sano_desio/164_tall_or_sano_desio_optimized.musicxml		ok		6	10	4	7	2	1	0	0	0	2	2	0	0	115	86	1	0
cpdl_5_voice_quartet_plus_viole	165	Tirsi morir volea	/Users/francoispachet/IdeaProjects/gesualdo/data/cpdl/5-voices/reductions/string_quartet_plus_viole/165_tirsi_morir_volea.musicxml	/Users/francoispachet/IdeaProjects/gesualdo/outputs/batch_octave_optimization/cpdl_5_voice_quartet_plus_viole/165_tirsi_morir_volea/165_tirsi_morir_volea_optimized.musicxml		ok		15	18	1	15	0	2	0	0	0	1	1	0	0	105	96	2	0
cpdl_5_voice_quartet_plus_viole	166	Tu m'uccidi, o crudele	/Users/francoispachet/IdeaProjects/gesualdo/data/cpdl/5-voices/reductions/string_quartet_plus_viole/166_tu_m_uccidi_o_crudele.musicxml	/Users/francoispachet/IdeaProjects/gesualdo/outputs/batch_octave_optimization/cpdl_5_voice_quartet_plus_viole/166_tu_m_uccidi_o_crudele/166_tu_m_uccidi_o_crudele_optimized.musicxml		ok		11	17	6	15	4	0	0	0	0	2	2	0	0	75	64	0	0
cpdl_5_voice_quartet_plus_viole	167	Tu piangi, o Filli mia	/Users/francoispachet/IdeaProjects/gesualdo/data/cpdl/5-voices/reductions/string_quartet_plus_viole/167_tu_piangi_o_filli_mia.musicxml	/Users/francoispachet/IdeaProjects/gesualdo/outputs/batch_octave_optimization/cpdl_5_voice_quartet_plus_viole/167_tu_piangi_o_filli_mia/167_tu_piangi_o_filli_mia_optimized.musicxml		ok		13	16	3	14	3	0	0	2	0	0	0	0	0	75	58	2	0
cpdl_5_voice_quartet_plus_viole	168	Tu segui, o bella Clori	/Users/francoispachet/IdeaProjects/gesualdo/data/cpdl/5-voices/reductions/string_quartet_plus_viole/168_tu_segui_o_bella_clori.musicxml	/Users/francoispachet/IdeaProjects/gesualdo/outputs/batch_octave_optimization/cpdl_5_voice_quartet_plus_viole/168_tu_segui_o_bella_clori/168_tu_segui_o_bella_clori_optimized.musicxml		ok		8	12	4	9	1	0	0	0	0	2	2	1	1	65	50	0	0
cpdl_5_voice_quartet_plus_viole	170	Voi volete ch'io mora	/Users/francoispachet/IdeaProjects/gesualdo/data/cpdl/5-voices/reductions/string_quartet_plus_viole/170_voi_volete_ch_io_mora.musicxml	/Users/francoispachet/IdeaProjects/gesualdo/outputs/batch_octave_optimization/cpdl_5_voice_quartet_plus_viole/170_voi_volete_ch_io_mora/170_voi_volete_ch_io_mora_optimized.musicxml		ok		15	40	8	18	7	6	0	15	0	1	1	0	0	85	70	34	1
cpdl_5_voice_quartet_plus_viole	171	Volan quasi farfalle	/Users/francoispachet/IdeaProjects/gesualdo/data/cpdl/5-voices/reductions/string_quartet_plus_viole/171_volan_quasi_farfalle.musicxml	/Users/francoispachet/IdeaProjects/gesualdo/outputs/batch_octave_optimization/cpdl_5_voice_quartet_plus_viole/171_volan_quasi_farfalle/171_volan_quasi_farfalle_optimized.musicxml		ok		14	17	5	14	4	0	0	2	0	1	1	0	0	100	85	2	0
cpdl_6_voice_string_quartet	21	Ad te levavi animam meam	/Users/francoispachet/IdeaProjects/gesualdo/data/cpdl/6-voices/reductions/string_quartet/021_ad_te_levavi_animam_meam.musicxml	/Users/francoispachet/IdeaProjects/gesualdo/outputs/batch_octave_optimization/cpdl_6_voice_string_quartet/021_ad_te_levavi_animam_meam/021_ad_te_levavi_animam_meam_optimized.musicxml		ok		38	59	5	44	5	9	0	6	0	0	0	0	0	88	84	16	1
cpdl_6_voice_string_quartet	22	Adoramus te Christe	/Users/francoispachet/IdeaProjects/gesualdo/data/cpdl/6-voices/reductions/string_quartet/022_adoramus_te_christe.musicxml	/Users/francoispachet/IdeaProjects/gesualdo/outputs/batch_octave_optimization/cpdl_6_voice_string_quartet/022_adoramus_te_christe/022_adoramus_te_christe_optimized.musicxml		ok		32	60	2	33	2	15	0	12	0	0	0	0	0	68	64	28	0
cpdl_6_voice_string_quartet	23	Aestimatus sum	/Users/francoispachet/IdeaProjects/gesualdo/data/cpdl/6-voices/reductions/string_quartet/023_aestimatus_sum.musicxml	/Users/francoispachet/IdeaProjects/gesualdo/outputs/batch_octave_optimization/cpdl_6_voice_string_quartet/023_aestimatus_sum/023_aestimatus_sum_optimized.musicxml		ok		29	37	1	24	1	10	0	3	0	0	0	0	0	52	48	16	1
cpdl_6_voice_string_quartet	24	Ardens est cor meum	/Users/francoispachet/IdeaProjects/gesualdo/data/cpdl/6-voices/reductions/string_quartet/024_ardens_est_cor_meum.musicxml	/Users/francoispachet/IdeaProjects/gesualdo/outputs/batch_octave_optimization/cpdl_6_voice_string_quartet/024_ardens_est_cor_meum/024_ardens_est_cor_meum_optimized.musicxml		ok		54	95	1	53	1	28	0	14	0	0	0	0	0	76	72	43	0
cpdl_6_voice_string_quartet	25	Assumpta est Maria	/Users/francoispachet/IdeaProjects/gesualdo/data/cpdl/6-voices/reductions/string_quartet/025_assumpta_est_maria.musicxml	/Users/francoispachet/IdeaProjects/gesualdo/outputs/batch_octave_optimization/cpdl_6_voice_string_quartet/025_assumpta_est_maria/025_assumpta_est_maria_optimized.musicxml		ok		29	36	2	34	2	2	0	0	0	0	0	0	0	40	36	3	0
cpdl_6_voice_string_quartet	26	Astiterunt reges terrae	/Users/francoispachet/IdeaProjects/gesualdo/data/cpdl/6-voices/reductions/string_quartet/026_astiterunt_reges_terrae.musicxml	/Users/francoispachet/IdeaProjects/gesualdo/outputs/batch_octave_optimization/cpdl_6_voice_string_quartet/026_astiterunt_reges_terrae/026_astiterunt_reges_terrae_optimized.musicxml		ok		37	66	1	47	1	15	0	4	0	0	0	0	0	36	32	20	0
cpdl_6_voice_string_quartet	27	Ave sanctissima	/Users/francoispachet/IdeaProjects/gesualdo/data/cpdl/6-voices/reductions/string_quartet/027_ave_sanctissima.musicxml	/Users/francoispachet/IdeaProjects/gesualdo/outputs/batch_octave_optimization/cpdl_6_voice_string_quartet/027_ave_sanctissima/027_ave_sanctissima_optimized.musicxml		ok		75	97	16	90	16	3	0	4	0	0	0	0	0	84	80	11	0
cpdl_6_voice_string_quartet	28	Da pacem Domine	/Users/francoispachet/IdeaProjects/gesualdo/data/cpdl/6-voices/reductions/string_quartet/028_da_pacem_domine.musicxml	/Users/francoispachet/IdeaProjects/gesualdo/outputs/batch_octave_optimization/cpdl_6_voice_string_quartet/028_da_pacem_domine/028_da_pacem_domine_optimized.musicxml		ok		23	31	0	24	0	6	0	1	0	0	0	0	0	68	64	10	0
cpdl_6_voice_string_quartet	29	Discedite a me	/Users/francoispachet/IdeaProjects/gesualdo/data/cpdl/6-voices/reductions/string_quartet/029_discedite_a_me.musicxml	/Users/francoispachet/IdeaProjects/gesualdo/outputs/batch_octave_optimization/cpdl_6_voice_string_quartet/029_discedite_a_me/029_discedite_a_me_optimized.musicxml		ok		46	74	2	51	2	19	0	4	0	0	0	0	0	80	76	32	0
cpdl_6_voice_string_quartet	30	Domine Deus	/Users/francoispachet/IdeaProjects/gesualdo/data/cpdl/6-voices/reductions/string_quartet/030_domine_deus.musicxml	/Users/francoispachet/IdeaProjects/gesualdo/outputs/batch_octave_optimization/cpdl_6_voice_string_quartet/030_domine_deus/030_domine_deus_optimized.musicxml		ok		56	69	2	61	2	5	0	3	0	0	0	0	0	80	76	8	0
cpdl_6_voice_string_quartet	31	Ecce quomodo moritur justus	/Users/francoispachet/IdeaProjects/gesualdo/data/cpdl/6-voices/reductions/string_quartet/031_ecce_quomodo_moritur_justus.musicxml	/Users/francoispachet/IdeaProjects/gesualdo/outputs/batch_octave_optimization/cpdl_6_voice_string_quartet/031_ecce_quomodo_moritur_justus/031_ecce_quomodo_moritur_justus_optimized.musicxml		ok		34	61	2	35	2	15	0	11	0	0	0	0	0	60	56	22	0
cpdl_6_voice_string_quartet	32	Ecce vidimus eum	/Users/francoispachet/IdeaProjects/gesualdo/data/cpdl/6-voices/reductions/string_quartet/032_ecce_vidimus_eum.musicxml	/Users/francoispachet/IdeaProjects/gesualdo/outputs/batch_octave_optimization/cpdl_6_voice_string_quartet/032_ecce_vidimus_eum/032_ecce_vidimus_eum_optimized.musicxml		ok		63	86	18	62	18	16	0	8	0	0	0	0	0	88	81	24	3
cpdl_6_voice_string_quartet	33	Franciscus humilis	/Users/francoispachet/IdeaProjects/gesualdo/data/cpdl/6-voices/reductions/string_quartet/033_franciscus_humilis.musicxml	/Users/francoispachet/IdeaProjects/gesualdo/outputs/batch_octave_optimization/cpdl_6_voice_string_quartet/033_franciscus_humilis/033_franciscus_humilis_optimized.musicxml		ok		63	118	8	68	8	31	0	19	0	0	0	0	0	88	84	50	0
cpdl_6_voice_string_quartet	34	Gaudeamus omnes	/Users/francoispachet/IdeaProjects/gesualdo/data/cpdl/6-voices/reductions/string_quartet/034_gaudeamus_omnes.musicxml	/Users/francoispachet/IdeaProjects/gesualdo/outputs/batch_octave_optimization/cpdl_6_voice_string_quartet/034_gaudeamus_omnes/034_gaudeamus_omnes_optimized.musicxml		ok		72	111	9	77	9	20	0	14	0	0	0	0	0	64	60	34	0
cpdl_6_voice_string_quartet	35	In monte Oliveti	/Users/francoispachet/IdeaProjects/gesualdo/data/cpdl/6-voices/reductions/string_quartet/035_in_monte_oliveti.musicxml	/Users/francoispachet/IdeaProjects/gesualdo/outputs/batch_octave_optimization/cpdl_6_voice_string_quartet/035_in_monte_oliveti/035_in_monte_oliveti_optimized.musicxml		ok		38	76	2	36	2	31	0	9	0	0	0	0	0	64	60	41	0
cpdl_6_voice_string_quartet	36	Jerusalem, surge	/Users/francoispachet/IdeaProjects/gesualdo/data/cpdl/6-voices/reductions/string_quartet/036_jerusalem_surge.musicxml	/Users/francoispachet/IdeaProjects/gesualdo/outputs/batch_octave_optimization/cpdl_6_voice_string_quartet/036_jerusalem_surge/036_jerusalem_surge_optimized.musicxml		ok		48	120	15	65	15	37	0	18	0	0	0	0	0	76	66	57	0
cpdl_6_voice_string_quartet	37	O anima sanctissima	/Users/francoispachet/IdeaProjects/gesualdo/data/cpdl/6-voices/reductions/string_quartet/037_o_anima_sanctissima.musicxml	/Users/francoispachet/IdeaProjects/gesualdo/outputs/batch_octave_optimization/cpdl_6_voice_string_quartet/037_o_anima_sanctissima/037_o_anima_sanctissima_optimized.musicxml		ok		66	111	5	66	5	28	0	17	0	0	0	0	0	100	96	48	0
cpdl_6_voice_string_quartet	38	O Beata Mater	/Users/francoispachet/IdeaProjects/gesualdo/data/cpdl/6-voices/reductions/string_quartet/038_o_beata_mater.musicxml	/Users/francoispachet/IdeaProjects/gesualdo/outputs/batch_octave_optimization/cpdl_6_voice_string_quartet/038_o_beata_mater/038_o_beata_mater_optimized.musicxml		ok		58	64	6	58	6	4	0	2	0	0	0	0	0	72	68	6	0
cpdl_6_voice_string_quartet	39	O Oriens	/Users/francoispachet/IdeaProjects/gesualdo/data/cpdl/6-voices/reductions/string_quartet/039_o_oriens.musicxml	/Users/francoispachet/IdeaProjects/gesualdo/outputs/batch_octave_optimization/cpdl_6_voice_string_quartet/039_o_oriens/039_o_oriens_optimized.musicxml		ok		55	71	5	58	5	10	0	3	0	0	0	0	0	72	68	14	1
cpdl_6_voice_string_quartet	40	O sacrum convivium	/Users/francoispachet/IdeaProjects/gesualdo/data/cpdl/6-voices/reductions/string_quartet/040_o_sacrum_convivium.musicxml	/Users/francoispachet/IdeaProjects/gesualdo/outputs/batch_octave_optimization/cpdl_6_voice_string_quartet/040_o_sacrum_convivium/040_o_sacrum_convivium_optimized.musicxml		ok		48	54	4	51	4	2	0	1	0	0	0	0	0	32	28	3	0
cpdl_6_voice_string_quartet	41	O vos omnes (1611)	/Users/francoispachet/IdeaProjects/gesualdo/data/cpdl/6-voices/reductions/string_quartet/041_o_vos_omnes_1611.musicxml	/Users/francoispachet/IdeaProjects/gesualdo/outputs/batch_octave_optimization/cpdl_6_voice_string_quartet/041_o_vos_omnes_1611/041_o_vos_omnes_1611_optimized.musicxml		ok		49	123	9	48	9	43	0	32	0	0	0	0	0	32	24	82	0
cpdl_6_voice_string_quartet	42	Plange quasi virgo	/Users/francoispachet/IdeaProjects/gesualdo/data/cpdl/6-voices/reductions/string_quartet/042_plange_quasi_virgo.musicxml	/Users/francoispachet/IdeaProjects/gesualdo/outputs/batch_octave_optimization/cpdl_6_voice_string_quartet/042_plange_quasi_virgo/042_plange_quasi_virgo_optimized.musicxml		ok		40	60	1	29	1	20	0	11	0	0	0	0	0	40	33	30	0
cpdl_6_voice_string_quartet	43	Recessit pastor noster	/Users/francoispachet/IdeaProjects/gesualdo/data/cpdl/6-voices/reductions/string_quartet/043_recessit_pastor_noster.musicxml	/Users/francoispachet/IdeaProjects/gesualdo/outputs/batch_octave_optimization/cpdl_6_voice_string_quartet/043_recessit_pastor_noster/043_recessit_pastor_noster_optimized.musicxml		ok		40	70	7	41	7	19	0	10	0	0	0	0	0	80	76	31	0
cpdl_6_voice_string_quartet	44	Sana me Domine	/Users/francoispachet/IdeaProjects/gesualdo/data/cpdl/6-voices/reductions/string_quartet/044_sana_me_domine.musicxml	/Users/francoispachet/IdeaProjects/gesualdo/outputs/batch_octave_optimization/cpdl_6_voice_string_quartet/044_sana_me_domine/044_sana_me_domine_optimized.musicxml		ok		42	42	1	36	1	4	0	2	0	0	0	0	0	68	64	6	0
cpdl_6_voice_string_quartet	45	Sepulto Domino	/Users/francoispachet/IdeaProjects/gesualdo/data/cpdl/6-voices/reductions/string_quartet/045_sepulto_domino.musicxml	/Users/francoispachet/IdeaProjects/gesualdo/outputs/batch_octave_optimization/cpdl_6_voice_string_quartet/045_sepulto_domino/045_sepulto_domino_optimized.musicxml		ok		64	113	6	61	6	33	0	19	0	0	0	0	0	52	48	60	0
cpdl_6_voice_string_quartet	46	Sicut ovis ad occisionem	/Users/francoispachet/IdeaProjects/gesualdo/data/cpdl/6-voices/reductions/string_quartet/046_sicut_ovis_ad_occisionem.musicxml	/Users/francoispachet/IdeaProjects/gesualdo/outputs/batch_octave_optimization/cpdl_6_voice_string_quartet/046_sicut_ovis_ad_occisionem/046_sicut_ovis_ad_occisionem_optimized.musicxml		ok		37	60	5	37	5	16	0	7	0	0	0	0	0	40	36	24	1
cpdl_6_voice_string_quartet	50	Tenebræ factæ sunt	/Users/francoispachet/IdeaProjects/gesualdo/data/cpdl/6-voices/reductions/string_quartet/050_tenebr_fact_sunt.musicxml	/Users/francoispachet/IdeaProjects/gesualdo/outputs/batch_octave_optimization/cpdl_6_voice_string_quartet/050_tenebr_fact_sunt/050_tenebr_fact_sunt_optimized.musicxml		ok		60	132	24	73	24	35	0	24	0	0	0	0	0	104	97	61	0
cpdl_6_voice_string_quartet	51	Tristis est anima mea	/Users/francoispachet/IdeaProjects/gesualdo/data/cpdl/6-voices/reductions/string_quartet/051_tristis_est_anima_mea.musicxml	/Users/francoispachet/IdeaProjects/gesualdo/outputs/batch_octave_optimization/cpdl_6_voice_string_quartet/051_tristis_est_anima_mea/051_tristis_est_anima_mea_optimized.musicxml		ok		38	54	3	32	3	15	0	7	0	0	0	0	0	52	48	24	0
cpdl_6_voice_string_quartet	52	Veni Creator Spiritus, reple	/Users/francoispachet/IdeaProjects/gesualdo/data/cpdl/6-voices/reductions/string_quartet/052_veni_creator_spiritus_reple.musicxml	/Users/francoispachet/IdeaProjects/gesualdo/outputs/batch_octave_optimization/cpdl_6_voice_string_quartet/052_veni_creator_spiritus_reple/052_veni_creator_spiritus_reple_optimized.musicxml		ok		71	83	7	72	7	5	0	6	0	0	0	0	0	64	60	11	0
cpdl_6_voice_string_quartet	53	Veni sponsa Christi	/Users/francoispachet/IdeaProjects/gesualdo/data/cpdl/6-voices/reductions/string_quartet/053_veni_sponsa_christi.musicxml	/Users/francoispachet/IdeaProjects/gesualdo/outputs/batch_octave_optimization/cpdl_6_voice_string_quartet/053_veni_sponsa_christi/053_veni_sponsa_christi_optimized.musicxml		ok		49	80	5	54	5	13	0	13	0	0	0	0	0	60	56	26	0
cpdl_6_voice_string_quartet	54	Verba mea	/Users/francoispachet/IdeaProjects/gesualdo/data/cpdl/6-voices/reductions/string_quartet/054_verba_mea.musicxml	/Users/francoispachet/IdeaProjects/gesualdo/outputs/batch_octave_optimization/cpdl_6_voice_string_quartet/054_verba_mea/054_verba_mea_optimized.musicxml		ok		49	57	2	52	2	4	0	1	0	0	0	0	0	56	52	5	0
cpdl_6_voice_string_quartet	55	Virgo benedicta	/Users/francoispachet/IdeaProjects/gesualdo/data/cpdl/6-voices/reductions/string_quartet/055_virgo_benedicta.musicxml	/Users/francoispachet/IdeaProjects/gesualdo/outputs/batch_octave_optimization/cpdl_6_voice_string_quartet/055_virgo_benedicta/055_virgo_benedicta_optimized.musicxml		ok		53	78	3	40	3	22	0	16	0	0	0	0	0	60	56	41	0
cpdl_6_voice_string_quartet	172	Donna, se m'ancidete	/Users/francoispachet/IdeaProjects/gesualdo/data/cpdl/6-voices/reductions/string_quartet/172_donna_se_m_ancidete.musicxml	/Users/francoispachet/IdeaProjects/gesualdo/outputs/batch_octave_optimization/cpdl_6_voice_string_quartet/172_donna_se_m_ancidete/172_donna_se_m_ancidete_optimized.musicxml		ok		32	39	3	33	3	4	0	2	0	0	0	0	0	60	54	6	0
cpdl_6_voice_string_quartet	173	Il sol, qual or più splende	/Users/francoispachet/IdeaProjects/gesualdo/data/cpdl/6-voices/reductions/string_quartet/173_il_sol_qual_or_pi_splende.musicxml	/Users/francoispachet/IdeaProjects/gesualdo/outputs/batch_octave_optimization/cpdl_6_voice_string_quartet/173_il_sol_qual_or_pi_splende/173_il_sol_qual_or_pi_splende_optimized.musicxml		ok		54	86	6	61	6	12	0	13	0	0	0	0	0	20	16	25	0
