piece	file	part	measure	kind	offset	duration	end	beat	boundary	item	tie
our_prayer_low_cello	data/beach boys/reductions/string_quartet/our_prayer_low_cello.musicxml	Violin I	1	long_note_starts_on_beat	0	1	1	1/2	1/2	E5	
our_prayer_low_cello	data/beach boys/reductions/string_quartet/our_prayer_low_cello.musicxml	Violin I	1	long_note_starts_on_beat	1	1	2	1/2	3/2	D5	
our_prayer_low_cello	data/beach boys/reductions/string_quartet/our_prayer_low_cello.musicxml	Violin I	1	long_note_starts_on_beat	2	1	3	1/2	5/2	C#5	
our_prayer_low_cello	data/beach boys/reductions/string_quartet/our_prayer_low_cello.musicxml	Violin I	1	long_note_starts_on_beat	3	1	4	1/2	7/2	B4	
our_prayer_low_cello	data/beach boys/reductions/string_quartet/our_prayer_low_cello.musicxml	Violin I	1	rest_starts_on_beat_crosses_later_beat	4	1	5	1/2	9/2	rest	
our_prayer_low_cello	data/beach boys/reductions/string_quartet/our_prayer_low_cello.musicxml	Violin I	2	long_note_starts_on_beat	0	1	1	1/2	1/2	B4	
our_prayer_low_cello	data/beach boys/reductions/string_quartet/our_prayer_low_cello.musicxml	Violin I	2	long_note_starts_on_beat	1	1	2	1/2	3/2	B4	
our_prayer_low_cello	data/beach boys/reductions/string_quartet/our_prayer_low_cello.musicxml	Violin I	2	long_note_starts_on_beat	2	1	3	1/2	5/2	B4	
our_prayer_low_cello	data/beach boys/reductions/string_quartet/our_prayer_low_cello.musicxml	Violin I	2	rest_starts_on_beat_crosses_later_beat	3	1	4	1/2	7/2	rest	
our_prayer_low_cello	data/beach boys/reductions/string_quartet/our_prayer_low_cello.musicxml	Violin I	5	long_note_starts_on_beat	0	1	1	1/2	1/2	E5	
our_prayer_low_cello	data/beach boys/reductions/string_quartet/our_prayer_low_cello.musicxml	Violin I	5	long_note_starts_on_beat	1	1	2	1/2	3/2	D5	
our_prayer_low_cello	data/beach boys/reductions/string_quartet/our_prayer_low_cello.musicxml	Violin I	5	long_note_starts_on_beat	2	1	3	1/2	5/2	C#5	
our_prayer_low_cello	data/beach boys/reductions/string_quartet/our_prayer_low_cello.musicxml	Violin I	5	long_note_starts_on_beat	3	3/2	9/2	1/2	7/2,4	B4	
our_prayer_low_cello	data/beach boys/reductions/string_quartet/our_prayer_low_cello.musicxml	Violin I	5	rest_starts_on_beat_crosses_later_beat	9/2	1	11/2	1/2	5	rest	
our_prayer_low_cello	data/beach boys/reductions/string_quartet/our_prayer_low_cello.musicxml	Violin I	6	long_note_starts_on_beat	3	3/2	9/2	1	4	B4	stop
our_prayer_low_cello	data/beach boys/reductions/string_quartet/our_prayer_low_cello.musicxml	Violin I	6	rest_crosses_beat	9/2	1	11/2	1	5	rest	
our_prayer_low_cello	data/beach boys/reductions/string_quartet/our_prayer_low_cello.musicxml	Violin I	7	long_note_starts_on_beat	2	1	3	1/2	5/2	B4	
our_prayer_low_cello	data/beach boys/reductions/string_quartet/our_prayer_low_cello.musicxml	Violin I	7	long_note_starts_on_beat	3	1	4	1/2	7/2	D5	
our_prayer_low_cello	data/beach boys/reductions/string_quartet/our_prayer_low_cello.musicxml	Violin I	9	long_note_starts_on_beat	0	1	1	1/2	1/2	D5	
our_prayer_low_cello	data/beach boys/reductions/string_quartet/our_prayer_low_cello.musicxml	Violin I	9	long_note_starts_on_beat	1	1	2	1/2	3/2	C#5	
our_prayer_low_cello	data/beach boys/reductions/string_quartet/our_prayer_low_cello.musicxml	Violin I	9	long_note_starts_on_beat	2	1	3	1/2	5/2	B4	
our_prayer_low_cello	data/beach boys/reductions/string_quartet/our_prayer_low_cello.musicxml	Violin I	10	long_note_starts_on_beat	1/2	3/4	5/4	1/2	1	A#4	
our_prayer_low_cello	data/beach boys/reductions/string_quartet/our_prayer_low_cello.musicxml	Violin I	10	note_crosses_beat	5/4	1/2	7/4	1/2	3/2	B4	start
our_prayer_low_cello	data/beach boys/reductions/string_quartet/our_prayer_low_cello.musicxml	Violin I	10	note_crosses_beat	7/4	3/4	5/2	1/2	2	B4	stop
our_prayer_low_cello	data/beach boys/reductions/string_quartet/our_prayer_low_cello.musicxml	Violin I	10	rest_starts_on_beat_crosses_later_beat	5/2	1	7/2	1/2	3	rest	
our_prayer_low_cello	data/beach boys/reductions/string_quartet/our_prayer_low_cello.musicxml	Violin I	11	long_note_starts_on_beat	0	2	2	1/2	1/2,1,3/2	B4	
our_prayer_low_cello	data/beach boys/reductions/string_quartet/our_prayer_low_cello.musicxml	Violin I	11	long_note_starts_on_beat	2	1	3	1/2	5/2	B4	start
our_prayer_low_cello	data/beach boys/reductions/string_quartet/our_prayer_low_cello.musicxml	Violin I	11	long_note_starts_on_beat	3	1	4	1/2	7/2	B4	stop
our_prayer_low_cello	data/beach boys/reductions/string_quartet/our_prayer_low_cello.musicxml	Violin I	11	rest_starts_on_beat_crosses_later_beat	4	1	5	1/2	9/2	rest	
our_prayer_low_cello	data/beach boys/reductions/string_quartet/our_prayer_low_cello.musicxml	Violin I	12	long_note_starts_on_beat	0	2	2	1/2	1/2,1,3/2	B4	start
our_prayer_low_cello	data/beach boys/reductions/string_quartet/our_prayer_low_cello.musicxml	Violin I	12	long_note_starts_on_beat	2	1	3	1/2	5/2	B4	stop
our_prayer_low_cello	data/beach boys/reductions/string_quartet/our_prayer_low_cello.musicxml	Violin II	1	long_note_starts_on_beat	0	2	2	1/2	1/2,1,3/2	B4	
our_prayer_low_cello	data/beach boys/reductions/string_quartet/our_prayer_low_cello.musicxml	Violin II	1	long_note_starts_on_beat	2	1	3	1/2	5/2	A4	
our_prayer_low_cello	data/beach boys/reductions/string_quartet/our_prayer_low_cello.musicxml	Violin II	1	long_note_starts_on_beat	3	1	4	1/2	7/2	G4	
our_prayer_low_cello	data/beach boys/reductions/string_quartet/our_prayer_low_cello.musicxml	Violin II	1	rest_starts_on_beat_crosses_later_beat	4	1	5	1/2	9/2	rest	
our_prayer_low_cello	data/beach boys/reductions/string_quartet/our_prayer_low_cello.musicxml	Violin II	2	long_note_starts_on_beat	2	1	3	1/2	5/2	E4	
our_prayer_low_cello	data/beach boys/reductions/string_quartet/our_prayer_low_cello.musicxml	Violin II	2	rest_starts_on_beat_crosses_later_beat	3	1	4	1/2	7/2	rest	
our_prayer_low_cello	data/beach boys/reductions/string_quartet/our_prayer_low_cello.musicxml	Violin II	4	long_note_starts_on_beat	1	2	3	1	2	F#4	
our_prayer_low_cello	data/beach boys/reductions/string_quartet/our_prayer_low_cello.musicxml	Violin II	5	long_note_starts_on_beat	0	2	2	1/2	1/2,1,3/2	B4	
our_prayer_low_cello	data/beach boys/reductions/string_quartet/our_prayer_low_cello.musicxml	Violin II	5	long_note_starts_on_beat	2	1	3	1/2	5/2	A4	
our_prayer_low_cello	data/beach boys/reductions/string_quartet/our_prayer_low_cello.musicxml	Violin II	5	long_note_starts_on_beat	3	3/2	9/2	1/2	7/2,4	G4	
our_prayer_low_cello	data/beach boys/reductions/string_quartet/our_prayer_low_cello.musicxml	Violin II	5	rest_starts_on_beat_crosses_later_beat	9/2	1	11/2	1/2	5	rest	
our_prayer_low_cello	data/beach boys/reductions/string_quartet/our_prayer_low_cello.musicxml	Violin II	6	long_note_starts_on_beat	2	7/4	15/4	1	3	F#4	
our_prayer_low_cello	data/beach boys/reductions/string_quartet/our_prayer_low_cello.musicxml	Violin II	6	note_crosses_beat	15/4	3/4	9/2	1	4	G4	
our_prayer_low_cello	data/beach boys/reductions/string_quartet/our_prayer_low_cello.musicxml	Violin II	6	rest_crosses_beat	9/2	1	11/2	1	5	rest	
our_prayer_low_cello	data/beach boys/reductions/string_quartet/our_prayer_low_cello.musicxml	Violin II	7	long_note_starts_on_beat	3	1	4	1/2	7/2	A4	start
our_prayer_low_cello	data/beach boys/reductions/string_quartet/our_prayer_low_cello.musicxml	Violin II	9	long_note_starts_on_beat	2	1	3	1/2	5/2	F4	
our_prayer_low_cello	data/beach boys/reductions/string_quartet/our_prayer_low_cello.musicxml	Violin II	10	long_note_starts_on_beat	1/2	3/4	5/4	1/2	1	E4	stop
our_prayer_low_cello	data/beach boys/reductions/string_quartet/our_prayer_low_cello.musicxml	Violin II	10	note_crosses_beat	5/4	1/2	7/4	1/2	3/2	D4	start
our_prayer_low_cello	data/beach boys/reductions/string_quartet/our_prayer_low_cello.musicxml	Violin II	10	note_crosses_beat	7/4	3/4	5/2	1/2	2	D4	stop
our_prayer_low_cello	data/beach boys/reductions/string_quartet/our_prayer_low_cello.musicxml	Violin II	10	rest_starts_on_beat_crosses_later_beat	5/2	1	7/2	1/2	3	rest	
our_prayer_low_cello	data/beach boys/reductions/string_quartet/our_prayer_low_cello.musicxml	Violin II	11	long_note_starts_on_beat	3/2	3/2	3	1/2	2,5/2	E4	
our_prayer_low_cello	data/beach boys/reductions/string_quartet/our_prayer_low_cello.musicxml	Violin II	11	long_note_starts_on_beat	3	1	4	1/2	7/2	D#4	
our_prayer_low_cello	data/beach boys/reductions/string_quartet/our_prayer_low_cello.musicxml	Violin II	11	rest_starts_on_beat_crosses_later_beat	4	1	5	1/2	9/2	rest	
our_prayer_low_cello	data/beach boys/reductions/string_quartet/our_prayer_low_cello.musicxml	Violin II	12	long_note_starts_on_beat	0	2	2	1/2	1/2,1,3/2	D#4	start
our_prayer_low_cello	data/beach boys/reductions/string_quartet/our_prayer_low_cello.musicxml	Violin II	12	long_note_starts_on_beat	2	1	3	1/2	5/2	D#4	stop
our_prayer_low_cello	data/beach boys/reductions/string_quartet/our_prayer_low_cello.musicxml	Viola	1	long_note_starts_on_beat	0	2	2	1/2	1/2,1,3/2	G4	
our_prayer_low_cello	data/beach boys/reductions/string_quartet/our_prayer_low_cello.musicxml	Viola	1	long_note_starts_on_beat	2	2	4	1/2	5/2,3,7/2	E4	
our_prayer_low_cello	data/beach boys/reductions/string_quartet/our_prayer_low_cello.musicxml	Viola	1	rest_starts_on_beat_crosses_later_beat	4	1	5	1/2	9/2	rest	
our_prayer_low_cello	data/beach boys/reductions/string_quartet/our_prayer_low_cello.musicxml	Viola	2	long_note_starts_on_beat	1	1	2	1/2	3/2	F#3	
our_prayer_low_cello	data/beach boys/reductions/string_quartet/our_prayer_low_cello.musicxml	Viola	2	long_note_starts_on_beat	2	1	3	1/2	5/2	G#3	
our_prayer_low_cello	data/beach boys/reductions/string_quartet/our_prayer_low_cello.musicxml	Viola	2	rest_starts_on_beat_crosses_later_beat	3	1	4	1/2	7/2	rest	
our_prayer_low_cello	data/beach boys/reductions/string_quartet/our_prayer_low_cello.musicxml	Viola	5	long_note_starts_on_beat	0	2	2	1/2	1/2,1,3/2	G4	
our_prayer_low_cello	data/beach boys/reductions/string_quartet/our_prayer_low_cello.musicxml	Viola	5	long_note_starts_on_beat	2	3/2	7/2	1/2	5/2,3	E4	
our_prayer_low_cello	data/beach boys/reductions/string_quartet/our_prayer_low_cello.musicxml	Viola	5	long_note_starts_on_beat	7/2	1	9/2	1/2	4	D4	
our_prayer_low_cello	data/beach boys/reductions/string_quartet/our_prayer_low_cello.musicxml	Viola	5	rest_starts_on_beat_crosses_later_beat	9/2	1	11/2	1/2	5	rest	
our_prayer_low_cello	data/beach boys/reductions/string_quartet/our_prayer_low_cello.musicxml	Viola	6	note_crosses_beat	1/2	2	5/2	1	1,2	E4	
our_prayer_low_cello	data/beach boys/reductions/string_quartet/our_prayer_low_cello.musicxml	Viola	6	long_note_starts_on_beat	3	3/2	9/2	1	4	B3	
our_prayer_low_cello	data/beach boys/reductions/string_quartet/our_prayer_low_cello.musicxml	Viola	6	rest_crosses_beat	9/2	1	11/2	1	5	rest	
our_prayer_low_cello	data/beach boys/reductions/string_quartet/our_prayer_low_cello.musicxml	Viola	7	long_note_starts_on_beat	2	1	3	1/2	5/2	B3	
our_prayer_low_cello	data/beach boys/reductions/string_quartet/our_prayer_low_cello.musicxml	Viola	9	long_note_starts_on_beat	1/2	1	3/2	1/2	1	E4	
our_prayer_low_cello	data/beach boys/reductions/string_quartet/our_prayer_low_cello.musicxml	Viola	10	long_note_starts_on_beat	1/2	3/4	5/4	1/2	1	C#4	stop
our_prayer_low_cello	data/beach boys/reductions/string_quartet/our_prayer_low_cello.musicxml	Viola	10	note_crosses_beat	5/4	1/2	7/4	1/2	3/2	B3	start
our_prayer_low_cello	data/beach boys/reductions/string_quartet/our_prayer_low_cello.musicxml	Viola	10	note_crosses_beat	7/4	3/4	5/2	1/2	2	B3	stop
our_prayer_low_cello	data/beach boys/reductions/string_quartet/our_prayer_low_cello.musicxml	Viola	10	rest_starts_on_beat_crosses_later_beat	5/2	1	7/2	1/2	3	rest	
our_prayer_low_cello	data/beach boys/reductions/string_quartet/our_prayer_low_cello.musicxml	Viola	11	long_note_starts_on_beat	0	3/2	3/2	1/2	1/2,1	D4	
our_prayer_low_cello	data/beach boys/reductions/string_quartet/our_prayer_low_cello.musicxml	Viola	11	long_note_starts_on_beat	3/2	3/2	3	1/2	2,5/2	G3	
our_prayer_low_cello	data/beach boys/reductions/string_quartet/our_prayer_low_cello.musicxml	Viola	11	long_note_starts_on_beat	3	1	4	1/2	7/2	F#3	
our_prayer_low_cello	data/beach boys/reductions/string_quartet/our_prayer_low_cello.musicxml	Viola	11	rest_starts_on_beat_crosses_later_beat	4	1	5	1/2	9/2	rest	
our_prayer_low_cello	data/beach boys/reductions/string_quartet/our_prayer_low_cello.musicxml	Viola	12	long_note_starts_on_beat	0	2	2	1/2	1/2,1,3/2	F#3	start
our_prayer_low_cello	data/beach boys/reductions/string_quartet/our_prayer_low_cello.musicxml	Viola	12	long_note_starts_on_beat	2	1	3	1/2	5/2	F#3	stop
our_prayer_low_cello	data/beach boys/reductions/string_quartet/our_prayer_low_cello.musicxml	Violoncello	1	long_note_starts_on_beat	0	1	1	1/2	1/2	E2	
our_prayer_low_cello	data/beach boys/reductions/string_quartet/our_prayer_low_cello.musicxml	Violoncello	1	long_note_starts_on_beat	1	1	2	1/2	3/2	F#2	
our_prayer_low_cello	data/beach boys/reductions/string_quartet/our_prayer_low_cello.musicxml	Violoncello	1	long_note_starts_on_beat	3	1	4	1/2	7/2	B2	
our_prayer_low_cello	data/beach boys/reductions/string_quartet/our_prayer_low_cello.musicxml	Violoncello	1	rest_starts_on_beat_crosses_later_beat	4	1	5	1/2	9/2	rest	
our_prayer_low_cello	data/beach boys/reductions/string_quartet/our_prayer_low_cello.musicxml	Violoncello	2	long_note_starts_on_beat	0	1	1	1/2	1/2	G3	
our_prayer_low_cello	data/beach boys/reductions/string_quartet/our_prayer_low_cello.musicxml	Violoncello	2	long_note_starts_on_beat	2	1	3	1/2	5/2	B2	
our_prayer_low_cello	data/beach boys/reductions/string_quartet/our_prayer_low_cello.musicxml	Violoncello	2	rest_starts_on_beat_crosses_later_beat	3	1	4	1/2	7/2	rest	
our_prayer_low_cello	data/beach boys/reductions/string_quartet/our_prayer_low_cello.musicxml	Violoncello	5	long_note_starts_on_beat	0	1	1	1/2	1/2	E2	
our_prayer_low_cello	data/beach boys/reductions/string_quartet/our_prayer_low_cello.musicxml	Violoncello	5	long_note_starts_on_beat	1	1	2	1/2	3/2	F#2	
our_prayer_low_cello	data/beach boys/reductions/string_quartet/our_prayer_low_cello.musicxml	Violoncello	5	long_note_starts_on_beat	7/2	1	9/2	1/2	4	E2	
our_prayer_low_cello	data/beach boys/reductions/string_quartet/our_prayer_low_cello.musicxml	Violoncello	5	rest_starts_on_beat_crosses_later_beat	9/2	1	11/2	1/2	5	rest	
our_prayer_low_cello	data/beach boys/reductions/string_quartet/our_prayer_low_cello.musicxml	Violoncello	6	note_crosses_beat	15/4	3/4	9/2	1	4	E3	
our_prayer_low_cello	data/beach boys/reductions/string_quartet/our_prayer_low_cello.musicxml	Violoncello	6	rest_crosses_beat	9/2	1	11/2	1	5	rest	
our_prayer_low_cello	data/beach boys/reductions/string_quartet/our_prayer_low_cello.musicxml	Violoncello	9	long_note_starts_on_beat	0	1	1	1/2	1/2	B3	
our_prayer_low_cello	data/beach boys/reductions/string_quartet/our_prayer_low_cello.musicxml	Violoncello	10	long_note_starts_on_beat	1/2	3/4	5/4	1/2	1	C#3	
our_prayer_low_cello	data/beach boys/reductions/string_quartet/our_prayer_low_cello.musicxml	Violoncello	10	note_crosses_beat	5/4	1/2	7/4	1/2	3/2	B2	start
our_prayer_low_cello	data/beach boys/reductions/string_quartet/our_prayer_low_cello.musicxml	Violoncello	10	note_crosses_beat	7/4	3/4	5/2	1/2	2	B2	stop
our_prayer_low_cello	data/beach boys/reductions/string_quartet/our_prayer_low_cello.musicxml	Violoncello	10	rest_starts_on_beat_crosses_later_beat	5/2	1	7/2	1/2	3	rest	
our_prayer_low_cello	data/beach boys/reductions/string_quartet/our_prayer_low_cello.musicxml	Violoncello	11	long_note_starts_on_beat	2	2	4	1/2	5/2,3,7/2	B2	stop
our_prayer_low_cello	data/beach boys/reductions/string_quartet/our_prayer_low_cello.musicxml	Violoncello	11	rest_starts_on_beat_crosses_later_beat	4	1	5	1/2	9/2	rest	
our_prayer_low_cello	data/beach boys/reductions/string_quartet/our_prayer_low_cello.musicxml	Violoncello	12	long_note_starts_on_beat	0	2	2	1/2	1/2,1,3/2	B2	start
our_prayer_low_cello	data/beach boys/reductions/string_quartet/our_prayer_low_cello.musicxml	Violoncello	12	long_note_starts_on_beat	2	1	3	1/2	5/2	B2	stop
109_luci_serene_e_chiare	data/cpdl/5-voices/reductions/string_quartet/109_luci_serene_e_chiare.musicxml	Violin I	1	long_note_starts_on_beat	0	2	2	1	1	B-4	
109_luci_serene_e_chiare	data/cpdl/5-voices/reductions/string_quartet/109_luci_serene_e_chiare.musicxml	Violin I	2	long_note_starts_on_beat	2	2	4	1	3	E-5	start
109_luci_serene_e_chiare	data/cpdl/5-voices/reductions/string_quartet/109_luci_serene_e_chiare.musicxml	Violin I	5	note_crosses_beat	3/2	1	5/2	1	2	C5	
109_luci_serene_e_chiare	data/cpdl/5-voices/reductions/string_quartet/109_luci_serene_e_chiare.musicxml	Violin I	7	note_crosses_beat	1/2	1	3/2	1	1	B-4	
109_luci_serene_e_chiare	data/cpdl/5-voices/reductions/string_quartet/109_luci_serene_e_chiare.musicxml	Violin I	8	note_crosses_beat	1/2	1	3/2	1	1	F4	
109_luci_serene_e_chiare	data/cpdl/5-voices/reductions/string_quartet/109_luci_serene_e_chiare.musicxml	Violin I	9	note_crosses_beat	1/2	1	3/2	1	1	C5	
109_luci_serene_e_chiare	data/cpdl/5-voices/reductions/string_quartet/109_luci_serene_e_chiare.musicxml	Violin I	10	long_note_starts_on_beat	0	2	2	1	1	B-4	
109_luci_serene_e_chiare	data/cpdl/5-voices/reductions/string_quartet/109_luci_serene_e_chiare.musicxml	Violin I	11	long_note_starts_on_beat	2	2	4	1	3	E-5	start
109_luci_serene_e_chiare	data/cpdl/5-voices/reductions/string_quartet/109_luci_serene_e_chiare.musicxml	Violin I	14	note_crosses_beat	5/2	1	7/2	1	3	E-5	
109_luci_serene_e_chiare	data/cpdl/5-voices/reductions/string_quartet/109_luci_serene_e_chiare.musicxml	Violin I	15	note_crosses_beat	3/2	1	5/2	1	2	C5	
109_luci_serene_e_chiare	data/cpdl/5-voices/reductions/string_quartet/109_luci_serene_e_chiare.musicxml	Violin I	17	note_crosses_beat	5/2	1	7/2	1	3	A-4	
109_luci_serene_e_chiare	data/cpdl/5-voices/reductions/string_quartet/109_luci_serene_e_chiare.musicxml	Violin I	18	note_crosses_beat	1/2	1	3/2	1	1	E-5	
109_luci_serene_e_chiare	data/cpdl/5-voices/reductions/string_quartet/109_luci_serene_e_chiare.musicxml	Violin I	18	long_note_starts_on_beat	2	2	4	1	3	B-4	
109_luci_serene_e_chiare	data/cpdl/5-voices/reductions/string_quartet/109_luci_serene_e_chiare.musicxml	Violin I	21	rest_starts_on_beat_crosses_later_beat	0	2	2	1	1	rest	
109_luci_serene_e_chiare	data/cpdl/5-voices/reductions/string_quartet/109_luci_serene_e_chiare.musicxml	Violin I	22	note_crosses_beat	1/2	1	3/2	1	1	E-5	
109_luci_serene_e_chiare	data/cpdl/5-voices/reductions/string_quartet/109_luci_serene_e_chiare.musicxml	Violin I	24	long_note_starts_on_beat	1	2	3	1	2	C5	
109_luci_serene_e_chiare	data/cpdl/5-voices/reductions/string_quartet/109_luci_serene_e_chiare.musicxml	Violin I	25	long_note_starts_on_beat	0	2	2	1	1	C5	
109_luci_serene_e_chiare	data/cpdl/5-voices/reductions/string_quartet/109_luci_serene_e_chiare.musicxml	Violin I	26	long_note_starts_on_beat	1	2	3	1	2	E-5	
109_luci_serene_e_chiare	data/cpdl/5-voices/reductions/string_quartet/109_luci_serene_e_chiare.musicxml	Violin I	27	long_note_starts_on_beat	0	2	2	1	1	E-5	
109_luci_serene_e_chiare	data/cpdl/5-voices/reductions/string_quartet/109_luci_serene_e_chiare.musicxml	Violin I	27	long_note_starts_on_beat	2	2	4	1	3	D5	start
109_luci_serene_e_chiare	data/cpdl/5-voices/reductions/string_quartet/109_luci_serene_e_chiare.musicxml	Violin I	28	long_note_starts_on_beat	2	2	4	1	3	B-4	
109_luci_serene_e_chiare	data/cpdl/5-voices/reductions/string_quartet/109_luci_serene_e_chiare.musicxml	Violin I	29	long_note_starts_on_beat	0	2	2	1	1	G4	
109_luci_serene_e_chiare	data/cpdl/5-voices/reductions/string_quartet/109_luci_serene_e_chiare.musicxml	Violin I	29	rest_starts_on_beat_crosses_later_beat	2	2	4	1	3	rest	
109_luci_serene_e_chiare	data/cpdl/5-voices/reductions/string_quartet/109_luci_serene_e_chiare.musicxml	Violin I	30	note_crosses_beat	3/2	3/4	9/4	1	2	F5	
109_luci_serene_e_chiare	data/cpdl/5-voices/reductions/string_quartet/109_luci_serene_e_chiare.musicxml	Violin I	31	rest_starts_on_beat_crosses_later_beat	1	3	4	1	2,3	rest	
109_luci_serene_e_chiare	data/cpdl/5-voices/reductions/string_quartet/109_luci_serene_e_chiare.musicxml	Violin I	32	note_crosses_beat	5/2	1	7/2	1	3	E-5	
109_luci_serene_e_chiare	data/cpdl/5-voices/reductions/string_quartet/109_luci_serene_e_chiare.musicxml	Violin I	35	long_note_starts_on_beat	2	2	4	1	3	C5	
109_luci_serene_e_chiare	data/cpdl/5-voices/reductions/string_quartet/109_luci_serene_e_chiare.musicxml	Violin I	37	long_note_starts_on_beat	2	2	4	1	3	E-5	
109_luci_serene_e_chiare	data/cpdl/5-voices/reductions/string_quartet/109_luci_serene_e_chiare.musicxml	Violin I	38	long_note_starts_on_beat	1	2	3	1	2	E-6	
109_luci_serene_e_chiare	data/cpdl/5-voices/reductions/string_quartet/109_luci_serene_e_chiare.musicxml	Violin I	39	long_note_starts_on_beat	1	2	3	1	2	C5	
109_luci_serene_e_chiare	data/cpdl/5-voices/reductions/string_quartet/109_luci_serene_e_chiare.musicxml	Violin I	40	long_note_starts_on_beat	0	2	2	1	1	B-4	
109_luci_serene_e_chiare	data/cpdl/5-voices/reductions/string_quartet/109_luci_serene_e_chiare.musicxml	Violin I	40	long_note_starts_on_beat	2	2	4	1	3	G4	
109_luci_serene_e_chiare	data/cpdl/5-voices/reductions/string_quartet/109_luci_serene_e_chiare.musicxml	Violin I	41	long_note_starts_on_beat	1	2	3	1	2	F5	
109_luci_serene_e_chiare	data/cpdl/5-voices/reductions/string_quartet/109_luci_serene_e_chiare.musicxml	Violin I	42	long_note_starts_on_beat	0	2	2	1	1	C#5	
109_luci_serene_e_chiare	data/cpdl/5-voices/reductions/string_quartet/109_luci_serene_e_chiare.musicxml	Violin I	42	long_note_starts_on_beat	2	2	4	1	3	B-4	
109_luci_serene_e_chiare	data/cpdl/5-voices/reductions/string_quartet/109_luci_serene_e_chiare.musicxml	Violin I	43	long_note_starts_on_beat	0	4	4	1	1,2,3	B-4	start
109_luci_serene_e_chiare	data/cpdl/5-voices/reductions/string_quartet/109_luci_serene_e_chiare.musicxml	Violin I	44	long_note_starts_on_beat	0	2	2	1	1	B-4	stop
109_luci_serene_e_chiare	data/cpdl/5-voices/reductions/string_quartet/109_luci_serene_e_chiare.musicxml	Violin I	44	rest_starts_on_beat_crosses_later_beat	2	2	4	1	3	rest	
109_luci_serene_e_chiare	data/cpdl/5-voices/reductions/string_quartet/109_luci_serene_e_chiare.musicxml	Violin II	1	long_note_starts_on_beat	0	2	2	1	1	G4	
109_luci_serene_e_chiare	data/cpdl/5-voices/reductions/string_quartet/109_luci_serene_e_chiare.musicxml	Violin II	2	long_note_starts_on_beat	2	2	4	1	3	A-4	
109_luci_serene_e_chiare	data/cpdl/5-voices/reductions/string_quartet/109_luci_serene_e_chiare.musicxml	Violin II	7	rest_starts_on_beat_crosses_later_beat	0	3/2	3/2	1	1	rest	
109_luci_serene_e_chiare	data/cpdl/5-voices/reductions/string_quartet/109_luci_serene_e_chiare.musicxml	Violin II	7	note_crosses_beat	3/2	1	5/2	1	2	C4	
109_luci_serene_e_chiare	data/cpdl/5-voices/reductions/string_quartet/109_luci_serene_e_chiare.musicxml	Violin II	8	note_crosses_beat	1/2	1	3/2	1	1	A-4	
109_luci_serene_e_chiare	data/cpdl/5-voices/reductions/string_quartet/109_luci_serene_e_chiare.musicxml	Violin II	10	long_note_starts_on_beat	0	2	2	1	1	G4	
109_luci_serene_e_chiare	data/cpdl/5-voices/reductions/string_quartet/109_luci_serene_e_chiare.musicxml	Violin II	11	long_note_starts_on_beat	2	2	4	1	3	A-4	
109_luci_serene_e_chiare	data/cpdl/5-voices/reductions/string_quartet/109_luci_serene_e_chiare.musicxml	Violin II	17	long_note_starts_on_beat	1	2	3	1	2	E-4	
109_luci_serene_e_chiare	data/cpdl/5-voices/reductions/string_quartet/109_luci_serene_e_chiare.musicxml	Violin II	22	note_crosses_beat	1/2	1	3/2	1	1	B-4	
109_luci_serene_e_chiare	data/cpdl/5-voices/reductions/string_quartet/109_luci_serene_e_chiare.musicxml	Violin II	27	long_note_starts_on_beat	0	2	2	1	1	G4	
109_luci_serene_e_chiare	data/cpdl/5-voices/reductions/string_quartet/109_luci_serene_e_chiare.musicxml	Violin II	28	long_note_starts_on_beat	0	2	2	1	1	D4	
109_luci_serene_e_chiare	data/cpdl/5-voices/reductions/string_quartet/109_luci_serene_e_chiare.musicxml	Violin II	29	rest_starts_on_beat_crosses_later_beat	2	2	4	1	3	rest	
109_luci_serene_e_chiare	data/cpdl/5-voices/reductions/string_quartet/109_luci_serene_e_chiare.musicxml	Violin II	30	note_crosses_beat	3/2	3/4	9/4	1	2	A-4	
109_luci_serene_e_chiare	data/cpdl/5-voices/reductions/string_quartet/109_luci_serene_e_chiare.musicxml	Violin II	32	note_crosses_beat	5/2	1	7/2	1	3	B-4	
109_luci_serene_e_chiare	data/cpdl/5-voices/reductions/string_quartet/109_luci_serene_e_chiare.musicxml	Violin II	36	long_note_starts_on_beat	1	2	3	1	2	G4	
109_luci_serene_e_chiare	data/cpdl/5-voices/reductions/string_quartet/109_luci_serene_e_chiare.musicxml	Violin II	39	long_note_starts_on_beat	2	2	4	1	3	E-4	
109_luci_serene_e_chiare	data/cpdl/5-voices/reductions/string_quartet/109_luci_serene_e_chiare.musicxml	Violin II	40	long_note_starts_on_beat	1	2	3	1	2	E-5	
109_luci_serene_e_chiare	data/cpdl/5-voices/reductions/string_quartet/109_luci_serene_e_chiare.musicxml	Violin II	41	long_note_starts_on_beat	2	2	4	1	3	C#4	
109_luci_serene_e_chiare	data/cpdl/5-voices/reductions/string_quartet/109_luci_serene_e_chiare.musicxml	Violin II	42	long_note_starts_on_beat	0	2	2	1	1	G-4	
109_luci_serene_e_chiare	data/cpdl/5-voices/reductions/string_quartet/109_luci_serene_e_chiare.musicxml	Violin II	43	long_note_starts_on_beat	0	2	2	1	1	E-4	
109_luci_serene_e_chiare	data/cpdl/5-voices/reductions/string_quartet/109_luci_serene_e_chiare.musicxml	Violin II	43	long_note_starts_on_beat	2	2	4	1	3	G3	start
109_luci_serene_e_chiare	data/cpdl/5-voices/reductions/string_quartet/109_luci_serene_e_chiare.musicxml	Violin II	44	long_note_starts_on_beat	0	2	2	1	1	G3	stop
109_luci_serene_e_chiare	data/cpdl/5-voices/reductions/string_quartet/109_luci_serene_e_chiare.musicxml	Violin II	44	rest_starts_on_beat_crosses_later_beat	2	2	4	1	3	rest	
109_luci_serene_e_chiare	data/cpdl/5-voices/reductions/string_quartet/109_luci_serene_e_chiare.musicxml	Viola	1	long_note_starts_on_beat	0	2	2	1	1	E-4	
109_luci_serene_e_chiare	data/cpdl/5-voices/reductions/string_quartet/109_luci_serene_e_chiare.musicxml	Viola	2	long_note_starts_on_beat	2	2	4	1	3	C4	start
109_luci_serene_e_chiare	data/cpdl/5-voices/reductions/string_quartet/109_luci_serene_e_chiare.musicxml	Viola	5	note_crosses_beat	5/2	1	7/2	1	3	C4	
109_luci_serene_e_chiare	data/cpdl/5-voices/reductions/string_quartet/109_luci_serene_e_chiare.musicxml	Viola	7	note_crosses_beat	5/2	1	7/2	1	3	F4	
109_luci_serene_e_chiare	data/cpdl/5-voices/reductions/string_quartet/109_luci_serene_e_chiare.musicxml	Viola	10	long_note_starts_on_beat	0	2	2	1	1	B-3	
109_luci_serene_e_chiare	data/cpdl/5-voices/reductions/string_quartet/109_luci_serene_e_chiare.musicxml	Viola	11	long_note_starts_on_beat	2	2	4	1	3	C4	start
109_luci_serene_e_chiare	data/cpdl/5-voices/reductions/string_quartet/109_luci_serene_e_chiare.musicxml	Viola	15	long_note_starts_on_beat	2	3/2	7/2	1	3	E-4	
109_luci_serene_e_chiare	data/cpdl/5-voices/reductions/string_quartet/109_luci_serene_e_chiare.musicxml	Viola	18	note_crosses_beat	3/2	1	5/2	1	2	A-3	
109_luci_serene_e_chiare	data/cpdl/5-voices/reductions/string_quartet/109_luci_serene_e_chiare.musicxml	Viola	22	note_crosses_beat	1/2	1	3/2	1	1	G4	
109_luci_serene_e_chiare	data/cpdl/5-voices/reductions/string_quartet/109_luci_serene_e_chiare.musicxml	Viola	23	long_note_starts_on_beat	0	3/2	3/2	1	1	B-4	
109_luci_serene_e_chiare	data/cpdl/5-voices/reductions/string_quartet/109_luci_serene_e_chiare.musicxml	Viola	24	long_note_starts_on_beat	1	2	3	1	2	A-4	
109_luci_serene_e_chiare	data/cpdl/5-voices/reductions/string_quartet/109_luci_serene_e_chiare.musicxml	Viola	26	long_note_starts_on_beat	2	2	4	1	3	F4	
109_luci_serene_e_chiare	data/cpdl/5-voices/reductions/string_quartet/109_luci_serene_e_chiare.musicxml	Viola	28	long_note_starts_on_beat	1	2	3	1	2	G4	
109_luci_serene_e_chiare	data/cpdl/5-voices/reductions/string_quartet/109_luci_serene_e_chiare.musicxml	Viola	29	rest_starts_on_beat_crosses_later_beat	2	2	4	1	3	rest	
109_luci_serene_e_chiare	data/cpdl/5-voices/reductions/string_quartet/109_luci_serene_e_chiare.musicxml	Viola	30	note_crosses_beat	3/2	3/4	9/4	1	2	C4	
109_luci_serene_e_chiare	data/cpdl/5-voices/reductions/string_quartet/109_luci_serene_e_chiare.musicxml	Viola	32	note_crosses_beat	5/2	1	7/2	1	3	G4	
109_luci_serene_e_chiare	data/cpdl/5-voices/reductions/string_quartet/109_luci_serene_e_chiare.musicxml	Viola	33	long_note_starts_on_beat	2	3/2	7/2	1	3	B-4	
109_luci_serene_e_chiare	data/cpdl/5-voices/reductions/string_quartet/109_luci_serene_e_chiare.musicxml	Viola	37	long_note_starts_on_beat	0	2	2	1	1	F4	
109_luci_serene_e_chiare	data/cpdl/5-voices/reductions/string_quartet/109_luci_serene_e_chiare.musicxml	Viola	38	long_note_starts_on_beat	1	2	3	1	2	E-4	
109_luci_serene_e_chiare	data/cpdl/5-voices/reductions/string_quartet/109_luci_serene_e_chiare.musicxml	Viola	39	long_note_starts_on_beat	0	2	2	1	1	A-3	
109_luci_serene_e_chiare	data/cpdl/5-voices/reductions/string_quartet/109_luci_serene_e_chiare.musicxml	Viola	40	long_note_starts_on_beat	2	2	4	1	3	E-4	
109_luci_serene_e_chiare	data/cpdl/5-voices/reductions/string_quartet/109_luci_serene_e_chiare.musicxml	Viola	41	long_note_starts_on_beat	0	2	2	1	1	F4	
109_luci_serene_e_chiare	data/cpdl/5-voices/reductions/string_quartet/109_luci_serene_e_chiare.musicxml	Viola	43	long_note_starts_on_beat	0	2	2	1	1	F#4	
109_luci_serene_e_chiare	data/cpdl/5-voices/reductions/string_quartet/109_luci_serene_e_chiare.musicxml	Viola	43	long_note_starts_on_beat	2	2	4	1	3	E-4	start
109_luci_serene_e_chiare	data/cpdl/5-voices/reductions/string_quartet/109_luci_serene_e_chiare.musicxml	Viola	44	long_note_starts_on_beat	0	2	2	1	1	E-4	stop
109_luci_serene_e_chiare	data/cpdl/5-voices/reductions/string_quartet/109_luci_serene_e_chiare.musicxml	Viola	44	rest_starts_on_beat_crosses_later_beat	2	2	4	1	3	rest	
109_luci_serene_e_chiare	data/cpdl/5-voices/reductions/string_quartet/109_luci_serene_e_chiare.musicxml	Violoncello	1	long_note_starts_on_beat	0	2	2	1	1	E-3	
109_luci_serene_e_chiare	data/cpdl/5-voices/reductions/string_quartet/109_luci_serene_e_chiare.musicxml	Violoncello	2	long_note_starts_on_beat	2	2	4	1	3	A-2	
109_luci_serene_e_chiare	data/cpdl/5-voices/reductions/string_quartet/109_luci_serene_e_chiare.musicxml	Violoncello	3	long_note_starts_on_beat	0	2	2	1	1	A-2	
109_luci_serene_e_chiare	data/cpdl/5-voices/reductions/string_quartet/109_luci_serene_e_chiare.musicxml	Violoncello	8	note_crosses_beat	1/2	1	3/2	1	1	A-3	
109_luci_serene_e_chiare	data/cpdl/5-voices/reductions/string_quartet/109_luci_serene_e_chiare.musicxml	Violoncello	8	note_crosses_beat	5/2	1	7/2	1	3	B-3	
109_luci_serene_e_chiare	data/cpdl/5-voices/reductions/string_quartet/109_luci_serene_e_chiare.musicxml	Violoncello	10	long_note_starts_on_beat	0	2	2	1	1	E-3	
109_luci_serene_e_chiare	data/cpdl/5-voices/reductions/string_quartet/109_luci_serene_e_chiare.musicxml	Violoncello	11	long_note_starts_on_beat	2	2	4	1	3	A-2	
109_luci_serene_e_chiare	data/cpdl/5-voices/reductions/string_quartet/109_luci_serene_e_chiare.musicxml	Violoncello	12	long_note_starts_on_beat	0	2	2	1	1	A-2	
109_luci_serene_e_chiare	data/cpdl/5-voices/reductions/string_quartet/109_luci_serene_e_chiare.musicxml	Violoncello	12	rest_starts_on_beat_crosses_later_beat	2	3/2	7/2	1	3	rest	
109_luci_serene_e_chiare	data/cpdl/5-voices/reductions/string_quartet/109_luci_serene_e_chiare.musicxml	Violoncello	13	note_crosses_beat	5/2	1	7/2	1	3	B-3	
109_luci_serene_e_chiare	data/cpdl/5-voices/reductions/string_quartet/109_luci_serene_e_chiare.musicxml	Violoncello	17	long_note_starts_on_beat	0	3/2	3/2	1	1	A-3	
109_luci_serene_e_chiare	data/cpdl/5-voices/reductions/string_quartet/109_luci_serene_e_chiare.musicxml	Violoncello	18	long_note_starts_on_beat	2	2	4	1	3	B-2	
109_luci_serene_e_chiare	data/cpdl/5-voices/reductions/string_quartet/109_luci_serene_e_chiare.musicxml	Violoncello	22	rest_starts_on_beat_crosses_later_beat	0	3/2	3/2	1	1	rest	
109_luci_serene_e_chiare	data/cpdl/5-voices/reductions/string_quartet/109_luci_serene_e_chiare.musicxml	Violoncello	26	long_note_starts_on_beat	2	2	4	1	3	B-3	
109_luci_serene_e_chiare	data/cpdl/5-voices/reductions/string_quartet/109_luci_serene_e_chiare.musicxml	Violoncello	27	long_note_starts_on_beat	1	2	3	1	2	C3	
109_luci_serene_e_chiare	data/cpdl/5-voices/reductions/string_quartet/109_luci_serene_e_chiare.musicxml	Violoncello	28	long_note_starts_on_beat	0	2	2	1	1	B-2	
109_luci_serene_e_chiare	data/cpdl/5-voices/reductions/string_quartet/109_luci_serene_e_chiare.musicxml	Violoncello	28	long_note_starts_on_beat	2	2	4	1	3	G2	start
109_luci_serene_e_chiare	data/cpdl/5-voices/reductions/string_quartet/109_luci_serene_e_chiare.musicxml	Violoncello	29	long_note_starts_on_beat	0	2	2	1	1	G2	stop
109_luci_serene_e_chiare	data/cpdl/5-voices/reductions/string_quartet/109_luci_serene_e_chiare.musicxml	Violoncello	29	rest_starts_on_beat_crosses_later_beat	2	2	4	1	3	rest	
109_luci_serene_e_chiare	data/cpdl/5-voices/reductions/string_quartet/109_luci_serene_e_chiare.musicxml	Violoncello	30	note_crosses_beat	3/2	3/4	9/4	1	2	F3	
109_luci_serene_e_chiare	data/cpdl/5-voices/reductions/string_quartet/109_luci_serene_e_chiare.musicxml	Violoncello	32	rest_starts_on_beat_crosses_later_beat	2	3/2	7/2	1	3	rest	
109_luci_serene_e_chiare	data/cpdl/5-voices/reductions/string_quartet/109_luci_serene_e_chiare.musicxml	Violoncello	37	long_note_starts_on_beat	0	2	2	1	1	B-3	
109_luci_serene_e_chiare	data/cpdl/5-voices/reductions/string_quartet/109_luci_serene_e_chiare.musicxml	Violoncello	38	long_note_starts_on_beat	1	2	3	1	2	C4	
109_luci_serene_e_chiare	data/cpdl/5-voices/reductions/string_quartet/109_luci_serene_e_chiare.musicxml	Violoncello	39	long_note_starts_on_beat	1	2	3	1	2	A-3	
109_luci_serene_e_chiare	data/cpdl/5-voices/reductions/string_quartet/109_luci_serene_e_chiare.musicxml	Violoncello	40	long_note_starts_on_beat	0	2	2	1	1	G3	
109_luci_serene_e_chiare	data/cpdl/5-voices/reductions/string_quartet/109_luci_serene_e_chiare.musicxml	Violoncello	41	long_note_starts_on_beat	2	2	4	1	3	B-3	start
109_luci_serene_e_chiare	data/cpdl/5-voices/reductions/string_quartet/109_luci_serene_e_chiare.musicxml	Violoncello	42	long_note_starts_on_beat	0	2	2	1	1	B-3	stop
109_luci_serene_e_chiare	data/cpdl/5-voices/reductions/string_quartet/109_luci_serene_e_chiare.musicxml	Violoncello	42	long_note_starts_on_beat	2	2	4	1	3	E-3	
109_luci_serene_e_chiare	data/cpdl/5-voices/reductions/string_quartet/109_luci_serene_e_chiare.musicxml	Violoncello	43	long_note_starts_on_beat	0	4	4	1	1,2,3	E-3	start
109_luci_serene_e_chiare	data/cpdl/5-voices/reductions/string_quartet/109_luci_serene_e_chiare.musicxml	Violoncello	44	long_note_starts_on_beat	0	2	2	1	1	E-3	stop
109_luci_serene_e_chiare	data/cpdl/5-voices/reductions/string_quartet/109_luci_serene_e_chiare.musicxml	Violoncello	44	rest_starts_on_beat_crosses_later_beat	2	2	4	1	3	rest	
092_dolcissima_mia_vita	data/cpdl/5-voices/reductions/string_quartet/092_dolcissima_mia_vita.musicxml	Violin I	1	long_note_starts_on_beat	0	4	4	2	2	D5	
092_dolcissima_mia_vita	data/cpdl/5-voices/reductions/string_quartet/092_dolcissima_mia_vita.musicxml	Violin I	1	long_note_starts_on_beat	4	3	7	2	6	E-5	
092_dolcissima_mia_vita	data/cpdl/5-voices/reductions/string_quartet/092_dolcissima_mia_vita.musicxml	Violin I	2	long_note_starts_on_beat	0	2	2	1	1	B4	
092_dolcissima_mia_vita	data/cpdl/5-voices/reductions/string_quartet/092_dolcissima_mia_vita.musicxml	Violin I	2	long_note_starts_on_beat	2	2	4	1	3	C5	
092_dolcissima_mia_vita	data/cpdl/5-voices/reductions/string_quartet/092_dolcissima_mia_vita.musicxml	Violin I	2	long_note_starts_on_beat	4	4	8	1	5,6,7	G4	
092_dolcissima_mia_vita	data/cpdl/5-voices/reductions/string_quartet/092_dolcissima_mia_vita.musicxml	Violin I	3	long_note_starts_on_beat	0	4	4	1	1,2,3	A4	
092_dolcissima_mia_vita	data/cpdl/5-voices/reductions/string_quartet/092_dolcissima_mia_vita.musicxml	Violin I	3	rest_starts_on_beat_crosses_later_beat	4	2	6	1	5	rest	
092_dolcissima_mia_vita	data/cpdl/5-voices/reductions/string_quartet/092_dolcissima_mia_vita.musicxml	Violin I	3	long_note_starts_on_beat	6	2	8	1	7	B-4	
092_dolcissima_mia_vita	data/cpdl/5-voices/reductions/string_quartet/092_dolcissima_mia_vita.musicxml	Violin I	4	long_note_starts_on_beat	0	4	4	1	1,2,3	D5	
092_dolcissima_mia_vita	data/cpdl/5-voices/reductions/string_quartet/092_dolcissima_mia_vita.musicxml	Violin I	4	long_note_starts_on_beat	4	4	8	1	5,6,7	E5	
092_dolcissima_mia_vita	data/cpdl/5-voices/reductions/string_quartet/092_dolcissima_mia_vita.musicxml	Violin I	5	long_note_starts_on_beat	3	2	5	1	4	B-5	
092_dolcissima_mia_vita	data/cpdl/5-voices/reductions/string_quartet/092_dolcissima_mia_vita.musicxml	Violin I	5	long_note_starts_on_beat	6	2	8	1	7	A4	start
092_dolcissima_mia_vita	data/cpdl/5-voices/reductions/string_quartet/092_dolcissima_mia_vita.musicxml	Violin I	7	long_note_starts_on_beat	0	4	4	1	1,2,3	C6	stop
092_dolcissima_mia_vita	data/cpdl/5-voices/reductions/string_quartet/092_dolcissima_mia_vita.musicxml	Violin I	7	rest_starts_on_beat_crosses_later_beat	4	2	6	1	5	rest	
092_dolcissima_mia_vita	data/cpdl/5-voices/reductions/string_quartet/092_dolcissima_mia_vita.musicxml	Violin I	7	long_note_starts_on_beat	6	2	8	1	7	E5	
092_dolcissima_mia_vita	data/cpdl/5-voices/reductions/string_quartet/092_dolcissima_mia_vita.musicxml	Violin I	8	rest_starts_on_beat_crosses_later_beat	0	2	2	1	1	rest	
092_dolcissima_mia_vita	data/cpdl/5-voices/reductions/string_quartet/092_dolcissima_mia_vita.musicxml	Violin I	8	long_note_starts_on_beat	4	3	7	1	5,6	D-5	
092_dolcissima_mia_vita	data/cpdl/5-voices/reductions/string_quartet/092_dolcissima_mia_vita.musicxml	Violin I	9	long_note_starts_on_beat	0	2	2	1	1	B-4	
092_dolcissima_mia_vita	data/cpdl/5-voices/reductions/string_quartet/092_dolcissima_mia_vita.musicxml	Violin I	9	long_note_starts_on_beat	2	2	4	1	3	B-4	
092_dolcissima_mia_vita	data/cpdl/5-voices/reductions/string_quartet/092_dolcissima_mia_vita.musicxml	Violin I	9	rest_starts_on_beat_crosses_later_beat	4	2	6	1	5	rest	
092_dolcissima_mia_vita	data/cpdl/5-voices/reductions/string_quartet/092_dolcissima_mia_vita.musicxml	Violin I	9	long_note_starts_on_beat	6	2	8	1	7	C#5	
092_dolcissima_mia_vita	data/cpdl/5-voices/reductions/string_quartet/092_dolcissima_mia_vita.musicxml	Violin I	10	long_note_starts_on_beat	0	4	4	1	1,2,3	E5	
092_dolcissima_mia_vita	data/cpdl/5-voices/reductions/string_quartet/092_dolcissima_mia_vita.musicxml	Violin I	10	long_note_starts_on_beat	4	4	8	1	5,6,7	C#5	
092_dolcissima_mia_vita	data/cpdl/5-voices/reductions/string_quartet/092_dolcissima_mia_vita.musicxml	Violin I	11	rest_starts_on_beat_crosses_later_beat	0	2	2	1	1	rest	
092_dolcissima_mia_vita	data/cpdl/5-voices/reductions/string_quartet/092_dolcissima_mia_vita.musicxml	Violin I	11	long_note_starts_on_beat	2	2	4	1	3	C#5	
092_dolcissima_mia_vita	data/cpdl/5-voices/reductions/string_quartet/092_dolcissima_mia_vita.musicxml	Violin I	11	long_note_starts_on_beat	4	3	7	1	5,6	D5	
092_dolcissima_mia_vita	data/cpdl/5-voices/reductions/string_quartet/092_dolcissima_mia_vita.musicxml	Violin I	12	long_note_starts_on_beat	0	2	2	1	1	A4	
092_dolcissima_mia_vita	data/cpdl/5-voices/reductions/string_quartet/092_dolcissima_mia_vita.musicxml	Violin I	12	long_note_starts_on_beat	2	2	4	1	3	A4	
092_dolcissima_mia_vita	data/cpdl/5-voices/reductions/string_quartet/092_dolcissima_mia_vita.musicxml	Violin I	14	rest_starts_on_beat_crosses_later_beat	1	2	3	1	2	rest	
092_dolcissima_mia_vita	data/cpdl/5-voices/reductions/string_quartet/092_dolcissima_mia_vita.musicxml	Violin I	14	long_note_starts_on_beat	3	2	5	1	4	B-4	
092_dolcissima_mia_vita	data/cpdl/5-voices/reductions/string_quartet/092_dolcissima_mia_vita.musicxml	Violin I	15	long_note_starts_on_beat	0	2	2	1	1	D5	
092_dolcissima_mia_vita	data/cpdl/5-voices/reductions/string_quartet/092_dolcissima_mia_vita.musicxml	Violin I	15	long_note_starts_on_beat	2	2	4	1	3	D5	
092_dolcissima_mia_vita	data/cpdl/5-voices/reductions/string_quartet/092_dolcissima_mia_vita.musicxml	Violin I	16	long_note_starts_on_beat	2	3/2	7/2	1	3	G5	
092_dolcissima_mia_vita	data/cpdl/5-voices/reductions/string_quartet/092_dolcissima_mia_vita.musicxml	Violin I	16	long_note_starts_on_beat	6	2	8	1	7	D5	start
092_dolcissima_mia_vita	data/cpdl/5-voices/reductions/string_quartet/092_dolcissima_mia_vita.musicxml	Violin I	17	long_note_starts_on_beat	2	3	5	1	3,4	D5	
092_dolcissima_mia_vita	data/cpdl/5-voices/reductions/string_quartet/092_dolcissima_mia_vita.musicxml	Violin I	17	long_note_starts_on_beat	6	2	8	1	7	D5	
092_dolcissima_mia_vita	data/cpdl/5-voices/reductions/string_quartet/092_dolcissima_mia_vita.musicxml	Violin I	18	long_note_starts_on_beat	0	4	4	1	1,2,3	C#5	
092_dolcissima_mia_vita	data/cpdl/5-voices/reductions/string_quartet/092_dolcissima_mia_vita.musicxml	Violin I	18	rest_starts_on_beat_crosses_later_beat	4	2	6	1	5	rest	
092_dolcissima_mia_vita	data/cpdl/5-voices/reductions/string_quartet/092_dolcissima_mia_vita.musicxml	Violin I	18	long_note_starts_on_beat	6	2	8	1	7	F5	
092_dolcissima_mia_vita	data/cpdl/5-voices/reductions/string_quartet/092_dolcissima_mia_vita.musicxml	Violin I	19	long_note_starts_on_beat	0	2	2	1	1	A5	
092_dolcissima_mia_vita	data/cpdl/5-voices/reductions/string_quartet/092_dolcissima_mia_vita.musicxml	Violin I	19	long_note_starts_on_beat	2	2	4	1	3	G4	
092_dolcissima_mia_vita	data/cpdl/5-voices/reductions/string_quartet/092_dolcissima_mia_vita.musicxml	Violin I	20	long_note_starts_on_beat	0	2	2	1	1	F5	
092_dolcissima_mia_vita	data/cpdl/5-voices/reductions/string_quartet/092_dolcissima_mia_vita.musicxml	Violin I	20	long_note_starts_on_beat	2	2	4	1	3	F5	
092_dolcissima_mia_vita	data/cpdl/5-voices/reductions/string_quartet/092_dolcissima_mia_vita.musicxml	Violin I	20	rest_starts_on_beat_crosses_later_beat	4	2	6	1	5	rest	
092_dolcissima_mia_vita	data/cpdl/5-voices/reductions/string_quartet/092_dolcissima_mia_vita.musicxml	Violin I	20	long_note_starts_on_beat	6	2	8	1	7	G5	
092_dolcissima_mia_vita	data/cpdl/5-voices/reductions/string_quartet/092_dolcissima_mia_vita.musicxml	Violin I	21	rest_starts_on_beat_crosses_later_beat	0	2	2	1	1	rest	
092_dolcissima_mia_vita	data/cpdl/5-voices/reductions/string_quartet/092_dolcissima_mia_vita.musicxml	Violin I	21	long_note_starts_on_beat	4	2	6	1	5	A4	
092_dolcissima_mia_vita	data/cpdl/5-voices/reductions/string_quartet/092_dolcissima_mia_vita.musicxml	Violin I	22	long_note_starts_on_beat	5	2	7	1	6	G5	
092_dolcissima_mia_vita	data/cpdl/5-voices/reductions/string_quartet/092_dolcissima_mia_vita.musicxml	Violin I	23	long_note_starts_on_beat	3	2	5	1	4	C5	
092_dolcissima_mia_vita	data/cpdl/5-voices/reductions/string_quartet/092_dolcissima_mia_vita.musicxml	Violin I	23	long_note_starts_on_beat	6	2	8	1	7	C5	
092_dolcissima_mia_vita	data/cpdl/5-voices/reductions/string_quartet/092_dolcissima_mia_vita.musicxml	Violin I	24	rest_starts_on_beat_crosses_later_beat	0	2	2	1	1	rest	
092_dolcissima_mia_vita	data/cpdl/5-voices/reductions/string_quartet/092_dolcissima_mia_vita.musicxml	Violin I	24	long_note_starts_on_beat	2	4	6	1	3,4,5	G5	
092_dolcissima_mia_vita	data/cpdl/5-voices/reductions/string_quartet/092_dolcissima_mia_vita.musicxml	Violin I	25	long_note_starts_on_beat	0	2	2	1	1	B4	
092_dolcissima_mia_vita	data/cpdl/5-voices/reductions/string_quartet/092_dolcissima_mia_vita.musicxml	Violin I	25	long_note_starts_on_beat	2	2	4	1	3	B4	
092_dolcissima_mia_vita	data/cpdl/5-voices/reductions/string_quartet/092_dolcissima_mia_vita.musicxml	Violin I	25	rest_starts_on_beat_crosses_later_beat	4	2	6	1	5	rest	
092_dolcissima_mia_vita	data/cpdl/5-voices/reductions/string_quartet/092_dolcissima_mia_vita.musicxml	Violin I	25	long_note_starts_on_beat	6	2	8	1	7	G5	start
092_dolcissima_mia_vita	data/cpdl/5-voices/reductions/string_quartet/092_dolcissima_mia_vita.musicxml	Violin I	26	long_note_starts_on_beat	0	2	2	1	1	G5	stop
092_dolcissima_mia_vita	data/cpdl/5-voices/reductions/string_quartet/092_dolcissima_mia_vita.musicxml	Violin I	26	long_note_starts_on_beat	4	3	7	1	5,6	B4	
092_dolcissima_mia_vita	data/cpdl/5-voices/reductions/string_quartet/092_dolcissima_mia_vita.musicxml	Violin I	27	long_note_starts_on_beat	2	4	6	1	3,4,5	B-4	
092_dolcissima_mia_vita	data/cpdl/5-voices/reductions/string_quartet/092_dolcissima_mia_vita.musicxml	Violin I	27	long_note_starts_on_beat	6	2	8	1	7	A4	
092_dolcissima_mia_vita	data/cpdl/5-voices/reductions/string_quartet/092_dolcissima_mia_vita.musicxml	Violin I	28	long_note_starts_on_beat	0	2	2	1	1	C5	
092_dolcissima_mia_vita	data/cpdl/5-voices/reductions/string_quartet/092_dolcissima_mia_vita.musicxml	Violin I	28	long_note_starts_on_beat	6	2	8	1	7	D#5	
092_dolcissima_mia_vita	data/cpdl/5-voices/reductions/string_quartet/092_dolcissima_mia_vita.musicxml	Violin I	29	long_note_starts_on_beat	0	2	2	1	1	D5	
092_dolcissima_mia_vita	data/cpdl/5-voices/reductions/string_quartet/092_dolcissima_mia_vita.musicxml	Violin I	29	long_note_starts_on_beat	6	2	8	1	7	C5	
092_dolcissima_mia_vita	data/cpdl/5-voices/reductions/string_quartet/092_dolcissima_mia_vita.musicxml	Violin I	30	long_note_starts_on_beat	1	2	3	1	2	D5	
092_dolcissima_mia_vita	data/cpdl/5-voices/reductions/string_quartet/092_dolcissima_mia_vita.musicxml	Violin I	30	long_note_starts_on_beat	4	2	6	1	5	E5	
092_dolcissima_mia_vita	data/cpdl/5-voices/reductions/string_quartet/092_dolcissima_mia_vita.musicxml	Violin I	30	long_note_starts_on_beat	6	2	8	1	7	F#5	
092_dolcissima_mia_vita	data/cpdl/5-voices/reductions/string_quartet/092_dolcissima_mia_vita.musicxml	Violin I	31	long_note_starts_on_beat	0	4	4	1	1,2,3	B-4	
092_dolcissima_mia_vita	data/cpdl/5-voices/reductions/string_quartet/092_dolcissima_mia_vita.musicxml	Violin I	31	long_note_starts_on_beat	5	2	7	1	6	F5	
092_dolcissima_mia_vita	data/cpdl/5-voices/reductions/string_quartet/092_dolcissima_mia_vita.musicxml	Violin I	32	long_note_starts_on_beat	0	2	2	1	1	C5	
092_dolcissima_mia_vita	data/cpdl/5-voices/reductions/string_quartet/092_dolcissima_mia_vita.musicxml	Violin I	32	long_note_starts_on_beat	2	2	4	1	3	C5	
092_dolcissima_mia_vita	data/cpdl/5-voices/reductions/string_quartet/092_dolcissima_mia_vita.musicxml	Violin I	32	long_note_starts_on_beat	4	3	7	1	5,6	G5	
092_dolcissima_mia_vita	data/cpdl/5-voices/reductions/string_quartet/092_dolcissima_mia_vita.musicxml	Violin I	33	long_note_starts_on_beat	0	6	6	1	1,2,3,4,5	E-5	
092_dolcissima_mia_vita	data/cpdl/5-voices/reductions/string_quartet/092_dolcissima_mia_vita.musicxml	Violin I	33	long_note_starts_on_beat	6	2	8	1	7	D5	
092_dolcissima_mia_vita	data/cpdl/5-voices/reductions/string_quartet/092_dolcissima_mia_vita.musicxml	Violin II	1	long_note_starts_on_beat	0	4	4	2	2	F4	
092_dolcissima_mia_vita	data/cpdl/5-voices/reductions/string_quartet/092_dolcissima_mia_vita.musicxml	Violin II	1	long_note_starts_on_beat	4	3	7	2	6	B-3	
092_dolcissima_mia_vita	data/cpdl/5-voices/reductions/string_quartet/092_dolcissima_mia_vita.musicxml	Violin II	2	long_note_starts_on_beat	0	2	2	1	1	G4	
092_dolcissima_mia_vita	data/cpdl/5-voices/reductions/string_quartet/092_dolcissima_mia_vita.musicxml	Violin II	2	long_note_starts_on_beat	2	2	4	1	3	E-4	
092_dolcissima_mia_vita	data/cpdl/5-voices/reductions/string_quartet/092_dolcissima_mia_vita.musicxml	Violin II	2	long_note_starts_on_beat	4	4	8	1	5,6,7	C4	
092_dolcissima_mia_vita	data/cpdl/5-voices/reductions/string_quartet/092_dolcissima_mia_vita.musicxml	Violin II	3	long_note_starts_on_beat	0	2	2	1	1	D4	
092_dolcissima_mia_vita	data/cpdl/5-voices/reductions/string_quartet/092_dolcissima_mia_vita.musicxml	Violin II	3	long_note_starts_on_beat	2	2	4	1	3	D4	
092_dolcissima_mia_vita	data/cpdl/5-voices/reductions/string_quartet/092_dolcissima_mia_vita.musicxml	Violin II	3	rest_starts_on_beat_crosses_later_beat	4	2	6	1	5	rest	
092_dolcissima_mia_vita	data/cpdl/5-voices/reductions/string_quartet/092_dolcissima_mia_vita.musicxml	Violin II	3	long_note_starts_on_beat	6	2	8	1	7	D4	
092_dolcissima_mia_vita	data/cpdl/5-voices/reductions/string_quartet/092_dolcissima_mia_vita.musicxml	Violin II	4	long_note_starts_on_beat	2	2	4	1	3	D4	
092_dolcissima_mia_vita	data/cpdl/5-voices/reductions/string_quartet/092_dolcissima_mia_vita.musicxml	Violin II	4	long_note_starts_on_beat	4	2	6	1	5	A4	
092_dolcissima_mia_vita	data/cpdl/5-voices/reductions/string_quartet/092_dolcissima_mia_vita.musicxml	Violin II	4	long_note_starts_on_beat	6	2	8	1	7	A4	
092_dolcissima_mia_vita	data/cpdl/5-voices/reductions/string_quartet/092_dolcissima_mia_vita.musicxml	Violin II	5	long_note_starts_on_beat	1	2	3	1	2	E-4	
092_dolcissima_mia_vita	data/cpdl/5-voices/reductions/string_quartet/092_dolcissima_mia_vita.musicxml	Violin II	5	long_note_starts_on_beat	4	2	6	1	5	D4	
092_dolcissima_mia_vita	data/cpdl/5-voices/reductions/string_quartet/092_dolcissima_mia_vita.musicxml	Violin II	6	long_note_starts_on_beat	2	3	5	2	4	E4	
092_dolcissima_mia_vita	data/cpdl/5-voices/reductions/string_quartet/092_dolcissima_mia_vita.musicxml	Violin II	7	long_note_starts_on_beat	0	4	4	1	1,2,3	C4	
092_dolcissima_mia_vita	data/cpdl/5-voices/reductions/string_quartet/092_dolcissima_mia_vita.musicxml	Violin II	7	rest_starts_on_beat_crosses_later_beat	4	2	6	1	5	rest	
092_dolcissima_mia_vita	data/cpdl/5-voices/reductions/string_quartet/092_dolcissima_mia_vita.musicxml	Violin II	7	long_note_starts_on_beat	6	2	8	1	7	B3	
092_dolcissima_mia_vita	data/cpdl/5-voices/reductions/string_quartet/092_dolcissima_mia_vita.musicxml	Violin II	8	rest_starts_on_beat_crosses_later_beat	0	2	2	1	1	rest	
092_dolcissima_mia_vita	data/cpdl/5-voices/reductions/string_quartet/092_dolcissima_mia_vita.musicxml	Violin II	8	long_note_starts_on_beat	4	2	6	1	5	F#4	
092_dolcissima_mia_vita	data/cpdl/5-voices/reductions/string_quartet/092_dolcissima_mia_vita.musicxml	Violin II	8	long_note_starts_on_beat	6	2	8	1	7	F#4	
092_dolcissima_mia_vita	data/cpdl/5-voices/reductions/string_quartet/092_dolcissima_mia_vita.musicxml	Violin II	9	long_note_starts_on_beat	0	2	2	1	1	F#4	
092_dolcissima_mia_vita	data/cpdl/5-voices/reductions/string_quartet/092_dolcissima_mia_vita.musicxml	Violin II	9	long_note_starts_on_beat	2	2	4	1	3	F#4	
092_dolcissima_mia_vita	data/cpdl/5-voices/reductions/string_quartet/092_dolcissima_mia_vita.musicxml	Violin II	9	rest_starts_on_beat_crosses_later_beat	4	2	6	1	5	rest	
092_dolcissima_mia_vita	data/cpdl/5-voices/reductions/string_quartet/092_dolcissima_mia_vita.musicxml	Violin II	9	long_note_starts_on_beat	6	2	8	1	7	B-4	
092_dolcissima_mia_vita	data/cpdl/5-voices/reductions/string_quartet/092_dolcissima_mia_vita.musicxml	Violin II	10	long_note_starts_on_beat	0	4	4	1	1,2,3	G#4	
092_dolcissima_mia_vita	data/cpdl/5-voices/reductions/string_quartet/092_dolcissima_mia_vita.musicxml	Violin II	10	long_note_starts_on_beat	4	4	8	1	5,6,7	G#4	
092_dolcissima_mia_vita	data/cpdl/5-voices/reductions/string_quartet/092_dolcissima_mia_vita.musicxml	Violin II	11	rest_starts_on_beat_crosses_later_beat	0	2	2	1	1	rest	
092_dolcissima_mia_vita	data/cpdl/5-voices/reductions/string_quartet/092_dolcissima_mia_vita.musicxml	Violin II	11	long_note_starts_on_beat	4	2	6	1	5	B3	
092_dolcissima_mia_vita	data/cpdl/5-voices/reductions/string_quartet/092_dolcissima_mia_vita.musicxml	Violin II	11	long_note_starts_on_beat	6	2	8	1	7	A#3	
092_dolcissima_mia_vita	data/cpdl/5-voices/reductions/string_quartet/092_dolcissima_mia_vita.musicxml	Violin II	12	long_note_starts_on_beat	0	2	2	1	1	D4	
092_dolcissima_mia_vita	data/cpdl/5-voices/reductions/string_quartet/092_dolcissima_mia_vita.musicxml	Violin II	12	long_note_starts_on_beat	2	2	4	1	3	D4	
092_dolcissima_mia_vita	data/cpdl/5-voices/reductions/string_quartet/092_dolcissima_mia_vita.musicxml	Violin II	12	long_note_starts_on_beat	5	2	7	1	6	A3	
092_dolcissima_mia_vita	data/cpdl/5-voices/reductions/string_quartet/092_dolcissima_mia_vita.musicxml	Violin II	15	long_note_starts_on_beat	2	2	4	1	3	A4	
092_dolcissima_mia_vita	data/cpdl/5-voices/reductions/string_quartet/092_dolcissima_mia_vita.musicxml	Violin II	16	long_note_starts_on_beat	4	2	6	1	5	F4	
092_dolcissima_mia_vita	data/cpdl/5-voices/reductions/string_quartet/092_dolcissima_mia_vita.musicxml	Violin II	17	long_note_starts_on_beat	5	2	7	1	6	A4	
092_dolcissima_mia_vita	data/cpdl/5-voices/reductions/string_quartet/092_dolcissima_mia_vita.musicxml	Violin II	18	long_note_starts_on_beat	0	4	4	1	1,2,3	E4	
092_dolcissima_mia_vita	data/cpdl/5-voices/reductions/string_quartet/092_dolcissima_mia_vita.musicxml	Violin II	18	rest_starts_on_beat_crosses_later_beat	4	2	6	1	5	rest	
092_dolcissima_mia_vita	data/cpdl/5-voices/reductions/string_quartet/092_dolcissima_mia_vita.musicxml	Violin II	18	long_note_starts_on_beat	6	2	8	1	7	F4	
092_dolcissima_mia_vita	data/cpdl/5-voices/reductions/string_quartet/092_dolcissima_mia_vita.musicxml	Violin II	19	long_note_starts_on_beat	0	2	2	1	1	C5	
092_dolcissima_mia_vita	data/cpdl/5-voices/reductions/string_quartet/092_dolcissima_mia_vita.musicxml	Violin II	19	long_note_starts_on_beat	2	2	4	1	3	E4	
092_dolcissima_mia_vita	data/cpdl/5-voices/reductions/string_quartet/092_dolcissima_mia_vita.musicxml	Violin II	20	long_note_starts_on_beat	2	2	4	1	3	D5	
092_dolcissima_mia_vita	data/cpdl/5-voices/reductions/string_quartet/092_dolcissima_mia_vita.musicxml	Violin II	20	rest_starts_on_beat_crosses_later_beat	4	2	6	1	5	rest	
092_dolcissima_mia_vita	data/cpdl/5-voices/reductions/string_quartet/092_dolcissima_mia_vita.musicxml	Violin II	20	long_note_starts_on_beat	6	2	8	1	7	D5	
092_dolcissima_mia_vita	data/cpdl/5-voices/reductions/string_quartet/092_dolcissima_mia_vita.musicxml	Violin II	21	rest_starts_on_beat_crosses_later_beat	0	2	2	1	1	rest	
092_dolcissima_mia_vita	data/cpdl/5-voices/reductions/string_quartet/092_dolcissima_mia_vita.musicxml	Violin II	21	long_note_starts_on_beat	4	2	6	1	5	D4	
092_dolcissima_mia_vita	data/cpdl/5-voices/reductions/string_quartet/092_dolcissima_mia_vita.musicxml	Violin II	22	long_note_starts_on_beat	4	3	7	1	5,6	C5	
092_dolcissima_mia_vita	data/cpdl/5-voices/reductions/string_quartet/092_dolcissima_mia_vita.musicxml	Violin II	23	long_note_starts_on_beat	6	2	8	1	7	G4	
092_dolcissima_mia_vita	data/cpdl/5-voices/reductions/string_quartet/092_dolcissima_mia_vita.musicxml	Violin II	24	rest_starts_on_beat_crosses_later_beat	0	2	2	1	1	rest	
092_dolcissima_mia_vita	data/cpdl/5-voices/reductions/string_quartet/092_dolcissima_mia_vita.musicxml	Violin II	24	long_note_starts_on_beat	2	4	6	1	3,4,5	B-4	
092_dolcissima_mia_vita	data/cpdl/5-voices/reductions/string_quartet/092_dolcissima_mia_vita.musicxml	Violin II	24	long_note_starts_on_beat	6	2	8	1	7	F4	
092_dolcissima_mia_vita	data/cpdl/5-voices/reductions/string_quartet/092_dolcissima_mia_vita.musicxml	Violin II	25	long_note_starts_on_beat	0	2	2	1	1	G4	
092_dolcissima_mia_vita	data/cpdl/5-voices/reductions/string_quartet/092_dolcissima_mia_vita.musicxml	Violin II	25	long_note_starts_on_beat	2	2	4	1	3	G4	
092_dolcissima_mia_vita	data/cpdl/5-voices/reductions/string_quartet/092_dolcissima_mia_vita.musicxml	Violin II	25	rest_starts_on_beat_crosses_later_beat	4	2	6	1	5	rest	
092_dolcissima_mia_vita	data/cpdl/5-voices/reductions/string_quartet/092_dolcissima_mia_vita.musicxml	Violin II	25	long_note_starts_on_beat	6	2	8	1	7	B-4	start
092_dolcissima_mia_vita	data/cpdl/5-voices/reductions/string_quartet/092_dolcissima_mia_vita.musicxml	Violin II	26	long_note_starts_on_beat	0	2	2	1	1	B-4	stop
092_dolcissima_mia_vita	data/cpdl/5-voices/reductions/string_quartet/092_dolcissima_mia_vita.musicxml	Violin II	26	long_note_starts_on_beat	2	2	4	1	3	F4	
092_dolcissima_mia_vita	data/cpdl/5-voices/reductions/string_quartet/092_dolcissima_mia_vita.musicxml	Violin II	26	long_note_starts_on_beat	4	3/2	11/2	1	5	G4	
092_dolcissima_mia_vita	data/cpdl/5-voices/reductions/string_quartet/092_dolcissima_mia_vita.musicxml	Violin II	27	long_note_starts_on_beat	2	4	6	1	3,4,5	G4	
092_dolcissima_mia_vita	data/cpdl/5-voices/reductions/string_quartet/092_dolcissima_mia_vita.musicxml	Violin II	28	long_note_starts_on_beat	1	2	3	1	2	D#4	
092_dolcissima_mia_vita	data/cpdl/5-voices/reductions/string_quartet/092_dolcissima_mia_vita.musicxml	Violin II	28	long_note_starts_on_beat	3	2	5	1	4	A4	
092_dolcissima_mia_vita	data/cpdl/5-voices/reductions/string_quartet/092_dolcissima_mia_vita.musicxml	Violin II	28	long_note_starts_on_beat	6	2	8	1	7	G4	start
092_dolcissima_mia_vita	data/cpdl/5-voices/reductions/string_quartet/092_dolcissima_mia_vita.musicxml	Violin II	29	long_note_starts_on_beat	1	2	3	1	2	F4	
092_dolcissima_mia_vita	data/cpdl/5-voices/reductions/string_quartet/092_dolcissima_mia_vita.musicxml	Violin II	29	long_note_starts_on_beat	6	2	8	1	7	A4	
092_dolcissima_mia_vita	data/cpdl/5-voices/reductions/string_quartet/092_dolcissima_mia_vita.musicxml	Violin II	30	long_note_starts_on_beat	0	2	2	1	1	B-4	
092_dolcissima_mia_vita	data/cpdl/5-voices/reductions/string_quartet/092_dolcissima_mia_vita.musicxml	Violin II	30	long_note_starts_on_beat	2	2	4	1	3	G4	
092_dolcissima_mia_vita	data/cpdl/5-voices/reductions/string_quartet/092_dolcissima_mia_vita.musicxml	Violin II	30	long_note_starts_on_beat	5	2	7	1	6	A4	
092_dolcissima_mia_vita	data/cpdl/5-voices/reductions/string_quartet/092_dolcissima_mia_vita.musicxml	Violin II	31	long_note_starts_on_beat	0	4	4	1	1,2,3	B-3	
092_dolcissima_mia_vita	data/cpdl/5-voices/reductions/string_quartet/092_dolcissima_mia_vita.musicxml	Violin II	31	long_note_starts_on_beat	6	2	8	1	7	B-4	
092_dolcissima_mia_vita	data/cpdl/5-voices/reductions/string_quartet/092_dolcissima_mia_vita.musicxml	Violin II	32	long_note_starts_on_beat	2	2	4	1	3	F4	
092_dolcissima_mia_vita	data/cpdl/5-voices/reductions/string_quartet/092_dolcissima_mia_vita.musicxml	Violin II	32	long_note_starts_on_beat	6	2	8	1	7	D5	start
092_dolcissima_mia_vita	data/cpdl/5-voices/reductions/string_quartet/092_dolcissima_mia_vita.musicxml	Violin II	33	long_note_starts_on_beat	2	2	4	1	3	C5	
092_dolcissima_mia_vita	data/cpdl/5-voices/reductions/string_quartet/092_dolcissima_mia_vita.musicxml	Violin II	33	rest_starts_on_beat_crosses_later_beat	4	2	6	1	5	rest	
092_dolcissima_mia_vita	data/cpdl/5-voices/reductions/string_quartet/092_dolcissima_mia_vita.musicxml	Violin II	33	long_note_starts_on_beat	6	2	8	1	7	B4	
092_dolcissima_mia_vita	data/cpdl/5-voices/reductions/string_quartet/092_dolcissima_mia_vita.musicxml	Viola	1	long_note_starts_on_beat	0	4	4	2	2	B-4	
092_dolcissima_mia_vita	data/cpdl/5-voices/reductions/string_quartet/092_dolcissima_mia_vita.musicxml	Viola	1	long_note_starts_on_beat	4	3	7	2	6	G4	
092_dolcissima_mia_vita	data/cpdl/5-voices/reductions/string_quartet/092_dolcissima_mia_vita.musicxml	Viola	2	long_note_starts_on_beat	0	3	3	1	1,2	D4	
092_dolcissima_mia_vita	data/cpdl/5-voices/reductions/string_quartet/092_dolcissima_mia_vita.musicxml	Viola	2	long_note_starts_on_beat	6	2	8	1	7	G4	start
092_dolcissima_mia_vita	data/cpdl/5-voices/reductions/string_quartet/092_dolcissima_mia_vita.musicxml	Viola	3	long_note_starts_on_beat	0	2	2	1	1	G4	stop
092_dolcissima_mia_vita	data/cpdl/5-voices/reductions/string_quartet/092_dolcissima_mia_vita.musicxml	Viola	3	long_note_starts_on_beat	2	2	4	1	3	F#4	
092_dolcissima_mia_vita	data/cpdl/5-voices/reductions/string_quartet/092_dolcissima_mia_vita.musicxml	Viola	3	rest_starts_on_beat_crosses_later_beat	4	2	6	1	5	rest	
092_dolcissima_mia_vita	data/cpdl/5-voices/reductions/string_quartet/092_dolcissima_mia_vita.musicxml	Viola	3	long_note_starts_on_beat	6	2	8	1	7	G4	
092_dolcissima_mia_vita	data/cpdl/5-voices/reductions/string_quartet/092_dolcissima_mia_vita.musicxml	Viola	4	long_note_starts_on_beat	2	2	4	1	3	G4	
092_dolcissima_mia_vita	data/cpdl/5-voices/reductions/string_quartet/092_dolcissima_mia_vita.musicxml	Viola	4	long_note_starts_on_beat	4	2	6	1	5	E4	
092_dolcissima_mia_vita	data/cpdl/5-voices/reductions/string_quartet/092_dolcissima_mia_vita.musicxml	Viola	4	long_note_starts_on_beat	6	2	8	1	7	C#4	
092_dolcissima_mia_vita	data/cpdl/5-voices/reductions/string_quartet/092_dolcissima_mia_vita.musicxml	Viola	5	long_note_starts_on_beat	2	3	5	1	3,4	B-3	
092_dolcissima_mia_vita	data/cpdl/5-voices/reductions/string_quartet/092_dolcissima_mia_vita.musicxml	Viola	5	long_note_starts_on_beat	6	2	8	1	7	C4	
092_dolcissima_mia_vita	data/cpdl/5-voices/reductions/string_quartet/092_dolcissima_mia_vita.musicxml	Viola	6	long_note_starts_on_beat	4	3	7	2	6	B-3	
092_dolcissima_mia_vita	data/cpdl/5-voices/reductions/string_quartet/092_dolcissima_mia_vita.musicxml	Viola	7	long_note_starts_on_beat	0	6	6	1	1,2,3,4,5	A3	
092_dolcissima_mia_vita	data/cpdl/5-voices/reductions/string_quartet/092_dolcissima_mia_vita.musicxml	Viola	7	long_note_starts_on_beat	6	2	8	1	7	G#3	
092_dolcissima_mia_vita	data/cpdl/5-voices/reductions/string_quartet/092_dolcissima_mia_vita.musicxml	Viola	8	rest_starts_on_beat_crosses_later_beat	0	2	2	1	1	rest	
092_dolcissima_mia_vita	data/cpdl/5-voices/reductions/string_quartet/092_dolcissima_mia_vita.musicxml	Viola	8	long_note_starts_on_beat	4	2	6	1	5	B-4	
092_dolcissima_mia_vita	data/cpdl/5-voices/reductions/string_quartet/092_dolcissima_mia_vita.musicxml	Viola	8	long_note_starts_on_beat	6	2	8	1	7	D4	
092_dolcissima_mia_vita	data/cpdl/5-voices/reductions/string_quartet/092_dolcissima_mia_vita.musicxml	Viola	9	long_note_starts_on_beat	0	2	2	1	1	C#4	
092_dolcissima_mia_vita	data/cpdl/5-voices/reductions/string_quartet/092_dolcissima_mia_vita.musicxml	Viola	9	long_note_starts_on_beat	2	2	4	1	3	C#4	
092_dolcissima_mia_vita	data/cpdl/5-voices/reductions/string_quartet/092_dolcissima_mia_vita.musicxml	Viola	9	rest_starts_on_beat_crosses_later_beat	4	2	6	1	5	rest	
092_dolcissima_mia_vita	data/cpdl/5-voices/reductions/string_quartet/092_dolcissima_mia_vita.musicxml	Viola	9	long_note_starts_on_beat	6	2	8	1	7	F#4	
092_dolcissima_mia_vita	data/cpdl/5-voices/reductions/string_quartet/092_dolcissima_mia_vita.musicxml	Viola	10	long_note_starts_on_beat	0	2	2	1	1	C#5	
092_dolcissima_mia_vita	data/cpdl/5-voices/reductions/string_quartet/092_dolcissima_mia_vita.musicxml	Viola	10	long_note_starts_on_beat	2	2	4	1	3	C#4	
092_dolcissima_mia_vita	data/cpdl/5-voices/reductions/string_quartet/092_dolcissima_mia_vita.musicxml	Viola	10	long_note_starts_on_beat	4	4	8	1	5,6,7	F4	
092_dolcissima_mia_vita	data/cpdl/5-voices/reductions/string_quartet/092_dolcissima_mia_vita.musicxml	Viola	11	rest_starts_on_beat_crosses_later_beat	0	2	2	1	1	rest	
092_dolcissima_mia_vita	data/cpdl/5-voices/reductions/string_quartet/092_dolcissima_mia_vita.musicxml	Viola	11	long_note_starts_on_beat	2	2	4	1	3	E4	
092_dolcissima_mia_vita	data/cpdl/5-voices/reductions/string_quartet/092_dolcissima_mia_vita.musicxml	Viola	12	long_note_starts_on_beat	0	2	2	1	1	G4	
092_dolcissima_mia_vita	data/cpdl/5-voices/reductions/string_quartet/092_dolcissima_mia_vita.musicxml	Viola	12	long_note_starts_on_beat	2	2	4	1	3	F#4	
092_dolcissima_mia_vita	data/cpdl/5-voices/reductions/string_quartet/092_dolcissima_mia_vita.musicxml	Viola	13	long_note_starts_on_beat	0	2	2	1	1	E-4	
092_dolcissima_mia_vita	data/cpdl/5-voices/reductions/string_quartet/092_dolcissima_mia_vita.musicxml	Viola	13	long_note_starts_on_beat	2	2	4	1	3	D4	
092_dolcissima_mia_vita	data/cpdl/5-voices/reductions/string_quartet/092_dolcissima_mia_vita.musicxml	Viola	13	rest_crosses_beat	9/2	3/2	6	1	5	rest	
092_dolcissima_mia_vita	data/cpdl/5-voices/reductions/string_quartet/092_dolcissima_mia_vita.musicxml	Viola	14	long_note_starts_on_beat	2	4	6	1	3,4,5	D4	
092_dolcissima_mia_vita	data/cpdl/5-voices/reductions/string_quartet/092_dolcissima_mia_vita.musicxml	Viola	14	long_note_starts_on_beat	6	3/2	15/2	1	7	D4	
092_dolcissima_mia_vita	data/cpdl/5-voices/reductions/string_quartet/092_dolcissima_mia_vita.musicxml	Viola	15	long_note_starts_on_beat	1	2	3	1	2	F#4	
092_dolcissima_mia_vita	data/cpdl/5-voices/reductions/string_quartet/092_dolcissima_mia_vita.musicxml	Viola	15	long_note_starts_on_beat	6	2	8	1	7	B-3	
092_dolcissima_mia_vita	data/cpdl/5-voices/reductions/string_quartet/092_dolcissima_mia_vita.musicxml	Viola	16	long_note_starts_on_beat	2	3/2	7/2	1	3	B-4	
092_dolcissima_mia_vita	data/cpdl/5-voices/reductions/string_quartet/092_dolcissima_mia_vita.musicxml	Viola	16	long_note_starts_on_beat	6	2	8	1	7	B-3	start
092_dolcissima_mia_vita	data/cpdl/5-voices/reductions/string_quartet/092_dolcissima_mia_vita.musicxml	Viola	17	long_note_starts_on_beat	2	3/2	7/2	1	3	B3	
092_dolcissima_mia_vita	data/cpdl/5-voices/reductions/string_quartet/092_dolcissima_mia_vita.musicxml	Viola	17	long_note_starts_on_beat	4	4	8	1	5,6,7	B3	
092_dolcissima_mia_vita	data/cpdl/5-voices/reductions/string_quartet/092_dolcissima_mia_vita.musicxml	Viola	18	long_note_starts_on_beat	0	4	4	1	1,2,3	A3	
092_dolcissima_mia_vita	data/cpdl/5-voices/reductions/string_quartet/092_dolcissima_mia_vita.musicxml	Viola	18	rest_starts_on_beat_crosses_later_beat	4	2	6	1	5	rest	
092_dolcissima_mia_vita	data/cpdl/5-voices/reductions/string_quartet/092_dolcissima_mia_vita.musicxml	Viola	18	long_note_starts_on_beat	6	2	8	1	7	A3	
092_dolcissima_mia_vita	data/cpdl/5-voices/reductions/string_quartet/092_dolcissima_mia_vita.musicxml	Viola	19	long_note_starts_on_beat	0	3	3	1	1,2	C4	
092_dolcissima_mia_vita	data/cpdl/5-voices/reductions/string_quartet/092_dolcissima_mia_vita.musicxml	Viola	19	long_note_starts_on_beat	6	2	8	1	7	C4	
092_dolcissima_mia_vita	data/cpdl/5-voices/reductions/string_quartet/092_dolcissima_mia_vita.musicxml	Viola	20	long_note_starts_on_beat	0	2	2	1	1	C4	
092_dolcissima_mia_vita	data/cpdl/5-voices/reductions/string_quartet/092_dolcissima_mia_vita.musicxml	Viola	20	long_note_starts_on_beat	2	2	4	1	3	B-4	
092_dolcissima_mia_vita	data/cpdl/5-voices/reductions/string_quartet/092_dolcissima_mia_vita.musicxml	Viola	20	rest_starts_on_beat_crosses_later_beat	4	2	6	1	5	rest	
092_dolcissima_mia_vita	data/cpdl/5-voices/reductions/string_quartet/092_dolcissima_mia_vita.musicxml	Viola	20	long_note_starts_on_beat	6	2	8	1	7	G4	
092_dolcissima_mia_vita	data/cpdl/5-voices/reductions/string_quartet/092_dolcissima_mia_vita.musicxml	Viola	21	rest_starts_on_beat_crosses_later_beat	0	2	2	1	1	rest	
092_dolcissima_mia_vita	data/cpdl/5-voices/reductions/string_quartet/092_dolcissima_mia_vita.musicxml	Viola	21	long_note_starts_on_beat	4	2	6	1	5	F#4	
092_dolcissima_mia_vita	data/cpdl/5-voices/reductions/string_quartet/092_dolcissima_mia_vita.musicxml	Viola	23	long_note_starts_on_beat	2	2	4	1	3	C4	
092_dolcissima_mia_vita	data/cpdl/5-voices/reductions/string_quartet/092_dolcissima_mia_vita.musicxml	Viola	23	long_note_starts_on_beat	4	2	6	1	5	D4	
092_dolcissima_mia_vita	data/cpdl/5-voices/reductions/string_quartet/092_dolcissima_mia_vita.musicxml	Viola	23	long_note_starts_on_beat	6	2	8	1	7	E4	
092_dolcissima_mia_vita	data/cpdl/5-voices/reductions/string_quartet/092_dolcissima_mia_vita.musicxml	Viola	24	rest_starts_on_beat_crosses_later_beat	0	2	2	1	1	rest	
092_dolcissima_mia_vita	data/cpdl/5-voices/reductions/string_quartet/092_dolcissima_mia_vita.musicxml	Viola	24	long_note_starts_on_beat	2	4	6	1	3,4,5	E-4	
092_dolcissima_mia_vita	data/cpdl/5-voices/reductions/string_quartet/092_dolcissima_mia_vita.musicxml	Viola	24	long_note_starts_on_beat	6	2	8	1	7	C4	
092_dolcissima_mia_vita	data/cpdl/5-voices/reductions/string_quartet/092_dolcissima_mia_vita.musicxml	Viola	25	long_note_starts_on_beat	0	2	2	1	1	D4	
092_dolcissima_mia_vita	data/cpdl/5-voices/reductions/string_quartet/092_dolcissima_mia_vita.musicxml	Viola	25	long_note_starts_on_beat	2	2	4	1	3	D4	
092_dolcissima_mia_vita	data/cpdl/5-voices/reductions/string_quartet/092_dolcissima_mia_vita.musicxml	Viola	25	rest_starts_on_beat_crosses_later_beat	4	2	6	1	5	rest	
092_dolcissima_mia_vita	data/cpdl/5-voices/reductions/string_quartet/092_dolcissima_mia_vita.musicxml	Viola	25	long_note_starts_on_beat	6	2	8	1	7	E-4	
092_dolcissima_mia_vita	data/cpdl/5-voices/reductions/string_quartet/092_dolcissima_mia_vita.musicxml	Viola	26	long_note_starts_on_beat	0	2	2	1	1	B-3	
092_dolcissima_mia_vita	data/cpdl/5-voices/reductions/string_quartet/092_dolcissima_mia_vita.musicxml	Viola	26	long_note_starts_on_beat	2	2	4	1	3	C4	
092_dolcissima_mia_vita	data/cpdl/5-voices/reductions/string_quartet/092_dolcissima_mia_vita.musicxml	Viola	26	long_note_starts_on_beat	4	3/2	11/2	1	5	D4	
092_dolcissima_mia_vita	data/cpdl/5-voices/reductions/string_quartet/092_dolcissima_mia_vita.musicxml	Viola	26	long_note_starts_on_beat	6	2	8	1	7	E4	start
092_dolcissima_mia_vita	data/cpdl/5-voices/reductions/string_quartet/092_dolcissima_mia_vita.musicxml	Viola	27	long_note_starts_on_beat	0	2	2	1	1	E4	stop
092_dolcissima_mia_vita	data/cpdl/5-voices/reductions/string_quartet/092_dolcissima_mia_vita.musicxml	Viola	27	long_note_starts_on_beat	4	4	8	1	5,6,7	C4	start
092_dolcissima_mia_vita	data/cpdl/5-voices/reductions/string_quartet/092_dolcissima_mia_vita.musicxml	Viola	28	long_note_starts_on_beat	0	2	2	1	1	C4	stop
092_dolcissima_mia_vita	data/cpdl/5-voices/reductions/string_quartet/092_dolcissima_mia_vita.musicxml	Viola	28	long_note_starts_on_beat	2	2	4	1	3	F4	
092_dolcissima_mia_vita	data/cpdl/5-voices/reductions/string_quartet/092_dolcissima_mia_vita.musicxml	Viola	28	long_note_starts_on_beat	6	2	8	1	7	D#4	
092_dolcissima_mia_vita	data/cpdl/5-voices/reductions/string_quartet/092_dolcissima_mia_vita.musicxml	Viola	29	long_note_starts_on_beat	4	2	6	1	5	D4	
092_dolcissima_mia_vita	data/cpdl/5-voices/reductions/string_quartet/092_dolcissima_mia_vita.musicxml	Viola	29	long_note_starts_on_beat	6	2	8	1	7	F4	
092_dolcissima_mia_vita	data/cpdl/5-voices/reductions/string_quartet/092_dolcissima_mia_vita.musicxml	Viola	31	long_note_starts_on_beat	0	2	2	1	1	G3	
092_dolcissima_mia_vita	data/cpdl/5-voices/reductions/string_quartet/092_dolcissima_mia_vita.musicxml	Viola	31	long_note_starts_on_beat	2	2	4	1	3	G3	
092_dolcissima_mia_vita	data/cpdl/5-voices/reductions/string_quartet/092_dolcissima_mia_vita.musicxml	Viola	31	long_note_starts_on_beat	4	4	8	1	5,6,7	F4	
092_dolcissima_mia_vita	data/cpdl/5-voices/reductions/string_quartet/092_dolcissima_mia_vita.musicxml	Viola	32	long_note_starts_on_beat	2	2	4	1	3	A-3	
092_dolcissima_mia_vita	data/cpdl/5-voices/reductions/string_quartet/092_dolcissima_mia_vita.musicxml	Viola	33	long_note_starts_on_beat	0	8	8	1	1,2,3,4,5,6,7	G4	
092_dolcissima_mia_vita	data/cpdl/5-voices/reductions/string_quartet/092_dolcissima_mia_vita.musicxml	Violoncello	1	long_note_starts_on_beat	0	4	4	2	2	B-2	
092_dolcissima_mia_vita	data/cpdl/5-voices/reductions/string_quartet/092_dolcissima_mia_vita.musicxml	Violoncello	1	long_note_starts_on_beat	4	3	7	2	6	E-3	
092_dolcissima_mia_vita	data/cpdl/5-voices/reductions/string_quartet/092_dolcissima_mia_vita.musicxml	Violoncello	2	long_note_starts_on_beat	0	2	2	1	1	G3	
092_dolcissima_mia_vita	data/cpdl/5-voices/reductions/string_quartet/092_dolcissima_mia_vita.musicxml	Violoncello	2	long_note_starts_on_beat	2	2	4	1	3	C3	
092_dolcissima_mia_vita	data/cpdl/5-voices/reductions/string_quartet/092_dolcissima_mia_vita.musicxml	Violoncello	2	long_note_starts_on_beat	4	4	8	1	5,6,7	E-3	
092_dolcissima_mia_vita	data/cpdl/5-voices/reductions/string_quartet/092_dolcissima_mia_vita.musicxml	Violoncello	3	long_note_starts_on_beat	0	4	4	1	1,2,3	D3	
092_dolcissima_mia_vita	data/cpdl/5-voices/reductions/string_quartet/092_dolcissima_mia_vita.musicxml	Violoncello	3	rest_starts_on_beat_crosses_later_beat	4	2	6	1	5	rest	
092_dolcissima_mia_vita	data/cpdl/5-voices/reductions/string_quartet/092_dolcissima_mia_vita.musicxml	Violoncello	3	long_note_starts_on_beat	6	2	8	1	7	G3	
092_dolcissima_mia_vita	data/cpdl/5-voices/reductions/string_quartet/092_dolcissima_mia_vita.musicxml	Violoncello	4	long_note_starts_on_beat	0	4	4	1	1,2,3	B-3	
092_dolcissima_mia_vita	data/cpdl/5-voices/reductions/string_quartet/092_dolcissima_mia_vita.musicxml	Violoncello	4	long_note_starts_on_beat	4	4	8	1	5,6,7	A3	
092_dolcissima_mia_vita	data/cpdl/5-voices/reductions/string_quartet/092_dolcissima_mia_vita.musicxml	Violoncello	5	long_note_starts_on_beat	2	3	5	1	3,4	B-2	
092_dolcissima_mia_vita	data/cpdl/5-voices/reductions/string_quartet/092_dolcissima_mia_vita.musicxml	Violoncello	5	long_note_starts_on_beat	6	2	8	1	7	A3	
092_dolcissima_mia_vita	data/cpdl/5-voices/reductions/string_quartet/092_dolcissima_mia_vita.musicxml	Violoncello	7	long_note_starts_on_beat	2	2	4	1	3	F3	
092_dolcissima_mia_vita	data/cpdl/5-voices/reductions/string_quartet/092_dolcissima_mia_vita.musicxml	Violoncello	7	long_note_starts_on_beat	4	4	8	1	5,6,7	E3	
092_dolcissima_mia_vita	data/cpdl/5-voices/reductions/string_quartet/092_dolcissima_mia_vita.musicxml	Violoncello	8	rest_starts_on_beat_crosses_later_beat	0	2	2	1	1	rest	
092_dolcissima_mia_vita	data/cpdl/5-voices/reductions/string_quartet/092_dolcissima_mia_vita.musicxml	Violoncello	8	long_note_starts_on_beat	4	2	6	1	5	F#3	
092_dolcissima_mia_vita	data/cpdl/5-voices/reductions/string_quartet/092_dolcissima_mia_vita.musicxml	Violoncello	8	long_note_starts_on_beat	6	2	8	1	7	B2	
092_dolcissima_mia_vita	data/cpdl/5-voices/reductions/string_quartet/092_dolcissima_mia_vita.musicxml	Violoncello	9	long_note_starts_on_beat	0	2	2	1	1	F#3	
092_dolcissima_mia_vita	data/cpdl/5-voices/reductions/string_quartet/092_dolcissima_mia_vita.musicxml	Violoncello	9	long_note_starts_on_beat	2	2	4	1	3	F#3	
092_dolcissima_mia_vita	data/cpdl/5-voices/reductions/string_quartet/092_dolcissima_mia_vita.musicxml	Violoncello	9	rest_starts_on_beat_crosses_later_beat	4	2	6	1	5	rest	
092_dolcissima_mia_vita	data/cpdl/5-voices/reductions/string_quartet/092_dolcissima_mia_vita.musicxml	Violoncello	9	long_note_starts_on_beat	6	2	8	1	7	F#3	
092_dolcissima_mia_vita	data/cpdl/5-voices/reductions/string_quartet/092_dolcissima_mia_vita.musicxml	Violoncello	10	long_note_starts_on_beat	0	6	6	1	1,2,3,4,5	C#3	
092_dolcissima_mia_vita	data/cpdl/5-voices/reductions/string_quartet/092_dolcissima_mia_vita.musicxml	Violoncello	10	long_note_starts_on_beat	6	2	8	1	7	C#3	
092_dolcissima_mia_vita	data/cpdl/5-voices/reductions/string_quartet/092_dolcissima_mia_vita.musicxml	Violoncello	11	rest_starts_on_beat_crosses_later_beat	0	2	2	1	1	rest	
092_dolcissima_mia_vita	data/cpdl/5-voices/reductions/string_quartet/092_dolcissima_mia_vita.musicxml	Violoncello	11	long_note_starts_on_beat	2	2	4	1	3	A2	
092_dolcissima_mia_vita	data/cpdl/5-voices/reductions/string_quartet/092_dolcissima_mia_vita.musicxml	Violoncello	11	long_note_starts_on_beat	4	2	6	1	5	D3	
092_dolcissima_mia_vita	data/cpdl/5-voices/reductions/string_quartet/092_dolcissima_mia_vita.musicxml	Violoncello	11	long_note_starts_on_beat	6	2	8	1	7	G3	
092_dolcissima_mia_vita	data/cpdl/5-voices/reductions/string_quartet/092_dolcissima_mia_vita.musicxml	Violoncello	12	long_note_starts_on_beat	0	2	2	1	1	D3	
092_dolcissima_mia_vita	data/cpdl/5-voices/reductions/string_quartet/092_dolcissima_mia_vita.musicxml	Violoncello	12	long_note_starts_on_beat	2	2	4	1	3	D3	
092_dolcissima_mia_vita	data/cpdl/5-voices/reductions/string_quartet/092_dolcissima_mia_vita.musicxml	Violoncello	12	long_note_starts_on_beat	5	2	7	1	6	A2	
092_dolcissima_mia_vita	data/cpdl/5-voices/reductions/string_quartet/092_dolcissima_mia_vita.musicxml	Violoncello	13	rest_crosses_beat	5/2	3/2	4	1	3	rest	
092_dolcissima_mia_vita	data/cpdl/5-voices/reductions/string_quartet/092_dolcissima_mia_vita.musicxml	Violoncello	13	rest_crosses_beat	9/2	3/2	6	1	5	rest	
092_dolcissima_mia_vita	data/cpdl/5-voices/reductions/string_quartet/092_dolcissima_mia_vita.musicxml	Violoncello	15	long_note_starts_on_beat	2	2	4	1	3	A3	
092_dolcissima_mia_vita	data/cpdl/5-voices/reductions/string_quartet/092_dolcissima_mia_vita.musicxml	Violoncello	16	long_note_starts_on_beat	6	2	8	1	7	B-2	
092_dolcissima_mia_vita	data/cpdl/5-voices/reductions/string_quartet/092_dolcissima_mia_vita.musicxml	Violoncello	17	long_note_starts_on_beat	0	4	4	1	1,2,3	D3	
092_dolcissima_mia_vita	data/cpdl/5-voices/reductions/string_quartet/092_dolcissima_mia_vita.musicxml	Violoncello	17	long_note_starts_on_beat	5	2	7	1	6	F3	
092_dolcissima_mia_vita	data/cpdl/5-voices/reductions/string_quartet/092_dolcissima_mia_vita.musicxml	Violoncello	18	long_note_starts_on_beat	0	2	2	1	1	A2	
092_dolcissima_mia_vita	data/cpdl/5-voices/reductions/string_quartet/092_dolcissima_mia_vita.musicxml	Violoncello	18	long_note_starts_on_beat	2	2	4	1	3	A2	
092_dolcissima_mia_vita	data/cpdl/5-voices/reductions/string_quartet/092_dolcissima_mia_vita.musicxml	Violoncello	18	long_note_starts_on_beat	4	3	7	1	5,6	F3	
092_dolcissima_mia_vita	data/cpdl/5-voices/reductions/string_quartet/092_dolcissima_mia_vita.musicxml	Violoncello	19	long_note_starts_on_beat	0	2	2	1	1	F3	
092_dolcissima_mia_vita	data/cpdl/5-voices/reductions/string_quartet/092_dolcissima_mia_vita.musicxml	Violoncello	19	long_note_starts_on_beat	2	2	4	1	3	E3	
092_dolcissima_mia_vita	data/cpdl/5-voices/reductions/string_quartet/092_dolcissima_mia_vita.musicxml	Violoncello	19	long_note_starts_on_beat	4	4	8	1	5,6,7	F3	start
092_dolcissima_mia_vita	data/cpdl/5-voices/reductions/string_quartet/092_dolcissima_mia_vita.musicxml	Violoncello	20	long_note_starts_on_beat	0	2	2	1	1	F3	stop
092_dolcissima_mia_vita	data/cpdl/5-voices/reductions/string_quartet/092_dolcissima_mia_vita.musicxml	Violoncello	20	long_note_starts_on_beat	2	2	4	1	3	B-2	
092_dolcissima_mia_vita	data/cpdl/5-voices/reductions/string_quartet/092_dolcissima_mia_vita.musicxml	Violoncello	20	rest_starts_on_beat_crosses_later_beat	4	2	6	1	5	rest	
092_dolcissima_mia_vita	data/cpdl/5-voices/reductions/string_quartet/092_dolcissima_mia_vita.musicxml	Violoncello	20	long_note_starts_on_beat	6	2	8	1	7	B-3	
092_dolcissima_mia_vita	data/cpdl/5-voices/reductions/string_quartet/092_dolcissima_mia_vita.musicxml	Violoncello	21	long_note_starts_on_beat	0	3	3	1	1,2	E3	
092_dolcissima_mia_vita	data/cpdl/5-voices/reductions/string_quartet/092_dolcissima_mia_vita.musicxml	Violoncello	21	long_note_starts_on_beat	4	2	6	1	5	D3	
092_dolcissima_mia_vita	data/cpdl/5-voices/reductions/string_quartet/092_dolcissima_mia_vita.musicxml	Violoncello	22	long_note_starts_on_beat	3	2	5	1	4	E3	
092_dolcissima_mia_vita	data/cpdl/5-voices/reductions/string_quartet/092_dolcissima_mia_vita.musicxml	Violoncello	23	long_note_starts_on_beat	0	3/2	3/2	1	1	B-3	
092_dolcissima_mia_vita	data/cpdl/5-voices/reductions/string_quartet/092_dolcissima_mia_vita.musicxml	Violoncello	23	long_note_starts_on_beat	4	2	6	1	5	G3	
092_dolcissima_mia_vita	data/cpdl/5-voices/reductions/string_quartet/092_dolcissima_mia_vita.musicxml	Violoncello	23	long_note_starts_on_beat	6	2	8	1	7	C3	
092_dolcissima_mia_vita	data/cpdl/5-voices/reductions/string_quartet/092_dolcissima_mia_vita.musicxml	Violoncello	24	rest_starts_on_beat_crosses_later_beat	0	2	2	1	1	rest	
092_dolcissima_mia_vita	data/cpdl/5-voices/reductions/string_quartet/092_dolcissima_mia_vita.musicxml	Violoncello	24	long_note_starts_on_beat	2	4	6	1	3,4,5	E-3	
092_dolcissima_mia_vita	data/cpdl/5-voices/reductions/string_quartet/092_dolcissima_mia_vita.musicxml	Violoncello	24	long_note_starts_on_beat	6	2	8	1	7	G#2	
092_dolcissima_mia_vita	data/cpdl/5-voices/reductions/string_quartet/092_dolcissima_mia_vita.musicxml	Violoncello	25	long_note_starts_on_beat	0	2	2	1	1	G2	
092_dolcissima_mia_vita	data/cpdl/5-voices/reductions/string_quartet/092_dolcissima_mia_vita.musicxml	Violoncello	25	long_note_starts_on_beat	2	2	4	1	3	G2	
092_dolcissima_mia_vita	data/cpdl/5-voices/reductions/string_quartet/092_dolcissima_mia_vita.musicxml	Violoncello	25	rest_starts_on_beat_crosses_later_beat	4	2	6	1	5	rest	
092_dolcissima_mia_vita	data/cpdl/5-voices/reductions/string_quartet/092_dolcissima_mia_vita.musicxml	Violoncello	25	long_note_starts_on_beat	6	2	8	1	7	E-3	start
092_dolcissima_mia_vita	data/cpdl/5-voices/reductions/string_quartet/092_dolcissima_mia_vita.musicxml	Violoncello	26	long_note_starts_on_beat	0	2	2	1	1	E-3	stop
092_dolcissima_mia_vita	data/cpdl/5-voices/reductions/string_quartet/092_dolcissima_mia_vita.musicxml	Violoncello	26	long_note_starts_on_beat	2	2	4	1	3	A-2	
092_dolcissima_mia_vita	data/cpdl/5-voices/reductions/string_quartet/092_dolcissima_mia_vita.musicxml	Violoncello	26	long_note_starts_on_beat	4	2	6	1	5	G2	
092_dolcissima_mia_vita	data/cpdl/5-voices/reductions/string_quartet/092_dolcissima_mia_vita.musicxml	Violoncello	26	long_note_starts_on_beat	6	2	8	1	7	G2	
092_dolcissima_mia_vita	data/cpdl/5-voices/reductions/string_quartet/092_dolcissima_mia_vita.musicxml	Violoncello	27	long_note_starts_on_beat	0	2	2	1	1	E3	
092_dolcissima_mia_vita	data/cpdl/5-voices/reductions/string_quartet/092_dolcissima_mia_vita.musicxml	Violoncello	27	long_note_starts_on_beat	4	2	6	1	5	E3	
092_dolcissima_mia_vita	data/cpdl/5-voices/reductions/string_quartet/092_dolcissima_mia_vita.musicxml	Violoncello	27	long_note_starts_on_beat	6	2	8	1	7	F3	
092_dolcissima_mia_vita	data/cpdl/5-voices/reductions/string_quartet/092_dolcissima_mia_vita.musicxml	Violoncello	28	long_note_starts_on_beat	0	2	2	1	1	C3	
092_dolcissima_mia_vita	data/cpdl/5-voices/reductions/string_quartet/092_dolcissima_mia_vita.musicxml	Violoncello	28	long_note_starts_on_beat	6	2	8	1	7	G3	
092_dolcissima_mia_vita	data/cpdl/5-voices/reductions/string_quartet/092_dolcissima_mia_vita.musicxml	Violoncello	29	long_note_starts_on_beat	2	2	4	1	3	G3	
092_dolcissima_mia_vita	data/cpdl/5-voices/reductions/string_quartet/092_dolcissima_mia_vita.musicxml	Violoncello	29	long_note_starts_on_beat	4	4	8	1	5,6,7	F3	
092_dolcissima_mia_vita	data/cpdl/5-voices/reductions/string_quartet/092_dolcissima_mia_vita.musicxml	Violoncello	30	long_note_starts_on_beat	5	2	7	1	6	A3	
092_dolcissima_mia_vita	data/cpdl/5-voices/reductions/string_quartet/092_dolcissima_mia_vita.musicxml	Violoncello	31	long_note_starts_on_beat	0	2	2	1	1	B-2	
092_dolcissima_mia_vita	data/cpdl/5-voices/reductions/string_quartet/092_dolcissima_mia_vita.musicxml	Violoncello	31	long_note_starts_on_beat	2	4	6	1	3,4,5	E-3	
092_dolcissima_mia_vita	data/cpdl/5-voices/reductions/string_quartet/092_dolcissima_mia_vita.musicxml	Violoncello	31	long_note_starts_on_beat	6	2	8	1	7	D3	
092_dolcissima_mia_vita	data/cpdl/5-voices/reductions/string_quartet/092_dolcissima_mia_vita.musicxml	Violoncello	32	long_note_starts_on_beat	0	8	8	1	1,2,3,4,5,6,7	C3	start
092_dolcissima_mia_vita	data/cpdl/5-voices/reductions/string_quartet/092_dolcissima_mia_vita.musicxml	Violoncello	33	long_note_starts_on_beat	0	4	4	1	1,2,3	C3	stop
092_dolcissima_mia_vita	data/cpdl/5-voices/reductions/string_quartet/092_dolcissima_mia_vita.musicxml	Violoncello	33	long_note_starts_on_beat	4	4	8	1	5,6,7	G2	
100_gi_piansi_nel_dolore	data/cpdl/5-voices/reductions/string_quartet/100_gi_piansi_nel_dolore.musicxml	Violin I	2	long_note_starts_on_beat	0	2	2	1	1	C4	stop
100_gi_piansi_nel_dolore	data/cpdl/5-voices/reductions/string_quartet/100_gi_piansi_nel_dolore.musicxml	Violin I	2	long_note_starts_on_beat	2	2	4	1	3	D4	start
100_gi_piansi_nel_dolore	data/cpdl/5-voices/reductions/string_quartet/100_gi_piansi_nel_dolore.musicxml	Violin I	3	long_note_starts_on_beat	0	2	2	1	1	D4	stop
100_gi_piansi_nel_dolore	data/cpdl/5-voices/reductions/string_quartet/100_gi_piansi_nel_dolore.musicxml	Violin I	3	long_note_starts_on_beat	2	2	4	1	3	C4	
100_gi_piansi_nel_dolore	data/cpdl/5-voices/reductions/string_quartet/100_gi_piansi_nel_dolore.musicxml	Violin I	4	long_note_starts_on_beat	0	2	2	1	1	C4	
100_gi_piansi_nel_dolore	data/cpdl/5-voices/reductions/string_quartet/100_gi_piansi_nel_dolore.musicxml	Violin I	4	long_note_starts_on_beat	2	2	4	1	3	B3	
100_gi_piansi_nel_dolore	data/cpdl/5-voices/reductions/string_quartet/100_gi_piansi_nel_dolore.musicxml	Violin I	5	long_note_starts_on_beat	0	4	4	1	1,2,3	F#4	
100_gi_piansi_nel_dolore	data/cpdl/5-voices/reductions/string_quartet/100_gi_piansi_nel_dolore.musicxml	Violin I	6	long_note_starts_on_beat	0	4	4	1	1,2,3	E4	
100_gi_piansi_nel_dolore	data/cpdl/5-voices/reductions/string_quartet/100_gi_piansi_nel_dolore.musicxml	Violin I	9	long_note_starts_on_beat	0	2	2	1	1	C5	
100_gi_piansi_nel_dolore	data/cpdl/5-voices/reductions/string_quartet/100_gi_piansi_nel_dolore.musicxml	Violin I	9	long_note_starts_on_beat	2	2	4	1	3	C5	
100_gi_piansi_nel_dolore	data/cpdl/5-voices/reductions/string_quartet/100_gi_piansi_nel_dolore.musicxml	Violin I	11	long_note_starts_on_beat	0	3	3	1	1,2	G5	
100_gi_piansi_nel_dolore	data/cpdl/5-voices/reductions/string_quartet/100_gi_piansi_nel_dolore.musicxml	Violin I	12	rest_starts_on_beat_crosses_later_beat	2	2	4	1	3	rest	
100_gi_piansi_nel_dolore	data/cpdl/5-voices/reductions/string_quartet/100_gi_piansi_nel_dolore.musicxml	Violin I	13	rest_starts_on_beat_crosses_later_beat	0	3/2	3/2	1	1	rest	
100_gi_piansi_nel_dolore	data/cpdl/5-voices/reductions/string_quartet/100_gi_piansi_nel_dolore.musicxml	Violin I	15	long_note_starts_on_beat	1	2	3	1	2	E5	
100_gi_piansi_nel_dolore	data/cpdl/5-voices/reductions/string_quartet/100_gi_piansi_nel_dolore.musicxml	Violin I	16	long_note_starts_on_beat	1	2	3	1	2	D5	
100_gi_piansi_nel_dolore	data/cpdl/5-voices/reductions/string_quartet/100_gi_piansi_nel_dolore.musicxml	Violin I	17	long_note_starts_on_beat	0	2	2	1	1	D5	
100_gi_piansi_nel_dolore	data/cpdl/5-voices/reductions/string_quartet/100_gi_piansi_nel_dolore.musicxml	Violin I	17	rest_starts_on_beat_crosses_later_beat	2	2	4	1	3	rest	
100_gi_piansi_nel_dolore	data/cpdl/5-voices/reductions/string_quartet/100_gi_piansi_nel_dolore.musicxml	Violin I	18	long_note_starts_on_beat	2	2	4	1	3	D5	start
100_gi_piansi_nel_dolore	data/cpdl/5-voices/reductions/string_quartet/100_gi_piansi_nel_dolore.musicxml	Violin I	19	long_note_starts_on_beat	0	2	2	1	1	D5	stop
100_gi_piansi_nel_dolore	data/cpdl/5-voices/reductions/string_quartet/100_gi_piansi_nel_dolore.musicxml	Violin I	19	long_note_starts_on_beat	2	2	4	1	3	G5	
100_gi_piansi_nel_dolore	data/cpdl/5-voices/reductions/string_quartet/100_gi_piansi_nel_dolore.musicxml	Violin I	20	long_note_starts_on_beat	1	2	3	1	2	E5	
100_gi_piansi_nel_dolore	data/cpdl/5-voices/reductions/string_quartet/100_gi_piansi_nel_dolore.musicxml	Violin I	21	long_note_starts_on_beat	0	2	2	1	1	B4	
100_gi_piansi_nel_dolore	data/cpdl/5-voices/reductions/string_quartet/100_gi_piansi_nel_dolore.musicxml	Violin I	21	long_note_starts_on_beat	2	2	4	1	3	B4	
100_gi_piansi_nel_dolore	data/cpdl/5-voices/reductions/string_quartet/100_gi_piansi_nel_dolore.musicxml	Violin I	22	long_note_starts_on_beat	2	2	4	1	3	D5	start
100_gi_piansi_nel_dolore	data/cpdl/5-voices/reductions/string_quartet/100_gi_piansi_nel_dolore.musicxml	Violin I	23	long_note_starts_on_beat	0	2	2	1	1	D5	stop
100_gi_piansi_nel_dolore	data/cpdl/5-voices/reductions/string_quartet/100_gi_piansi_nel_dolore.musicxml	Violin I	23	long_note_starts_on_beat	2	2	4	1	3	G5	
100_gi_piansi_nel_dolore	data/cpdl/5-voices/reductions/string_quartet/100_gi_piansi_nel_dolore.musicxml	Violin I	24	long_note_starts_on_beat	1	2	3	1	2	E5	
100_gi_piansi_nel_dolore	data/cpdl/5-voices/reductions/string_quartet/100_gi_piansi_nel_dolore.musicxml	Violin I	25	long_note_starts_on_beat	0	2	2	1	1	B4	
100_gi_piansi_nel_dolore	data/cpdl/5-voices/reductions/string_quartet/100_gi_piansi_nel_dolore.musicxml	Violin I	25	long_note_starts_on_beat	2	2	4	1	3	B4	
100_gi_piansi_nel_dolore	data/cpdl/5-voices/reductions/string_quartet/100_gi_piansi_nel_dolore.musicxml	Violin I	26	long_note_starts_on_beat	2	2	4	1	3	D5	
100_gi_piansi_nel_dolore	data/cpdl/5-voices/reductions/string_quartet/100_gi_piansi_nel_dolore.musicxml	Violin I	28	long_note_starts_on_beat	0	2	2	1	1	D5	
100_gi_piansi_nel_dolore	data/cpdl/5-voices/reductions/string_quartet/100_gi_piansi_nel_dolore.musicxml	Violin I	29	long_note_starts_on_beat	0	2	2	1	1	F#5	
100_gi_piansi_nel_dolore	data/cpdl/5-voices/reductions/string_quartet/100_gi_piansi_nel_dolore.musicxml	Violin I	29	long_note_starts_on_beat	2	2	4	1	3	B4	
100_gi_piansi_nel_dolore	data/cpdl/5-voices/reductions/string_quartet/100_gi_piansi_nel_dolore.musicxml	Violin I	30	long_note_starts_on_beat	0	2	2	1	1	B4	
100_gi_piansi_nel_dolore	data/cpdl/5-voices/reductions/string_quartet/100_gi_piansi_nel_dolore.musicxml	Violin I	30	long_note_starts_on_beat	2	2	4	1	3	B4	
100_gi_piansi_nel_dolore	data/cpdl/5-voices/reductions/string_quartet/100_gi_piansi_nel_dolore.musicxml	Violin I	31	rest_starts_on_beat_crosses_later_beat	0	3/2	3/2	1	1	rest	
100_gi_piansi_nel_dolore	data/cpdl/5-voices/reductions/string_quartet/100_gi_piansi_nel_dolore.musicxml	Violin I	31	note_crosses_beat	5/2	3/2	4	1	3	C6	
100_gi_piansi_nel_dolore	data/cpdl/5-voices/reductions/string_quartet/100_gi_piansi_nel_dolore.musicxml	Violin I	32	long_note_starts_on_beat	2	3/2	7/2	1	3	G4	
100_gi_piansi_nel_dolore	data/cpdl/5-voices/reductions/string_quartet/100_gi_piansi_nel_dolore.musicxml	Violin I	33	long_note_starts_on_beat	0	2	2	1	1	G4	
100_gi_piansi_nel_dolore	data/cpdl/5-voices/reductions/string_quartet/100_gi_piansi_nel_dolore.musicxml	Violin I	35	long_note_starts_on_beat	2	2	4	1	3	G5	
100_gi_piansi_nel_dolore	data/cpdl/5-voices/reductions/string_quartet/100_gi_piansi_nel_dolore.musicxml	Violin I	36	long_note_starts_on_beat	2	2	4	1	3	F5	
100_gi_piansi_nel_dolore	data/cpdl/5-voices/reductions/string_quartet/100_gi_piansi_nel_dolore.musicxml	Violin I	37	long_note_starts_on_beat	0	4	4	1	1,2,3	E5	
100_gi_piansi_nel_dolore	data/cpdl/5-voices/reductions/string_quartet/100_gi_piansi_nel_dolore.musicxml	Violin I	38	long_note_starts_on_beat	0	4	4	1	1,2,3	E5	start
100_gi_piansi_nel_dolore	data/cpdl/5-voices/reductions/string_quartet/100_gi_piansi_nel_dolore.musicxml	Violin I	39	long_note_starts_on_beat	0	4	4	1	1,2,3	E5	stop
100_gi_piansi_nel_dolore	data/cpdl/5-voices/reductions/string_quartet/100_gi_piansi_nel_dolore.musicxml	Violin I	41	long_note_starts_on_beat	0	2	2	1	1	F5	
100_gi_piansi_nel_dolore	data/cpdl/5-voices/reductions/string_quartet/100_gi_piansi_nel_dolore.musicxml	Violin I	41	long_note_starts_on_beat	2	2	4	1	3	G#4	
100_gi_piansi_nel_dolore	data/cpdl/5-voices/reductions/string_quartet/100_gi_piansi_nel_dolore.musicxml	Violin I	43	long_note_starts_on_beat	0	2	2	1	1	G4	
100_gi_piansi_nel_dolore	data/cpdl/5-voices/reductions/string_quartet/100_gi_piansi_nel_dolore.musicxml	Violin I	44	long_note_starts_on_beat	0	3	3	2	2	E4	
100_gi_piansi_nel_dolore	data/cpdl/5-voices/reductions/string_quartet/100_gi_piansi_nel_dolore.musicxml	Violin I	47	long_note_starts_on_beat	0	2	2	1	1	D5	
100_gi_piansi_nel_dolore	data/cpdl/5-voices/reductions/string_quartet/100_gi_piansi_nel_dolore.musicxml	Violin I	49	long_note_starts_on_beat	0	3	3	1	1,2	D5	
100_gi_piansi_nel_dolore	data/cpdl/5-voices/reductions/string_quartet/100_gi_piansi_nel_dolore.musicxml	Violin I	50	long_note_starts_on_beat	2	2	4	1	3	E5	
100_gi_piansi_nel_dolore	data/cpdl/5-voices/reductions/string_quartet/100_gi_piansi_nel_dolore.musicxml	Violin I	51	long_note_starts_on_beat	2	2	4	1	3	E5	
100_gi_piansi_nel_dolore	data/cpdl/5-voices/reductions/string_quartet/100_gi_piansi_nel_dolore.musicxml	Violin I	54	long_note_starts_on_beat	0	2	2	1	1	C5	
100_gi_piansi_nel_dolore	data/cpdl/5-voices/reductions/string_quartet/100_gi_piansi_nel_dolore.musicxml	Violin I	56	long_note_starts_on_beat	0	3	3	1	1,2	E5	
100_gi_piansi_nel_dolore	data/cpdl/5-voices/reductions/string_quartet/100_gi_piansi_nel_dolore.musicxml	Violin I	57	long_note_starts_on_beat	0	4	4	1	1,2,3	D5	
100_gi_piansi_nel_dolore	data/cpdl/5-voices/reductions/string_quartet/100_gi_piansi_nel_dolore.musicxml	Violin I	58	long_note_starts_on_beat	0	4	4	1	1,2,3	E5	
100_gi_piansi_nel_dolore	data/cpdl/5-voices/reductions/string_quartet/100_gi_piansi_nel_dolore.musicxml	Violin II	2	long_note_starts_on_beat	0	2	2	1	1	E4	stop
100_gi_piansi_nel_dolore	data/cpdl/5-voices/reductions/string_quartet/100_gi_piansi_nel_dolore.musicxml	Violin II	2	long_note_starts_on_beat	2	2	4	1	3	G4	start
100_gi_piansi_nel_dolore	data/cpdl/5-voices/reductions/string_quartet/100_gi_piansi_nel_dolore.musicxml	Violin II	3	long_note_starts_on_beat	0	2	2	1	1	G4	stop
100_gi_piansi_nel_dolore	data/cpdl/5-voices/reductions/string_quartet/100_gi_piansi_nel_dolore.musicxml	Violin II	3	long_note_starts_on_beat	2	2	4	1	3	F4	
100_gi_piansi_nel_dolore	data/cpdl/5-voices/reductions/string_quartet/100_gi_piansi_nel_dolore.musicxml	Violin II	4	long_note_starts_on_beat	0	2	2	1	1	F#4	
100_gi_piansi_nel_dolore	data/cpdl/5-voices/reductions/string_quartet/100_gi_piansi_nel_dolore.musicxml	Violin II	4	long_note_starts_on_beat	2	2	4	1	3	G#4	
100_gi_piansi_nel_dolore	data/cpdl/5-voices/reductions/string_quartet/100_gi_piansi_nel_dolore.musicxml	Violin II	5	long_note_starts_on_beat	0	4	4	1	1,2,3	B-4	
100_gi_piansi_nel_dolore	data/cpdl/5-voices/reductions/string_quartet/100_gi_piansi_nel_dolore.musicxml	Violin II	6	long_note_starts_on_beat	0	4	4	1	1,2,3	B4	
100_gi_piansi_nel_dolore	data/cpdl/5-voices/reductions/string_quartet/100_gi_piansi_nel_dolore.musicxml	Violin II	8	rest_starts_on_beat_crosses_later_beat	0	3/2	3/2	1	1	rest	
100_gi_piansi_nel_dolore	data/cpdl/5-voices/reductions/string_quartet/100_gi_piansi_nel_dolore.musicxml	Violin II	8	long_note_starts_on_beat	2	2	4	1	3	C5	
100_gi_piansi_nel_dolore	data/cpdl/5-voices/reductions/string_quartet/100_gi_piansi_nel_dolore.musicxml	Violin II	9	long_note_starts_on_beat	1	2	3	1	2	B4	
100_gi_piansi_nel_dolore	data/cpdl/5-voices/reductions/string_quartet/100_gi_piansi_nel_dolore.musicxml	Violin II	10	long_note_starts_on_beat	2	2	4	1	3	G4	
100_gi_piansi_nel_dolore	data/cpdl/5-voices/reductions/string_quartet/100_gi_piansi_nel_dolore.musicxml	Violin II	11	long_note_starts_on_beat	1	2	3	1	2	G4	
100_gi_piansi_nel_dolore	data/cpdl/5-voices/reductions/string_quartet/100_gi_piansi_nel_dolore.musicxml	Violin II	14	long_note_starts_on_beat	0	2	2	1	1	B4	
100_gi_piansi_nel_dolore	data/cpdl/5-voices/reductions/string_quartet/100_gi_piansi_nel_dolore.musicxml	Violin II	15	long_note_starts_on_beat	2	2	4	1	3	G4	
100_gi_piansi_nel_dolore	data/cpdl/5-voices/reductions/string_quartet/100_gi_piansi_nel_dolore.musicxml	Violin II	16	long_note_starts_on_beat	2	2	4	1	3	E4	
100_gi_piansi_nel_dolore	data/cpdl/5-voices/reductions/string_quartet/100_gi_piansi_nel_dolore.musicxml	Violin II	17	long_note_starts_on_beat	0	2	2	1	1	F#4	
100_gi_piansi_nel_dolore	data/cpdl/5-voices/reductions/string_quartet/100_gi_piansi_nel_dolore.musicxml	Violin II	17	rest_starts_on_beat_crosses_later_beat	2	2	4	1	3	rest	
100_gi_piansi_nel_dolore	data/cpdl/5-voices/reductions/string_quartet/100_gi_piansi_nel_dolore.musicxml	Violin II	19	long_note_starts_on_beat	0	2	2	1	1	D4	
100_gi_piansi_nel_dolore	data/cpdl/5-voices/reductions/string_quartet/100_gi_piansi_nel_dolore.musicxml	Violin II	20	long_note_starts_on_beat	2	2	4	1	3	C4	
100_gi_piansi_nel_dolore	data/cpdl/5-voices/reductions/string_quartet/100_gi_piansi_nel_dolore.musicxml	Violin II	21	long_note_starts_on_beat	0	2	2	1	1	B3	
100_gi_piansi_nel_dolore	data/cpdl/5-voices/reductions/string_quartet/100_gi_piansi_nel_dolore.musicxml	Violin II	21	long_note_starts_on_beat	2	2	4	1	3	E4	
100_gi_piansi_nel_dolore	data/cpdl/5-voices/reductions/string_quartet/100_gi_piansi_nel_dolore.musicxml	Violin II	23	long_note_starts_on_beat	0	2	2	1	1	D4	
100_gi_piansi_nel_dolore	data/cpdl/5-voices/reductions/string_quartet/100_gi_piansi_nel_dolore.musicxml	Violin II	24	long_note_starts_on_beat	2	2	4	1	3	C4	
100_gi_piansi_nel_dolore	data/cpdl/5-voices/reductions/string_quartet/100_gi_piansi_nel_dolore.musicxml	Violin II	25	long_note_starts_on_beat	0	2	2	1	1	B3	
100_gi_piansi_nel_dolore	data/cpdl/5-voices/reductions/string_quartet/100_gi_piansi_nel_dolore.musicxml	Violin II	25	long_note_starts_on_beat	2	2	4	1	3	E4	
100_gi_piansi_nel_dolore	data/cpdl/5-voices/reductions/string_quartet/100_gi_piansi_nel_dolore.musicxml	Violin II	26	rest_starts_on_beat_crosses_later_beat	0	3/2	3/2	1	1	rest	
100_gi_piansi_nel_dolore	data/cpdl/5-voices/reductions/string_quartet/100_gi_piansi_nel_dolore.musicxml	Violin II	27	rest_crosses_beat	5/4	7/4	3	1	2	rest	
100_gi_piansi_nel_dolore	data/cpdl/5-voices/reductions/string_quartet/100_gi_piansi_nel_dolore.musicxml	Violin II	28	long_note_starts_on_beat	0	2	2	1	1	F#4	
100_gi_piansi_nel_dolore	data/cpdl/5-voices/reductions/string_quartet/100_gi_piansi_nel_dolore.musicxml	Violin II	28	long_note_starts_on_beat	2	2	4	1	3	D4	
100_gi_piansi_nel_dolore	data/cpdl/5-voices/reductions/string_quartet/100_gi_piansi_nel_dolore.musicxml	Violin II	29	long_note_starts_on_beat	0	2	2	1	1	D#4	
100_gi_piansi_nel_dolore	data/cpdl/5-voices/reductions/string_quartet/100_gi_piansi_nel_dolore.musicxml	Violin II	29	long_note_starts_on_beat	2	2	4	1	3	E4	
100_gi_piansi_nel_dolore	data/cpdl/5-voices/reductions/string_quartet/100_gi_piansi_nel_dolore.musicxml	Violin II	30	long_note_starts_on_beat	0	2	2	1	1	E-4	
100_gi_piansi_nel_dolore	data/cpdl/5-voices/reductions/string_quartet/100_gi_piansi_nel_dolore.musicxml	Violin II	30	long_note_starts_on_beat	2	2	4	1	3	E-4	
100_gi_piansi_nel_dolore	data/cpdl/5-voices/reductions/string_quartet/100_gi_piansi_nel_dolore.musicxml	Violin II	31	long_note_starts_on_beat	2	2	4	1	3	C4	start
100_gi_piansi_nel_dolore	data/cpdl/5-voices/reductions/string_quartet/100_gi_piansi_nel_dolore.musicxml	Violin II	32	long_note_starts_on_beat	2	2	4	1	3	B3	start
100_gi_piansi_nel_dolore	data/cpdl/5-voices/reductions/string_quartet/100_gi_piansi_nel_dolore.musicxml	Violin II	33	long_note_starts_on_beat	0	2	2	1	1	B3	stop
100_gi_piansi_nel_dolore	data/cpdl/5-voices/reductions/string_quartet/100_gi_piansi_nel_dolore.musicxml	Violin II	33	long_note_starts_on_beat	2	2	4	1	3	B3	
100_gi_piansi_nel_dolore	data/cpdl/5-voices/reductions/string_quartet/100_gi_piansi_nel_dolore.musicxml	Violin II	34	long_note_starts_on_beat	0	4	4	1	1,2,3	C4	start
100_gi_piansi_nel_dolore	data/cpdl/5-voices/reductions/string_quartet/100_gi_piansi_nel_dolore.musicxml	Violin II	35	long_note_starts_on_beat	0	2	2	1	1	C4	stop
100_gi_piansi_nel_dolore	data/cpdl/5-voices/reductions/string_quartet/100_gi_piansi_nel_dolore.musicxml	Violin II	36	long_note_starts_on_beat	0	3/2	3/2	1	1	D5	
100_gi_piansi_nel_dolore	data/cpdl/5-voices/reductions/string_quartet/100_gi_piansi_nel_dolore.musicxml	Violin II	36	long_note_starts_on_beat	2	2	4	1	3	D5	
100_gi_piansi_nel_dolore	data/cpdl/5-voices/reductions/string_quartet/100_gi_piansi_nel_dolore.musicxml	Violin II	37	long_note_starts_on_beat	2	2	4	1	3	C5	
100_gi_piansi_nel_dolore	data/cpdl/5-voices/reductions/string_quartet/100_gi_piansi_nel_dolore.musicxml	Violin II	38	long_note_starts_on_beat	0	4	4	1	1,2,3	B4	start
100_gi_piansi_nel_dolore	data/cpdl/5-voices/reductions/string_quartet/100_gi_piansi_nel_dolore.musicxml	Violin II	39	long_note_starts_on_beat	0	4	4	1	1,2,3	B4	stop
100_gi_piansi_nel_dolore	data/cpdl/5-voices/reductions/string_quartet/100_gi_piansi_nel_dolore.musicxml	Violin II	41	long_note_starts_on_beat	0	2	2	1	1	G#4	
100_gi_piansi_nel_dolore	data/cpdl/5-voices/reductions/string_quartet/100_gi_piansi_nel_dolore.musicxml	Violin II	41	long_note_starts_on_beat	2	2	4	1	3	F4	
100_gi_piansi_nel_dolore	data/cpdl/5-voices/reductions/string_quartet/100_gi_piansi_nel_dolore.musicxml	Violin II	43	long_note_starts_on_beat	0	2	2	1	1	D4	
100_gi_piansi_nel_dolore	data/cpdl/5-voices/reductions/string_quartet/100_gi_piansi_nel_dolore.musicxml	Violin II	46	long_note_starts_on_beat	2	3/2	7/2	1	3	E4	
100_gi_piansi_nel_dolore	data/cpdl/5-voices/reductions/string_quartet/100_gi_piansi_nel_dolore.musicxml	Violin II	47	long_note_starts_on_beat	0	2	2	1	1	G4	
100_gi_piansi_nel_dolore	data/cpdl/5-voices/reductions/string_quartet/100_gi_piansi_nel_dolore.musicxml	Violin II	47	long_note_starts_on_beat	2	2	4	1	3	E4	
100_gi_piansi_nel_dolore	data/cpdl/5-voices/reductions/string_quartet/100_gi_piansi_nel_dolore.musicxml	Violin II	50	long_note_starts_on_beat	1	2	3	1	2	G4	
100_gi_piansi_nel_dolore	data/cpdl/5-voices/reductions/string_quartet/100_gi_piansi_nel_dolore.musicxml	Violin II	51	long_note_starts_on_beat	0	2	2	1	1	F4	
100_gi_piansi_nel_dolore	data/cpdl/5-voices/reductions/string_quartet/100_gi_piansi_nel_dolore.musicxml	Violin II	53	long_note_starts_on_beat	2	2	4	1	3	G4	
100_gi_piansi_nel_dolore	data/cpdl/5-voices/reductions/string_quartet/100_gi_piansi_nel_dolore.musicxml	Violin II	56	long_note_starts_on_beat	0	3/2	3/2	1	1	B3	
100_gi_piansi_nel_dolore	data/cpdl/5-voices/reductions/string_quartet/100_gi_piansi_nel_dolore.musicxml	Violin II	57	long_note_starts_on_beat	2	2	4	1	3	D4	
100_gi_piansi_nel_dolore	data/cpdl/5-voices/reductions/string_quartet/100_gi_piansi_nel_dolore.musicxml	Violin II	58	long_note_starts_on_beat	0	4	4	1	1,2,3	C5	
100_gi_piansi_nel_dolore	data/cpdl/5-voices/reductions/string_quartet/100_gi_piansi_nel_dolore.musicxml	Viola	2	long_note_starts_on_beat	0	2	2	1	1	G3	stop
100_gi_piansi_nel_dolore	data/cpdl/5-voices/reductions/string_quartet/100_gi_piansi_nel_dolore.musicxml	Viola	2	long_note_starts_on_beat	2	2	4	1	3	B-3	start
100_gi_piansi_nel_dolore	data/cpdl/5-voices/reductions/string_quartet/100_gi_piansi_nel_dolore.musicxml	Viola	3	long_note_starts_on_beat	0	2	2	1	1	B-3	stop
100_gi_piansi_nel_dolore	data/cpdl/5-voices/reductions/string_quartet/100_gi_piansi_nel_dolore.musicxml	Viola	3	long_note_starts_on_beat	2	2	4	1	3	A3	
100_gi_piansi_nel_dolore	data/cpdl/5-voices/reductions/string_quartet/100_gi_piansi_nel_dolore.musicxml	Viola	4	long_note_starts_on_beat	0	2	2	1	1	A3	
100_gi_piansi_nel_dolore	data/cpdl/5-voices/reductions/string_quartet/100_gi_piansi_nel_dolore.musicxml	Viola	4	long_note_starts_on_beat	2	2	4	1	3	D4	
100_gi_piansi_nel_dolore	data/cpdl/5-voices/reductions/string_quartet/100_gi_piansi_nel_dolore.musicxml	Viola	5	long_note_starts_on_beat	0	4	4	1	1,2,3	C#4	
100_gi_piansi_nel_dolore	data/cpdl/5-voices/reductions/string_quartet/100_gi_piansi_nel_dolore.musicxml	Viola	6	long_note_starts_on_beat	0	4	4	1	1,2,3	G#4	
100_gi_piansi_nel_dolore	data/cpdl/5-voices/reductions/string_quartet/100_gi_piansi_nel_dolore.musicxml	Viola	7	rest_starts_on_beat_crosses_later_beat	0	2	2	1	1	rest	
100_gi_piansi_nel_dolore	data/cpdl/5-voices/reductions/string_quartet/100_gi_piansi_nel_dolore.musicxml	Viola	8	rest_crosses_beat	11/4	1	15/4	1	3	rest	
100_gi_piansi_nel_dolore	data/cpdl/5-voices/reductions/string_quartet/100_gi_piansi_nel_dolore.musicxml	Viola	9	long_note_starts_on_beat	0	2	2	1	1	C4	
100_gi_piansi_nel_dolore	data/cpdl/5-voices/reductions/string_quartet/100_gi_piansi_nel_dolore.musicxml	Viola	15	long_note_starts_on_beat	2	2	4	1	3	B4	
100_gi_piansi_nel_dolore	data/cpdl/5-voices/reductions/string_quartet/100_gi_piansi_nel_dolore.musicxml	Viola	17	long_note_starts_on_beat	0	2	2	1	1	A4	
100_gi_piansi_nel_dolore	data/cpdl/5-voices/reductions/string_quartet/100_gi_piansi_nel_dolore.musicxml	Viola	17	rest_starts_on_beat_crosses_later_beat	2	2	4	1	3	rest	
100_gi_piansi_nel_dolore	data/cpdl/5-voices/reductions/string_quartet/100_gi_piansi_nel_dolore.musicxml	Viola	19	long_note_starts_on_beat	0	2	2	1	1	B4	
100_gi_piansi_nel_dolore	data/cpdl/5-voices/reductions/string_quartet/100_gi_piansi_nel_dolore.musicxml	Viola	19	long_note_starts_on_beat	2	2	4	1	3	C5	
100_gi_piansi_nel_dolore	data/cpdl/5-voices/reductions/string_quartet/100_gi_piansi_nel_dolore.musicxml	Viola	20	long_note_starts_on_beat	2	2	4	1	3	A4	start
100_gi_piansi_nel_dolore	data/cpdl/5-voices/reductions/string_quartet/100_gi_piansi_nel_dolore.musicxml	Viola	21	long_note_starts_on_beat	0	2	2	1	1	A4	stop
100_gi_piansi_nel_dolore	data/cpdl/5-voices/reductions/string_quartet/100_gi_piansi_nel_dolore.musicxml	Viola	21	long_note_starts_on_beat	2	2	4	1	3	G#4	
100_gi_piansi_nel_dolore	data/cpdl/5-voices/reductions/string_quartet/100_gi_piansi_nel_dolore.musicxml	Viola	23	long_note_starts_on_beat	0	2	2	1	1	B4	
100_gi_piansi_nel_dolore	data/cpdl/5-voices/reductions/string_quartet/100_gi_piansi_nel_dolore.musicxml	Viola	23	long_note_starts_on_beat	2	2	4	1	3	C5	
100_gi_piansi_nel_dolore	data/cpdl/5-voices/reductions/string_quartet/100_gi_piansi_nel_dolore.musicxml	Viola	24	long_note_starts_on_beat	2	2	4	1	3	A4	start
100_gi_piansi_nel_dolore	data/cpdl/5-voices/reductions/string_quartet/100_gi_piansi_nel_dolore.musicxml	Viola	25	long_note_starts_on_beat	0	2	2	1	1	A4	stop
100_gi_piansi_nel_dolore	data/cpdl/5-voices/reductions/string_quartet/100_gi_piansi_nel_dolore.musicxml	Viola	25	long_note_starts_on_beat	2	2	4	1	3	G#4	
100_gi_piansi_nel_dolore	data/cpdl/5-voices/reductions/string_quartet/100_gi_piansi_nel_dolore.musicxml	Viola	27	long_note_starts_on_beat	0	3	3	1	1,2	G4	
100_gi_piansi_nel_dolore	data/cpdl/5-voices/reductions/string_quartet/100_gi_piansi_nel_dolore.musicxml	Viola	28	long_note_starts_on_beat	0	3	3	1	1,2	B4	
100_gi_piansi_nel_dolore	data/cpdl/5-voices/reductions/string_quartet/100_gi_piansi_nel_dolore.musicxml	Viola	29	long_note_starts_on_beat	0	2	2	1	1	B3	
100_gi_piansi_nel_dolore	data/cpdl/5-voices/reductions/string_quartet/100_gi_piansi_nel_dolore.musicxml	Viola	29	long_note_starts_on_beat	2	2	4	1	3	G3	
100_gi_piansi_nel_dolore	data/cpdl/5-voices/reductions/string_quartet/100_gi_piansi_nel_dolore.musicxml	Viola	30	long_note_starts_on_beat	0	2	2	1	1	F#3	
100_gi_piansi_nel_dolore	data/cpdl/5-voices/reductions/string_quartet/100_gi_piansi_nel_dolore.musicxml	Viola	30	long_note_starts_on_beat	2	2	4	1	3	F#3	
100_gi_piansi_nel_dolore	data/cpdl/5-voices/reductions/string_quartet/100_gi_piansi_nel_dolore.musicxml	Viola	31	rest_starts_on_beat_crosses_later_beat	0	3/2	3/2	1	1	rest	
100_gi_piansi_nel_dolore	data/cpdl/5-voices/reductions/string_quartet/100_gi_piansi_nel_dolore.musicxml	Viola	32	long_note_starts_on_beat	0	3/2	3/2	1	1	F4	
100_gi_piansi_nel_dolore	data/cpdl/5-voices/reductions/string_quartet/100_gi_piansi_nel_dolore.musicxml	Viola	33	long_note_starts_on_beat	2	2	4	1	3	D4	
100_gi_piansi_nel_dolore	data/cpdl/5-voices/reductions/string_quartet/100_gi_piansi_nel_dolore.musicxml	Viola	34	long_note_starts_on_beat	0	4	4	1	1,2,3	E4	
100_gi_piansi_nel_dolore	data/cpdl/5-voices/reductions/string_quartet/100_gi_piansi_nel_dolore.musicxml	Viola	35	long_note_starts_on_beat	0	4	4	1	1,2,3	G3	
100_gi_piansi_nel_dolore	data/cpdl/5-voices/reductions/string_quartet/100_gi_piansi_nel_dolore.musicxml	Viola	36	long_note_starts_on_beat	0	2	2	1	1	G4	
100_gi_piansi_nel_dolore	data/cpdl/5-voices/reductions/string_quartet/100_gi_piansi_nel_dolore.musicxml	Viola	36	long_note_starts_on_beat	2	2	4	1	3	G4	
100_gi_piansi_nel_dolore	data/cpdl/5-voices/reductions/string_quartet/100_gi_piansi_nel_dolore.musicxml	Viola	37	long_note_starts_on_beat	0	2	2	1	1	G4	
100_gi_piansi_nel_dolore	data/cpdl/5-voices/reductions/string_quartet/100_gi_piansi_nel_dolore.musicxml	Viola	37	long_note_starts_on_beat	2	2	4	1	3	G4	start
100_gi_piansi_nel_dolore	data/cpdl/5-voices/reductions/string_quartet/100_gi_piansi_nel_dolore.musicxml	Viola	38	long_note_starts_on_beat	2	2	4	1	3	F4	
100_gi_piansi_nel_dolore	data/cpdl/5-voices/reductions/string_quartet/100_gi_piansi_nel_dolore.musicxml	Viola	41	long_note_starts_on_beat	0	2	2	1	1	C#5	
100_gi_piansi_nel_dolore	data/cpdl/5-voices/reductions/string_quartet/100_gi_piansi_nel_dolore.musicxml	Viola	41	long_note_starts_on_beat	2	2	4	1	3	C#4	
100_gi_piansi_nel_dolore	data/cpdl/5-voices/reductions/string_quartet/100_gi_piansi_nel_dolore.musicxml	Viola	43	long_note_starts_on_beat	0	2	2	1	1	B3	
100_gi_piansi_nel_dolore	data/cpdl/5-voices/reductions/string_quartet/100_gi_piansi_nel_dolore.musicxml	Viola	47	rest_crosses_beat	5/2	3/2	4	1	3	rest	
100_gi_piansi_nel_dolore	data/cpdl/5-voices/reductions/string_quartet/100_gi_piansi_nel_dolore.musicxml	Viola	48	long_note_starts_on_beat	1	2	3	1	2	B4	
100_gi_piansi_nel_dolore	data/cpdl/5-voices/reductions/string_quartet/100_gi_piansi_nel_dolore.musicxml	Viola	50	rest_crosses_beat	3/2	2	7/2	1	2,3	rest	
100_gi_piansi_nel_dolore	data/cpdl/5-voices/reductions/string_quartet/100_gi_piansi_nel_dolore.musicxml	Viola	54	long_note_starts_on_beat	2	2	4	1	3	D4	
100_gi_piansi_nel_dolore	data/cpdl/5-voices/reductions/string_quartet/100_gi_piansi_nel_dolore.musicxml	Viola	56	long_note_starts_on_beat	2	2	4	1	3	C5	start
100_gi_piansi_nel_dolore	data/cpdl/5-voices/reductions/string_quartet/100_gi_piansi_nel_dolore.musicxml	Viola	57	long_note_starts_on_beat	2	2	4	1	3	B4	
100_gi_piansi_nel_dolore	data/cpdl/5-voices/reductions/string_quartet/100_gi_piansi_nel_dolore.musicxml	Viola	58	long_note_starts_on_beat	0	4	4	1	1,2,3	G4	
100_gi_piansi_nel_dolore	data/cpdl/5-voices/reductions/string_quartet/100_gi_piansi_nel_dolore.musicxml	Violoncello	1	long_note_starts_on_beat	0	4	4	2	2	C3	
100_gi_piansi_nel_dolore	data/cpdl/5-voices/reductions/string_quartet/100_gi_piansi_nel_dolore.musicxml	Violoncello	2	long_note_starts_on_beat	0	3	3	1	1,2	C3	
100_gi_piansi_nel_dolore	data/cpdl/5-voices/reductions/string_quartet/100_gi_piansi_nel_dolore.musicxml	Violoncello	3	long_note_starts_on_beat	0	4	4	1	1,2,3	C3	start
100_gi_piansi_nel_dolore	data/cpdl/5-voices/reductions/string_quartet/100_gi_piansi_nel_dolore.musicxml	Violoncello	4	long_note_starts_on_beat	0	2	2	1	1	C3	stop
100_gi_piansi_nel_dolore	data/cpdl/5-voices/reductions/string_quartet/100_gi_piansi_nel_dolore.musicxml	Violoncello	4	long_note_starts_on_beat	2	2	4	1	3	B2	
100_gi_piansi_nel_dolore	data/cpdl/5-voices/reductions/string_quartet/100_gi_piansi_nel_dolore.musicxml	Violoncello	5	long_note_starts_on_beat	0	4	4	1	1,2,3	F#3	
100_gi_piansi_nel_dolore	data/cpdl/5-voices/reductions/string_quartet/100_gi_piansi_nel_dolore.musicxml	Violoncello	6	long_note_starts_on_beat	0	4	4	1	1,2,3	E3	
100_gi_piansi_nel_dolore	data/cpdl/5-voices/reductions/string_quartet/100_gi_piansi_nel_dolore.musicxml	Violoncello	7	rest_starts_on_beat_crosses_later_beat	0	3	3	1	1,2	rest	
100_gi_piansi_nel_dolore	data/cpdl/5-voices/reductions/string_quartet/100_gi_piansi_nel_dolore.musicxml	Violoncello	8	rest_starts_on_beat_crosses_later_beat	0	2	2	1	1	rest	
100_gi_piansi_nel_dolore	data/cpdl/5-voices/reductions/string_quartet/100_gi_piansi_nel_dolore.musicxml	Violoncello	8	rest_crosses_beat	11/4	1	15/4	1	3	rest	
100_gi_piansi_nel_dolore	data/cpdl/5-voices/reductions/string_quartet/100_gi_piansi_nel_dolore.musicxml	Violoncello	9	long_note_starts_on_beat	0	2	2	1	1	C3	
100_gi_piansi_nel_dolore	data/cpdl/5-voices/reductions/string_quartet/100_gi_piansi_nel_dolore.musicxml	Violoncello	11	long_note_starts_on_beat	0	3	3	1	1,2	G3	
100_gi_piansi_nel_dolore	data/cpdl/5-voices/reductions/string_quartet/100_gi_piansi_nel_dolore.musicxml	Violoncello	12	long_note_starts_on_beat	1	2	3	1	2	E3	
100_gi_piansi_nel_dolore	data/cpdl/5-voices/reductions/string_quartet/100_gi_piansi_nel_dolore.musicxml	Violoncello	14	long_note_starts_on_beat	0	3	3	1	1,2	G3	
100_gi_piansi_nel_dolore	data/cpdl/5-voices/reductions/string_quartet/100_gi_piansi_nel_dolore.musicxml	Violoncello	15	long_note_starts_on_beat	0	3	3	1	1,2	E3	
100_gi_piansi_nel_dolore	data/cpdl/5-voices/reductions/string_quartet/100_gi_piansi_nel_dolore.musicxml	Violoncello	16	long_note_starts_on_beat	0	4	4	1	1,2,3	A3	
100_gi_piansi_nel_dolore	data/cpdl/5-voices/reductions/string_quartet/100_gi_piansi_nel_dolore.musicxml	Violoncello	17	long_note_starts_on_beat	0	2	2	1	1	D3	
100_gi_piansi_nel_dolore	data/cpdl/5-voices/reductions/string_quartet/100_gi_piansi_nel_dolore.musicxml	Violoncello	17	rest_starts_on_beat_crosses_later_beat	2	2	4	1	3	rest	
100_gi_piansi_nel_dolore	data/cpdl/5-voices/reductions/string_quartet/100_gi_piansi_nel_dolore.musicxml	Violoncello	18	long_note_starts_on_beat	0	3/2	3/2	1	1	G3	
100_gi_piansi_nel_dolore	data/cpdl/5-voices/reductions/string_quartet/100_gi_piansi_nel_dolore.musicxml	Violoncello	18	long_note_starts_on_beat	2	2	4	1	3	G3	start
100_gi_piansi_nel_dolore	data/cpdl/5-voices/reductions/string_quartet/100_gi_piansi_nel_dolore.musicxml	Violoncello	19	long_note_starts_on_beat	0	2	2	1	1	G3	stop
100_gi_piansi_nel_dolore	data/cpdl/5-voices/reductions/string_quartet/100_gi_piansi_nel_dolore.musicxml	Violoncello	19	long_note_starts_on_beat	2	2	4	1	3	E3	start
100_gi_piansi_nel_dolore	data/cpdl/5-voices/reductions/string_quartet/100_gi_piansi_nel_dolore.musicxml	Violoncello	20	long_note_starts_on_beat	0	2	2	1	1	E3	stop
100_gi_piansi_nel_dolore	data/cpdl/5-voices/reductions/string_quartet/100_gi_piansi_nel_dolore.musicxml	Violoncello	20	long_note_starts_on_beat	2	2	4	1	3	E3	
100_gi_piansi_nel_dolore	data/cpdl/5-voices/reductions/string_quartet/100_gi_piansi_nel_dolore.musicxml	Violoncello	21	long_note_starts_on_beat	0	2	2	1	1	E3	
100_gi_piansi_nel_dolore	data/cpdl/5-voices/reductions/string_quartet/100_gi_piansi_nel_dolore.musicxml	Violoncello	21	long_note_starts_on_beat	2	2	4	1	3	E3	
100_gi_piansi_nel_dolore	data/cpdl/5-voices/reductions/string_quartet/100_gi_piansi_nel_dolore.musicxml	Violoncello	22	long_note_starts_on_beat	0	3/2	3/2	1	1	G3	
100_gi_piansi_nel_dolore	data/cpdl/5-voices/reductions/string_quartet/100_gi_piansi_nel_dolore.musicxml	Violoncello	22	long_note_starts_on_beat	2	2	4	1	3	G3	start
100_gi_piansi_nel_dolore	data/cpdl/5-voices/reductions/string_quartet/100_gi_piansi_nel_dolore.musicxml	Violoncello	23	long_note_starts_on_beat	0	2	2	1	1	G3	stop
100_gi_piansi_nel_dolore	data/cpdl/5-voices/reductions/string_quartet/100_gi_piansi_nel_dolore.musicxml	Violoncello	23	long_note_starts_on_beat	2	2	4	1	3	E3	start
100_gi_piansi_nel_dolore	data/cpdl/5-voices/reductions/string_quartet/100_gi_piansi_nel_dolore.musicxml	Violoncello	24	long_note_starts_on_beat	0	2	2	1	1	E3	stop
100_gi_piansi_nel_dolore	data/cpdl/5-voices/reductions/string_quartet/100_gi_piansi_nel_dolore.musicxml	Violoncello	24	long_note_starts_on_beat	2	2	4	1	3	E3	
100_gi_piansi_nel_dolore	data/cpdl/5-voices/reductions/string_quartet/100_gi_piansi_nel_dolore.musicxml	Violoncello	25	long_note_starts_on_beat	0	2	2	1	1	E3	
100_gi_piansi_nel_dolore	data/cpdl/5-voices/reductions/string_quartet/100_gi_piansi_nel_dolore.musicxml	Violoncello	25	long_note_starts_on_beat	2	2	4	1	3	E3	
100_gi_piansi_nel_dolore	data/cpdl/5-voices/reductions/string_quartet/100_gi_piansi_nel_dolore.musicxml	Violoncello	26	rest_starts_on_beat_crosses_later_beat	0	3	3	1	1,2	rest	
100_gi_piansi_nel_dolore	data/cpdl/5-voices/reductions/string_quartet/100_gi_piansi_nel_dolore.musicxml	Violoncello	27	long_note_starts_on_beat	0	2	2	1	1	E3	
100_gi_piansi_nel_dolore	data/cpdl/5-voices/reductions/string_quartet/100_gi_piansi_nel_dolore.musicxml	Violoncello	28	long_note_starts_on_beat	0	2	2	1	1	D3	
100_gi_piansi_nel_dolore	data/cpdl/5-voices/reductions/string_quartet/100_gi_piansi_nel_dolore.musicxml	Violoncello	28	long_note_starts_on_beat	2	2	4	1	3	B2	
100_gi_piansi_nel_dolore	data/cpdl/5-voices/reductions/string_quartet/100_gi_piansi_nel_dolore.musicxml	Violoncello	29	long_note_starts_on_beat	0	4	4	1	1,2,3	B2	
100_gi_piansi_nel_dolore	data/cpdl/5-voices/reductions/string_quartet/100_gi_piansi_nel_dolore.musicxml	Violoncello	30	long_note_starts_on_beat	0	4	4	1	1,2,3	B2	
100_gi_piansi_nel_dolore	data/cpdl/5-voices/reductions/string_quartet/100_gi_piansi_nel_dolore.musicxml	Violoncello	31	rest_starts_on_beat_crosses_later_beat	0	3/2	3/2	1	1	rest	
100_gi_piansi_nel_dolore	data/cpdl/5-voices/reductions/string_quartet/100_gi_piansi_nel_dolore.musicxml	Violoncello	32	long_note_starts_on_beat	2	2	4	1	3	G3	start
100_gi_piansi_nel_dolore	data/cpdl/5-voices/reductions/string_quartet/100_gi_piansi_nel_dolore.musicxml	Violoncello	33	long_note_starts_on_beat	0	2	2	1	1	G3	stop
100_gi_piansi_nel_dolore	data/cpdl/5-voices/reductions/string_quartet/100_gi_piansi_nel_dolore.musicxml	Violoncello	33	long_note_starts_on_beat	2	2	4	1	3	G3	start
100_gi_piansi_nel_dolore	data/cpdl/5-voices/reductions/string_quartet/100_gi_piansi_nel_dolore.musicxml	Violoncello	34	long_note_starts_on_beat	2	2	4	1	3	F3	
100_gi_piansi_nel_dolore	data/cpdl/5-voices/reductions/string_quartet/100_gi_piansi_nel_dolore.musicxml	Violoncello	35	long_note_starts_on_beat	0	4	4	1	1,2,3	E3	
100_gi_piansi_nel_dolore	data/cpdl/5-voices/reductions/string_quartet/100_gi_piansi_nel_dolore.musicxml	Violoncello	36	long_note_starts_on_beat	0	4	4	1	1,2,3	B2	start
100_gi_piansi_nel_dolore	data/cpdl/5-voices/reductions/string_quartet/100_gi_piansi_nel_dolore.musicxml	Violoncello	37	long_note_starts_on_beat	0	2	2	1	1	B2	stop
100_gi_piansi_nel_dolore	data/cpdl/5-voices/reductions/string_quartet/100_gi_piansi_nel_dolore.musicxml	Violoncello	37	long_note_starts_on_beat	2	2	4	1	3	E3	
100_gi_piansi_nel_dolore	data/cpdl/5-voices/reductions/string_quartet/100_gi_piansi_nel_dolore.musicxml	Violoncello	38	long_note_starts_on_beat	0	2	2	1	1	G3	
100_gi_piansi_nel_dolore	data/cpdl/5-voices/reductions/string_quartet/100_gi_piansi_nel_dolore.musicxml	Violoncello	39	long_note_starts_on_beat	0	4	4	1	1,2,3	G#3	
100_gi_piansi_nel_dolore	data/cpdl/5-voices/reductions/string_quartet/100_gi_piansi_nel_dolore.musicxml	Violoncello	40	long_note_starts_on_beat	0	4	4	1	1,2,3	C#3	start
100_gi_piansi_nel_dolore	data/cpdl/5-voices/reductions/string_quartet/100_gi_piansi_nel_dolore.musicxml	Violoncello	41	long_note_starts_on_beat	0	4	4	1	1,2,3	C#3	stop
100_gi_piansi_nel_dolore	data/cpdl/5-voices/reductions/string_quartet/100_gi_piansi_nel_dolore.musicxml	Violoncello	43	long_note_starts_on_beat	0	2	2	1	1	B2	
100_gi_piansi_nel_dolore	data/cpdl/5-voices/reductions/string_quartet/100_gi_piansi_nel_dolore.musicxml	Violoncello	48	long_note_starts_on_beat	2	2	4	1	3	G3	start
100_gi_piansi_nel_dolore	data/cpdl/5-voices/reductions/string_quartet/100_gi_piansi_nel_dolore.musicxml	Violoncello	49	long_note_starts_on_beat	0	2	2	1	1	G3	stop
100_gi_piansi_nel_dolore	data/cpdl/5-voices/reductions/string_quartet/100_gi_piansi_nel_dolore.musicxml	Violoncello	49	long_note_starts_on_beat	2	2	4	1	3	D3	
100_gi_piansi_nel_dolore	data/cpdl/5-voices/reductions/string_quartet/100_gi_piansi_nel_dolore.musicxml	Violoncello	50	rest_crosses_beat	3/2	2	7/2	1	2,3	rest	
100_gi_piansi_nel_dolore	data/cpdl/5-voices/reductions/string_quartet/100_gi_piansi_nel_dolore.musicxml	Violoncello	54	long_note_starts_on_beat	1	2	3	1	2	A3	
100_gi_piansi_nel_dolore	data/cpdl/5-voices/reductions/string_quartet/100_gi_piansi_nel_dolore.musicxml	Violoncello	55	long_note_starts_on_beat	0	4	4	1	1,2,3	G3	
100_gi_piansi_nel_dolore	data/cpdl/5-voices/reductions/string_quartet/100_gi_piansi_nel_dolore.musicxml	Violoncello	56	long_note_starts_on_beat	0	4	4	1	1,2,3	G3	start
100_gi_piansi_nel_dolore	data/cpdl/5-voices/reductions/string_quartet/100_gi_piansi_nel_dolore.musicxml	Violoncello	57	long_note_starts_on_beat	0	4	4	1	1,2,3	G3	stop
100_gi_piansi_nel_dolore	data/cpdl/5-voices/reductions/string_quartet/100_gi_piansi_nel_dolore.musicxml	Violoncello	58	long_note_starts_on_beat	0	4	4	1	1,2,3	C3	
147_s_io_non_miro_non_moro	data/cpdl/5-voices/reductions/string_quartet/147_s_io_non_miro_non_moro.musicxml	Violin I	1	long_note_starts_on_beat	2	3	5	2	4	D5	
147_s_io_non_miro_non_moro	data/cpdl/5-voices/reductions/string_quartet/147_s_io_non_miro_non_moro.musicxml	Violin I	2	long_note_starts_on_beat	6	4	10	2	8	C5	
147_s_io_non_miro_non_moro	data/cpdl/5-voices/reductions/string_quartet/147_s_io_non_miro_non_moro.musicxml	Violin I	3	long_note_starts_on_beat	0	4	4	2	2	E5	
147_s_io_non_miro_non_moro	data/cpdl/5-voices/reductions/string_quartet/147_s_io_non_miro_non_moro.musicxml	Violin I	4	long_note_starts_on_beat	2	3	5	1	3,4	D5	
147_s_io_non_miro_non_moro	data/cpdl/5-voices/reductions/string_quartet/147_s_io_non_miro_non_moro.musicxml	Violin I	4	long_note_starts_on_beat	6	2	8	1	7	C5	
147_s_io_non_miro_non_moro	data/cpdl/5-voices/reductions/string_quartet/147_s_io_non_miro_non_moro.musicxml	Violin I	5	long_note_starts_on_beat	0	4	4	1	1,2,3	E5	
147_s_io_non_miro_non_moro	data/cpdl/5-voices/reductions/string_quartet/147_s_io_non_miro_non_moro.musicxml	Violin I	5	long_note_starts_on_beat	4	4	8	1	5,6,7	E5	
147_s_io_non_miro_non_moro	data/cpdl/5-voices/reductions/string_quartet/147_s_io_non_miro_non_moro.musicxml	Violin I	6	long_note_starts_on_beat	0	2	2	1	1	F#5	
147_s_io_non_miro_non_moro	data/cpdl/5-voices/reductions/string_quartet/147_s_io_non_miro_non_moro.musicxml	Violin I	6	long_note_starts_on_beat	2	2	4	1	3	D4	
147_s_io_non_miro_non_moro	data/cpdl/5-voices/reductions/string_quartet/147_s_io_non_miro_non_moro.musicxml	Violin I	6	long_note_starts_on_beat	4	2	6	1	5	D4	
147_s_io_non_miro_non_moro	data/cpdl/5-voices/reductions/string_quartet/147_s_io_non_miro_non_moro.musicxml	Violin I	7	long_note_starts_on_beat	0	4	4	1	1,2,3	G3	
147_s_io_non_miro_non_moro	data/cpdl/5-voices/reductions/string_quartet/147_s_io_non_miro_non_moro.musicxml	Violin I	7	rest_starts_on_beat_crosses_later_beat	4	2	6	1	5	rest	
147_s_io_non_miro_non_moro	data/cpdl/5-voices/reductions/string_quartet/147_s_io_non_miro_non_moro.musicxml	Violin I	7	long_note_starts_on_beat	6	2	8	1	7	B-4	start
147_s_io_non_miro_non_moro	data/cpdl/5-voices/reductions/string_quartet/147_s_io_non_miro_non_moro.musicxml	Violin I	8	long_note_starts_on_beat	0	2	2	1	1	B-4	stop
147_s_io_non_miro_non_moro	data/cpdl/5-voices/reductions/string_quartet/147_s_io_non_miro_non_moro.musicxml	Violin I	8	long_note_starts_on_beat	2	3	5	1	3,4	B-4	
147_s_io_non_miro_non_moro	data/cpdl/5-voices/reductions/string_quartet/147_s_io_non_miro_non_moro.musicxml	Violin I	8	long_note_starts_on_beat	5	2	7	1	6	D5	
147_s_io_non_miro_non_moro	data/cpdl/5-voices/reductions/string_quartet/147_s_io_non_miro_non_moro.musicxml	Violin I	10	long_note_starts_on_beat	1	3	4	1	2,3	F5	
147_s_io_non_miro_non_moro	data/cpdl/5-voices/reductions/string_quartet/147_s_io_non_miro_non_moro.musicxml	Violin I	11	long_note_starts_on_beat	0	4	4	2	2	D5	
147_s_io_non_miro_non_moro	data/cpdl/5-voices/reductions/string_quartet/147_s_io_non_miro_non_moro.musicxml	Violin I	12	long_note_starts_on_beat	0	4	4	1	1,2,3	G3	
147_s_io_non_miro_non_moro	data/cpdl/5-voices/reductions/string_quartet/147_s_io_non_miro_non_moro.musicxml	Violin I	12	rest_starts_on_beat_crosses_later_beat	4	2	6	1	5	rest	
147_s_io_non_miro_non_moro	data/cpdl/5-voices/reductions/string_quartet/147_s_io_non_miro_non_moro.musicxml	Violin I	12	long_note_starts_on_beat	6	4	10	1	7,8,9	B-4	
147_s_io_non_miro_non_moro	data/cpdl/5-voices/reductions/string_quartet/147_s_io_non_miro_non_moro.musicxml	Violin I	12	long_note_starts_on_beat	10	2	12	1	11	B-4	start
147_s_io_non_miro_non_moro	data/cpdl/5-voices/reductions/string_quartet/147_s_io_non_miro_non_moro.musicxml	Violin I	13	note_crosses_beat	1	2	3	2	2	D5	
147_s_io_non_miro_non_moro	data/cpdl/5-voices/reductions/string_quartet/147_s_io_non_miro_non_moro.musicxml	Violin I	14	long_note_starts_on_beat	2	2	4	1	3	A4	
147_s_io_non_miro_non_moro	data/cpdl/5-voices/reductions/string_quartet/147_s_io_non_miro_non_moro.musicxml	Violin I	15	note_crosses_beat	1	3	4	2	2	F5	
147_s_io_non_miro_non_moro	data/cpdl/5-voices/reductions/string_quartet/147_s_io_non_miro_non_moro.musicxml	Violin I	16	long_note_starts_on_beat	2	3	5	1	3,4	G5	
147_s_io_non_miro_non_moro	data/cpdl/5-voices/reductions/string_quartet/147_s_io_non_miro_non_moro.musicxml	Violin I	16	long_note_starts_on_beat	6	2	8	1	7	F5	
147_s_io_non_miro_non_moro	data/cpdl/5-voices/reductions/string_quartet/147_s_io_non_miro_non_moro.musicxml	Violin I	17	long_note_starts_on_beat	0	2	2	1	1	D5	
147_s_io_non_miro_non_moro	data/cpdl/5-voices/reductions/string_quartet/147_s_io_non_miro_non_moro.musicxml	Violin I	17	long_note_starts_on_beat	2	2	4	1	3	C4	
147_s_io_non_miro_non_moro	data/cpdl/5-voices/reductions/string_quartet/147_s_io_non_miro_non_moro.musicxml	Violin I	17	long_note_starts_on_beat	5	2	7	1	6	B-4	
147_s_io_non_miro_non_moro	data/cpdl/5-voices/reductions/string_quartet/147_s_io_non_miro_non_moro.musicxml	Violin I	18	long_note_starts_on_beat	1	2	3	1	2	A4	
147_s_io_non_miro_non_moro	data/cpdl/5-voices/reductions/string_quartet/147_s_io_non_miro_non_moro.musicxml	Violin I	18	long_note_starts_on_beat	4	2	6	1	5	F4	
147_s_io_non_miro_non_moro	data/cpdl/5-voices/reductions/string_quartet/147_s_io_non_miro_non_moro.musicxml	Violin I	18	long_note_starts_on_beat	6	2	8	1	7	F5	
147_s_io_non_miro_non_moro	data/cpdl/5-voices/reductions/string_quartet/147_s_io_non_miro_non_moro.musicxml	Violin I	19	note_crosses_beat	3	2	5	2	4	F5	
147_s_io_non_miro_non_moro	data/cpdl/5-voices/reductions/string_quartet/147_s_io_non_miro_non_moro.musicxml	Violin I	19	long_note_starts_on_beat	6	4	10	2	8	D5	
147_s_io_non_miro_non_moro	data/cpdl/5-voices/reductions/string_quartet/147_s_io_non_miro_non_moro.musicxml	Violin I	20	long_note_starts_on_beat	0	4	4	1	1,2,3	D5	
147_s_io_non_miro_non_moro	data/cpdl/5-voices/reductions/string_quartet/147_s_io_non_miro_non_moro.musicxml	Violin I	20	long_note_starts_on_beat	8	4	12	1	9,10,11	C4	
147_s_io_non_miro_non_moro	data/cpdl/5-voices/reductions/string_quartet/147_s_io_non_miro_non_moro.musicxml	Violin I	21	long_note_starts_on_beat	0	4	4	1	1,2,3	B-4	
147_s_io_non_miro_non_moro	data/cpdl/5-voices/reductions/string_quartet/147_s_io_non_miro_non_moro.musicxml	Violin I	21	long_note_starts_on_beat	6	2	8	1	7	C5	
147_s_io_non_miro_non_moro	data/cpdl/5-voices/reductions/string_quartet/147_s_io_non_miro_non_moro.musicxml	Violin I	21	long_note_starts_on_beat	8	4	12	1	9,10,11	B4	
147_s_io_non_miro_non_moro	data/cpdl/5-voices/reductions/string_quartet/147_s_io_non_miro_non_moro.musicxml	Violin I	23	long_note_starts_on_beat	0	2	2	1	1	A4	stop
147_s_io_non_miro_non_moro	data/cpdl/5-voices/reductions/string_quartet/147_s_io_non_miro_non_moro.musicxml	Violin I	23	long_note_starts_on_beat	4	3/2	11/2	1	5	F5	
147_s_io_non_miro_non_moro	data/cpdl/5-voices/reductions/string_quartet/147_s_io_non_miro_non_moro.musicxml	Violin I	24	long_note_starts_on_beat	6	4	10	2	8	C5	
147_s_io_non_miro_non_moro	data/cpdl/5-voices/reductions/string_quartet/147_s_io_non_miro_non_moro.musicxml	Violin I	25	long_note_starts_on_beat	0	4	4	1	1,2,3	E5	
147_s_io_non_miro_non_moro	data/cpdl/5-voices/reductions/string_quartet/147_s_io_non_miro_non_moro.musicxml	Violin I	25	long_note_starts_on_beat	4	2	6	1	5	D5	
147_s_io_non_miro_non_moro	data/cpdl/5-voices/reductions/string_quartet/147_s_io_non_miro_non_moro.musicxml	Violin I	25	long_note_starts_on_beat	6	4	10	1	7,8,9	F5	
147_s_io_non_miro_non_moro	data/cpdl/5-voices/reductions/string_quartet/147_s_io_non_miro_non_moro.musicxml	Violin I	25	long_note_starts_on_beat	10	2	12	1	11	D5	
147_s_io_non_miro_non_moro	data/cpdl/5-voices/reductions/string_quartet/147_s_io_non_miro_non_moro.musicxml	Violin I	26	long_note_starts_on_beat	0	3	3	2	2	F#5	
147_s_io_non_miro_non_moro	data/cpdl/5-voices/reductions/string_quartet/147_s_io_non_miro_non_moro.musicxml	Violin I	27	long_note_starts_on_beat	0	3	3	2	2	F5	
147_s_io_non_miro_non_moro	data/cpdl/5-voices/reductions/string_quartet/147_s_io_non_miro_non_moro.musicxml	Violin I	27	long_note_starts_on_beat	6	4	10	2	8	G4	
147_s_io_non_miro_non_moro	data/cpdl/5-voices/reductions/string_quartet/147_s_io_non_miro_non_moro.musicxml	Violin I	28	long_note_starts_on_beat	0	4	4	1	1,2,3	B3	
147_s_io_non_miro_non_moro	data/cpdl/5-voices/reductions/string_quartet/147_s_io_non_miro_non_moro.musicxml	Violin I	28	long_note_starts_on_beat	4	4	8	1	5,6,7	C5	
147_s_io_non_miro_non_moro	data/cpdl/5-voices/reductions/string_quartet/147_s_io_non_miro_non_moro.musicxml	Violin I	28	long_note_starts_on_beat	10	2	12	1	11	A4	
147_s_io_non_miro_non_moro	data/cpdl/5-voices/reductions/string_quartet/147_s_io_non_miro_non_moro.musicxml	Violin I	29	long_note_starts_on_beat	0	2	2	1	1	E5	
147_s_io_non_miro_non_moro	data/cpdl/5-voices/reductions/string_quartet/147_s_io_non_miro_non_moro.musicxml	Violin I	29	long_note_starts_on_beat	2	4	6	1	3,4,5	E5	
147_s_io_non_miro_non_moro	data/cpdl/5-voices/reductions/string_quartet/147_s_io_non_miro_non_moro.musicxml	Violin I	29	long_note_starts_on_beat	6	2	8	1	7	D#5	
147_s_io_non_miro_non_moro	data/cpdl/5-voices/reductions/string_quartet/147_s_io_non_miro_non_moro.musicxml	Violin I	29	long_note_starts_on_beat	8	4	12	1	9,10,11	F#5	
147_s_io_non_miro_non_moro	data/cpdl/5-voices/reductions/string_quartet/147_s_io_non_miro_non_moro.musicxml	Violin I	30	long_note_starts_on_beat	0	8	8	2	2,4,6	G5	start
147_s_io_non_miro_non_moro	data/cpdl/5-voices/reductions/string_quartet/147_s_io_non_miro_non_moro.musicxml	Violin I	30	long_note_starts_on_beat	8	8	16	2	10,12,14	G5	stop
147_s_io_non_miro_non_moro	data/cpdl/5-voices/reductions/string_quartet/147_s_io_non_miro_non_moro.musicxml	Violin II	1	long_note_starts_on_beat	0	3	3	2	2	D4	
147_s_io_non_miro_non_moro	data/cpdl/5-voices/reductions/string_quartet/147_s_io_non_miro_non_moro.musicxml	Violin II	2	long_note_starts_on_beat	2	4	6	2	4	D4	
147_s_io_non_miro_non_moro	data/cpdl/5-voices/reductions/string_quartet/147_s_io_non_miro_non_moro.musicxml	Violin II	3	long_note_starts_on_beat	0	4	4	2	2	E4	
147_s_io_non_miro_non_moro	data/cpdl/5-voices/reductions/string_quartet/147_s_io_non_miro_non_moro.musicxml	Violin II	3	long_note_starts_on_beat	4	3	7	2	6	D4	
147_s_io_non_miro_non_moro	data/cpdl/5-voices/reductions/string_quartet/147_s_io_non_miro_non_moro.musicxml	Violin II	4	long_note_starts_on_beat	2	6	8	1	3,4,5,6,7	F4	
147_s_io_non_miro_non_moro	data/cpdl/5-voices/reductions/string_quartet/147_s_io_non_miro_non_moro.musicxml	Violin II	5	long_note_starts_on_beat	0	4	4	1	1,2,3	A3	
147_s_io_non_miro_non_moro	data/cpdl/5-voices/reductions/string_quartet/147_s_io_non_miro_non_moro.musicxml	Violin II	5	long_note_starts_on_beat	6	2	8	1	7	E4	
147_s_io_non_miro_non_moro	data/cpdl/5-voices/reductions/string_quartet/147_s_io_non_miro_non_moro.musicxml	Violin II	6	long_note_starts_on_beat	0	2	2	1	1	D4	
147_s_io_non_miro_non_moro	data/cpdl/5-voices/reductions/string_quartet/147_s_io_non_miro_non_moro.musicxml	Violin II	6	long_note_starts_on_beat	2	2	4	1	3	B-3	
147_s_io_non_miro_non_moro	data/cpdl/5-voices/reductions/string_quartet/147_s_io_non_miro_non_moro.musicxml	Violin II	6	long_note_starts_on_beat	4	3	7	1	5,6	B-3	
147_s_io_non_miro_non_moro	data/cpdl/5-voices/reductions/string_quartet/147_s_io_non_miro_non_moro.musicxml	Violin II	7	long_note_starts_on_beat	0	4	4	1	1,2,3	C#4	
147_s_io_non_miro_non_moro	data/cpdl/5-voices/reductions/string_quartet/147_s_io_non_miro_non_moro.musicxml	Violin II	7	long_note_starts_on_beat	4	2	6	1	5	D4	
147_s_io_non_miro_non_moro	data/cpdl/5-voices/reductions/string_quartet/147_s_io_non_miro_non_moro.musicxml	Violin II	7	long_note_starts_on_beat	6	2	8	1	7	D4	start
147_s_io_non_miro_non_moro	data/cpdl/5-voices/reductions/string_quartet/147_s_io_non_miro_non_moro.musicxml	Violin II	8	long_note_starts_on_beat	0	2	2	1	1	D4	stop
147_s_io_non_miro_non_moro	data/cpdl/5-voices/reductions/string_quartet/147_s_io_non_miro_non_moro.musicxml	Violin II	8	long_note_starts_on_beat	2	2	4	1	3	E-4	
147_s_io_non_miro_non_moro	data/cpdl/5-voices/reductions/string_quartet/147_s_io_non_miro_non_moro.musicxml	Violin II	8	long_note_starts_on_beat	4	2	6	1	5	D4	
147_s_io_non_miro_non_moro	data/cpdl/5-voices/reductions/string_quartet/147_s_io_non_miro_non_moro.musicxml	Violin II	11	long_note_starts_on_beat	0	4	4	2	2	F4	
147_s_io_non_miro_non_moro	data/cpdl/5-voices/reductions/string_quartet/147_s_io_non_miro_non_moro.musicxml	Violin II	12	long_note_starts_on_beat	0	4	4	1	1,2,3	G4	
147_s_io_non_miro_non_moro	data/cpdl/5-voices/reductions/string_quartet/147_s_io_non_miro_non_moro.musicxml	Violin II	12	rest_starts_on_beat_crosses_later_beat	4	2	6	1	5	rest	
147_s_io_non_miro_non_moro	data/cpdl/5-voices/reductions/string_quartet/147_s_io_non_miro_non_moro.musicxml	Violin II	12	long_note_starts_on_beat	6	2	8	1	7	D5	
147_s_io_non_miro_non_moro	data/cpdl/5-voices/reductions/string_quartet/147_s_io_non_miro_non_moro.musicxml	Violin II	12	long_note_starts_on_beat	8	2	10	1	9	G4	
147_s_io_non_miro_non_moro	data/cpdl/5-voices/reductions/string_quartet/147_s_io_non_miro_non_moro.musicxml	Violin II	12	long_note_starts_on_beat	10	2	12	1	11	G4	
147_s_io_non_miro_non_moro	data/cpdl/5-voices/reductions/string_quartet/147_s_io_non_miro_non_moro.musicxml	Violin II	13	long_note_starts_on_beat	0	4	4	2	2	G4	
147_s_io_non_miro_non_moro	data/cpdl/5-voices/reductions/string_quartet/147_s_io_non_miro_non_moro.musicxml	Violin II	16	long_note_starts_on_beat	2	2	4	1	3	D4	
147_s_io_non_miro_non_moro	data/cpdl/5-voices/reductions/string_quartet/147_s_io_non_miro_non_moro.musicxml	Violin II	16	long_note_starts_on_beat	4	2	6	1	5	E-4	
147_s_io_non_miro_non_moro	data/cpdl/5-voices/reductions/string_quartet/147_s_io_non_miro_non_moro.musicxml	Violin II	17	long_note_starts_on_beat	2	2	4	1	3	E-4	
147_s_io_non_miro_non_moro	data/cpdl/5-voices/reductions/string_quartet/147_s_io_non_miro_non_moro.musicxml	Violin II	17	long_note_starts_on_beat	5	2	7	1	6	G4	
147_s_io_non_miro_non_moro	data/cpdl/5-voices/reductions/string_quartet/147_s_io_non_miro_non_moro.musicxml	Violin II	18	long_note_starts_on_beat	1	2	3	1	2	F4	
147_s_io_non_miro_non_moro	data/cpdl/5-voices/reductions/string_quartet/147_s_io_non_miro_non_moro.musicxml	Violin II	18	long_note_starts_on_beat	4	4	8	1	5,6,7	A4	
147_s_io_non_miro_non_moro	data/cpdl/5-voices/reductions/string_quartet/147_s_io_non_miro_non_moro.musicxml	Violin II	19	long_note_starts_on_beat	0	3	3	2	2	B-4	
147_s_io_non_miro_non_moro	data/cpdl/5-voices/reductions/string_quartet/147_s_io_non_miro_non_moro.musicxml	Violin II	19	long_note_starts_on_beat	4	4	8	2	6	D5	
147_s_io_non_miro_non_moro	data/cpdl/5-voices/reductions/string_quartet/147_s_io_non_miro_non_moro.musicxml	Violin II	19	long_note_starts_on_beat	8	4	12	2	10	E5	
147_s_io_non_miro_non_moro	data/cpdl/5-voices/reductions/string_quartet/147_s_io_non_miro_non_moro.musicxml	Violin II	20	long_note_starts_on_beat	0	2	2	1	1	B-4	
147_s_io_non_miro_non_moro	data/cpdl/5-voices/reductions/string_quartet/147_s_io_non_miro_non_moro.musicxml	Violin II	20	long_note_starts_on_beat	2	2	4	1	3	D4	
147_s_io_non_miro_non_moro	data/cpdl/5-voices/reductions/string_quartet/147_s_io_non_miro_non_moro.musicxml	Violin II	20	long_note_starts_on_beat	6	3	9	1	7,8	C4	
147_s_io_non_miro_non_moro	data/cpdl/5-voices/reductions/string_quartet/147_s_io_non_miro_non_moro.musicxml	Violin II	20	long_note_starts_on_beat	10	2	12	1	11	E-4	start
147_s_io_non_miro_non_moro	data/cpdl/5-voices/reductions/string_quartet/147_s_io_non_miro_non_moro.musicxml	Violin II	21	long_note_starts_on_beat	0	2	2	1	1	E-4	stop
147_s_io_non_miro_non_moro	data/cpdl/5-voices/reductions/string_quartet/147_s_io_non_miro_non_moro.musicxml	Violin II	21	long_note_starts_on_beat	2	2	4	1	3	D4	
147_s_io_non_miro_non_moro	data/cpdl/5-voices/reductions/string_quartet/147_s_io_non_miro_non_moro.musicxml	Violin II	21	long_note_starts_on_beat	4	6	10	1	5,6,7,8,9	D4	
147_s_io_non_miro_non_moro	data/cpdl/5-voices/reductions/string_quartet/147_s_io_non_miro_non_moro.musicxml	Violin II	22	long_note_starts_on_beat	2	4	6	2	4	C4	
147_s_io_non_miro_non_moro	data/cpdl/5-voices/reductions/string_quartet/147_s_io_non_miro_non_moro.musicxml	Violin II	23	long_note_starts_on_beat	0	2	2	1	1	E4	
147_s_io_non_miro_non_moro	data/cpdl/5-voices/reductions/string_quartet/147_s_io_non_miro_non_moro.musicxml	Violin II	23	long_note_starts_on_beat	4	3/2	11/2	1	5	A4	
147_s_io_non_miro_non_moro	data/cpdl/5-voices/reductions/string_quartet/147_s_io_non_miro_non_moro.musicxml	Violin II	24	long_note_starts_on_beat	6	4	10	2	8	G4	
147_s_io_non_miro_non_moro	data/cpdl/5-voices/reductions/string_quartet/147_s_io_non_miro_non_moro.musicxml	Violin II	25	long_note_starts_on_beat	0	4	4	1	1,2,3	A4	
147_s_io_non_miro_non_moro	data/cpdl/5-voices/reductions/string_quartet/147_s_io_non_miro_non_moro.musicxml	Violin II	25	long_note_starts_on_beat	4	6	10	1	5,6,7,8,9	A4	
147_s_io_non_miro_non_moro	data/cpdl/5-voices/reductions/string_quartet/147_s_io_non_miro_non_moro.musicxml	Violin II	25	long_note_starts_on_beat	10	2	12	1	11	G4	
147_s_io_non_miro_non_moro	data/cpdl/5-voices/reductions/string_quartet/147_s_io_non_miro_non_moro.musicxml	Violin II	26	long_note_starts_on_beat	0	3	3	2	2	F#4	
147_s_io_non_miro_non_moro	data/cpdl/5-voices/reductions/string_quartet/147_s_io_non_miro_non_moro.musicxml	Violin II	27	long_note_starts_on_beat	6	4	10	2	8	D4	
147_s_io_non_miro_non_moro	data/cpdl/5-voices/reductions/string_quartet/147_s_io_non_miro_non_moro.musicxml	Violin II	28	long_note_starts_on_beat	0	6	6	1	1,2,3,4,5	E4	
147_s_io_non_miro_non_moro	data/cpdl/5-voices/reductions/string_quartet/147_s_io_non_miro_non_moro.musicxml	Violin II	28	long_note_starts_on_beat	6	2	8	1	7	E4	
147_s_io_non_miro_non_moro	data/cpdl/5-voices/reductions/string_quartet/147_s_io_non_miro_non_moro.musicxml	Violin II	28	long_note_starts_on_beat	10	2	12	1	11	D4	
147_s_io_non_miro_non_moro	data/cpdl/5-voices/reductions/string_quartet/147_s_io_non_miro_non_moro.musicxml	Violin II	29	long_note_starts_on_beat	0	4	4	1	1,2,3	A4	
147_s_io_non_miro_non_moro	data/cpdl/5-voices/reductions/string_quartet/147_s_io_non_miro_non_moro.musicxml	Violin II	29	long_note_starts_on_beat	4	2	6	1	5	E4	
147_s_io_non_miro_non_moro	data/cpdl/5-voices/reductions/string_quartet/147_s_io_non_miro_non_moro.musicxml	Violin II	29	rest_starts_on_beat_crosses_later_beat	6	2	8	1	7	rest	
147_s_io_non_miro_non_moro	data/cpdl/5-voices/reductions/string_quartet/147_s_io_non_miro_non_moro.musicxml	Violin II	29	long_note_starts_on_beat	8	2	10	1	9	A3	
147_s_io_non_miro_non_moro	data/cpdl/5-voices/reductions/string_quartet/147_s_io_non_miro_non_moro.musicxml	Violin II	29	long_note_starts_on_beat	10	2	12	1	11	C5	
147_s_io_non_miro_non_moro	data/cpdl/5-voices/reductions/string_quartet/147_s_io_non_miro_non_moro.musicxml	Violin II	30	long_note_starts_on_beat	4	4	8	2	6	E-5	
147_s_io_non_miro_non_moro	data/cpdl/5-voices/reductions/string_quartet/147_s_io_non_miro_non_moro.musicxml	Violin II	30	long_note_starts_on_beat	8	8	16	2	10,12,14	B4	
147_s_io_non_miro_non_moro	data/cpdl/5-voices/reductions/string_quartet/147_s_io_non_miro_non_moro.musicxml	Viola	1	long_note_starts_on_beat	2	3	5	2	4	B-4	
147_s_io_non_miro_non_moro	data/cpdl/5-voices/reductions/string_quartet/147_s_io_non_miro_non_moro.musicxml	Viola	2	long_note_starts_on_beat	0	4	4	2	2	G4	stop
147_s_io_non_miro_non_moro	data/cpdl/5-voices/reductions/string_quartet/147_s_io_non_miro_non_moro.musicxml	Viola	2	long_note_starts_on_beat	8	4	12	2	10	D5	start
147_s_io_non_miro_non_moro	data/cpdl/5-voices/reductions/string_quartet/147_s_io_non_miro_non_moro.musicxml	Viola	4	long_note_starts_on_beat	0	4	4	1	1,2,3	B-3	
147_s_io_non_miro_non_moro	data/cpdl/5-voices/reductions/string_quartet/147_s_io_non_miro_non_moro.musicxml	Viola	4	long_note_starts_on_beat	6	2	8	1	7	A4	
147_s_io_non_miro_non_moro	data/cpdl/5-voices/reductions/string_quartet/147_s_io_non_miro_non_moro.musicxml	Viola	5	long_note_starts_on_beat	0	2	2	1	1	A4	
147_s_io_non_miro_non_moro	data/cpdl/5-voices/reductions/string_quartet/147_s_io_non_miro_non_moro.musicxml	Viola	5	long_note_starts_on_beat	2	2	4	1	3	F#4	
147_s_io_non_miro_non_moro	data/cpdl/5-voices/reductions/string_quartet/147_s_io_non_miro_non_moro.musicxml	Viola	5	long_note_starts_on_beat	4	4	8	1	5,6,7	G4	
147_s_io_non_miro_non_moro	data/cpdl/5-voices/reductions/string_quartet/147_s_io_non_miro_non_moro.musicxml	Viola	6	long_note_starts_on_beat	0	2	2	1	1	G-4	
147_s_io_non_miro_non_moro	data/cpdl/5-voices/reductions/string_quartet/147_s_io_non_miro_non_moro.musicxml	Viola	6	long_note_starts_on_beat	2	2	4	1	3	F4	
147_s_io_non_miro_non_moro	data/cpdl/5-voices/reductions/string_quartet/147_s_io_non_miro_non_moro.musicxml	Viola	6	long_note_starts_on_beat	4	2	6	1	5	F4	
147_s_io_non_miro_non_moro	data/cpdl/5-voices/reductions/string_quartet/147_s_io_non_miro_non_moro.musicxml	Viola	6	long_note_starts_on_beat	6	2	8	1	7	G4	
147_s_io_non_miro_non_moro	data/cpdl/5-voices/reductions/string_quartet/147_s_io_non_miro_non_moro.musicxml	Viola	7	long_note_starts_on_beat	0	4	4	1	1,2,3	G4	
147_s_io_non_miro_non_moro	data/cpdl/5-voices/reductions/string_quartet/147_s_io_non_miro_non_moro.musicxml	Viola	7	rest_starts_on_beat_crosses_later_beat	4	2	6	1	5	rest	
147_s_io_non_miro_non_moro	data/cpdl/5-voices/reductions/string_quartet/147_s_io_non_miro_non_moro.musicxml	Viola	7	long_note_starts_on_beat	6	2	8	1	7	G4	
147_s_io_non_miro_non_moro	data/cpdl/5-voices/reductions/string_quartet/147_s_io_non_miro_non_moro.musicxml	Viola	8	long_note_starts_on_beat	0	2	2	1	1	G4	
147_s_io_non_miro_non_moro	data/cpdl/5-voices/reductions/string_quartet/147_s_io_non_miro_non_moro.musicxml	Viola	8	long_note_starts_on_beat	2	2	4	1	3	G4	
147_s_io_non_miro_non_moro	data/cpdl/5-voices/reductions/string_quartet/147_s_io_non_miro_non_moro.musicxml	Viola	8	long_note_starts_on_beat	4	4	8	1	5,6,7	G4	
147_s_io_non_miro_non_moro	data/cpdl/5-voices/reductions/string_quartet/147_s_io_non_miro_non_moro.musicxml	Viola	10	long_note_starts_on_beat	2	2	4	1	3	C4	
147_s_io_non_miro_non_moro	data/cpdl/5-voices/reductions/string_quartet/147_s_io_non_miro_non_moro.musicxml	Viola	11	long_note_starts_on_beat	0	4	4	2	2	B-4	
147_s_io_non_miro_non_moro	data/cpdl/5-voices/reductions/string_quartet/147_s_io_non_miro_non_moro.musicxml	Viola	11	long_note_starts_on_beat	8	3	11	2	10	B-3	
147_s_io_non_miro_non_moro	data/cpdl/5-voices/reductions/string_quartet/147_s_io_non_miro_non_moro.musicxml	Viola	12	long_note_starts_on_beat	0	4	4	1	1,2,3	C#4	
147_s_io_non_miro_non_moro	data/cpdl/5-voices/reductions/string_quartet/147_s_io_non_miro_non_moro.musicxml	Viola	12	long_note_starts_on_beat	4	2	6	1	5	D4	
147_s_io_non_miro_non_moro	data/cpdl/5-voices/reductions/string_quartet/147_s_io_non_miro_non_moro.musicxml	Viola	12	long_note_starts_on_beat	6	4	10	1	7,8,9	D4	
147_s_io_non_miro_non_moro	data/cpdl/5-voices/reductions/string_quartet/147_s_io_non_miro_non_moro.musicxml	Viola	12	long_note_starts_on_beat	10	2	12	1	11	E-4	
147_s_io_non_miro_non_moro	data/cpdl/5-voices/reductions/string_quartet/147_s_io_non_miro_non_moro.musicxml	Viola	14	long_note_starts_on_beat	2	2	4	1	3	C4	
147_s_io_non_miro_non_moro	data/cpdl/5-voices/reductions/string_quartet/147_s_io_non_miro_non_moro.musicxml	Viola	16	long_note_starts_on_beat	0	2	2	1	1	F4	
147_s_io_non_miro_non_moro	data/cpdl/5-voices/reductions/string_quartet/147_s_io_non_miro_non_moro.musicxml	Viola	16	long_note_starts_on_beat	4	3	7	1	5,6	C4	
147_s_io_non_miro_non_moro	data/cpdl/5-voices/reductions/string_quartet/147_s_io_non_miro_non_moro.musicxml	Viola	17	long_note_starts_on_beat	0	3	3	1	1,2	B-3	
147_s_io_non_miro_non_moro	data/cpdl/5-voices/reductions/string_quartet/147_s_io_non_miro_non_moro.musicxml	Viola	18	long_note_starts_on_beat	2	2	4	1	3	B-3	
147_s_io_non_miro_non_moro	data/cpdl/5-voices/reductions/string_quartet/147_s_io_non_miro_non_moro.musicxml	Viola	18	long_note_starts_on_beat	4	4	8	1	5,6,7	C4	
147_s_io_non_miro_non_moro	data/cpdl/5-voices/reductions/string_quartet/147_s_io_non_miro_non_moro.musicxml	Viola	19	long_note_starts_on_beat	4	4	8	2	6	B-4	
147_s_io_non_miro_non_moro	data/cpdl/5-voices/reductions/string_quartet/147_s_io_non_miro_non_moro.musicxml	Viola	19	long_note_starts_on_beat	8	4	12	2	10	A4	
147_s_io_non_miro_non_moro	data/cpdl/5-voices/reductions/string_quartet/147_s_io_non_miro_non_moro.musicxml	Viola	20	long_note_starts_on_beat	0	4	4	1	1,2,3	B-3	
147_s_io_non_miro_non_moro	data/cpdl/5-voices/reductions/string_quartet/147_s_io_non_miro_non_moro.musicxml	Viola	20	long_note_starts_on_beat	4	3	7	1	5,6	A3	
147_s_io_non_miro_non_moro	data/cpdl/5-voices/reductions/string_quartet/147_s_io_non_miro_non_moro.musicxml	Viola	20	long_note_starts_on_beat	10	2	12	1	11	A4	
147_s_io_non_miro_non_moro	data/cpdl/5-voices/reductions/string_quartet/147_s_io_non_miro_non_moro.musicxml	Viola	21	long_note_starts_on_beat	0	4	4	1	1,2,3	G4	
147_s_io_non_miro_non_moro	data/cpdl/5-voices/reductions/string_quartet/147_s_io_non_miro_non_moro.musicxml	Viola	21	long_note_starts_on_beat	6	4	10	1	7,8,9	A4	
147_s_io_non_miro_non_moro	data/cpdl/5-voices/reductions/string_quartet/147_s_io_non_miro_non_moro.musicxml	Viola	22	long_note_starts_on_beat	0	6	6	2	2,4	A4	
147_s_io_non_miro_non_moro	data/cpdl/5-voices/reductions/string_quartet/147_s_io_non_miro_non_moro.musicxml	Viola	23	long_note_starts_on_beat	0	2	2	1	1	C4	
147_s_io_non_miro_non_moro	data/cpdl/5-voices/reductions/string_quartet/147_s_io_non_miro_non_moro.musicxml	Viola	23	long_note_starts_on_beat	4	3/2	11/2	1	5	D4	
147_s_io_non_miro_non_moro	data/cpdl/5-voices/reductions/string_quartet/147_s_io_non_miro_non_moro.musicxml	Viola	24	long_note_starts_on_beat	6	4	10	2	8	E-4	
147_s_io_non_miro_non_moro	data/cpdl/5-voices/reductions/string_quartet/147_s_io_non_miro_non_moro.musicxml	Viola	25	long_note_starts_on_beat	0	4	4	1	1,2,3	C#4	
147_s_io_non_miro_non_moro	data/cpdl/5-voices/reductions/string_quartet/147_s_io_non_miro_non_moro.musicxml	Viola	25	long_note_starts_on_beat	4	4	8	1	5,6,7	F4	
147_s_io_non_miro_non_moro	data/cpdl/5-voices/reductions/string_quartet/147_s_io_non_miro_non_moro.musicxml	Viola	25	long_note_starts_on_beat	8	2	10	1	9	D4	
147_s_io_non_miro_non_moro	data/cpdl/5-voices/reductions/string_quartet/147_s_io_non_miro_non_moro.musicxml	Viola	25	long_note_starts_on_beat	10	2	12	1	11	D4	start
147_s_io_non_miro_non_moro	data/cpdl/5-voices/reductions/string_quartet/147_s_io_non_miro_non_moro.musicxml	Viola	27	long_note_starts_on_beat	6	4	10	2	8	A#4	
147_s_io_non_miro_non_moro	data/cpdl/5-voices/reductions/string_quartet/147_s_io_non_miro_non_moro.musicxml	Viola	28	long_note_starts_on_beat	0	4	4	1	1,2,3	B4	
147_s_io_non_miro_non_moro	data/cpdl/5-voices/reductions/string_quartet/147_s_io_non_miro_non_moro.musicxml	Viola	28	long_note_starts_on_beat	4	4	8	1	5,6,7	C4	
147_s_io_non_miro_non_moro	data/cpdl/5-voices/reductions/string_quartet/147_s_io_non_miro_non_moro.musicxml	Viola	28	long_note_starts_on_beat	8	4	12	1	9,10,11	A3	
147_s_io_non_miro_non_moro	data/cpdl/5-voices/reductions/string_quartet/147_s_io_non_miro_non_moro.musicxml	Viola	29	long_note_starts_on_beat	0	4	4	1	1,2,3	E4	
147_s_io_non_miro_non_moro	data/cpdl/5-voices/reductions/string_quartet/147_s_io_non_miro_non_moro.musicxml	Viola	29	long_note_starts_on_beat	4	4	8	1	5,6,7	F#4	
147_s_io_non_miro_non_moro	data/cpdl/5-voices/reductions/string_quartet/147_s_io_non_miro_non_moro.musicxml	Viola	29	long_note_starts_on_beat	8	4	12	1	9,10,11	A4	
147_s_io_non_miro_non_moro	data/cpdl/5-voices/reductions/string_quartet/147_s_io_non_miro_non_moro.musicxml	Viola	30	long_note_starts_on_beat	0	4	4	2	2	D4	
147_s_io_non_miro_non_moro	data/cpdl/5-voices/reductions/string_quartet/147_s_io_non_miro_non_moro.musicxml	Viola	30	long_note_starts_on_beat	4	4	8	2	6	B-4	
147_s_io_non_miro_non_moro	data/cpdl/5-voices/reductions/string_quartet/147_s_io_non_miro_non_moro.musicxml	Viola	30	long_note_starts_on_beat	8	8	16	2	10,12,14	D4	
147_s_io_non_miro_non_moro	data/cpdl/5-voices/reductions/string_quartet/147_s_io_non_miro_non_moro.musicxml	Violoncello	1	long_note_starts_on_beat	2	3	5	2	4	G3	
147_s_io_non_miro_non_moro	data/cpdl/5-voices/reductions/string_quartet/147_s_io_non_miro_non_moro.musicxml	Violoncello	2	long_note_starts_on_beat	4	4	8	2	6	G3	
147_s_io_non_miro_non_moro	data/cpdl/5-voices/reductions/string_quartet/147_s_io_non_miro_non_moro.musicxml	Violoncello	2	long_note_starts_on_beat	8	4	12	2	10	G3	
147_s_io_non_miro_non_moro	data/cpdl/5-voices/reductions/string_quartet/147_s_io_non_miro_non_moro.musicxml	Violoncello	3	long_note_starts_on_beat	0	4	4	2	2	E3	
147_s_io_non_miro_non_moro	data/cpdl/5-voices/reductions/string_quartet/147_s_io_non_miro_non_moro.musicxml	Violoncello	4	long_note_starts_on_beat	2	4	6	1	3,4,5	B-2	
147_s_io_non_miro_non_moro	data/cpdl/5-voices/reductions/string_quartet/147_s_io_non_miro_non_moro.musicxml	Violoncello	4	long_note_starts_on_beat	6	2	8	1	7	A2	
147_s_io_non_miro_non_moro	data/cpdl/5-voices/reductions/string_quartet/147_s_io_non_miro_non_moro.musicxml	Violoncello	5	long_note_starts_on_beat	0	2	2	1	1	C#3	
147_s_io_non_miro_non_moro	data/cpdl/5-voices/reductions/string_quartet/147_s_io_non_miro_non_moro.musicxml	Violoncello	5	long_note_starts_on_beat	2	4	6	1	3,4,5	D3	
147_s_io_non_miro_non_moro	data/cpdl/5-voices/reductions/string_quartet/147_s_io_non_miro_non_moro.musicxml	Violoncello	5	long_note_starts_on_beat	6	2	8	1	7	C#3	
147_s_io_non_miro_non_moro	data/cpdl/5-voices/reductions/string_quartet/147_s_io_non_miro_non_moro.musicxml	Violoncello	6	long_note_starts_on_beat	0	2	2	1	1	D3	
147_s_io_non_miro_non_moro	data/cpdl/5-voices/reductions/string_quartet/147_s_io_non_miro_non_moro.musicxml	Violoncello	6	long_note_starts_on_beat	2	2	4	1	3	D3	
147_s_io_non_miro_non_moro	data/cpdl/5-voices/reductions/string_quartet/147_s_io_non_miro_non_moro.musicxml	Violoncello	6	long_note_starts_on_beat	4	2	6	1	5	D3	
147_s_io_non_miro_non_moro	data/cpdl/5-voices/reductions/string_quartet/147_s_io_non_miro_non_moro.musicxml	Violoncello	6	long_note_starts_on_beat	6	2	8	1	7	E-3	
147_s_io_non_miro_non_moro	data/cpdl/5-voices/reductions/string_quartet/147_s_io_non_miro_non_moro.musicxml	Violoncello	7	long_note_starts_on_beat	0	4	4	1	1,2,3	E3	
147_s_io_non_miro_non_moro	data/cpdl/5-voices/reductions/string_quartet/147_s_io_non_miro_non_moro.musicxml	Violoncello	7	rest_starts_on_beat_crosses_later_beat	4	2	6	1	5	rest	
147_s_io_non_miro_non_moro	data/cpdl/5-voices/reductions/string_quartet/147_s_io_non_miro_non_moro.musicxml	Violoncello	7	long_note_starts_on_beat	6	2	8	1	7	G3	
147_s_io_non_miro_non_moro	data/cpdl/5-voices/reductions/string_quartet/147_s_io_non_miro_non_moro.musicxml	Violoncello	8	long_note_starts_on_beat	0	4	4	1	1,2,3	G3	
147_s_io_non_miro_non_moro	data/cpdl/5-voices/reductions/string_quartet/147_s_io_non_miro_non_moro.musicxml	Violoncello	8	long_note_starts_on_beat	4	2	6	1	5	A#3	
147_s_io_non_miro_non_moro	data/cpdl/5-voices/reductions/string_quartet/147_s_io_non_miro_non_moro.musicxml	Violoncello	10	long_note_starts_on_beat	2	2	4	1	3	F3	
147_s_io_non_miro_non_moro	data/cpdl/5-voices/reductions/string_quartet/147_s_io_non_miro_non_moro.musicxml	Violoncello	11	long_note_starts_on_beat	0	4	4	2	2	B-2	
147_s_io_non_miro_non_moro	data/cpdl/5-voices/reductions/string_quartet/147_s_io_non_miro_non_moro.musicxml	Violoncello	12	long_note_starts_on_beat	0	4	4	1	1,2,3	E3	
147_s_io_non_miro_non_moro	data/cpdl/5-voices/reductions/string_quartet/147_s_io_non_miro_non_moro.musicxml	Violoncello	12	rest_starts_on_beat_crosses_later_beat	4	2	6	1	5	rest	
147_s_io_non_miro_non_moro	data/cpdl/5-voices/reductions/string_quartet/147_s_io_non_miro_non_moro.musicxml	Violoncello	12	long_note_starts_on_beat	6	2	8	1	7	G3	
147_s_io_non_miro_non_moro	data/cpdl/5-voices/reductions/string_quartet/147_s_io_non_miro_non_moro.musicxml	Violoncello	12	long_note_starts_on_beat	8	4	12	1	9,10,11	G3	
147_s_io_non_miro_non_moro	data/cpdl/5-voices/reductions/string_quartet/147_s_io_non_miro_non_moro.musicxml	Violoncello	14	long_note_starts_on_beat	0	2	2	1	1	C4	
147_s_io_non_miro_non_moro	data/cpdl/5-voices/reductions/string_quartet/147_s_io_non_miro_non_moro.musicxml	Violoncello	15	long_note_starts_on_beat	4	4	8	2	6	B-2	
147_s_io_non_miro_non_moro	data/cpdl/5-voices/reductions/string_quartet/147_s_io_non_miro_non_moro.musicxml	Violoncello	16	long_note_starts_on_beat	0	3	3	1	1,2	B-3	
147_s_io_non_miro_non_moro	data/cpdl/5-voices/reductions/string_quartet/147_s_io_non_miro_non_moro.musicxml	Violoncello	17	long_note_starts_on_beat	2	2	4	1	3	C3	
147_s_io_non_miro_non_moro	data/cpdl/5-voices/reductions/string_quartet/147_s_io_non_miro_non_moro.musicxml	Violoncello	17	long_note_starts_on_beat	5	2	7	1	6	E-3	
147_s_io_non_miro_non_moro	data/cpdl/5-voices/reductions/string_quartet/147_s_io_non_miro_non_moro.musicxml	Violoncello	18	long_note_starts_on_beat	0	3/2	3/2	1	1	D3	
147_s_io_non_miro_non_moro	data/cpdl/5-voices/reductions/string_quartet/147_s_io_non_miro_non_moro.musicxml	Violoncello	18	long_note_starts_on_beat	2	2	4	1	3	G3	
147_s_io_non_miro_non_moro	data/cpdl/5-voices/reductions/string_quartet/147_s_io_non_miro_non_moro.musicxml	Violoncello	18	long_note_starts_on_beat	4	4	8	1	5,6,7	F3	
147_s_io_non_miro_non_moro	data/cpdl/5-voices/reductions/string_quartet/147_s_io_non_miro_non_moro.musicxml	Violoncello	19	rest_crosses_beat	5	3	8	2	6	rest	
147_s_io_non_miro_non_moro	data/cpdl/5-voices/reductions/string_quartet/147_s_io_non_miro_non_moro.musicxml	Violoncello	20	long_note_starts_on_beat	0	2	2	1	1	B-2	
147_s_io_non_miro_non_moro	data/cpdl/5-voices/reductions/string_quartet/147_s_io_non_miro_non_moro.musicxml	Violoncello	20	long_note_starts_on_beat	2	3	5	1	3,4	G3	
147_s_io_non_miro_non_moro	data/cpdl/5-voices/reductions/string_quartet/147_s_io_non_miro_non_moro.musicxml	Violoncello	20	long_note_starts_on_beat	5	2	7	1	6	F3	
147_s_io_non_miro_non_moro	data/cpdl/5-voices/reductions/string_quartet/147_s_io_non_miro_non_moro.musicxml	Violoncello	20	long_note_starts_on_beat	8	4	12	1	9,10,11	A3	
147_s_io_non_miro_non_moro	data/cpdl/5-voices/reductions/string_quartet/147_s_io_non_miro_non_moro.musicxml	Violoncello	21	long_note_starts_on_beat	0	4	4	1	1,2,3	B-3	
147_s_io_non_miro_non_moro	data/cpdl/5-voices/reductions/string_quartet/147_s_io_non_miro_non_moro.musicxml	Violoncello	21	long_note_starts_on_beat	4	2	6	1	5	D3	
147_s_io_non_miro_non_moro	data/cpdl/5-voices/reductions/string_quartet/147_s_io_non_miro_non_moro.musicxml	Violoncello	21	long_note_starts_on_beat	6	2	8	1	7	F3	
147_s_io_non_miro_non_moro	data/cpdl/5-voices/reductions/string_quartet/147_s_io_non_miro_non_moro.musicxml	Violoncello	21	long_note_starts_on_beat	8	2	10	1	9	D3	
147_s_io_non_miro_non_moro	data/cpdl/5-voices/reductions/string_quartet/147_s_io_non_miro_non_moro.musicxml	Violoncello	21	long_note_starts_on_beat	10	2	12	1	11	E3	
147_s_io_non_miro_non_moro	data/cpdl/5-voices/reductions/string_quartet/147_s_io_non_miro_non_moro.musicxml	Violoncello	22	long_note_starts_on_beat	0	8	8	2	2,4,6	F3	
147_s_io_non_miro_non_moro	data/cpdl/5-voices/reductions/string_quartet/147_s_io_non_miro_non_moro.musicxml	Violoncello	23	long_note_starts_on_beat	0	3	3	1	1,2	E3	
147_s_io_non_miro_non_moro	data/cpdl/5-voices/reductions/string_quartet/147_s_io_non_miro_non_moro.musicxml	Violoncello	23	long_note_starts_on_beat	4	3/2	11/2	1	5	D3	
147_s_io_non_miro_non_moro	data/cpdl/5-voices/reductions/string_quartet/147_s_io_non_miro_non_moro.musicxml	Violoncello	24	long_note_starts_on_beat	6	4	10	2	8	C4	
147_s_io_non_miro_non_moro	data/cpdl/5-voices/reductions/string_quartet/147_s_io_non_miro_non_moro.musicxml	Violoncello	25	long_note_starts_on_beat	0	8	8	1	1,2,3,4,5,6,7	A3	stop
147_s_io_non_miro_non_moro	data/cpdl/5-voices/reductions/string_quartet/147_s_io_non_miro_non_moro.musicxml	Violoncello	25	long_note_starts_on_beat	8	4	12	1	9,10,11	B-3	
147_s_io_non_miro_non_moro	data/cpdl/5-voices/reductions/string_quartet/147_s_io_non_miro_non_moro.musicxml	Violoncello	26	long_note_starts_on_beat	0	3	3	2	2	A3	
147_s_io_non_miro_non_moro	data/cpdl/5-voices/reductions/string_quartet/147_s_io_non_miro_non_moro.musicxml	Violoncello	27	long_note_starts_on_beat	6	4	10	2	8	G3	
147_s_io_non_miro_non_moro	data/cpdl/5-voices/reductions/string_quartet/147_s_io_non_miro_non_moro.musicxml	Violoncello	28	long_note_starts_on_beat	0	4	4	1	1,2,3	A-3	
147_s_io_non_miro_non_moro	data/cpdl/5-voices/reductions/string_quartet/147_s_io_non_miro_non_moro.musicxml	Violoncello	28	long_note_starts_on_beat	4	4	8	1	5,6,7	E3	
147_s_io_non_miro_non_moro	data/cpdl/5-voices/reductions/string_quartet/147_s_io_non_miro_non_moro.musicxml	Violoncello	28	long_note_starts_on_beat	8	4	12	1	9,10,11	F3	
147_s_io_non_miro_non_moro	data/cpdl/5-voices/reductions/string_quartet/147_s_io_non_miro_non_moro.musicxml	Violoncello	29	long_note_starts_on_beat	0	4	4	1	1,2,3	C#3	
147_s_io_non_miro_non_moro	data/cpdl/5-voices/reductions/string_quartet/147_s_io_non_miro_non_moro.musicxml	Violoncello	29	long_note_starts_on_beat	4	2	6	1	5	F#3	
147_s_io_non_miro_non_moro	data/cpdl/5-voices/reductions/string_quartet/147_s_io_non_miro_non_moro.musicxml	Violoncello	29	rest_starts_on_beat_crosses_later_beat	6	2	8	1	7	rest	
147_s_io_non_miro_non_moro	data/cpdl/5-voices/reductions/string_quartet/147_s_io_non_miro_non_moro.musicxml	Violoncello	29	long_note_starts_on_beat	8	4	12	1	9,10,11	C4	
147_s_io_non_miro_non_moro	data/cpdl/5-voices/reductions/string_quartet/147_s_io_non_miro_non_moro.musicxml	Violoncello	30	long_note_starts_on_beat	0	4	4	2	2	G3	
147_s_io_non_miro_non_moro	data/cpdl/5-voices/reductions/string_quartet/147_s_io_non_miro_non_moro.musicxml	Violoncello	30	long_note_starts_on_beat	4	4	8	2	6	G3	
147_s_io_non_miro_non_moro	data/cpdl/5-voices/reductions/string_quartet/147_s_io_non_miro_non_moro.musicxml	Violoncello	30	long_note_starts_on_beat	8	8	16	2	10,12,14	G2	
come_unto_me	data/take6/reductions/string_quartet_double_stops/come_unto_me.musicxml	Violin I	1	rest_starts_on_beat_crosses_later_beat	0	2	2	1	1	rest	
come_unto_me	data/take6/reductions/string_quartet_double_stops/come_unto_me.musicxml	Violin I	2	long_note_starts_on_beat	0	2	2	1	1	E5	start
come_unto_me	data/take6/reductions/string_quartet_double_stops/come_unto_me.musicxml	Violin I	4	note_crosses_beat	5/2	1	7/2	1	3	C5	
come_unto_me	data/take6/reductions/string_quartet_double_stops/come_unto_me.musicxml	Violin I	6	long_note_starts_on_beat	1	2	3	1	2	D5	
come_unto_me	data/take6/reductions/string_quartet_double_stops/come_unto_me.musicxml	Violin I	8	long_note_starts_on_beat	0	3/2	3/2	1	1	G4	
come_unto_me	data/take6/reductions/string_quartet_double_stops/come_unto_me.musicxml	Violin I	8	note_crosses_beat	11/4	3/4	7/2	1	3	G4	
come_unto_me	data/take6/reductions/string_quartet_double_stops/come_unto_me.musicxml	Violin I	11	long_note_starts_on_beat	0	4	4	1	1,2,3	C5	stop
come_unto_me	data/take6/reductions/string_quartet_double_stops/come_unto_me.musicxml	Violin I	13	long_note_starts_on_beat	0	4	4	1	1,2,3	C#5	stop
come_unto_me	data/take6/reductions/string_quartet_double_stops/come_unto_me.musicxml	Violin I	15	long_note_starts_on_beat	0	2	2	1	1	G4	stop
come_unto_me	data/take6/reductions/string_quartet_double_stops/come_unto_me.musicxml	Violin I	15	rest_starts_on_beat_crosses_later_beat	2	2	4	1	3	rest	
come_unto_me	data/take6/reductions/string_quartet_double_stops/come_unto_me.musicxml	Violin I	16	long_note_starts_on_beat	1	3	4	1	2,3	B-4	
come_unto_me	data/take6/reductions/string_quartet_double_stops/come_unto_me.musicxml	Violin I	17	long_note_starts_on_beat	0	2	2	1	1	B4.D5	
come_unto_me	data/take6/reductions/string_quartet_double_stops/come_unto_me.musicxml	Violin I	17	long_note_starts_on_beat	2	2	4	1	3	D5	
come_unto_me	data/take6/reductions/string_quartet_double_stops/come_unto_me.musicxml	Violin I	18	long_note_starts_on_beat	0	3	3	1	1,2	D5	
come_unto_me	data/take6/reductions/string_quartet_double_stops/come_unto_me.musicxml	Violin I	20	long_note_starts_on_beat	1	3	4	1	2,3	D5	
come_unto_me	data/take6/reductions/string_quartet_double_stops/come_unto_me.musicxml	Violin I	21	long_note_starts_on_beat	0	3/2	3/2	1	1	B-4	
come_unto_me	data/take6/reductions/string_quartet_double_stops/come_unto_me.musicxml	Violin I	21	note_crosses_beat	3/2	3/2	3	1	2	B-4	
come_unto_me	data/take6/reductions/string_quartet_double_stops/come_unto_me.musicxml	Violin I	22	note_crosses_beat	3/2	1	5/2	1	2	B-4	
come_unto_me	data/take6/reductions/string_quartet_double_stops/come_unto_me.musicxml	Violin I	23	long_note_starts_on_beat	0	3/2	3/2	1	1	D5	
come_unto_me	data/take6/reductions/string_quartet_double_stops/come_unto_me.musicxml	Violin I	26	note_crosses_beat	1/2	1	3/2	1	1	G4	
come_unto_me	data/take6/reductions/string_quartet_double_stops/come_unto_me.musicxml	Violin I	26	note_crosses_beat	3/2	3/2	3	1	2	G4	
come_unto_me	data/take6/reductions/string_quartet_double_stops/come_unto_me.musicxml	Violin I	27	long_note_starts_on_beat	0	3/2	3/2	1	1	A4	
come_unto_me	data/take6/reductions/string_quartet_double_stops/come_unto_me.musicxml	Violin I	27	note_crosses_beat	3/2	1	5/2	1	2	A4.C5	
come_unto_me	data/take6/reductions/string_quartet_double_stops/come_unto_me.musicxml	Violin I	27	note_crosses_beat	5/2	1	7/2	1	3	E5	
come_unto_me	data/take6/reductions/string_quartet_double_stops/come_unto_me.musicxml	Violin I	28	note_crosses_beat	3/2	1	5/2	1	2	F5	
come_unto_me	data/take6/reductions/string_quartet_double_stops/come_unto_me.musicxml	Violin I	29	rest_starts_on_beat_crosses_later_beat	2	2	4	1	3	rest	
come_unto_me	data/take6/reductions/string_quartet_double_stops/come_unto_me.musicxml	Violin I	30	note_crosses_beat	5/2	1	7/2	1	3	C5	
come_unto_me	data/take6/reductions/string_quartet_double_stops/come_unto_me.musicxml	Violin I	32	long_note_starts_on_beat	1	2	3	1	2	F4.D5	
come_unto_me	data/take6/reductions/string_quartet_double_stops/come_unto_me.musicxml	Violin I	34	long_note_starts_on_beat	0	3/2	3/2	1	1	G4	
come_unto_me	data/take6/reductions/string_quartet_double_stops/come_unto_me.musicxml	Violin I	34	note_crosses_beat	11/4	3/4	7/2	1	3	G4	
come_unto_me	data/take6/reductions/string_quartet_double_stops/come_unto_me.musicxml	Violin I	37	long_note_starts_on_beat	0	4	4	1	1,2,3	C5	stop
come_unto_me	data/take6/reductions/string_quartet_double_stops/come_unto_me.musicxml	Violin I	39	long_note_starts_on_beat	0	4	4	1	1,2,3	C#5	stop
come_unto_me	data/take6/reductions/string_quartet_double_stops/come_unto_me.musicxml	Violin I	41	note_crosses_beat	1/2	3/2	2	1	1	G4	
come_unto_me	data/take6/reductions/string_quartet_double_stops/come_unto_me.musicxml	Violin I	41	rest_starts_on_beat_crosses_later_beat	2	2	4	1	3	rest	
come_unto_me	data/take6/reductions/string_quartet_double_stops/come_unto_me.musicxml	Violin I	42	long_note_starts_on_beat	1	3	4	1	2,3	B-4	
come_unto_me	data/take6/reductions/string_quartet_double_stops/come_unto_me.musicxml	Violin I	43	long_note_starts_on_beat	0	2	2	1	1	B4.D5	
come_unto_me	data/take6/reductions/string_quartet_double_stops/come_unto_me.musicxml	Violin I	43	long_note_starts_on_beat	2	2	4	1	3	D5	
come_unto_me	data/take6/reductions/string_quartet_double_stops/come_unto_me.musicxml	Violin I	44	long_note_starts_on_beat	0	3	3	1	1,2	D5	
come_unto_me	data/take6/reductions/string_quartet_double_stops/come_unto_me.musicxml	Violin I	46	long_note_starts_on_beat	1	3	4	1	2,3	D5	
come_unto_me	data/take6/reductions/string_quartet_double_stops/come_unto_me.musicxml	Violin I	47	long_note_starts_on_beat	0	3/2	3/2	1	1	B-4	
come_unto_me	data/take6/reductions/string_quartet_double_stops/come_unto_me.musicxml	Violin I	47	note_crosses_beat	3/2	3/2	3	1	2	B-4	
come_unto_me	data/take6/reductions/string_quartet_double_stops/come_unto_me.musicxml	Violin I	48	long_note_starts_on_beat	1	3	4	1	2,3	B-4	
come_unto_me	data/take6/reductions/string_quartet_double_stops/come_unto_me.musicxml	Violin I	49	note_crosses_beat	3/4	3/4	3/2	1	1	D5	
come_unto_me	data/take6/reductions/string_quartet_double_stops/come_unto_me.musicxml	Violin I	49	note_crosses_beat	11/4	1/2	13/4	1	3	F5	
come_unto_me	data/take6/reductions/string_quartet_double_stops/come_unto_me.musicxml	Violin I	50	note_crosses_beat	1/4	2	9/4	1	1,2	D5	start
come_unto_me	data/take6/reductions/string_quartet_double_stops/come_unto_me.musicxml	Violin I	52	note_crosses_beat	3/2	1	5/2	1	2	B-4.D5	
come_unto_me	data/take6/reductions/string_quartet_double_stops/come_unto_me.musicxml	Violin I	53	long_note_starts_on_beat	0	4	4	1	1,2,3	F4.B-4	
come_unto_me	data/take6/reductions/string_quartet_double_stops/come_unto_me.musicxml	Violin II	2	long_note_starts_on_beat	0	2	2	1	1	A4	start
come_unto_me	data/take6/reductions/string_quartet_double_stops/come_unto_me.musicxml	Violin II	3	rest_starts_on_beat_crosses_later_beat	2	2	4	1	3	rest	
come_unto_me	data/take6/reductions/string_quartet_double_stops/come_unto_me.musicxml	Violin II	4	note_crosses_beat	5/2	1	7/2	1	3	A4	
come_unto_me	data/take6/reductions/string_quartet_double_stops/come_unto_me.musicxml	Violin II	6	long_note_starts_on_beat	1	2	3	1	2	F4.A4	
come_unto_me	data/take6/reductions/string_quartet_double_stops/come_unto_me.musicxml	Violin II	7	rest_starts_on_beat_crosses_later_beat	2	2	4	1	3	rest	
come_unto_me	data/take6/reductions/string_quartet_double_stops/come_unto_me.musicxml	Violin II	8	long_note_starts_on_beat	0	3/2	3/2	1	1	D4	
come_unto_me	data/take6/reductions/string_quartet_double_stops/come_unto_me.musicxml	Violin II	8	note_crosses_beat	11/4	3/4	7/2	1	3	F4	
come_unto_me	data/take6/reductions/string_quartet_double_stops/come_unto_me.musicxml	Violin II	9	long_note_starts_on_beat	0	4	4	1	1,2,3	E4	
come_unto_me	data/take6/reductions/string_quartet_double_stops/come_unto_me.musicxml	Violin II	11	long_note_starts_on_beat	0	4	4	1	1,2,3	E-4	stop
come_unto_me	data/take6/reductions/string_quartet_double_stops/come_unto_me.musicxml	Violin II	13	long_note_starts_on_beat	0	4	4	1	1,2,3	E-4.A-4	stop
come_unto_me	data/take6/reductions/string_quartet_double_stops/come_unto_me.musicxml	Violin II	15	note_crosses_beat	3/4	1	7/4	1	1	C4	start
come_unto_me	data/take6/reductions/string_quartet_double_stops/come_unto_me.musicxml	Violin II	16	long_note_starts_on_beat	1	3	4	1	2,3	B-3.G4	
come_unto_me	data/take6/reductions/string_quartet_double_stops/come_unto_me.musicxml	Violin II	17	long_note_starts_on_beat	0	2	2	1	1	G4	
come_unto_me	data/take6/reductions/string_quartet_double_stops/come_unto_me.musicxml	Violin II	17	long_note_starts_on_beat	2	2	4	1	3	F#4.A#4	
come_unto_me	data/take6/reductions/string_quartet_double_stops/come_unto_me.musicxml	Violin II	18	long_note_starts_on_beat	0	3	3	1	1,2	D4.A4	
come_unto_me	data/take6/reductions/string_quartet_double_stops/come_unto_me.musicxml	Violin II	19	rest_starts_on_beat_crosses_later_beat	1	3	4	1	2,3	rest	
come_unto_me	data/take6/reductions/string_quartet_double_stops/come_unto_me.musicxml	Violin II	20	long_note_starts_on_beat	1	3	4	1	2,3	F4.B-4	
come_unto_me	data/take6/reductions/string_quartet_double_stops/come_unto_me.musicxml	Violin II	21	long_note_starts_on_beat	0	3/2	3/2	1	1	B-3.G4	
come_unto_me	data/take6/reductions/string_quartet_double_stops/come_unto_me.musicxml	Violin II	21	note_crosses_beat	3/2	3/2	3	1	2	D4	
come_unto_me	data/take6/reductions/string_quartet_double_stops/come_unto_me.musicxml	Violin II	23	long_note_starts_on_beat	0	3	3	1	1,2	C4.F#4	
come_unto_me	data/take6/reductions/string_quartet_double_stops/come_unto_me.musicxml	Violin II	27	long_note_starts_on_beat	0	3/2	3/2	1	1	C4.F4	
come_unto_me	data/take6/reductions/string_quartet_double_stops/come_unto_me.musicxml	Violin II	27	note_crosses_beat	3/2	1	5/2	1	2	A4	
come_unto_me	data/take6/reductions/string_quartet_double_stops/come_unto_me.musicxml	Violin II	27	note_crosses_beat	5/2	1	7/2	1	3	A4.C#5	
come_unto_me	data/take6/reductions/string_quartet_double_stops/come_unto_me.musicxml	Violin II	28	note_crosses_beat	3/2	1	5/2	1	2	G4.C5	
come_unto_me	data/take6/reductions/string_quartet_double_stops/come_unto_me.musicxml	Violin II	30	note_crosses_beat	5/2	1	7/2	1	3	A4	
come_unto_me	data/take6/reductions/string_quartet_double_stops/come_unto_me.musicxml	Violin II	33	rest_starts_on_beat_crosses_later_beat	2	2	4	1	3	rest	
come_unto_me	data/take6/reductions/string_quartet_double_stops/come_unto_me.musicxml	Violin II	34	long_note_starts_on_beat	0	3/2	3/2	1	1	D4	
come_unto_me	data/take6/reductions/string_quartet_double_stops/come_unto_me.musicxml	Violin II	34	note_crosses_beat	11/4	3/4	7/2	1	3	F4	
come_unto_me	data/take6/reductions/string_quartet_double_stops/come_unto_me.musicxml	Violin II	35	long_note_starts_on_beat	0	4	4	1	1,2,3	E4	
come_unto_me	data/take6/reductions/string_quartet_double_stops/come_unto_me.musicxml	Violin II	37	long_note_starts_on_beat	0	4	4	1	1,2,3	E-4	stop
come_unto_me	data/take6/reductions/string_quartet_double_stops/come_unto_me.musicxml	Violin II	39	note_crosses_beat	1/2	2	5/2	1	1,2	E4	
come_unto_me	data/take6/reductions/string_quartet_double_stops/come_unto_me.musicxml	Violin II	39	note_crosses_beat	5/2	3/2	4	1	3	D#4.A-4	
come_unto_me	data/take6/reductions/string_quartet_double_stops/come_unto_me.musicxml	Violin II	41	note_crosses_beat	1/2	3/2	2	1	1	C4.E-4	
come_unto_me	data/take6/reductions/string_quartet_double_stops/come_unto_me.musicxml	Violin II	42	long_note_starts_on_beat	1	3	4	1	2,3	C4.A4	
come_unto_me	data/take6/reductions/string_quartet_double_stops/come_unto_me.musicxml	Violin II	43	long_note_starts_on_beat	0	2	2	1	1	G4	
come_unto_me	data/take6/reductions/string_quartet_double_stops/come_unto_me.musicxml	Violin II	43	long_note_starts_on_beat	2	2	4	1	3	F#4.A#4	
come_unto_me	data/take6/reductions/string_quartet_double_stops/come_unto_me.musicxml	Violin II	44	long_note_starts_on_beat	0	3	3	1	1,2	F4.A4	
come_unto_me	data/take6/reductions/string_quartet_double_stops/come_unto_me.musicxml	Violin II	45	rest_starts_on_beat_crosses_later_beat	1	3	4	1	2,3	rest	
come_unto_me	data/take6/reductions/string_quartet_double_stops/come_unto_me.musicxml	Violin II	46	long_note_starts_on_beat	1	3	4	1	2,3	F4.B-4	
come_unto_me	data/take6/reductions/string_quartet_double_stops/come_unto_me.musicxml	Violin II	47	long_note_starts_on_beat	0	3/2	3/2	1	1	B-3.G4	
come_unto_me	data/take6/reductions/string_quartet_double_stops/come_unto_me.musicxml	Violin II	48	long_note_starts_on_beat	1	3	4	1	2,3	C4.F#4	
come_unto_me	data/take6/reductions/string_quartet_double_stops/come_unto_me.musicxml	Violin II	49	note_crosses_beat	3/4	3/4	3/2	1	1	G4.C5	
come_unto_me	data/take6/reductions/string_quartet_double_stops/come_unto_me.musicxml	Violin II	50	long_note_starts_on_beat	0	3	3	1	1,2	D4	
come_unto_me	data/take6/reductions/string_quartet_double_stops/come_unto_me.musicxml	Violin II	53	note_crosses_beat	9/4	7/4	4	1	3	D4	
come_unto_me	data/take6/reductions/string_quartet_double_stops/come_unto_me.musicxml	Viola	2	long_note_starts_on_beat	0	2	2	1	1	G4	start
come_unto_me	data/take6/reductions/string_quartet_double_stops/come_unto_me.musicxml	Viola	3	rest_starts_on_beat_crosses_later_beat	2	2	4	1	3	rest	
come_unto_me	data/take6/reductions/string_quartet_double_stops/come_unto_me.musicxml	Viola	4	note_crosses_beat	5/2	1	7/2	1	3	F4	
come_unto_me	data/take6/reductions/string_quartet_double_stops/come_unto_me.musicxml	Viola	6	long_note_starts_on_beat	1	2	3	1	2	C4	
come_unto_me	data/take6/reductions/string_quartet_double_stops/come_unto_me.musicxml	Viola	7	rest_starts_on_beat_crosses_later_beat	2	2	4	1	3	rest	
come_unto_me	data/take6/reductions/string_quartet_double_stops/come_unto_me.musicxml	Viola	8	long_note_starts_on_beat	0	3/2	3/2	1	1	B3	
come_unto_me	data/take6/reductions/string_quartet_double_stops/come_unto_me.musicxml	Viola	8	note_crosses_beat	11/4	3/4	7/2	1	3	A3	
come_unto_me	data/take6/reductions/string_quartet_double_stops/come_unto_me.musicxml	Viola	9	long_note_starts_on_beat	0	4	4	1	1,2,3	D4	
come_unto_me	data/take6/reductions/string_quartet_double_stops/come_unto_me.musicxml	Viola	11	long_note_starts_on_beat	0	4	4	1	1,2,3	G#3	stop
come_unto_me	data/take6/reductions/string_quartet_double_stops/come_unto_me.musicxml	Viola	13	long_note_starts_on_beat	0	4	4	1	1,2,3	B-3.D-4	stop
come_unto_me	data/take6/reductions/string_quartet_double_stops/come_unto_me.musicxml	Viola	15	long_note_starts_on_beat	0	2	2	1	1	A3.E4	stop
come_unto_me	data/take6/reductions/string_quartet_double_stops/come_unto_me.musicxml	Viola	15	rest_starts_on_beat_crosses_later_beat	2	2	4	1	3	rest	
come_unto_me	data/take6/reductions/string_quartet_double_stops/come_unto_me.musicxml	Viola	16	long_note_starts_on_beat	1	3	4	1	2,3	D4.F4	
come_unto_me	data/take6/reductions/string_quartet_double_stops/come_unto_me.musicxml	Viola	17	long_note_starts_on_beat	0	2	2	1	1	C4.E4	
come_unto_me	data/take6/reductions/string_quartet_double_stops/come_unto_me.musicxml	Viola	17	long_note_starts_on_beat	2	2	4	1	3	C4.F4	
come_unto_me	data/take6/reductions/string_quartet_double_stops/come_unto_me.musicxml	Viola	18	long_note_starts_on_beat	0	3	3	1	1,2	C4.F4	
come_unto_me	data/take6/reductions/string_quartet_double_stops/come_unto_me.musicxml	Viola	19	rest_starts_on_beat_crosses_later_beat	1	3	4	1	2,3	rest	
come_unto_me	data/take6/reductions/string_quartet_double_stops/come_unto_me.musicxml	Viola	20	long_note_starts_on_beat	1	3	4	1	2,3	G3.E-4	
come_unto_me	data/take6/reductions/string_quartet_double_stops/come_unto_me.musicxml	Viola	21	long_note_starts_on_beat	0	3/2	3/2	1	1	C4.E-4	
come_unto_me	data/take6/reductions/string_quartet_double_stops/come_unto_me.musicxml	Viola	21	note_crosses_beat	3/2	3/2	3	1	2	C4	
come_unto_me	data/take6/reductions/string_quartet_double_stops/come_unto_me.musicxml	Viola	22	note_crosses_beat	3/2	1	5/2	1	2	C4.A-4	
come_unto_me	data/take6/reductions/string_quartet_double_stops/come_unto_me.musicxml	Viola	23	long_note_starts_on_beat	0	3/2	3/2	1	1	F4.A#4	
come_unto_me	data/take6/reductions/string_quartet_double_stops/come_unto_me.musicxml	Viola	26	note_crosses_beat	1/2	1	3/2	1	1	B-3	
come_unto_me	data/take6/reductions/string_quartet_double_stops/come_unto_me.musicxml	Viola	26	note_crosses_beat	3/2	3/4	9/4	1	2	C4	
come_unto_me	data/take6/reductions/string_quartet_double_stops/come_unto_me.musicxml	Viola	26	rest_crosses_beat	11/4	1	15/4	1	3	rest	
come_unto_me	data/take6/reductions/string_quartet_double_stops/come_unto_me.musicxml	Viola	27	long_note_starts_on_beat	0	3/2	3/2	1	1	B-3.F4	
come_unto_me	data/take6/reductions/string_quartet_double_stops/come_unto_me.musicxml	Viola	27	note_crosses_beat	3/2	1	5/2	1	2	B-3.E4	
come_unto_me	data/take6/reductions/string_quartet_double_stops/come_unto_me.musicxml	Viola	27	note_crosses_beat	5/2	1	7/2	1	3	B-3.E4	
come_unto_me	data/take6/reductions/string_quartet_double_stops/come_unto_me.musicxml	Viola	28	note_crosses_beat	3/2	1	5/2	1	2	G#3.D4	
come_unto_me	data/take6/reductions/string_quartet_double_stops/come_unto_me.musicxml	Viola	29	rest_starts_on_beat_crosses_later_beat	2	2	4	1	3	rest	
come_unto_me	data/take6/reductions/string_quartet_double_stops/come_unto_me.musicxml	Viola	30	note_crosses_beat	5/2	1	7/2	1	3	F4	
come_unto_me	data/take6/reductions/string_quartet_double_stops/come_unto_me.musicxml	Viola	33	rest_starts_on_beat_crosses_later_beat	2	2	4	1	3	rest	
come_unto_me	data/take6/reductions/string_quartet_double_stops/come_unto_me.musicxml	Viola	34	long_note_starts_on_beat	0	3/2	3/2	1	1	B3	
come_unto_me	data/take6/reductions/string_quartet_double_stops/come_unto_me.musicxml	Viola	34	note_crosses_beat	11/4	3/4	7/2	1	3	A3	
come_unto_me	data/take6/reductions/string_quartet_double_stops/come_unto_me.musicxml	Viola	35	long_note_starts_on_beat	0	4	4	1	1,2,3	D4	
come_unto_me	data/take6/reductions/string_quartet_double_stops/come_unto_me.musicxml	Viola	37	long_note_starts_on_beat	0	4	4	1	1,2,3	G#3	stop
come_unto_me	data/take6/reductions/string_quartet_double_stops/come_unto_me.musicxml	Viola	39	long_note_starts_on_beat	0	2	2	1	1	B-3	stop
come_unto_me	data/take6/reductions/string_quartet_double_stops/come_unto_me.musicxml	Viola	39	note_crosses_beat	5/2	3/2	4	1	3	B-3.E-4	
come_unto_me	data/take6/reductions/string_quartet_double_stops/come_unto_me.musicxml	Viola	41	note_crosses_beat	1/2	3/2	2	1	1	G#3.D#4	
come_unto_me	data/take6/reductions/string_quartet_double_stops/come_unto_me.musicxml	Viola	41	rest_starts_on_beat_crosses_later_beat	2	2	4	1	3	rest	
come_unto_me	data/take6/reductions/string_quartet_double_stops/come_unto_me.musicxml	Viola	42	long_note_starts_on_beat	1	3	4	1	2,3	D4.F4	
come_unto_me	data/take6/reductions/string_quartet_double_stops/come_unto_me.musicxml	Viola	43	long_note_starts_on_beat	0	2	2	1	1	C4.E4	
come_unto_me	data/take6/reductions/string_quartet_double_stops/come_unto_me.musicxml	Viola	43	long_note_starts_on_beat	2	2	4	1	3	C4.F4	
come_unto_me	data/take6/reductions/string_quartet_double_stops/come_unto_me.musicxml	Viola	44	long_note_starts_on_beat	0	3	3	1	1,2	B-3.D4	
come_unto_me	data/take6/reductions/string_quartet_double_stops/come_unto_me.musicxml	Viola	45	rest_starts_on_beat_crosses_later_beat	1	3	4	1	2,3	rest	
come_unto_me	data/take6/reductions/string_quartet_double_stops/come_unto_me.musicxml	Viola	46	long_note_starts_on_beat	1	3	4	1	2,3	G3.E-4	
come_unto_me	data/take6/reductions/string_quartet_double_stops/come_unto_me.musicxml	Viola	47	long_note_starts_on_beat	0	3/2	3/2	1	1	C4.D#4	
come_unto_me	data/take6/reductions/string_quartet_double_stops/come_unto_me.musicxml	Viola	48	long_note_starts_on_beat	1	3	4	1	2,3	C4.F4	
come_unto_me	data/take6/reductions/string_quartet_double_stops/come_unto_me.musicxml	Viola	49	long_note_starts_on_beat	0	2	2	1	1	C4.E4	
come_unto_me	data/take6/reductions/string_quartet_double_stops/come_unto_me.musicxml	Viola	49	long_note_starts_on_beat	2	2	4	1	3	C4.F4	
come_unto_me	data/take6/reductions/string_quartet_double_stops/come_unto_me.musicxml	Viola	50	long_note_starts_on_beat	0	3	3	1	1,2	B-3.F4	
come_unto_me	data/take6/reductions/string_quartet_double_stops/come_unto_me.musicxml	Viola	52	long_note_starts_on_beat	1	3/2	5/2	1	2	F#3	
come_unto_me	data/take6/reductions/string_quartet_double_stops/come_unto_me.musicxml	Viola	53	long_note_starts_on_beat	2	2	4	1	3	C4	
come_unto_me	data/take6/reductions/string_quartet_double_stops/come_unto_me.musicxml	Violoncello	1	rest_starts_on_beat_crosses_later_beat	0	2	2	1	1	rest	
come_unto_me	data/take6/reductions/string_quartet_double_stops/come_unto_me.musicxml	Violoncello	2	long_note_starts_on_beat	0	2	2	1	1	F3	start
come_unto_me	data/take6/reductions/string_quartet_double_stops/come_unto_me.musicxml	Violoncello	3	rest_starts_on_beat_crosses_later_beat	2	2	4	1	3	rest	
come_unto_me	data/take6/reductions/string_quartet_double_stops/come_unto_me.musicxml	Violoncello	4	note_crosses_beat	5/2	1	7/2	1	3	G2	
come_unto_me	data/take6/reductions/string_quartet_double_stops/come_unto_me.musicxml	Violoncello	5	rest_starts_on_beat_crosses_later_beat	1	2	3	1	2	rest	
come_unto_me	data/take6/reductions/string_quartet_double_stops/come_unto_me.musicxml	Violoncello	6	long_note_starts_on_beat	1	2	3	1	2	D3	
come_unto_me	data/take6/reductions/string_quartet_double_stops/come_unto_me.musicxml	Violoncello	7	rest_starts_on_beat_crosses_later_beat	2	2	4	1	3	rest	
come_unto_me	data/take6/reductions/string_quartet_double_stops/come_unto_me.musicxml	Violoncello	8	long_note_starts_on_beat	0	3/2	3/2	1	1	C3	
come_unto_me	data/take6/reductions/string_quartet_double_stops/come_unto_me.musicxml	Violoncello	8	note_crosses_beat	11/4	3/4	7/2	1	3	C3	
come_unto_me	data/take6/reductions/string_quartet_double_stops/come_unto_me.musicxml	Violoncello	9	long_note_starts_on_beat	0	4	4	1	1,2,3	C3	
come_unto_me	data/take6/reductions/string_quartet_double_stops/come_unto_me.musicxml	Violoncello	11	long_note_starts_on_beat	0	4	4	1	1,2,3	F3	stop
come_unto_me	data/take6/reductions/string_quartet_double_stops/come_unto_me.musicxml	Violoncello	13	long_note_starts_on_beat	0	4	4	1	1,2,3	C#3	stop
come_unto_me	data/take6/reductions/string_quartet_double_stops/come_unto_me.musicxml	Violoncello	15	long_note_starts_on_beat	0	2	2	1	1	B-2	stop
come_unto_me	data/take6/reductions/string_quartet_double_stops/come_unto_me.musicxml	Violoncello	15	rest_starts_on_beat_crosses_later_beat	2	2	4	1	3	rest	
come_unto_me	data/take6/reductions/string_quartet_double_stops/come_unto_me.musicxml	Violoncello	16	long_note_starts_on_beat	1	3	4	1	2,3	E-3	
come_unto_me	data/take6/reductions/string_quartet_double_stops/come_unto_me.musicxml	Violoncello	17	long_note_starts_on_beat	0	2	2	1	1	A2	
come_unto_me	data/take6/reductions/string_quartet_double_stops/come_unto_me.musicxml	Violoncello	17	long_note_starts_on_beat	2	2	4	1	3	G#2	
come_unto_me	data/take6/reductions/string_quartet_double_stops/come_unto_me.musicxml	Violoncello	18	long_note_starts_on_beat	0	3	3	1	1,2	G2	
come_unto_me	data/take6/reductions/string_quartet_double_stops/come_unto_me.musicxml	Violoncello	19	rest_starts_on_beat_crosses_later_beat	1	3	4	1	2,3	rest	
come_unto_me	data/take6/reductions/string_quartet_double_stops/come_unto_me.musicxml	Violoncello	20	long_note_starts_on_beat	1	3	4	1	2,3	C3	
come_unto_me	data/take6/reductions/string_quartet_double_stops/come_unto_me.musicxml	Violoncello	21	long_note_starts_on_beat	0	3/2	3/2	1	1	F3	
come_unto_me	data/take6/reductions/string_quartet_double_stops/come_unto_me.musicxml	Violoncello	21	note_crosses_beat	3/2	3/2	3	1	2	B-2	
come_unto_me	data/take6/reductions/string_quartet_double_stops/come_unto_me.musicxml	Violoncello	22	long_note_starts_on_beat	0	3/2	3/2	1	1	A2	
come_unto_me	data/take6/reductions/string_quartet_double_stops/come_unto_me.musicxml	Violoncello	23	long_note_starts_on_beat	0	3/2	3/2	1	1	D3	
come_unto_me	data/take6/reductions/string_quartet_double_stops/come_unto_me.musicxml	Violoncello	24	long_note_starts_on_beat	2	3	5	2	4	G2	
come_unto_me	data/take6/reductions/string_quartet_double_stops/come_unto_me.musicxml	Violoncello	25	long_note_starts_on_beat	0	4	4	1	1,2,3	E-3	start
come_unto_me	data/take6/reductions/string_quartet_double_stops/come_unto_me.musicxml	Violoncello	26	long_note_starts_on_beat	0	3/2	3/2	1	1	E-3	stop
come_unto_me	data/take6/reductions/string_quartet_double_stops/come_unto_me.musicxml	Violoncello	26	note_crosses_beat	3/2	3/2	3	1	2	D3	
come_unto_me	data/take6/reductions/string_quartet_double_stops/come_unto_me.musicxml	Violoncello	27	long_note_starts_on_beat	0	3/2	3/2	1	1	G2	
come_unto_me	data/take6/reductions/string_quartet_double_stops/come_unto_me.musicxml	Violoncello	27	note_crosses_beat	3/2	1	5/2	1	2	F#2	
come_unto_me	data/take6/reductions/string_quartet_double_stops/come_unto_me.musicxml	Violoncello	27	note_crosses_beat	5/2	1	7/2	1	3	G-3	
come_unto_me	data/take6/reductions/string_quartet_double_stops/come_unto_me.musicxml	Violoncello	28	note_crosses_beat	3/2	1	5/2	1	2	E3	
come_unto_me	data/take6/reductions/string_quartet_double_stops/come_unto_me.musicxml	Violoncello	29	rest_starts_on_beat_crosses_later_beat	2	2	4	1	3	rest	
come_unto_me	data/take6/reductions/string_quartet_double_stops/come_unto_me.musicxml	Violoncello	30	note_crosses_beat	5/2	1	7/2	1	3	G2	
come_unto_me	data/take6/reductions/string_quartet_double_stops/come_unto_me.musicxml	Violoncello	31	rest_starts_on_beat_crosses_later_beat	1	2	3	1	2	rest	
come_unto_me	data/take6/reductions/string_quartet_double_stops/come_unto_me.musicxml	Violoncello	33	rest_starts_on_beat_crosses_later_beat	2	2	4	1	3	rest	
come_unto_me	data/take6/reductions/string_quartet_double_stops/come_unto_me.musicxml	Violoncello	34	long_note_starts_on_beat	0	3/2	3/2	1	1	C3	
come_unto_me	data/take6/reductions/string_quartet_double_stops/come_unto_me.musicxml	Violoncello	34	note_crosses_beat	11/4	3/4	7/2	1	3	C3	
come_unto_me	data/take6/reductions/string_quartet_double_stops/come_unto_me.musicxml	Violoncello	35	long_note_starts_on_beat	0	2	2	1	1	C3	start
come_unto_me	data/take6/reductions/string_quartet_double_stops/come_unto_me.musicxml	Violoncello	35	note_crosses_beat	5/2	3/2	4	1	3	B-2	
come_unto_me	data/take6/reductions/string_quartet_double_stops/come_unto_me.musicxml	Violoncello	37	long_note_starts_on_beat	0	4	4	1	1,2,3	F2	stop
come_unto_me	data/take6/reductions/string_quartet_double_stops/come_unto_me.musicxml	Violoncello	39	long_note_starts_on_beat	0	2	2	1	1	C#3	stop
come_unto_me	data/take6/reductions/string_quartet_double_stops/come_unto_me.musicxml	Violoncello	39	long_note_starts_on_beat	2	2	4	1	3	C3	
come_unto_me	data/take6/reductions/string_quartet_double_stops/come_unto_me.musicxml	Violoncello	41	note_crosses_beat	1/2	3/2	2	1	1	B-2	
come_unto_me	data/take6/reductions/string_quartet_double_stops/come_unto_me.musicxml	Violoncello	41	rest_starts_on_beat_crosses_later_beat	2	2	4	1	3	rest	
come_unto_me	data/take6/reductions/string_quartet_double_stops/come_unto_me.musicxml	Violoncello	42	long_note_starts_on_beat	1	3	4	1	2,3	E-3	
come_unto_me	data/take6/reductions/string_quartet_double_stops/come_unto_me.musicxml	Violoncello	43	long_note_starts_on_beat	0	2	2	1	1	A2	
come_unto_me	data/take6/reductions/string_quartet_double_stops/come_unto_me.musicxml	Violoncello	43	long_note_starts_on_beat	2	2	4	1	3	G#2	
come_unto_me	data/take6/reductions/string_quartet_double_stops/come_unto_me.musicxml	Violoncello	44	long_note_starts_on_beat	0	3	3	1	1,2	G2	
come_unto_me	data/take6/reductions/string_quartet_double_stops/come_unto_me.musicxml	Violoncello	46	long_note_starts_on_beat	1	3	4	1	2,3	C3	
come_unto_me	data/take6/reductions/string_quartet_double_stops/come_unto_me.musicxml	Violoncello	47	long_note_starts_on_beat	0	3/2	3/2	1	1	F3	
come_unto_me	data/take6/reductions/string_quartet_double_stops/come_unto_me.musicxml	Violoncello	47	note_crosses_beat	3/2	3/2	3	1	2	B-2	
come_unto_me	data/take6/reductions/string_quartet_double_stops/come_unto_me.musicxml	Violoncello	48	long_note_starts_on_beat	1	3	4	1	2,3	G#2	
come_unto_me	data/take6/reductions/string_quartet_double_stops/come_unto_me.musicxml	Violoncello	49	long_note_starts_on_beat	0	2	2	1	1	A2	
come_unto_me	data/take6/reductions/string_quartet_double_stops/come_unto_me.musicxml	Violoncello	49	long_note_starts_on_beat	2	2	4	1	3	G#2	
come_unto_me	data/take6/reductions/string_quartet_double_stops/come_unto_me.musicxml	Violoncello	50	long_note_starts_on_beat	0	3	3	1	1,2	C3	
come_unto_me	data/take6/reductions/string_quartet_double_stops/come_unto_me.musicxml	Violoncello	52	long_note_starts_on_beat	1	3/2	5/2	1	2	G#2	
come_unto_me	data/take6/reductions/string_quartet_double_stops/come_unto_me.musicxml	Violoncello	53	long_note_starts_on_beat	0	4	4	1	1,2,3	B-2	
121_moro_lasso_al_mio_duolo	data/cpdl/5-voices/reductions/string_quartet/121_moro_lasso_al_mio_duolo.musicxml	Violin I	1	long_note_starts_on_beat	0	4	4	1	1,2,3	C#4	
121_moro_lasso_al_mio_duolo	data/cpdl/5-voices/reductions/string_quartet/121_moro_lasso_al_mio_duolo.musicxml	Violin I	2	long_note_starts_on_beat	0	4	4	1	1,2,3	E4	
121_moro_lasso_al_mio_duolo	data/cpdl/5-voices/reductions/string_quartet/121_moro_lasso_al_mio_duolo.musicxml	Violin I	3	long_note_starts_on_beat	0	4	4	1	1,2,3	B3	
121_moro_lasso_al_mio_duolo	data/cpdl/5-voices/reductions/string_quartet/121_moro_lasso_al_mio_duolo.musicxml	Violin I	4	long_note_starts_on_beat	0	2	2	1	1	B3	
121_moro_lasso_al_mio_duolo	data/cpdl/5-voices/reductions/string_quartet/121_moro_lasso_al_mio_duolo.musicxml	Violin I	4	long_note_starts_on_beat	2	2	4	1	3	C4	
121_moro_lasso_al_mio_duolo	data/cpdl/5-voices/reductions/string_quartet/121_moro_lasso_al_mio_duolo.musicxml	Violin I	5	long_note_starts_on_beat	0	2	2	1	1	D4	
121_moro_lasso_al_mio_duolo	data/cpdl/5-voices/reductions/string_quartet/121_moro_lasso_al_mio_duolo.musicxml	Violin I	5	long_note_starts_on_beat	2	2	4	1	3	D5	
121_moro_lasso_al_mio_duolo	data/cpdl/5-voices/reductions/string_quartet/121_moro_lasso_al_mio_duolo.musicxml	Violin I	8	long_note_starts_on_beat	2	2	4	1	3	A4	
121_moro_lasso_al_mio_duolo	data/cpdl/5-voices/reductions/string_quartet/121_moro_lasso_al_mio_duolo.musicxml	Violin I	10	long_note_starts_on_beat	0	3/2	3/2	1	1	C5	
121_moro_lasso_al_mio_duolo	data/cpdl/5-voices/reductions/string_quartet/121_moro_lasso_al_mio_duolo.musicxml	Violin I	13	rest_starts_on_beat_crosses_later_beat	0	2	2	1	1	rest	
121_moro_lasso_al_mio_duolo	data/cpdl/5-voices/reductions/string_quartet/121_moro_lasso_al_mio_duolo.musicxml	Violin I	13	long_note_starts_on_beat	2	2	4	1	3	C5	
121_moro_lasso_al_mio_duolo	data/cpdl/5-voices/reductions/string_quartet/121_moro_lasso_al_mio_duolo.musicxml	Violin I	14	long_note_starts_on_beat	0	2	2	1	1	E-5	
121_moro_lasso_al_mio_duolo	data/cpdl/5-voices/reductions/string_quartet/121_moro_lasso_al_mio_duolo.musicxml	Violin I	14	long_note_starts_on_beat	2	2	4	1	3	G5	start
121_moro_lasso_al_mio_duolo	data/cpdl/5-voices/reductions/string_quartet/121_moro_lasso_al_mio_duolo.musicxml	Violin I	15	long_note_starts_on_beat	0	2	2	1	1	G5	stop
121_moro_lasso_al_mio_duolo	data/cpdl/5-voices/reductions/string_quartet/121_moro_lasso_al_mio_duolo.musicxml	Violin I	16	long_note_starts_on_beat	0	2	2	1	1	E5	
121_moro_lasso_al_mio_duolo	data/cpdl/5-voices/reductions/string_quartet/121_moro_lasso_al_mio_duolo.musicxml	Violin I	16	long_note_starts_on_beat	2	2	4	1	3	C#5	
121_moro_lasso_al_mio_duolo	data/cpdl/5-voices/reductions/string_quartet/121_moro_lasso_al_mio_duolo.musicxml	Violin I	18	long_note_starts_on_beat	2	2	4	1	3	D5	start
121_moro_lasso_al_mio_duolo	data/cpdl/5-voices/reductions/string_quartet/121_moro_lasso_al_mio_duolo.musicxml	Violin I	19	long_note_starts_on_beat	0	2	2	1	1	D5	stop
121_moro_lasso_al_mio_duolo	data/cpdl/5-voices/reductions/string_quartet/121_moro_lasso_al_mio_duolo.musicxml	Violin I	19	long_note_starts_on_beat	2	2	4	1	3	A4	
121_moro_lasso_al_mio_duolo	data/cpdl/5-voices/reductions/string_quartet/121_moro_lasso_al_mio_duolo.musicxml	Violin I	21	long_note_starts_on_beat	2	2	4	1	3	D5	start
121_moro_lasso_al_mio_duolo	data/cpdl/5-voices/reductions/string_quartet/121_moro_lasso_al_mio_duolo.musicxml	Violin I	22	long_note_starts_on_beat	0	2	2	1	1	D5	stop
121_moro_lasso_al_mio_duolo	data/cpdl/5-voices/reductions/string_quartet/121_moro_lasso_al_mio_duolo.musicxml	Violin I	22	long_note_starts_on_beat	2	2	4	1	3	A4	
121_moro_lasso_al_mio_duolo	data/cpdl/5-voices/reductions/string_quartet/121_moro_lasso_al_mio_duolo.musicxml	Violin I	23	rest_starts_on_beat_crosses_later_beat	0	2	2	1	1	rest	
121_moro_lasso_al_mio_duolo	data/cpdl/5-voices/reductions/string_quartet/121_moro_lasso_al_mio_duolo.musicxml	Violin I	23	long_note_starts_on_beat	2	2	4	1	3	B-4	start
121_moro_lasso_al_mio_duolo	data/cpdl/5-voices/reductions/string_quartet/121_moro_lasso_al_mio_duolo.musicxml	Violin I	24	long_note_starts_on_beat	0	2	2	1	1	B-4	stop
121_moro_lasso_al_mio_duolo	data/cpdl/5-voices/reductions/string_quartet/121_moro_lasso_al_mio_duolo.musicxml	Violin I	24	long_note_starts_on_beat	2	2	4	1	3	A4	
121_moro_lasso_al_mio_duolo	data/cpdl/5-voices/reductions/string_quartet/121_moro_lasso_al_mio_duolo.musicxml	Violin I	25	long_note_starts_on_beat	0	4	4	1	1,2,3	G#4	
121_moro_lasso_al_mio_duolo	data/cpdl/5-voices/reductions/string_quartet/121_moro_lasso_al_mio_duolo.musicxml	Violin I	26	long_note_starts_on_beat	0	4	4	1	1,2,3	G4	start
121_moro_lasso_al_mio_duolo	data/cpdl/5-voices/reductions/string_quartet/121_moro_lasso_al_mio_duolo.musicxml	Violin I	27	long_note_starts_on_beat	0	2	2	1	1	G4	stop
121_moro_lasso_al_mio_duolo	data/cpdl/5-voices/reductions/string_quartet/121_moro_lasso_al_mio_duolo.musicxml	Violin I	27	long_note_starts_on_beat	2	2	4	1	3	G5	
121_moro_lasso_al_mio_duolo	data/cpdl/5-voices/reductions/string_quartet/121_moro_lasso_al_mio_duolo.musicxml	Violin I	28	long_note_starts_on_beat	0	2	2	1	1	C#5	
121_moro_lasso_al_mio_duolo	data/cpdl/5-voices/reductions/string_quartet/121_moro_lasso_al_mio_duolo.musicxml	Violin I	28	long_note_starts_on_beat	2	2	4	1	3	D5	
121_moro_lasso_al_mio_duolo	data/cpdl/5-voices/reductions/string_quartet/121_moro_lasso_al_mio_duolo.musicxml	Violin I	30	long_note_starts_on_beat	0	2	2	1	1	E5	
121_moro_lasso_al_mio_duolo	data/cpdl/5-voices/reductions/string_quartet/121_moro_lasso_al_mio_duolo.musicxml	Violin I	31	long_note_starts_on_beat	2	2	4	1	3	F5	start
121_moro_lasso_al_mio_duolo	data/cpdl/5-voices/reductions/string_quartet/121_moro_lasso_al_mio_duolo.musicxml	Violin I	34	long_note_starts_on_beat	0	2	2	1	1	C5	
121_moro_lasso_al_mio_duolo	data/cpdl/5-voices/reductions/string_quartet/121_moro_lasso_al_mio_duolo.musicxml	Violin I	34	long_note_starts_on_beat	2	2	4	1	3	C5	
121_moro_lasso_al_mio_duolo	data/cpdl/5-voices/reductions/string_quartet/121_moro_lasso_al_mio_duolo.musicxml	Violin I	36	long_note_starts_on_beat	0	2	2	1	1	C#5	
121_moro_lasso_al_mio_duolo	data/cpdl/5-voices/reductions/string_quartet/121_moro_lasso_al_mio_duolo.musicxml	Violin I	36	long_note_starts_on_beat	2	2	4	1	3	F5	start
121_moro_lasso_al_mio_duolo	data/cpdl/5-voices/reductions/string_quartet/121_moro_lasso_al_mio_duolo.musicxml	Violin I	37	long_note_starts_on_beat	0	2	2	1	1	F5	stop
121_moro_lasso_al_mio_duolo	data/cpdl/5-voices/reductions/string_quartet/121_moro_lasso_al_mio_duolo.musicxml	Violin I	38	long_note_starts_on_beat	0	2	2	1	1	D5	
121_moro_lasso_al_mio_duolo	data/cpdl/5-voices/reductions/string_quartet/121_moro_lasso_al_mio_duolo.musicxml	Violin I	38	long_note_starts_on_beat	2	2	4	1	3	B4	
121_moro_lasso_al_mio_duolo	data/cpdl/5-voices/reductions/string_quartet/121_moro_lasso_al_mio_duolo.musicxml	Violin I	40	long_note_starts_on_beat	0	2	2	1	1	E5	
121_moro_lasso_al_mio_duolo	data/cpdl/5-voices/reductions/string_quartet/121_moro_lasso_al_mio_duolo.musicxml	Violin I	40	long_note_starts_on_beat	2	2	4	1	3	F5	
121_moro_lasso_al_mio_duolo	data/cpdl/5-voices/reductions/string_quartet/121_moro_lasso_al_mio_duolo.musicxml	Violin I	41	long_note_starts_on_beat	0	2	2	1	1	G5	
121_moro_lasso_al_mio_duolo	data/cpdl/5-voices/reductions/string_quartet/121_moro_lasso_al_mio_duolo.musicxml	Violin I	41	long_note_starts_on_beat	2	2	4	1	3	G5	
121_moro_lasso_al_mio_duolo	data/cpdl/5-voices/reductions/string_quartet/121_moro_lasso_al_mio_duolo.musicxml	Violin I	43	long_note_starts_on_beat	0	2	2	1	1	E5	
121_moro_lasso_al_mio_duolo	data/cpdl/5-voices/reductions/string_quartet/121_moro_lasso_al_mio_duolo.musicxml	Violin I	43	long_note_starts_on_beat	2	2	4	1	3	F5	
121_moro_lasso_al_mio_duolo	data/cpdl/5-voices/reductions/string_quartet/121_moro_lasso_al_mio_duolo.musicxml	Violin I	44	long_note_starts_on_beat	0	2	2	1	1	G5	
121_moro_lasso_al_mio_duolo	data/cpdl/5-voices/reductions/string_quartet/121_moro_lasso_al_mio_duolo.musicxml	Violin I	44	long_note_starts_on_beat	2	2	4	1	3	G5	
121_moro_lasso_al_mio_duolo	data/cpdl/5-voices/reductions/string_quartet/121_moro_lasso_al_mio_duolo.musicxml	Violin I	45	rest_starts_on_beat_crosses_later_beat	0	2	2	1	1	rest	
121_moro_lasso_al_mio_duolo	data/cpdl/5-voices/reductions/string_quartet/121_moro_lasso_al_mio_duolo.musicxml	Violin I	46	long_note_starts_on_beat	0	2	2	1	1	F4	
121_moro_lasso_al_mio_duolo	data/cpdl/5-voices/reductions/string_quartet/121_moro_lasso_al_mio_duolo.musicxml	Violin I	47	long_note_starts_on_beat	0	3	3	1	1,2	F4	
121_moro_lasso_al_mio_duolo	data/cpdl/5-voices/reductions/string_quartet/121_moro_lasso_al_mio_duolo.musicxml	Violin I	48	long_note_starts_on_beat	0	2	2	1	1	D4	
121_moro_lasso_al_mio_duolo	data/cpdl/5-voices/reductions/string_quartet/121_moro_lasso_al_mio_duolo.musicxml	Violin I	48	long_note_starts_on_beat	2	2	4	1	3	E4	
121_moro_lasso_al_mio_duolo	data/cpdl/5-voices/reductions/string_quartet/121_moro_lasso_al_mio_duolo.musicxml	Violin I	49	rest_starts_on_beat_crosses_later_beat	0	2	2	1	1	rest	
121_moro_lasso_al_mio_duolo	data/cpdl/5-voices/reductions/string_quartet/121_moro_lasso_al_mio_duolo.musicxml	Violin I	49	long_note_starts_on_beat	2	2	4	1	3	C5	start
121_moro_lasso_al_mio_duolo	data/cpdl/5-voices/reductions/string_quartet/121_moro_lasso_al_mio_duolo.musicxml	Violin I	50	long_note_starts_on_beat	0	2	2	1	1	C5	stop
121_moro_lasso_al_mio_duolo	data/cpdl/5-voices/reductions/string_quartet/121_moro_lasso_al_mio_duolo.musicxml	Violin I	51	long_note_starts_on_beat	0	2	2	1	1	F5	
121_moro_lasso_al_mio_duolo	data/cpdl/5-voices/reductions/string_quartet/121_moro_lasso_al_mio_duolo.musicxml	Violin I	51	long_note_starts_on_beat	2	2	4	1	3	E5	
121_moro_lasso_al_mio_duolo	data/cpdl/5-voices/reductions/string_quartet/121_moro_lasso_al_mio_duolo.musicxml	Violin I	52	long_note_starts_on_beat	0	2	2	1	1	E5	
121_moro_lasso_al_mio_duolo	data/cpdl/5-voices/reductions/string_quartet/121_moro_lasso_al_mio_duolo.musicxml	Violin I	52	long_note_starts_on_beat	2	2	4	1	3	D#5	
121_moro_lasso_al_mio_duolo	data/cpdl/5-voices/reductions/string_quartet/121_moro_lasso_al_mio_duolo.musicxml	Violin I	54	long_note_starts_on_beat	2	2	4	1	3	D5	
121_moro_lasso_al_mio_duolo	data/cpdl/5-voices/reductions/string_quartet/121_moro_lasso_al_mio_duolo.musicxml	Violin I	55	long_note_starts_on_beat	0	2	2	1	1	G5	
121_moro_lasso_al_mio_duolo	data/cpdl/5-voices/reductions/string_quartet/121_moro_lasso_al_mio_duolo.musicxml	Violin I	55	long_note_starts_on_beat	2	2	4	1	3	F5	start
121_moro_lasso_al_mio_duolo	data/cpdl/5-voices/reductions/string_quartet/121_moro_lasso_al_mio_duolo.musicxml	Violin I	56	long_note_starts_on_beat	0	2	2	1	1	F5	stop
121_moro_lasso_al_mio_duolo	data/cpdl/5-voices/reductions/string_quartet/121_moro_lasso_al_mio_duolo.musicxml	Violin I	57	long_note_starts_on_beat	0	2	2	1	1	D#5	
121_moro_lasso_al_mio_duolo	data/cpdl/5-voices/reductions/string_quartet/121_moro_lasso_al_mio_duolo.musicxml	Violin I	57	long_note_starts_on_beat	2	2	4	1	3	E5	
121_moro_lasso_al_mio_duolo	data/cpdl/5-voices/reductions/string_quartet/121_moro_lasso_al_mio_duolo.musicxml	Violin I	58	long_note_starts_on_beat	0	2	2	1	1	C5	
121_moro_lasso_al_mio_duolo	data/cpdl/5-voices/reductions/string_quartet/121_moro_lasso_al_mio_duolo.musicxml	Violin I	59	long_note_starts_on_beat	0	2	2	1	1	B-4	
121_moro_lasso_al_mio_duolo	data/cpdl/5-voices/reductions/string_quartet/121_moro_lasso_al_mio_duolo.musicxml	Violin I	59	long_note_starts_on_beat	2	2	4	1	3	G4	start
121_moro_lasso_al_mio_duolo	data/cpdl/5-voices/reductions/string_quartet/121_moro_lasso_al_mio_duolo.musicxml	Violin I	60	long_note_starts_on_beat	0	2	2	1	1	G4	stop
121_moro_lasso_al_mio_duolo	data/cpdl/5-voices/reductions/string_quartet/121_moro_lasso_al_mio_duolo.musicxml	Violin I	60	long_note_starts_on_beat	2	2	4	1	3	C4	
121_moro_lasso_al_mio_duolo	data/cpdl/5-voices/reductions/string_quartet/121_moro_lasso_al_mio_duolo.musicxml	Violin I	61	long_note_starts_on_beat	0	2	2	1	1	A4	
121_moro_lasso_al_mio_duolo	data/cpdl/5-voices/reductions/string_quartet/121_moro_lasso_al_mio_duolo.musicxml	Violin I	61	long_note_starts_on_beat	2	2	4	1	3	E5	start
121_moro_lasso_al_mio_duolo	data/cpdl/5-voices/reductions/string_quartet/121_moro_lasso_al_mio_duolo.musicxml	Violin I	62	long_note_starts_on_beat	0	2	2	1	1	E5	stop
121_moro_lasso_al_mio_duolo	data/cpdl/5-voices/reductions/string_quartet/121_moro_lasso_al_mio_duolo.musicxml	Violin I	63	long_note_starts_on_beat	0	4	4	1	1,2,3	D5	
121_moro_lasso_al_mio_duolo	data/cpdl/5-voices/reductions/string_quartet/121_moro_lasso_al_mio_duolo.musicxml	Violin I	64	long_note_starts_on_beat	0	4	4	1	1,2,3	E5	
121_moro_lasso_al_mio_duolo	data/cpdl/5-voices/reductions/string_quartet/121_moro_lasso_al_mio_duolo.musicxml	Violin I	65	long_note_starts_on_beat	0	2	2	1	1	B-4	
121_moro_lasso_al_mio_duolo	data/cpdl/5-voices/reductions/string_quartet/121_moro_lasso_al_mio_duolo.musicxml	Violin I	65	long_note_starts_on_beat	2	2	4	1	3	F5	
121_moro_lasso_al_mio_duolo	data/cpdl/5-voices/reductions/string_quartet/121_moro_lasso_al_mio_duolo.musicxml	Violin I	66	long_note_starts_on_beat	0	2	2	1	1	C5	
121_moro_lasso_al_mio_duolo	data/cpdl/5-voices/reductions/string_quartet/121_moro_lasso_al_mio_duolo.musicxml	Violin I	66	long_note_starts_on_beat	2	2	4	1	3	G5	
121_moro_lasso_al_mio_duolo	data/cpdl/5-voices/reductions/string_quartet/121_moro_lasso_al_mio_duolo.musicxml	Violin I	67	long_note_starts_on_beat	1	2	3	1	2	E5	
121_moro_lasso_al_mio_duolo	data/cpdl/5-voices/reductions/string_quartet/121_moro_lasso_al_mio_duolo.musicxml	Violin I	68	long_note_starts_on_beat	0	4	4	1	1,2,3	E5	
121_moro_lasso_al_mio_duolo	data/cpdl/5-voices/reductions/string_quartet/121_moro_lasso_al_mio_duolo.musicxml	Violin I	69	long_note_starts_on_beat	0	4	4	1	1,2,3	C#5	start
121_moro_lasso_al_mio_duolo	data/cpdl/5-voices/reductions/string_quartet/121_moro_lasso_al_mio_duolo.musicxml	Violin I	70	long_note_starts_on_beat	0	4	4	1	1,2,3	C#5	stop
121_moro_lasso_al_mio_duolo	data/cpdl/5-voices/reductions/string_quartet/121_moro_lasso_al_mio_duolo.musicxml	Violin II	1	long_note_starts_on_beat	0	4	4	1	1,2,3	F4	
121_moro_lasso_al_mio_duolo	data/cpdl/5-voices/reductions/string_quartet/121_moro_lasso_al_mio_duolo.musicxml	Violin II	2	long_note_starts_on_beat	0	4	4	1	1,2,3	E4	
121_moro_lasso_al_mio_duolo	data/cpdl/5-voices/reductions/string_quartet/121_moro_lasso_al_mio_duolo.musicxml	Violin II	3	long_note_starts_on_beat	0	4	4	1	1,2,3	E-4	
121_moro_lasso_al_mio_duolo	data/cpdl/5-voices/reductions/string_quartet/121_moro_lasso_al_mio_duolo.musicxml	Violin II	4	long_note_starts_on_beat	0	4	4	1	1,2,3	D4	
121_moro_lasso_al_mio_duolo	data/cpdl/5-voices/reductions/string_quartet/121_moro_lasso_al_mio_duolo.musicxml	Violin II	5	long_note_starts_on_beat	0	4	4	1	1,2,3	D4	
121_moro_lasso_al_mio_duolo	data/cpdl/5-voices/reductions/string_quartet/121_moro_lasso_al_mio_duolo.musicxml	Violin II	6	long_note_starts_on_beat	0	2	2	1	1	G#4	
121_moro_lasso_al_mio_duolo	data/cpdl/5-voices/reductions/string_quartet/121_moro_lasso_al_mio_duolo.musicxml	Violin II	12	long_note_starts_on_beat	0	3	3	1	1,2	C5	
121_moro_lasso_al_mio_duolo	data/cpdl/5-voices/reductions/string_quartet/121_moro_lasso_al_mio_duolo.musicxml	Violin II	13	rest_starts_on_beat_crosses_later_beat	0	2	2	1	1	rest	
121_moro_lasso_al_mio_duolo	data/cpdl/5-voices/reductions/string_quartet/121_moro_lasso_al_mio_duolo.musicxml	Violin II	13	long_note_starts_on_beat	2	2	4	1	3	E-4	start
121_moro_lasso_al_mio_duolo	data/cpdl/5-voices/reductions/string_quartet/121_moro_lasso_al_mio_duolo.musicxml	Violin II	14	long_note_starts_on_beat	0	2	2	1	1	E-4	stop
121_moro_lasso_al_mio_duolo	data/cpdl/5-voices/reductions/string_quartet/121_moro_lasso_al_mio_duolo.musicxml	Violin II	14	long_note_starts_on_beat	2	2	4	1	3	B3	start
121_moro_lasso_al_mio_duolo	data/cpdl/5-voices/reductions/string_quartet/121_moro_lasso_al_mio_duolo.musicxml	Violin II	15	long_note_starts_on_beat	0	2	2	1	1	B3	stop
121_moro_lasso_al_mio_duolo	data/cpdl/5-voices/reductions/string_quartet/121_moro_lasso_al_mio_duolo.musicxml	Violin II	16	long_note_starts_on_beat	0	2	2	1	1	A3	
121_moro_lasso_al_mio_duolo	data/cpdl/5-voices/reductions/string_quartet/121_moro_lasso_al_mio_duolo.musicxml	Violin II	16	long_note_starts_on_beat	2	2	4	1	3	G#3	
121_moro_lasso_al_mio_duolo	data/cpdl/5-voices/reductions/string_quartet/121_moro_lasso_al_mio_duolo.musicxml	Violin II	18	long_note_starts_on_beat	2	2	4	1	3	D4	
121_moro_lasso_al_mio_duolo	data/cpdl/5-voices/reductions/string_quartet/121_moro_lasso_al_mio_duolo.musicxml	Violin II	19	long_note_starts_on_beat	0	2	2	1	1	A3	
121_moro_lasso_al_mio_duolo	data/cpdl/5-voices/reductions/string_quartet/121_moro_lasso_al_mio_duolo.musicxml	Violin II	19	long_note_starts_on_beat	2	2	4	1	3	D4	
121_moro_lasso_al_mio_duolo	data/cpdl/5-voices/reductions/string_quartet/121_moro_lasso_al_mio_duolo.musicxml	Violin II	21	long_note_starts_on_beat	2	2	4	1	3	D4	
121_moro_lasso_al_mio_duolo	data/cpdl/5-voices/reductions/string_quartet/121_moro_lasso_al_mio_duolo.musicxml	Violin II	22	long_note_starts_on_beat	0	2	2	1	1	A3	
121_moro_lasso_al_mio_duolo	data/cpdl/5-voices/reductions/string_quartet/121_moro_lasso_al_mio_duolo.musicxml	Violin II	22	long_note_starts_on_beat	2	2	4	1	3	D4	
121_moro_lasso_al_mio_duolo	data/cpdl/5-voices/reductions/string_quartet/121_moro_lasso_al_mio_duolo.musicxml	Violin II	23	rest_starts_on_beat_crosses_later_beat	0	2	2	1	1	rest	
121_moro_lasso_al_mio_duolo	data/cpdl/5-voices/reductions/string_quartet/121_moro_lasso_al_mio_duolo.musicxml	Violin II	23	long_note_starts_on_beat	2	2	4	1	3	F#4	start
121_moro_lasso_al_mio_duolo	data/cpdl/5-voices/reductions/string_quartet/121_moro_lasso_al_mio_duolo.musicxml	Violin II	24	long_note_starts_on_beat	0	2	2	1	1	F#4	stop
121_moro_lasso_al_mio_duolo	data/cpdl/5-voices/reductions/string_quartet/121_moro_lasso_al_mio_duolo.musicxml	Violin II	24	long_note_starts_on_beat	2	2	4	1	3	F4	
121_moro_lasso_al_mio_duolo	data/cpdl/5-voices/reductions/string_quartet/121_moro_lasso_al_mio_duolo.musicxml	Violin II	25	long_note_starts_on_beat	0	4	4	1	1,2,3	E4	
121_moro_lasso_al_mio_duolo	data/cpdl/5-voices/reductions/string_quartet/121_moro_lasso_al_mio_duolo.musicxml	Violin II	26	long_note_starts_on_beat	0	4	4	1	1,2,3	E4	
121_moro_lasso_al_mio_duolo	data/cpdl/5-voices/reductions/string_quartet/121_moro_lasso_al_mio_duolo.musicxml	Violin II	27	long_note_starts_on_beat	0	4	4	1	1,2,3	E4	
121_moro_lasso_al_mio_duolo	data/cpdl/5-voices/reductions/string_quartet/121_moro_lasso_al_mio_duolo.musicxml	Violin II	28	long_note_starts_on_beat	0	2	2	1	1	G4	
121_moro_lasso_al_mio_duolo	data/cpdl/5-voices/reductions/string_quartet/121_moro_lasso_al_mio_duolo.musicxml	Violin II	28	long_note_starts_on_beat	2	2	4	1	3	F#4	
121_moro_lasso_al_mio_duolo	data/cpdl/5-voices/reductions/string_quartet/121_moro_lasso_al_mio_duolo.musicxml	Violin II	29	long_note_starts_on_beat	0	3	3	1	1,2	F4	
121_moro_lasso_al_mio_duolo	data/cpdl/5-voices/reductions/string_quartet/121_moro_lasso_al_mio_duolo.musicxml	Violin II	31	long_note_starts_on_beat	0	2	2	1	1	E5	
121_moro_lasso_al_mio_duolo	data/cpdl/5-voices/reductions/string_quartet/121_moro_lasso_al_mio_duolo.musicxml	Violin II	32	long_note_starts_on_beat	0	3	3	1	1,2	C5	
121_moro_lasso_al_mio_duolo	data/cpdl/5-voices/reductions/string_quartet/121_moro_lasso_al_mio_duolo.musicxml	Violin II	35	rest_starts_on_beat_crosses_later_beat	0	2	2	1	1	rest	
121_moro_lasso_al_mio_duolo	data/cpdl/5-voices/reductions/string_quartet/121_moro_lasso_al_mio_duolo.musicxml	Violin II	35	long_note_starts_on_beat	2	2	4	1	3	C#4	start
121_moro_lasso_al_mio_duolo	data/cpdl/5-voices/reductions/string_quartet/121_moro_lasso_al_mio_duolo.musicxml	Violin II	36	long_note_starts_on_beat	0	2	2	1	1	C#4	stop
121_moro_lasso_al_mio_duolo	data/cpdl/5-voices/reductions/string_quartet/121_moro_lasso_al_mio_duolo.musicxml	Violin II	36	long_note_starts_on_beat	2	2	4	1	3	A3	start
121_moro_lasso_al_mio_duolo	data/cpdl/5-voices/reductions/string_quartet/121_moro_lasso_al_mio_duolo.musicxml	Violin II	37	long_note_starts_on_beat	0	2	2	1	1	A3	stop
121_moro_lasso_al_mio_duolo	data/cpdl/5-voices/reductions/string_quartet/121_moro_lasso_al_mio_duolo.musicxml	Violin II	38	long_note_starts_on_beat	0	2	2	1	1	G3	
121_moro_lasso_al_mio_duolo	data/cpdl/5-voices/reductions/string_quartet/121_moro_lasso_al_mio_duolo.musicxml	Violin II	38	long_note_starts_on_beat	2	2	4	1	3	E-4	
121_moro_lasso_al_mio_duolo	data/cpdl/5-voices/reductions/string_quartet/121_moro_lasso_al_mio_duolo.musicxml	Violin II	40	long_note_starts_on_beat	2	2	4	1	3	C4	
121_moro_lasso_al_mio_duolo	data/cpdl/5-voices/reductions/string_quartet/121_moro_lasso_al_mio_duolo.musicxml	Violin II	41	long_note_starts_on_beat	0	2	2	1	1	F4	
121_moro_lasso_al_mio_duolo	data/cpdl/5-voices/reductions/string_quartet/121_moro_lasso_al_mio_duolo.musicxml	Violin II	41	long_note_starts_on_beat	2	2	4	1	3	E4	
121_moro_lasso_al_mio_duolo	data/cpdl/5-voices/reductions/string_quartet/121_moro_lasso_al_mio_duolo.musicxml	Violin II	43	long_note_starts_on_beat	2	2	4	1	3	C4	
121_moro_lasso_al_mio_duolo	data/cpdl/5-voices/reductions/string_quartet/121_moro_lasso_al_mio_duolo.musicxml	Violin II	44	long_note_starts_on_beat	0	2	2	1	1	F4	
121_moro_lasso_al_mio_duolo	data/cpdl/5-voices/reductions/string_quartet/121_moro_lasso_al_mio_duolo.musicxml	Violin II	44	long_note_starts_on_beat	2	2	4	1	3	E4	
121_moro_lasso_al_mio_duolo	data/cpdl/5-voices/reductions/string_quartet/121_moro_lasso_al_mio_duolo.musicxml	Violin II	45	rest_starts_on_beat_crosses_later_beat	0	2	2	1	1	rest	
121_moro_lasso_al_mio_duolo	data/cpdl/5-voices/reductions/string_quartet/121_moro_lasso_al_mio_duolo.musicxml	Violin II	45	long_note_starts_on_beat	2	2	4	1	3	F4	
121_moro_lasso_al_mio_duolo	data/cpdl/5-voices/reductions/string_quartet/121_moro_lasso_al_mio_duolo.musicxml	Violin II	46	long_note_starts_on_beat	0	2	2	1	1	C4	
121_moro_lasso_al_mio_duolo	data/cpdl/5-voices/reductions/string_quartet/121_moro_lasso_al_mio_duolo.musicxml	Violin II	47	long_note_starts_on_beat	0	2	2	1	1	B-4	
121_moro_lasso_al_mio_duolo	data/cpdl/5-voices/reductions/string_quartet/121_moro_lasso_al_mio_duolo.musicxml	Violin II	47	long_note_starts_on_beat	2	2	4	1	3	A4	
121_moro_lasso_al_mio_duolo	data/cpdl/5-voices/reductions/string_quartet/121_moro_lasso_al_mio_duolo.musicxml	Violin II	48	long_note_starts_on_beat	0	2	2	1	1	A4	
121_moro_lasso_al_mio_duolo	data/cpdl/5-voices/reductions/string_quartet/121_moro_lasso_al_mio_duolo.musicxml	Violin II	48	long_note_starts_on_beat	2	2	4	1	3	G#4	
121_moro_lasso_al_mio_duolo	data/cpdl/5-voices/reductions/string_quartet/121_moro_lasso_al_mio_duolo.musicxml	Violin II	49	long_note_starts_on_beat	0	2	2	1	1	G#3	
121_moro_lasso_al_mio_duolo	data/cpdl/5-voices/reductions/string_quartet/121_moro_lasso_al_mio_duolo.musicxml	Violin II	50	long_note_starts_on_beat	0	2	2	1	1	G4	
121_moro_lasso_al_mio_duolo	data/cpdl/5-voices/reductions/string_quartet/121_moro_lasso_al_mio_duolo.musicxml	Violin II	51	long_note_starts_on_beat	0	2	2	1	1	A4	
121_moro_lasso_al_mio_duolo	data/cpdl/5-voices/reductions/string_quartet/121_moro_lasso_al_mio_duolo.musicxml	Violin II	51	long_note_starts_on_beat	2	2	4	1	3	G4	
121_moro_lasso_al_mio_duolo	data/cpdl/5-voices/reductions/string_quartet/121_moro_lasso_al_mio_duolo.musicxml	Violin II	52	long_note_starts_on_beat	0	2	2	1	1	A4	
121_moro_lasso_al_mio_duolo	data/cpdl/5-voices/reductions/string_quartet/121_moro_lasso_al_mio_duolo.musicxml	Violin II	52	long_note_starts_on_beat	2	2	4	1	3	F#4	
121_moro_lasso_al_mio_duolo	data/cpdl/5-voices/reductions/string_quartet/121_moro_lasso_al_mio_duolo.musicxml	Violin II	54	long_note_starts_on_beat	2	2	4	1	3	A4	
121_moro_lasso_al_mio_duolo	data/cpdl/5-voices/reductions/string_quartet/121_moro_lasso_al_mio_duolo.musicxml	Violin II	55	long_note_starts_on_beat	0	4	4	1	1,2,3	B4	
121_moro_lasso_al_mio_duolo	data/cpdl/5-voices/reductions/string_quartet/121_moro_lasso_al_mio_duolo.musicxml	Violin II	56	long_note_starts_on_beat	0	4	4	1	1,2,3	B4	start
121_moro_lasso_al_mio_duolo	data/cpdl/5-voices/reductions/string_quartet/121_moro_lasso_al_mio_duolo.musicxml	Violin II	57	long_note_starts_on_beat	0	2	2	1	1	B4	stop
121_moro_lasso_al_mio_duolo	data/cpdl/5-voices/reductions/string_quartet/121_moro_lasso_al_mio_duolo.musicxml	Violin II	58	long_note_starts_on_beat	0	2	2	1	1	G#4	
121_moro_lasso_al_mio_duolo	data/cpdl/5-voices/reductions/string_quartet/121_moro_lasso_al_mio_duolo.musicxml	Violin II	58	long_note_starts_on_beat	2	2	4	1	3	A4	start
121_moro_lasso_al_mio_duolo	data/cpdl/5-voices/reductions/string_quartet/121_moro_lasso_al_mio_duolo.musicxml	Violin II	59	long_note_starts_on_beat	0	2	2	1	1	A4	stop
121_moro_lasso_al_mio_duolo	data/cpdl/5-voices/reductions/string_quartet/121_moro_lasso_al_mio_duolo.musicxml	Violin II	59	long_note_starts_on_beat	2	2	4	1	3	B4	start
121_moro_lasso_al_mio_duolo	data/cpdl/5-voices/reductions/string_quartet/121_moro_lasso_al_mio_duolo.musicxml	Violin II	60	long_note_starts_on_beat	0	2	2	1	1	B4	stop
121_moro_lasso_al_mio_duolo	data/cpdl/5-voices/reductions/string_quartet/121_moro_lasso_al_mio_duolo.musicxml	Violin II	60	long_note_starts_on_beat	2	2	4	1	3	A4	
121_moro_lasso_al_mio_duolo	data/cpdl/5-voices/reductions/string_quartet/121_moro_lasso_al_mio_duolo.musicxml	Violin II	61	long_note_starts_on_beat	0	2	2	1	1	E4	
121_moro_lasso_al_mio_duolo	data/cpdl/5-voices/reductions/string_quartet/121_moro_lasso_al_mio_duolo.musicxml	Violin II	61	long_note_starts_on_beat	2	2	4	1	3	E4	
121_moro_lasso_al_mio_duolo	data/cpdl/5-voices/reductions/string_quartet/121_moro_lasso_al_mio_duolo.musicxml	Violin II	62	long_note_starts_on_beat	2	2	4	1	3	C5	start
121_moro_lasso_al_mio_duolo	data/cpdl/5-voices/reductions/string_quartet/121_moro_lasso_al_mio_duolo.musicxml	Violin II	63	long_note_starts_on_beat	0	2	2	1	1	C5	stop
121_moro_lasso_al_mio_duolo	data/cpdl/5-voices/reductions/string_quartet/121_moro_lasso_al_mio_duolo.musicxml	Violin II	63	long_note_starts_on_beat	2	2	4	1	3	A4	
121_moro_lasso_al_mio_duolo	data/cpdl/5-voices/reductions/string_quartet/121_moro_lasso_al_mio_duolo.musicxml	Violin II	64	long_note_starts_on_beat	0	4	4	1	1,2,3	A4	
121_moro_lasso_al_mio_duolo	data/cpdl/5-voices/reductions/string_quartet/121_moro_lasso_al_mio_duolo.musicxml	Violin II	65	long_note_starts_on_beat	0	2	2	1	1	G4	
121_moro_lasso_al_mio_duolo	data/cpdl/5-voices/reductions/string_quartet/121_moro_lasso_al_mio_duolo.musicxml	Violin II	65	long_note_starts_on_beat	2	2	4	1	3	B-4	start
121_moro_lasso_al_mio_duolo	data/cpdl/5-voices/reductions/string_quartet/121_moro_lasso_al_mio_duolo.musicxml	Violin II	66	long_note_starts_on_beat	0	2	2	1	1	B-4	stop
121_moro_lasso_al_mio_duolo	data/cpdl/5-voices/reductions/string_quartet/121_moro_lasso_al_mio_duolo.musicxml	Violin II	67	long_note_starts_on_beat	0	2	2	1	1	G#4	
121_moro_lasso_al_mio_duolo	data/cpdl/5-voices/reductions/string_quartet/121_moro_lasso_al_mio_duolo.musicxml	Violin II	67	long_note_starts_on_beat	2	2	4	1	3	A4	start
121_moro_lasso_al_mio_duolo	data/cpdl/5-voices/reductions/string_quartet/121_moro_lasso_al_mio_duolo.musicxml	Violin II	68	long_note_starts_on_beat	0	2	2	1	1	A4	stop
121_moro_lasso_al_mio_duolo	data/cpdl/5-voices/reductions/string_quartet/121_moro_lasso_al_mio_duolo.musicxml	Violin II	68	long_note_starts_on_beat	2	2	4	1	3	G#4	
121_moro_lasso_al_mio_duolo	data/cpdl/5-voices/reductions/string_quartet/121_moro_lasso_al_mio_duolo.musicxml	Violin II	69	long_note_starts_on_beat	0	4	4	1	1,2,3	E4	start
121_moro_lasso_al_mio_duolo	data/cpdl/5-voices/reductions/string_quartet/121_moro_lasso_al_mio_duolo.musicxml	Violin II	70	long_note_starts_on_beat	0	4	4	1	1,2,3	E4	stop
121_moro_lasso_al_mio_duolo	data/cpdl/5-voices/reductions/string_quartet/121_moro_lasso_al_mio_duolo.musicxml	Viola	1	long_note_starts_on_beat	0	4	4	1	1,2,3	G#3	
121_moro_lasso_al_mio_duolo	data/cpdl/5-voices/reductions/string_quartet/121_moro_lasso_al_mio_duolo.musicxml	Viola	2	long_note_starts_on_beat	0	4	4	1	1,2,3	A3	
121_moro_lasso_al_mio_duolo	data/cpdl/5-voices/reductions/string_quartet/121_moro_lasso_al_mio_duolo.musicxml	Viola	3	long_note_starts_on_beat	0	4	4	1	1,2,3	F#3	
121_moro_lasso_al_mio_duolo	data/cpdl/5-voices/reductions/string_quartet/121_moro_lasso_al_mio_duolo.musicxml	Viola	4	long_note_starts_on_beat	0	2	2	1	1	G3	
121_moro_lasso_al_mio_duolo	data/cpdl/5-voices/reductions/string_quartet/121_moro_lasso_al_mio_duolo.musicxml	Viola	4	long_note_starts_on_beat	2	2	4	1	3	A3	
121_moro_lasso_al_mio_duolo	data/cpdl/5-voices/reductions/string_quartet/121_moro_lasso_al_mio_duolo.musicxml	Viola	5	long_note_starts_on_beat	0	4	4	1	1,2,3	B3	
121_moro_lasso_al_mio_duolo	data/cpdl/5-voices/reductions/string_quartet/121_moro_lasso_al_mio_duolo.musicxml	Viola	6	long_note_starts_on_beat	0	2	2	1	1	D4	
121_moro_lasso_al_mio_duolo	data/cpdl/5-voices/reductions/string_quartet/121_moro_lasso_al_mio_duolo.musicxml	Viola	6	long_note_starts_on_beat	2	2	4	1	3	C4	
121_moro_lasso_al_mio_duolo	data/cpdl/5-voices/reductions/string_quartet/121_moro_lasso_al_mio_duolo.musicxml	Viola	7	rest_crosses_beat	5/2	3/2	4	1	3	rest	
121_moro_lasso_al_mio_duolo	data/cpdl/5-voices/reductions/string_quartet/121_moro_lasso_al_mio_duolo.musicxml	Viola	10	long_note_starts_on_beat	1	2	3	1	2	G3	
121_moro_lasso_al_mio_duolo	data/cpdl/5-voices/reductions/string_quartet/121_moro_lasso_al_mio_duolo.musicxml	Viola	13	long_note_starts_on_beat	0	4	4	1	1,2,3	C4	
121_moro_lasso_al_mio_duolo	data/cpdl/5-voices/reductions/string_quartet/121_moro_lasso_al_mio_duolo.musicxml	Viola	14	long_note_starts_on_beat	0	2	2	1	1	G4	
121_moro_lasso_al_mio_duolo	data/cpdl/5-voices/reductions/string_quartet/121_moro_lasso_al_mio_duolo.musicxml	Viola	15	long_note_starts_on_beat	0	2	2	1	1	C4	
121_moro_lasso_al_mio_duolo	data/cpdl/5-voices/reductions/string_quartet/121_moro_lasso_al_mio_duolo.musicxml	Viola	16	long_note_starts_on_beat	0	2	2	1	1	D-4	
121_moro_lasso_al_mio_duolo	data/cpdl/5-voices/reductions/string_quartet/121_moro_lasso_al_mio_duolo.musicxml	Viola	16	long_note_starts_on_beat	2	2	4	1	3	F4	
121_moro_lasso_al_mio_duolo	data/cpdl/5-voices/reductions/string_quartet/121_moro_lasso_al_mio_duolo.musicxml	Viola	18	long_note_starts_on_beat	0	2	2	1	1	F#4	
121_moro_lasso_al_mio_duolo	data/cpdl/5-voices/reductions/string_quartet/121_moro_lasso_al_mio_duolo.musicxml	Viola	18	long_note_starts_on_beat	2	2	4	1	3	G4	start
121_moro_lasso_al_mio_duolo	data/cpdl/5-voices/reductions/string_quartet/121_moro_lasso_al_mio_duolo.musicxml	Viola	19	long_note_starts_on_beat	0	2	2	1	1	G4	stop
121_moro_lasso_al_mio_duolo	data/cpdl/5-voices/reductions/string_quartet/121_moro_lasso_al_mio_duolo.musicxml	Viola	19	long_note_starts_on_beat	2	2	4	1	3	F#4	
121_moro_lasso_al_mio_duolo	data/cpdl/5-voices/reductions/string_quartet/121_moro_lasso_al_mio_duolo.musicxml	Viola	21	long_note_starts_on_beat	0	2	2	1	1	F#4	
121_moro_lasso_al_mio_duolo	data/cpdl/5-voices/reductions/string_quartet/121_moro_lasso_al_mio_duolo.musicxml	Viola	21	long_note_starts_on_beat	2	2	4	1	3	G4	start
121_moro_lasso_al_mio_duolo	data/cpdl/5-voices/reductions/string_quartet/121_moro_lasso_al_mio_duolo.musicxml	Viola	22	long_note_starts_on_beat	0	2	2	1	1	G4	stop
121_moro_lasso_al_mio_duolo	data/cpdl/5-voices/reductions/string_quartet/121_moro_lasso_al_mio_duolo.musicxml	Viola	22	long_note_starts_on_beat	2	2	4	1	3	F#4	
121_moro_lasso_al_mio_duolo	data/cpdl/5-voices/reductions/string_quartet/121_moro_lasso_al_mio_duolo.musicxml	Viola	23	rest_starts_on_beat_crosses_later_beat	0	2	2	1	1	rest	
121_moro_lasso_al_mio_duolo	data/cpdl/5-voices/reductions/string_quartet/121_moro_lasso_al_mio_duolo.musicxml	Viola	23	long_note_starts_on_beat	2	2	4	1	3	C#4	start
121_moro_lasso_al_mio_duolo	data/cpdl/5-voices/reductions/string_quartet/121_moro_lasso_al_mio_duolo.musicxml	Viola	24	long_note_starts_on_beat	0	2	2	1	1	C#4	stop
121_moro_lasso_al_mio_duolo	data/cpdl/5-voices/reductions/string_quartet/121_moro_lasso_al_mio_duolo.musicxml	Viola	24	long_note_starts_on_beat	2	2	4	1	3	D4	
121_moro_lasso_al_mio_duolo	data/cpdl/5-voices/reductions/string_quartet/121_moro_lasso_al_mio_duolo.musicxml	Viola	25	long_note_starts_on_beat	0	4	4	1	1,2,3	B3	
121_moro_lasso_al_mio_duolo	data/cpdl/5-voices/reductions/string_quartet/121_moro_lasso_al_mio_duolo.musicxml	Viola	26	long_note_starts_on_beat	0	2	2	1	1	C4	
121_moro_lasso_al_mio_duolo	data/cpdl/5-voices/reductions/string_quartet/121_moro_lasso_al_mio_duolo.musicxml	Viola	26	long_note_starts_on_beat	2	2	4	1	3	D4	
121_moro_lasso_al_mio_duolo	data/cpdl/5-voices/reductions/string_quartet/121_moro_lasso_al_mio_duolo.musicxml	Viola	27	long_note_starts_on_beat	0	4	4	1	1,2,3	C4	
121_moro_lasso_al_mio_duolo	data/cpdl/5-voices/reductions/string_quartet/121_moro_lasso_al_mio_duolo.musicxml	Viola	28	long_note_starts_on_beat	0	2	2	1	1	E4	
121_moro_lasso_al_mio_duolo	data/cpdl/5-voices/reductions/string_quartet/121_moro_lasso_al_mio_duolo.musicxml	Viola	33	long_note_starts_on_beat	2	2	4	1	3	A4	
121_moro_lasso_al_mio_duolo	data/cpdl/5-voices/reductions/string_quartet/121_moro_lasso_al_mio_duolo.musicxml	Viola	34	long_note_starts_on_beat	0	2	2	1	1	A4	
121_moro_lasso_al_mio_duolo	data/cpdl/5-voices/reductions/string_quartet/121_moro_lasso_al_mio_duolo.musicxml	Viola	34	long_note_starts_on_beat	2	2	4	1	3	A4	
121_moro_lasso_al_mio_duolo	data/cpdl/5-voices/reductions/string_quartet/121_moro_lasso_al_mio_duolo.musicxml	Viola	36	long_note_starts_on_beat	0	2	2	1	1	F4	
121_moro_lasso_al_mio_duolo	data/cpdl/5-voices/reductions/string_quartet/121_moro_lasso_al_mio_duolo.musicxml	Viola	37	long_note_starts_on_beat	0	2	2	1	1	A#3	
121_moro_lasso_al_mio_duolo	data/cpdl/5-voices/reductions/string_quartet/121_moro_lasso_al_mio_duolo.musicxml	Viola	38	long_note_starts_on_beat	0	2	2	1	1	B3	
121_moro_lasso_al_mio_duolo	data/cpdl/5-voices/reductions/string_quartet/121_moro_lasso_al_mio_duolo.musicxml	Viola	38	long_note_starts_on_beat	2	2	4	1	3	F#3	
121_moro_lasso_al_mio_duolo	data/cpdl/5-voices/reductions/string_quartet/121_moro_lasso_al_mio_duolo.musicxml	Viola	40	long_note_starts_on_beat	0	2	2	1	1	A4	
121_moro_lasso_al_mio_duolo	data/cpdl/5-voices/reductions/string_quartet/121_moro_lasso_al_mio_duolo.musicxml	Viola	41	long_note_starts_on_beat	0	2	2	1	1	C5	
121_moro_lasso_al_mio_duolo	data/cpdl/5-voices/reductions/string_quartet/121_moro_lasso_al_mio_duolo.musicxml	Viola	41	long_note_starts_on_beat	2	2	4	1	3	C5	
121_moro_lasso_al_mio_duolo	data/cpdl/5-voices/reductions/string_quartet/121_moro_lasso_al_mio_duolo.musicxml	Viola	43	long_note_starts_on_beat	0	2	2	1	1	A4	
121_moro_lasso_al_mio_duolo	data/cpdl/5-voices/reductions/string_quartet/121_moro_lasso_al_mio_duolo.musicxml	Viola	44	long_note_starts_on_beat	0	2	2	1	1	C5	
121_moro_lasso_al_mio_duolo	data/cpdl/5-voices/reductions/string_quartet/121_moro_lasso_al_mio_duolo.musicxml	Viola	44	long_note_starts_on_beat	2	2	4	1	3	C5	
121_moro_lasso_al_mio_duolo	data/cpdl/5-voices/reductions/string_quartet/121_moro_lasso_al_mio_duolo.musicxml	Viola	45	rest_starts_on_beat_crosses_later_beat	0	2	2	1	1	rest	
121_moro_lasso_al_mio_duolo	data/cpdl/5-voices/reductions/string_quartet/121_moro_lasso_al_mio_duolo.musicxml	Viola	45	long_note_starts_on_beat	2	2	4	1	3	A4	start
121_moro_lasso_al_mio_duolo	data/cpdl/5-voices/reductions/string_quartet/121_moro_lasso_al_mio_duolo.musicxml	Viola	46	long_note_starts_on_beat	0	2	2	1	1	A4	stop
121_moro_lasso_al_mio_duolo	data/cpdl/5-voices/reductions/string_quartet/121_moro_lasso_al_mio_duolo.musicxml	Viola	47	long_note_starts_on_beat	0	2	2	1	1	D5	
121_moro_lasso_al_mio_duolo	data/cpdl/5-voices/reductions/string_quartet/121_moro_lasso_al_mio_duolo.musicxml	Viola	47	long_note_starts_on_beat	2	2	4	1	3	C5	
121_moro_lasso_al_mio_duolo	data/cpdl/5-voices/reductions/string_quartet/121_moro_lasso_al_mio_duolo.musicxml	Viola	48	long_note_starts_on_beat	0	2	2	1	1	A#4	
121_moro_lasso_al_mio_duolo	data/cpdl/5-voices/reductions/string_quartet/121_moro_lasso_al_mio_duolo.musicxml	Viola	48	long_note_starts_on_beat	2	2	4	1	3	B4	
121_moro_lasso_al_mio_duolo	data/cpdl/5-voices/reductions/string_quartet/121_moro_lasso_al_mio_duolo.musicxml	Viola	49	rest_starts_on_beat_crosses_later_beat	0	2	2	1	1	rest	
121_moro_lasso_al_mio_duolo	data/cpdl/5-voices/reductions/string_quartet/121_moro_lasso_al_mio_duolo.musicxml	Viola	49	long_note_starts_on_beat	2	2	4	1	3	E4	start
121_moro_lasso_al_mio_duolo	data/cpdl/5-voices/reductions/string_quartet/121_moro_lasso_al_mio_duolo.musicxml	Viola	50	long_note_starts_on_beat	0	2	2	1	1	E4	stop
121_moro_lasso_al_mio_duolo	data/cpdl/5-voices/reductions/string_quartet/121_moro_lasso_al_mio_duolo.musicxml	Viola	51	long_note_starts_on_beat	0	2	2	1	1	C4	
121_moro_lasso_al_mio_duolo	data/cpdl/5-voices/reductions/string_quartet/121_moro_lasso_al_mio_duolo.musicxml	Viola	51	long_note_starts_on_beat	2	2	4	1	3	C4	
121_moro_lasso_al_mio_duolo	data/cpdl/5-voices/reductions/string_quartet/121_moro_lasso_al_mio_duolo.musicxml	Viola	52	long_note_starts_on_beat	0	2	2	1	1	F4	
121_moro_lasso_al_mio_duolo	data/cpdl/5-voices/reductions/string_quartet/121_moro_lasso_al_mio_duolo.musicxml	Viola	52	long_note_starts_on_beat	2	2	4	1	3	B3	
121_moro_lasso_al_mio_duolo	data/cpdl/5-voices/reductions/string_quartet/121_moro_lasso_al_mio_duolo.musicxml	Viola	54	long_note_starts_on_beat	2	2	4	1	3	D4	
121_moro_lasso_al_mio_duolo	data/cpdl/5-voices/reductions/string_quartet/121_moro_lasso_al_mio_duolo.musicxml	Viola	55	long_note_starts_on_beat	0	2	2	1	1	B3	
121_moro_lasso_al_mio_duolo	data/cpdl/5-voices/reductions/string_quartet/121_moro_lasso_al_mio_duolo.musicxml	Viola	55	rest_starts_on_beat_crosses_later_beat	2	2	4	1	3	rest	
121_moro_lasso_al_mio_duolo	data/cpdl/5-voices/reductions/string_quartet/121_moro_lasso_al_mio_duolo.musicxml	Viola	56	long_note_starts_on_beat	0	4	4	1	1,2,3	G4	start
121_moro_lasso_al_mio_duolo	data/cpdl/5-voices/reductions/string_quartet/121_moro_lasso_al_mio_duolo.musicxml	Viola	57	long_note_starts_on_beat	0	2	2	1	1	G4	stop
121_moro_lasso_al_mio_duolo	data/cpdl/5-voices/reductions/string_quartet/121_moro_lasso_al_mio_duolo.musicxml	Viola	58	long_note_starts_on_beat	0	4	4	1	1,2,3	E4	
121_moro_lasso_al_mio_duolo	data/cpdl/5-voices/reductions/string_quartet/121_moro_lasso_al_mio_duolo.musicxml	Viola	59	long_note_starts_on_beat	0	2	2	1	1	D4	
121_moro_lasso_al_mio_duolo	data/cpdl/5-voices/reductions/string_quartet/121_moro_lasso_al_mio_duolo.musicxml	Viola	59	long_note_starts_on_beat	2	2	4	1	3	D4	start
121_moro_lasso_al_mio_duolo	data/cpdl/5-voices/reductions/string_quartet/121_moro_lasso_al_mio_duolo.musicxml	Viola	60	long_note_starts_on_beat	0	2	2	1	1	D4	stop
121_moro_lasso_al_mio_duolo	data/cpdl/5-voices/reductions/string_quartet/121_moro_lasso_al_mio_duolo.musicxml	Viola	61	long_note_starts_on_beat	0	2	2	1	1	A3	
121_moro_lasso_al_mio_duolo	data/cpdl/5-voices/reductions/string_quartet/121_moro_lasso_al_mio_duolo.musicxml	Viola	61	long_note_starts_on_beat	2	2	4	1	3	A3	start
121_moro_lasso_al_mio_duolo	data/cpdl/5-voices/reductions/string_quartet/121_moro_lasso_al_mio_duolo.musicxml	Viola	62	long_note_starts_on_beat	0	2	2	1	1	A3	stop
121_moro_lasso_al_mio_duolo	data/cpdl/5-voices/reductions/string_quartet/121_moro_lasso_al_mio_duolo.musicxml	Viola	62	long_note_starts_on_beat	2	2	4	1	3	A4	
121_moro_lasso_al_mio_duolo	data/cpdl/5-voices/reductions/string_quartet/121_moro_lasso_al_mio_duolo.musicxml	Viola	63	long_note_starts_on_beat	0	4	4	1	1,2,3	F4	
121_moro_lasso_al_mio_duolo	data/cpdl/5-voices/reductions/string_quartet/121_moro_lasso_al_mio_duolo.musicxml	Viola	64	long_note_starts_on_beat	0	2	2	1	1	C#4	
121_moro_lasso_al_mio_duolo	data/cpdl/5-voices/reductions/string_quartet/121_moro_lasso_al_mio_duolo.musicxml	Viola	64	long_note_starts_on_beat	2	2	4	1	3	C#4	
121_moro_lasso_al_mio_duolo	data/cpdl/5-voices/reductions/string_quartet/121_moro_lasso_al_mio_duolo.musicxml	Viola	65	long_note_starts_on_beat	0	4	4	1	1,2,3	D4	
121_moro_lasso_al_mio_duolo	data/cpdl/5-voices/reductions/string_quartet/121_moro_lasso_al_mio_duolo.musicxml	Viola	66	long_note_starts_on_beat	0	4	4	1	1,2,3	G3	
121_moro_lasso_al_mio_duolo	data/cpdl/5-voices/reductions/string_quartet/121_moro_lasso_al_mio_duolo.musicxml	Viola	67	long_note_starts_on_beat	0	2	2	1	1	C4	
121_moro_lasso_al_mio_duolo	data/cpdl/5-voices/reductions/string_quartet/121_moro_lasso_al_mio_duolo.musicxml	Viola	68	long_note_starts_on_beat	0	4	4	1	1,2,3	B3	
121_moro_lasso_al_mio_duolo	data/cpdl/5-voices/reductions/string_quartet/121_moro_lasso_al_mio_duolo.musicxml	Viola	69	long_note_starts_on_beat	0	4	4	1	1,2,3	A4	start
121_moro_lasso_al_mio_duolo	data/cpdl/5-voices/reductions/string_quartet/121_moro_lasso_al_mio_duolo.musicxml	Viola	70	long_note_starts_on_beat	0	4	4	1	1,2,3	A4	stop
121_moro_lasso_al_mio_duolo	data/cpdl/5-voices/reductions/string_quartet/121_moro_lasso_al_mio_duolo.musicxml	Violoncello	1	long_note_starts_on_beat	0	4	4	1	1,2,3	C#3	
121_moro_lasso_al_mio_duolo	data/cpdl/5-voices/reductions/string_quartet/121_moro_lasso_al_mio_duolo.musicxml	Violoncello	2	long_note_starts_on_beat	0	4	4	1	1,2,3	C3	
121_moro_lasso_al_mio_duolo	data/cpdl/5-voices/reductions/string_quartet/121_moro_lasso_al_mio_duolo.musicxml	Violoncello	3	long_note_starts_on_beat	0	4	4	1	1,2,3	B2	
121_moro_lasso_al_mio_duolo	data/cpdl/5-voices/reductions/string_quartet/121_moro_lasso_al_mio_duolo.musicxml	Violoncello	4	long_note_starts_on_beat	0	4	4	1	1,2,3	B2	
121_moro_lasso_al_mio_duolo	data/cpdl/5-voices/reductions/string_quartet/121_moro_lasso_al_mio_duolo.musicxml	Violoncello	5	long_note_starts_on_beat	0	4	4	1	1,2,3	G3	
121_moro_lasso_al_mio_duolo	data/cpdl/5-voices/reductions/string_quartet/121_moro_lasso_al_mio_duolo.musicxml	Violoncello	6	long_note_starts_on_beat	0	2	2	1	1	E3	
121_moro_lasso_al_mio_duolo	data/cpdl/5-voices/reductions/string_quartet/121_moro_lasso_al_mio_duolo.musicxml	Violoncello	6	long_note_starts_on_beat	2	2	4	1	3	A2	
121_moro_lasso_al_mio_duolo	data/cpdl/5-voices/reductions/string_quartet/121_moro_lasso_al_mio_duolo.musicxml	Violoncello	7	long_note_starts_on_beat	0	2	2	1	1	E3	
121_moro_lasso_al_mio_duolo	data/cpdl/5-voices/reductions/string_quartet/121_moro_lasso_al_mio_duolo.musicxml	Violoncello	7	rest_crosses_beat	5/2	3/2	4	1	3	rest	
121_moro_lasso_al_mio_duolo	data/cpdl/5-voices/reductions/string_quartet/121_moro_lasso_al_mio_duolo.musicxml	Violoncello	9	long_note_starts_on_beat	0	2	2	1	1	E3	start
121_moro_lasso_al_mio_duolo	data/cpdl/5-voices/reductions/string_quartet/121_moro_lasso_al_mio_duolo.musicxml	Violoncello	12	long_note_starts_on_beat	0	2	2	1	1	A3	
121_moro_lasso_al_mio_duolo	data/cpdl/5-voices/reductions/string_quartet/121_moro_lasso_al_mio_duolo.musicxml	Violoncello	12	long_note_starts_on_beat	2	2	4	1	3	G3	
121_moro_lasso_al_mio_duolo	data/cpdl/5-voices/reductions/string_quartet/121_moro_lasso_al_mio_duolo.musicxml	Violoncello	13	rest_starts_on_beat_crosses_later_beat	0	2	2	1	1	rest	
121_moro_lasso_al_mio_duolo	data/cpdl/5-voices/reductions/string_quartet/121_moro_lasso_al_mio_duolo.musicxml	Violoncello	13	long_note_starts_on_beat	2	2	4	1	3	C3	
121_moro_lasso_al_mio_duolo	data/cpdl/5-voices/reductions/string_quartet/121_moro_lasso_al_mio_duolo.musicxml	Violoncello	14	long_note_starts_on_beat	0	2	2	1	1	G3	
121_moro_lasso_al_mio_duolo	data/cpdl/5-voices/reductions/string_quartet/121_moro_lasso_al_mio_duolo.musicxml	Violoncello	15	long_note_starts_on_beat	0	4	4	1	1,2,3	E3	
121_moro_lasso_al_mio_duolo	data/cpdl/5-voices/reductions/string_quartet/121_moro_lasso_al_mio_duolo.musicxml	Violoncello	16	long_note_starts_on_beat	0	4	4	1	1,2,3	C#3	
121_moro_lasso_al_mio_duolo	data/cpdl/5-voices/reductions/string_quartet/121_moro_lasso_al_mio_duolo.musicxml	Violoncello	18	long_note_starts_on_beat	0	3	3	1	1,2	B2	
121_moro_lasso_al_mio_duolo	data/cpdl/5-voices/reductions/string_quartet/121_moro_lasso_al_mio_duolo.musicxml	Violoncello	19	long_note_starts_on_beat	0	2	2	1	1	D3	
121_moro_lasso_al_mio_duolo	data/cpdl/5-voices/reductions/string_quartet/121_moro_lasso_al_mio_duolo.musicxml	Violoncello	19	long_note_starts_on_beat	2	2	4	1	3	D3	
121_moro_lasso_al_mio_duolo	data/cpdl/5-voices/reductions/string_quartet/121_moro_lasso_al_mio_duolo.musicxml	Violoncello	21	long_note_starts_on_beat	0	3	3	1	1,2	B2	
121_moro_lasso_al_mio_duolo	data/cpdl/5-voices/reductions/string_quartet/121_moro_lasso_al_mio_duolo.musicxml	Violoncello	22	long_note_starts_on_beat	0	2	2	1	1	D3	
121_moro_lasso_al_mio_duolo	data/cpdl/5-voices/reductions/string_quartet/121_moro_lasso_al_mio_duolo.musicxml	Violoncello	22	long_note_starts_on_beat	2	2	4	1	3	D3	
121_moro_lasso_al_mio_duolo	data/cpdl/5-voices/reductions/string_quartet/121_moro_lasso_al_mio_duolo.musicxml	Violoncello	23	rest_starts_on_beat_crosses_later_beat	0	2	2	1	1	rest	
121_moro_lasso_al_mio_duolo	data/cpdl/5-voices/reductions/string_quartet/121_moro_lasso_al_mio_duolo.musicxml	Violoncello	23	long_note_starts_on_beat	2	2	4	1	3	F#3	start
121_moro_lasso_al_mio_duolo	data/cpdl/5-voices/reductions/string_quartet/121_moro_lasso_al_mio_duolo.musicxml	Violoncello	24	long_note_starts_on_beat	0	2	2	1	1	F#3	stop
121_moro_lasso_al_mio_duolo	data/cpdl/5-voices/reductions/string_quartet/121_moro_lasso_al_mio_duolo.musicxml	Violoncello	24	long_note_starts_on_beat	2	2	4	1	3	A3	
121_moro_lasso_al_mio_duolo	data/cpdl/5-voices/reductions/string_quartet/121_moro_lasso_al_mio_duolo.musicxml	Violoncello	25	long_note_starts_on_beat	0	4	4	1	1,2,3	E3	start
121_moro_lasso_al_mio_duolo	data/cpdl/5-voices/reductions/string_quartet/121_moro_lasso_al_mio_duolo.musicxml	Violoncello	26	long_note_starts_on_beat	0	2	2	1	1	E3	stop
121_moro_lasso_al_mio_duolo	data/cpdl/5-voices/reductions/string_quartet/121_moro_lasso_al_mio_duolo.musicxml	Violoncello	26	long_note_starts_on_beat	2	2	4	1	3	B2	
121_moro_lasso_al_mio_duolo	data/cpdl/5-voices/reductions/string_quartet/121_moro_lasso_al_mio_duolo.musicxml	Violoncello	27	long_note_starts_on_beat	0	4	4	1	1,2,3	C3	
121_moro_lasso_al_mio_duolo	data/cpdl/5-voices/reductions/string_quartet/121_moro_lasso_al_mio_duolo.musicxml	Violoncello	28	long_note_starts_on_beat	0	2	2	1	1	A3	
121_moro_lasso_al_mio_duolo	data/cpdl/5-voices/reductions/string_quartet/121_moro_lasso_al_mio_duolo.musicxml	Violoncello	29	long_note_starts_on_beat	1	2	3	1	2	F3	
121_moro_lasso_al_mio_duolo	data/cpdl/5-voices/reductions/string_quartet/121_moro_lasso_al_mio_duolo.musicxml	Violoncello	31	long_note_starts_on_beat	0	2	2	1	1	C4	
121_moro_lasso_al_mio_duolo	data/cpdl/5-voices/reductions/string_quartet/121_moro_lasso_al_mio_duolo.musicxml	Violoncello	32	long_note_starts_on_beat	1	2	3	1	2	A3	
121_moro_lasso_al_mio_duolo	data/cpdl/5-voices/reductions/string_quartet/121_moro_lasso_al_mio_duolo.musicxml	Violoncello	33	long_note_starts_on_beat	2	2	4	1	3	F3	start
121_moro_lasso_al_mio_duolo	data/cpdl/5-voices/reductions/string_quartet/121_moro_lasso_al_mio_duolo.musicxml	Violoncello	34	long_note_starts_on_beat	0	2	2	1	1	F3	stop
121_moro_lasso_al_mio_duolo	data/cpdl/5-voices/reductions/string_quartet/121_moro_lasso_al_mio_duolo.musicxml	Violoncello	34	long_note_starts_on_beat	2	2	4	1	3	F3	
121_moro_lasso_al_mio_duolo	data/cpdl/5-voices/reductions/string_quartet/121_moro_lasso_al_mio_duolo.musicxml	Violoncello	36	long_note_starts_on_beat	0	2	2	1	1	F3	
121_moro_lasso_al_mio_duolo	data/cpdl/5-voices/reductions/string_quartet/121_moro_lasso_al_mio_duolo.musicxml	Violoncello	37	long_note_starts_on_beat	0	4	4	1	1,2,3	D3	
121_moro_lasso_al_mio_duolo	data/cpdl/5-voices/reductions/string_quartet/121_moro_lasso_al_mio_duolo.musicxml	Violoncello	38	long_note_starts_on_beat	0	4	4	1	1,2,3	B2	
121_moro_lasso_al_mio_duolo	data/cpdl/5-voices/reductions/string_quartet/121_moro_lasso_al_mio_duolo.musicxml	Violoncello	40	long_note_starts_on_beat	0	2	2	1	1	A3	
121_moro_lasso_al_mio_duolo	data/cpdl/5-voices/reductions/string_quartet/121_moro_lasso_al_mio_duolo.musicxml	Violoncello	40	long_note_starts_on_beat	2	2	4	1	3	A3	
121_moro_lasso_al_mio_duolo	data/cpdl/5-voices/reductions/string_quartet/121_moro_lasso_al_mio_duolo.musicxml	Violoncello	41	long_note_starts_on_beat	0	2	2	1	1	C4	
121_moro_lasso_al_mio_duolo	data/cpdl/5-voices/reductions/string_quartet/121_moro_lasso_al_mio_duolo.musicxml	Violoncello	41	long_note_starts_on_beat	2	2	4	1	3	C4	
121_moro_lasso_al_mio_duolo	data/cpdl/5-voices/reductions/string_quartet/121_moro_lasso_al_mio_duolo.musicxml	Violoncello	43	long_note_starts_on_beat	0	2	2	1	1	A3	
121_moro_lasso_al_mio_duolo	data/cpdl/5-voices/reductions/string_quartet/121_moro_lasso_al_mio_duolo.musicxml	Violoncello	43	long_note_starts_on_beat	2	2	4	1	3	A3	
121_moro_lasso_al_mio_duolo	data/cpdl/5-voices/reductions/string_quartet/121_moro_lasso_al_mio_duolo.musicxml	Violoncello	44	long_note_starts_on_beat	0	2	2	1	1	C4	
121_moro_lasso_al_mio_duolo	data/cpdl/5-voices/reductions/string_quartet/121_moro_lasso_al_mio_duolo.musicxml	Violoncello	44	long_note_starts_on_beat	2	2	4	1	3	C4	
121_moro_lasso_al_mio_duolo	data/cpdl/5-voices/reductions/string_quartet/121_moro_lasso_al_mio_duolo.musicxml	Violoncello	45	long_note_starts_on_beat	0	2	2	1	1	C3	
121_moro_lasso_al_mio_duolo	data/cpdl/5-voices/reductions/string_quartet/121_moro_lasso_al_mio_duolo.musicxml	Violoncello	46	long_note_starts_on_beat	0	4	4	1	1,2,3	F3	
121_moro_lasso_al_mio_duolo	data/cpdl/5-voices/reductions/string_quartet/121_moro_lasso_al_mio_duolo.musicxml	Violoncello	47	long_note_starts_on_beat	0	2	2	1	1	F3	
121_moro_lasso_al_mio_duolo	data/cpdl/5-voices/reductions/string_quartet/121_moro_lasso_al_mio_duolo.musicxml	Violoncello	47	long_note_starts_on_beat	2	2	4	1	3	F3	start
121_moro_lasso_al_mio_duolo	data/cpdl/5-voices/reductions/string_quartet/121_moro_lasso_al_mio_duolo.musicxml	Violoncello	48	long_note_starts_on_beat	0	2	2	1	1	F3	stop
121_moro_lasso_al_mio_duolo	data/cpdl/5-voices/reductions/string_quartet/121_moro_lasso_al_mio_duolo.musicxml	Violoncello	48	long_note_starts_on_beat	2	2	4	1	3	E3	
121_moro_lasso_al_mio_duolo	data/cpdl/5-voices/reductions/string_quartet/121_moro_lasso_al_mio_duolo.musicxml	Violoncello	49	rest_starts_on_beat_crosses_later_beat	0	2	2	1	1	rest	
121_moro_lasso_al_mio_duolo	data/cpdl/5-voices/reductions/string_quartet/121_moro_lasso_al_mio_duolo.musicxml	Violoncello	50	long_note_starts_on_beat	0	4	4	1	1,2,3	C4	
121_moro_lasso_al_mio_duolo	data/cpdl/5-voices/reductions/string_quartet/121_moro_lasso_al_mio_duolo.musicxml	Violoncello	51	long_note_starts_on_beat	0	2	2	1	1	A3	
121_moro_lasso_al_mio_duolo	data/cpdl/5-voices/reductions/string_quartet/121_moro_lasso_al_mio_duolo.musicxml	Violoncello	51	long_note_starts_on_beat	2	2	4	1	3	G3	
121_moro_lasso_al_mio_duolo	data/cpdl/5-voices/reductions/string_quartet/121_moro_lasso_al_mio_duolo.musicxml	Violoncello	52	long_note_starts_on_beat	0	2	2	1	1	C4	
121_moro_lasso_al_mio_duolo	data/cpdl/5-voices/reductions/string_quartet/121_moro_lasso_al_mio_duolo.musicxml	Violoncello	52	long_note_starts_on_beat	2	2	4	1	3	F#3	
121_moro_lasso_al_mio_duolo	data/cpdl/5-voices/reductions/string_quartet/121_moro_lasso_al_mio_duolo.musicxml	Violoncello	54	long_note_starts_on_beat	2	2	4	1	3	F3	
121_moro_lasso_al_mio_duolo	data/cpdl/5-voices/reductions/string_quartet/121_moro_lasso_al_mio_duolo.musicxml	Violoncello	55	long_note_starts_on_beat	0	4	4	1	1,2,3	E3	start
121_moro_lasso_al_mio_duolo	data/cpdl/5-voices/reductions/string_quartet/121_moro_lasso_al_mio_duolo.musicxml	Violoncello	56	long_note_starts_on_beat	0	4	4	1	1,2,3	E3	stop
121_moro_lasso_al_mio_duolo	data/cpdl/5-voices/reductions/string_quartet/121_moro_lasso_al_mio_duolo.musicxml	Violoncello	57	long_note_starts_on_beat	0	2	2	1	1	G3	
121_moro_lasso_al_mio_duolo	data/cpdl/5-voices/reductions/string_quartet/121_moro_lasso_al_mio_duolo.musicxml	Violoncello	57	long_note_starts_on_beat	2	2	4	1	3	E3	start
121_moro_lasso_al_mio_duolo	data/cpdl/5-voices/reductions/string_quartet/121_moro_lasso_al_mio_duolo.musicxml	Violoncello	58	long_note_starts_on_beat	0	2	2	1	1	E3	stop
121_moro_lasso_al_mio_duolo	data/cpdl/5-voices/reductions/string_quartet/121_moro_lasso_al_mio_duolo.musicxml	Violoncello	59	long_note_starts_on_beat	0	4	4	1	1,2,3	G3	
121_moro_lasso_al_mio_duolo	data/cpdl/5-voices/reductions/string_quartet/121_moro_lasso_al_mio_duolo.musicxml	Violoncello	60	long_note_starts_on_beat	0	2	2	1	1	C3	
121_moro_lasso_al_mio_duolo	data/cpdl/5-voices/reductions/string_quartet/121_moro_lasso_al_mio_duolo.musicxml	Violoncello	60	long_note_starts_on_beat	2	2	4	1	3	C3	
121_moro_lasso_al_mio_duolo	data/cpdl/5-voices/reductions/string_quartet/121_moro_lasso_al_mio_duolo.musicxml	Violoncello	61	long_note_starts_on_beat	0	4	4	1	1,2,3	C#3	
121_moro_lasso_al_mio_duolo	data/cpdl/5-voices/reductions/string_quartet/121_moro_lasso_al_mio_duolo.musicxml	Violoncello	62	long_note_starts_on_beat	0	4	4	1	1,2,3	F3	
121_moro_lasso_al_mio_duolo	data/cpdl/5-voices/reductions/string_quartet/121_moro_lasso_al_mio_duolo.musicxml	Violoncello	63	long_note_starts_on_beat	0	2	2	1	1	A2	
121_moro_lasso_al_mio_duolo	data/cpdl/5-voices/reductions/string_quartet/121_moro_lasso_al_mio_duolo.musicxml	Violoncello	63	long_note_starts_on_beat	2	2	4	1	3	F3	
121_moro_lasso_al_mio_duolo	data/cpdl/5-voices/reductions/string_quartet/121_moro_lasso_al_mio_duolo.musicxml	Violoncello	64	long_note_starts_on_beat	0	4	4	1	1,2,3	A3	
121_moro_lasso_al_mio_duolo	data/cpdl/5-voices/reductions/string_quartet/121_moro_lasso_al_mio_duolo.musicxml	Violoncello	65	long_note_starts_on_beat	0	4	4	1	1,2,3	B-3	
121_moro_lasso_al_mio_duolo	data/cpdl/5-voices/reductions/string_quartet/121_moro_lasso_al_mio_duolo.musicxml	Violoncello	66	long_note_starts_on_beat	0	2	2	1	1	E-3	
121_moro_lasso_al_mio_duolo	data/cpdl/5-voices/reductions/string_quartet/121_moro_lasso_al_mio_duolo.musicxml	Violoncello	66	long_note_starts_on_beat	2	2	4	1	3	E-3	
121_moro_lasso_al_mio_duolo	data/cpdl/5-voices/reductions/string_quartet/121_moro_lasso_al_mio_duolo.musicxml	Violoncello	67	long_note_starts_on_beat	0	4	4	1	1,2,3	E3	start
121_moro_lasso_al_mio_duolo	data/cpdl/5-voices/reductions/string_quartet/121_moro_lasso_al_mio_duolo.musicxml	Violoncello	68	long_note_starts_on_beat	0	4	4	1	1,2,3	E3	stop
121_moro_lasso_al_mio_duolo	data/cpdl/5-voices/reductions/string_quartet/121_moro_lasso_al_mio_duolo.musicxml	Violoncello	69	long_note_starts_on_beat	0	4	4	1	1,2,3	A2	start
121_moro_lasso_al_mio_duolo	data/cpdl/5-voices/reductions/string_quartet/121_moro_lasso_al_mio_duolo.musicxml	Violoncello	70	long_note_starts_on_beat	0	4	4	1	1,2,3	A2	stop
161_sparge_la_morte	data/cpdl/5-voices/reductions/string_quartet/161_sparge_la_morte.musicxml	Violin I	1	long_note_starts_on_beat	0	4	4	1	1,2,3	E5	
161_sparge_la_morte	data/cpdl/5-voices/reductions/string_quartet/161_sparge_la_morte.musicxml	Violin I	2	long_note_starts_on_beat	0	2	2	1	1	E5	
161_sparge_la_morte	data/cpdl/5-voices/reductions/string_quartet/161_sparge_la_morte.musicxml	Violin I	2	long_note_starts_on_beat	2	2	4	1	3	F5	
161_sparge_la_morte	data/cpdl/5-voices/reductions/string_quartet/161_sparge_la_morte.musicxml	Violin I	3	long_note_starts_on_beat	0	4	4	1	1,2,3	D5	start
161_sparge_la_morte	data/cpdl/5-voices/reductions/string_quartet/161_sparge_la_morte.musicxml	Violin I	4	long_note_starts_on_beat	0	2	2	1	1	D5	stop
161_sparge_la_morte	data/cpdl/5-voices/reductions/string_quartet/161_sparge_la_morte.musicxml	Violin I	4	long_note_starts_on_beat	2	2	4	1	3	D5	
161_sparge_la_morte	data/cpdl/5-voices/reductions/string_quartet/161_sparge_la_morte.musicxml	Violin I	5	long_note_starts_on_beat	0	2	2	1	1	C5	
161_sparge_la_morte	data/cpdl/5-voices/reductions/string_quartet/161_sparge_la_morte.musicxml	Violin I	5	long_note_starts_on_beat	2	2	4	1	3	C5	
161_sparge_la_morte	data/cpdl/5-voices/reductions/string_quartet/161_sparge_la_morte.musicxml	Violin I	6	long_note_starts_on_beat	0	2	2	1	1	A4	
161_sparge_la_morte	data/cpdl/5-voices/reductions/string_quartet/161_sparge_la_morte.musicxml	Violin I	6	long_note_starts_on_beat	2	2	4	1	3	A4	
161_sparge_la_morte	data/cpdl/5-voices/reductions/string_quartet/161_sparge_la_morte.musicxml	Violin I	7	long_note_starts_on_beat	0	4	4	1	1,2,3	E5	
161_sparge_la_morte	data/cpdl/5-voices/reductions/string_quartet/161_sparge_la_morte.musicxml	Violin I	8	long_note_starts_on_beat	0	4	4	1	1,2,3	E5	
161_sparge_la_morte	data/cpdl/5-voices/reductions/string_quartet/161_sparge_la_morte.musicxml	Violin I	9	rest_starts_on_beat_crosses_later_beat	0	2	2	1	1	rest	
161_sparge_la_morte	data/cpdl/5-voices/reductions/string_quartet/161_sparge_la_morte.musicxml	Violin I	9	long_note_starts_on_beat	2	2	4	1	3	E5	
161_sparge_la_morte	data/cpdl/5-voices/reductions/string_quartet/161_sparge_la_morte.musicxml	Violin I	10	long_note_starts_on_beat	0	3	3	1	1,2	A4	
161_sparge_la_morte	data/cpdl/5-voices/reductions/string_quartet/161_sparge_la_morte.musicxml	Violin I	11	long_note_starts_on_beat	0	2	2	1	1	A4	
161_sparge_la_morte	data/cpdl/5-voices/reductions/string_quartet/161_sparge_la_morte.musicxml	Violin I	11	long_note_starts_on_beat	2	2	4	1	3	A4	
161_sparge_la_morte	data/cpdl/5-voices/reductions/string_quartet/161_sparge_la_morte.musicxml	Violin I	12	long_note_starts_on_beat	0	4	4	1	1,2,3	B4	
161_sparge_la_morte	data/cpdl/5-voices/reductions/string_quartet/161_sparge_la_morte.musicxml	Violin I	13	long_note_starts_on_beat	0	4	4	1	1,2,3	B-4	
161_sparge_la_morte	data/cpdl/5-voices/reductions/string_quartet/161_sparge_la_morte.musicxml	Violin I	14	rest_starts_on_beat_crosses_later_beat	0	2	2	1	1	rest	
161_sparge_la_morte	data/cpdl/5-voices/reductions/string_quartet/161_sparge_la_morte.musicxml	Violin I	14	long_note_starts_on_beat	2	2	4	1	3	B-4	
161_sparge_la_morte	data/cpdl/5-voices/reductions/string_quartet/161_sparge_la_morte.musicxml	Violin I	15	long_note_starts_on_beat	0	2	2	1	1	B-4	
161_sparge_la_morte	data/cpdl/5-voices/reductions/string_quartet/161_sparge_la_morte.musicxml	Violin I	15	long_note_starts_on_beat	2	2	4	1	3	B-4	start
161_sparge_la_morte	data/cpdl/5-voices/reductions/string_quartet/161_sparge_la_morte.musicxml	Violin I	16	long_note_starts_on_beat	2	2	4	1	3	B-4	
161_sparge_la_morte	data/cpdl/5-voices/reductions/string_quartet/161_sparge_la_morte.musicxml	Violin I	17	long_note_starts_on_beat	0	4	4	1	1,2,3	A4	start
161_sparge_la_morte	data/cpdl/5-voices/reductions/string_quartet/161_sparge_la_morte.musicxml	Violin I	18	long_note_starts_on_beat	0	2	2	1	1	A4	stop
161_sparge_la_morte	data/cpdl/5-voices/reductions/string_quartet/161_sparge_la_morte.musicxml	Violin I	18	long_note_starts_on_beat	2	2	4	1	3	C#5	
161_sparge_la_morte	data/cpdl/5-voices/reductions/string_quartet/161_sparge_la_morte.musicxml	Violin I	20	long_note_starts_on_beat	0	2	2	1	1	F5	
161_sparge_la_morte	data/cpdl/5-voices/reductions/string_quartet/161_sparge_la_morte.musicxml	Violin I	20	long_note_starts_on_beat	2	2	4	1	3	F5	
161_sparge_la_morte	data/cpdl/5-voices/reductions/string_quartet/161_sparge_la_morte.musicxml	Violin I	22	long_note_starts_on_beat	0	2	2	1	1	F5	
161_sparge_la_morte	data/cpdl/5-voices/reductions/string_quartet/161_sparge_la_morte.musicxml	Violin I	22	long_note_starts_on_beat	2	2	4	1	3	F5	
161_sparge_la_morte	data/cpdl/5-voices/reductions/string_quartet/161_sparge_la_morte.musicxml	Violin I	24	long_note_starts_on_beat	0	4	4	1	1,2,3	C5	start
161_sparge_la_morte	data/cpdl/5-voices/reductions/string_quartet/161_sparge_la_morte.musicxml	Violin I	25	long_note_starts_on_beat	0	2	2	1	1	C5	stop
161_sparge_la_morte	data/cpdl/5-voices/reductions/string_quartet/161_sparge_la_morte.musicxml	Violin I	25	long_note_starts_on_beat	2	2	4	1	3	D5	
161_sparge_la_morte	data/cpdl/5-voices/reductions/string_quartet/161_sparge_la_morte.musicxml	Violin I	26	long_note_starts_on_beat	0	4	4	1	1,2,3	F5	start
161_sparge_la_morte	data/cpdl/5-voices/reductions/string_quartet/161_sparge_la_morte.musicxml	Violin I	27	long_note_starts_on_beat	0	2	2	1	1	F5	stop
161_sparge_la_morte	data/cpdl/5-voices/reductions/string_quartet/161_sparge_la_morte.musicxml	Violin I	27	long_note_starts_on_beat	2	2	4	1	3	D5	
161_sparge_la_morte	data/cpdl/5-voices/reductions/string_quartet/161_sparge_la_morte.musicxml	Violin I	28	rest_starts_on_beat_crosses_later_beat	0	2	2	1	1	rest	
161_sparge_la_morte	data/cpdl/5-voices/reductions/string_quartet/161_sparge_la_morte.musicxml	Violin I	28	long_note_starts_on_beat	2	2	4	1	3	D5	
161_sparge_la_morte	data/cpdl/5-voices/reductions/string_quartet/161_sparge_la_morte.musicxml	Violin I	29	long_note_starts_on_beat	0	4	4	1	1,2,3	F4	
161_sparge_la_morte	data/cpdl/5-voices/reductions/string_quartet/161_sparge_la_morte.musicxml	Violin I	30	long_note_starts_on_beat	0	4	4	1	1,2,3	D4	
161_sparge_la_morte	data/cpdl/5-voices/reductions/string_quartet/161_sparge_la_morte.musicxml	Violin I	31	long_note_starts_on_beat	0	2	2	1	1	E-6	
161_sparge_la_morte	data/cpdl/5-voices/reductions/string_quartet/161_sparge_la_morte.musicxml	Violin I	31	rest_starts_on_beat_crosses_later_beat	2	2	4	1	3	rest	
161_sparge_la_morte	data/cpdl/5-voices/reductions/string_quartet/161_sparge_la_morte.musicxml	Violin I	32	long_note_starts_on_beat	0	4	4	1	1,2,3	B5	
161_sparge_la_morte	data/cpdl/5-voices/reductions/string_quartet/161_sparge_la_morte.musicxml	Violin I	33	long_note_starts_on_beat	0	4	4	1	1,2,3	E-5	
161_sparge_la_morte	data/cpdl/5-voices/reductions/string_quartet/161_sparge_la_morte.musicxml	Violin I	34	long_note_starts_on_beat	0	3	3	1	1,2	E5	
161_sparge_la_morte	data/cpdl/5-voices/reductions/string_quartet/161_sparge_la_morte.musicxml	Violin I	35	long_note_starts_on_beat	0	2	2	1	1	G5	
161_sparge_la_morte	data/cpdl/5-voices/reductions/string_quartet/161_sparge_la_morte.musicxml	Violin I	35	long_note_starts_on_beat	2	2	4	1	3	E5	
161_sparge_la_morte	data/cpdl/5-voices/reductions/string_quartet/161_sparge_la_morte.musicxml	Violin I	37	long_note_starts_on_beat	1	2	3	1	2	D4	
161_sparge_la_morte	data/cpdl/5-voices/reductions/string_quartet/161_sparge_la_morte.musicxml	Violin I	39	long_note_starts_on_beat	2	2	4	1	3	E5	
161_sparge_la_morte	data/cpdl/5-voices/reductions/string_quartet/161_sparge_la_morte.musicxml	Violin I	40	long_note_starts_on_beat	2	2	4	1	3	D5	
161_sparge_la_morte	data/cpdl/5-voices/reductions/string_quartet/161_sparge_la_morte.musicxml	Violin I	42	long_note_starts_on_beat	2	2	4	1	3	C5	start
161_sparge_la_morte	data/cpdl/5-voices/reductions/string_quartet/161_sparge_la_morte.musicxml	Violin I	43	long_note_starts_on_beat	0	2	2	1	1	C5	stop
161_sparge_la_morte	data/cpdl/5-voices/reductions/string_quartet/161_sparge_la_morte.musicxml	Violin I	43	long_note_starts_on_beat	2	2	4	1	3	B4	
161_sparge_la_morte	data/cpdl/5-voices/reductions/string_quartet/161_sparge_la_morte.musicxml	Violin I	44	long_note_starts_on_beat	0	4	4	1	1,2,3	C5	
161_sparge_la_morte	data/cpdl/5-voices/reductions/string_quartet/161_sparge_la_morte.musicxml	Violin I	45	rest_starts_on_beat_crosses_later_beat	0	2	2	1	1	rest	
161_sparge_la_morte	data/cpdl/5-voices/reductions/string_quartet/161_sparge_la_morte.musicxml	Violin I	45	long_note_starts_on_beat	2	2	4	1	3	B4	
161_sparge_la_morte	data/cpdl/5-voices/reductions/string_quartet/161_sparge_la_morte.musicxml	Violin I	46	long_note_starts_on_beat	0	2	2	1	1	B4	
161_sparge_la_morte	data/cpdl/5-voices/reductions/string_quartet/161_sparge_la_morte.musicxml	Violin I	47	long_note_starts_on_beat	0	2	2	1	1	B4	
161_sparge_la_morte	data/cpdl/5-voices/reductions/string_quartet/161_sparge_la_morte.musicxml	Violin I	47	long_note_starts_on_beat	2	2	4	1	3	E5	
161_sparge_la_morte	data/cpdl/5-voices/reductions/string_quartet/161_sparge_la_morte.musicxml	Violin I	48	long_note_starts_on_beat	0	4	4	1	1,2,3	E5	
161_sparge_la_morte	data/cpdl/5-voices/reductions/string_quartet/161_sparge_la_morte.musicxml	Violin I	49	long_note_starts_on_beat	0	4	4	1	1,2,3	E-5	
161_sparge_la_morte	data/cpdl/5-voices/reductions/string_quartet/161_sparge_la_morte.musicxml	Violin I	50	rest_starts_on_beat_crosses_later_beat	0	2	2	1	1	rest	
161_sparge_la_morte	data/cpdl/5-voices/reductions/string_quartet/161_sparge_la_morte.musicxml	Violin I	50	long_note_starts_on_beat	2	2	4	1	3	B-5	
161_sparge_la_morte	data/cpdl/5-voices/reductions/string_quartet/161_sparge_la_morte.musicxml	Violin I	51	long_note_starts_on_beat	0	2	2	1	1	C6	
161_sparge_la_morte	data/cpdl/5-voices/reductions/string_quartet/161_sparge_la_morte.musicxml	Violin I	51	long_note_starts_on_beat	2	2	4	1	3	G5	
161_sparge_la_morte	data/cpdl/5-voices/reductions/string_quartet/161_sparge_la_morte.musicxml	Violin I	52	long_note_starts_on_beat	0	2	2	1	1	C5	
161_sparge_la_morte	data/cpdl/5-voices/reductions/string_quartet/161_sparge_la_morte.musicxml	Violin I	52	long_note_starts_on_beat	2	2	4	1	3	B-4	
161_sparge_la_morte	data/cpdl/5-voices/reductions/string_quartet/161_sparge_la_morte.musicxml	Violin I	53	long_note_starts_on_beat	0	4	4	1	1,2,3	A4	
161_sparge_la_morte	data/cpdl/5-voices/reductions/string_quartet/161_sparge_la_morte.musicxml	Violin I	54	long_note_starts_on_beat	0	4	4	1	1,2,3	G4	
161_sparge_la_morte	data/cpdl/5-voices/reductions/string_quartet/161_sparge_la_morte.musicxml	Violin I	55	long_note_starts_on_beat	2	2	4	1	3	F5	
161_sparge_la_morte	data/cpdl/5-voices/reductions/string_quartet/161_sparge_la_morte.musicxml	Violin I	56	long_note_starts_on_beat	0	2	2	1	1	B4	
161_sparge_la_morte	data/cpdl/5-voices/reductions/string_quartet/161_sparge_la_morte.musicxml	Violin I	56	long_note_starts_on_beat	2	2	4	1	3	C5	
161_sparge_la_morte	data/cpdl/5-voices/reductions/string_quartet/161_sparge_la_morte.musicxml	Violin I	57	long_note_starts_on_beat	0	2	2	1	1	A4	
161_sparge_la_morte	data/cpdl/5-voices/reductions/string_quartet/161_sparge_la_morte.musicxml	Violin I	57	long_note_starts_on_beat	2	2	4	1	3	D5	start
161_sparge_la_morte	data/cpdl/5-voices/reductions/string_quartet/161_sparge_la_morte.musicxml	Violin I	58	long_note_starts_on_beat	0	2	2	1	1	D5	stop
161_sparge_la_morte	data/cpdl/5-voices/reductions/string_quartet/161_sparge_la_morte.musicxml	Violin I	58	long_note_starts_on_beat	2	2	4	1	3	C#5	
161_sparge_la_morte	data/cpdl/5-voices/reductions/string_quartet/161_sparge_la_morte.musicxml	Violin I	59	long_note_starts_on_beat	0	2	2	1	1	F5	
161_sparge_la_morte	data/cpdl/5-voices/reductions/string_quartet/161_sparge_la_morte.musicxml	Violin I	59	long_note_starts_on_beat	2	2	4	1	3	G5	
161_sparge_la_morte	data/cpdl/5-voices/reductions/string_quartet/161_sparge_la_morte.musicxml	Violin I	60	long_note_starts_on_beat	0	2	2	1	1	G4	
161_sparge_la_morte	data/cpdl/5-voices/reductions/string_quartet/161_sparge_la_morte.musicxml	Violin I	60	long_note_starts_on_beat	2	2	4	1	3	D4	start
161_sparge_la_morte	data/cpdl/5-voices/reductions/string_quartet/161_sparge_la_morte.musicxml	Violin I	61	long_note_starts_on_beat	0	2	2	1	1	D4	stop
161_sparge_la_morte	data/cpdl/5-voices/reductions/string_quartet/161_sparge_la_morte.musicxml	Violin I	61	long_note_starts_on_beat	2	2	4	1	3	G3	
161_sparge_la_morte	data/cpdl/5-voices/reductions/string_quartet/161_sparge_la_morte.musicxml	Violin I	62	long_note_starts_on_beat	0	2	2	1	1	D4	
161_sparge_la_morte	data/cpdl/5-voices/reductions/string_quartet/161_sparge_la_morte.musicxml	Violin I	62	long_note_starts_on_beat	2	2	4	1	3	D4	
161_sparge_la_morte	data/cpdl/5-voices/reductions/string_quartet/161_sparge_la_morte.musicxml	Violin I	63	rest_starts_on_beat_crosses_later_beat	0	2	2	1	1	rest	
161_sparge_la_morte	data/cpdl/5-voices/reductions/string_quartet/161_sparge_la_morte.musicxml	Violin I	63	long_note_starts_on_beat	2	2	4	1	3	F5	
161_sparge_la_morte	data/cpdl/5-voices/reductions/string_quartet/161_sparge_la_morte.musicxml	Violin I	64	long_note_starts_on_beat	0	4	4	1	1,2,3	D5	
161_sparge_la_morte	data/cpdl/5-voices/reductions/string_quartet/161_sparge_la_morte.musicxml	Violin I	65	long_note_starts_on_beat	0	4	4	1	1,2,3	A4	start
161_sparge_la_morte	data/cpdl/5-voices/reductions/string_quartet/161_sparge_la_morte.musicxml	Violin I	66	long_note_starts_on_beat	0	4	4	1	1,2,3	A4	stop
161_sparge_la_morte	data/cpdl/5-voices/reductions/string_quartet/161_sparge_la_morte.musicxml	Violin I	67	long_note_starts_on_beat	0	2	2	1	1	C5	
161_sparge_la_morte	data/cpdl/5-voices/reductions/string_quartet/161_sparge_la_morte.musicxml	Violin I	67	long_note_starts_on_beat	2	2	4	1	3	A5	
161_sparge_la_morte	data/cpdl/5-voices/reductions/string_quartet/161_sparge_la_morte.musicxml	Violin I	68	long_note_starts_on_beat	0	4	4	1	1,2,3	F5	
161_sparge_la_morte	data/cpdl/5-voices/reductions/string_quartet/161_sparge_la_morte.musicxml	Violin I	69	long_note_starts_on_beat	0	4	4	1	1,2,3	C#5	
161_sparge_la_morte	data/cpdl/5-voices/reductions/string_quartet/161_sparge_la_morte.musicxml	Violin II	1	long_note_starts_on_beat	0	4	4	1	1,2,3	C4	
161_sparge_la_morte	data/cpdl/5-voices/reductions/string_quartet/161_sparge_la_morte.musicxml	Violin II	2	long_note_starts_on_beat	0	2	2	1	1	C4	
161_sparge_la_morte	data/cpdl/5-voices/reductions/string_quartet/161_sparge_la_morte.musicxml	Violin II	2	long_note_starts_on_beat	2	2	4	1	3	D4	
161_sparge_la_morte	data/cpdl/5-voices/reductions/string_quartet/161_sparge_la_morte.musicxml	Violin II	3	long_note_starts_on_beat	0	4	4	1	1,2,3	D4	
161_sparge_la_morte	data/cpdl/5-voices/reductions/string_quartet/161_sparge_la_morte.musicxml	Violin II	4	long_note_starts_on_beat	0	4	4	1	1,2,3	G3	
161_sparge_la_morte	data/cpdl/5-voices/reductions/string_quartet/161_sparge_la_morte.musicxml	Violin II	5	long_note_starts_on_beat	0	2	2	1	1	G3	
161_sparge_la_morte	data/cpdl/5-voices/reductions/string_quartet/161_sparge_la_morte.musicxml	Violin II	5	long_note_starts_on_beat	2	2	4	1	3	E4	
161_sparge_la_morte	data/cpdl/5-voices/reductions/string_quartet/161_sparge_la_morte.musicxml	Violin II	6	long_note_starts_on_beat	0	2	2	1	1	E4	
161_sparge_la_morte	data/cpdl/5-voices/reductions/string_quartet/161_sparge_la_morte.musicxml	Violin II	6	long_note_starts_on_beat	2	2	4	1	3	D4	
161_sparge_la_morte	data/cpdl/5-voices/reductions/string_quartet/161_sparge_la_morte.musicxml	Violin II	7	long_note_starts_on_beat	0	4	4	1	1,2,3	B3	
161_sparge_la_morte	data/cpdl/5-voices/reductions/string_quartet/161_sparge_la_morte.musicxml	Violin II	8	long_note_starts_on_beat	0	4	4	1	1,2,3	B3	
161_sparge_la_morte	data/cpdl/5-voices/reductions/string_quartet/161_sparge_la_morte.musicxml	Violin II	9	rest_starts_on_beat_crosses_later_beat	0	2	2	1	1	rest	
161_sparge_la_morte	data/cpdl/5-voices/reductions/string_quartet/161_sparge_la_morte.musicxml	Violin II	9	long_note_starts_on_beat	2	2	4	1	3	A3	
161_sparge_la_morte	data/cpdl/5-voices/reductions/string_quartet/161_sparge_la_morte.musicxml	Violin II	10	long_note_starts_on_beat	0	3	3	1	1,2	A3	
161_sparge_la_morte	data/cpdl/5-voices/reductions/string_quartet/161_sparge_la_morte.musicxml	Violin II	11	long_note_starts_on_beat	0	2	2	1	1	A3	
161_sparge_la_morte	data/cpdl/5-voices/reductions/string_quartet/161_sparge_la_morte.musicxml	Violin II	11	long_note_starts_on_beat	2	2	4	1	3	A3	
161_sparge_la_morte	data/cpdl/5-voices/reductions/string_quartet/161_sparge_la_morte.musicxml	Violin II	12	long_note_starts_on_beat	0	4	4	1	1,2,3	G4	
161_sparge_la_morte	data/cpdl/5-voices/reductions/string_quartet/161_sparge_la_morte.musicxml	Violin II	13	long_note_starts_on_beat	0	4	4	1	1,2,3	G4	
161_sparge_la_morte	data/cpdl/5-voices/reductions/string_quartet/161_sparge_la_morte.musicxml	Violin II	14	rest_starts_on_beat_crosses_later_beat	0	2	2	1	1	rest	
161_sparge_la_morte	data/cpdl/5-voices/reductions/string_quartet/161_sparge_la_morte.musicxml	Violin II	14	long_note_starts_on_beat	2	2	4	1	3	G4	
161_sparge_la_morte	data/cpdl/5-voices/reductions/string_quartet/161_sparge_la_morte.musicxml	Violin II	15	long_note_starts_on_beat	0	2	2	1	1	G4	
161_sparge_la_morte	data/cpdl/5-voices/reductions/string_quartet/161_sparge_la_morte.musicxml	Violin II	15	long_note_starts_on_beat	2	2	4	1	3	G4	start
161_sparge_la_morte	data/cpdl/5-voices/reductions/string_quartet/161_sparge_la_morte.musicxml	Violin II	16	long_note_starts_on_beat	2	2	4	1	3	G4	
161_sparge_la_morte	data/cpdl/5-voices/reductions/string_quartet/161_sparge_la_morte.musicxml	Violin II	17	long_note_starts_on_beat	0	4	4	1	1,2,3	F4	start
161_sparge_la_morte	data/cpdl/5-voices/reductions/string_quartet/161_sparge_la_morte.musicxml	Violin II	18	long_note_starts_on_beat	0	2	2	1	1	F4	stop
161_sparge_la_morte	data/cpdl/5-voices/reductions/string_quartet/161_sparge_la_morte.musicxml	Violin II	18	long_note_starts_on_beat	2	2	4	1	3	E4	
161_sparge_la_morte	data/cpdl/5-voices/reductions/string_quartet/161_sparge_la_morte.musicxml	Violin II	20	long_note_starts_on_beat	0	2	2	1	1	C5	
161_sparge_la_morte	data/cpdl/5-voices/reductions/string_quartet/161_sparge_la_morte.musicxml	Violin II	20	long_note_starts_on_beat	2	2	4	1	3	C5	
161_sparge_la_morte	data/cpdl/5-voices/reductions/string_quartet/161_sparge_la_morte.musicxml	Violin II	22	long_note_starts_on_beat	0	2	2	1	1	A4	
161_sparge_la_morte	data/cpdl/5-voices/reductions/string_quartet/161_sparge_la_morte.musicxml	Violin II	22	long_note_starts_on_beat	2	2	4	1	3	A4	
161_sparge_la_morte	data/cpdl/5-voices/reductions/string_quartet/161_sparge_la_morte.musicxml	Violin II	24	long_note_starts_on_beat	0	4	4	1	1,2,3	E4	
161_sparge_la_morte	data/cpdl/5-voices/reductions/string_quartet/161_sparge_la_morte.musicxml	Violin II	25	long_note_starts_on_beat	0	2	2	1	1	E4	
161_sparge_la_morte	data/cpdl/5-voices/reductions/string_quartet/161_sparge_la_morte.musicxml	Violin II	25	long_note_starts_on_beat	2	2	4	1	3	F4	
161_sparge_la_morte	data/cpdl/5-voices/reductions/string_quartet/161_sparge_la_morte.musicxml	Violin II	26	long_note_starts_on_beat	0	4	4	1	1,2,3	D4	start
161_sparge_la_morte	data/cpdl/5-voices/reductions/string_quartet/161_sparge_la_morte.musicxml	Violin II	27	long_note_starts_on_beat	0	2	2	1	1	D4	stop
161_sparge_la_morte	data/cpdl/5-voices/reductions/string_quartet/161_sparge_la_morte.musicxml	Violin II	27	long_note_starts_on_beat	2	2	4	1	3	F4	
161_sparge_la_morte	data/cpdl/5-voices/reductions/string_quartet/161_sparge_la_morte.musicxml	Violin II	28	rest_starts_on_beat_crosses_later_beat	0	2	2	1	1	rest	
161_sparge_la_morte	data/cpdl/5-voices/reductions/string_quartet/161_sparge_la_morte.musicxml	Violin II	28	long_note_starts_on_beat	2	2	4	1	3	D4	start
161_sparge_la_morte	data/cpdl/5-voices/reductions/string_quartet/161_sparge_la_morte.musicxml	Violin II	29	long_note_starts_on_beat	0	2	2	1	1	D4	stop
161_sparge_la_morte	data/cpdl/5-voices/reductions/string_quartet/161_sparge_la_morte.musicxml	Violin II	29	long_note_starts_on_beat	2	2	4	1	3	C4	start
161_sparge_la_morte	data/cpdl/5-voices/reductions/string_quartet/161_sparge_la_morte.musicxml	Violin II	30	long_note_starts_on_beat	0	2	2	1	1	C4	stop
161_sparge_la_morte	data/cpdl/5-voices/reductions/string_quartet/161_sparge_la_morte.musicxml	Violin II	30	long_note_starts_on_beat	2	2	4	1	3	B3	
161_sparge_la_morte	data/cpdl/5-voices/reductions/string_quartet/161_sparge_la_morte.musicxml	Violin II	31	long_note_starts_on_beat	0	4	4	1	1,2,3	C4	
161_sparge_la_morte	data/cpdl/5-voices/reductions/string_quartet/161_sparge_la_morte.musicxml	Violin II	32	long_note_starts_on_beat	0	4	4	1	1,2,3	B3	
161_sparge_la_morte	data/cpdl/5-voices/reductions/string_quartet/161_sparge_la_morte.musicxml	Violin II	33	long_note_starts_on_beat	0	4	4	1	1,2,3	B-3	
161_sparge_la_morte	data/cpdl/5-voices/reductions/string_quartet/161_sparge_la_morte.musicxml	Violin II	34	long_note_starts_on_beat	2	2	4	1	3	C4	start
161_sparge_la_morte	data/cpdl/5-voices/reductions/string_quartet/161_sparge_la_morte.musicxml	Violin II	35	long_note_starts_on_beat	0	2	2	1	1	C4	stop
161_sparge_la_morte	data/cpdl/5-voices/reductions/string_quartet/161_sparge_la_morte.musicxml	Violin II	35	long_note_starts_on_beat	2	2	4	1	3	B3	
161_sparge_la_morte	data/cpdl/5-voices/reductions/string_quartet/161_sparge_la_morte.musicxml	Violin II	36	long_note_starts_on_beat	1	2	3	1	2	A4	
161_sparge_la_morte	data/cpdl/5-voices/reductions/string_quartet/161_sparge_la_morte.musicxml	Violin II	38	long_note_starts_on_beat	1	2	3	1	2	A4	
161_sparge_la_morte	data/cpdl/5-voices/reductions/string_quartet/161_sparge_la_morte.musicxml	Violin II	39	long_note_starts_on_beat	0	2	2	1	1	G4	
161_sparge_la_morte	data/cpdl/5-voices/reductions/string_quartet/161_sparge_la_morte.musicxml	Violin II	39	long_note_starts_on_beat	2	2	4	1	3	G4	
161_sparge_la_morte	data/cpdl/5-voices/reductions/string_quartet/161_sparge_la_morte.musicxml	Violin II	40	long_note_starts_on_beat	2	2	4	1	3	B4	
161_sparge_la_morte	data/cpdl/5-voices/reductions/string_quartet/161_sparge_la_morte.musicxml	Violin II	42	long_note_starts_on_beat	0	4	4	1	1,2,3	A4	
161_sparge_la_morte	data/cpdl/5-voices/reductions/string_quartet/161_sparge_la_morte.musicxml	Violin II	43	long_note_starts_on_beat	0	2	2	1	1	G4	
161_sparge_la_morte	data/cpdl/5-voices/reductions/string_quartet/161_sparge_la_morte.musicxml	Violin II	43	rest_starts_on_beat_crosses_later_beat	2	2	4	1	3	rest	
161_sparge_la_morte	data/cpdl/5-voices/reductions/string_quartet/161_sparge_la_morte.musicxml	Violin II	44	long_note_starts_on_beat	0	4	4	1	1,2,3	G4	
161_sparge_la_morte	data/cpdl/5-voices/reductions/string_quartet/161_sparge_la_morte.musicxml	Violin II	45	rest_starts_on_beat_crosses_later_beat	0	2	2	1	1	rest	
161_sparge_la_morte	data/cpdl/5-voices/reductions/string_quartet/161_sparge_la_morte.musicxml	Violin II	45	long_note_starts_on_beat	2	2	4	1	3	G4	
161_sparge_la_morte	data/cpdl/5-voices/reductions/string_quartet/161_sparge_la_morte.musicxml	Violin II	46	long_note_starts_on_beat	0	2	2	1	1	G4	
161_sparge_la_morte	data/cpdl/5-voices/reductions/string_quartet/161_sparge_la_morte.musicxml	Violin II	47	long_note_starts_on_beat	0	2	2	1	1	G4	
161_sparge_la_morte	data/cpdl/5-voices/reductions/string_quartet/161_sparge_la_morte.musicxml	Violin II	47	long_note_starts_on_beat	2	2	4	1	3	G4	
161_sparge_la_morte	data/cpdl/5-voices/reductions/string_quartet/161_sparge_la_morte.musicxml	Violin II	48	long_note_starts_on_beat	0	4	4	1	1,2,3	G4	
161_sparge_la_morte	data/cpdl/5-voices/reductions/string_quartet/161_sparge_la_morte.musicxml	Violin II	49	long_note_starts_on_beat	0	4	4	1	1,2,3	F#4	
161_sparge_la_morte	data/cpdl/5-voices/reductions/string_quartet/161_sparge_la_morte.musicxml	Violin II	50	rest_starts_on_beat_crosses_later_beat	0	2	2	1	1	rest	
161_sparge_la_morte	data/cpdl/5-voices/reductions/string_quartet/161_sparge_la_morte.musicxml	Violin II	50	long_note_starts_on_beat	2	2	4	1	3	D4	
161_sparge_la_morte	data/cpdl/5-voices/reductions/string_quartet/161_sparge_la_morte.musicxml	Violin II	51	long_note_starts_on_beat	0	2	2	1	1	E4	
161_sparge_la_morte	data/cpdl/5-voices/reductions/string_quartet/161_sparge_la_morte.musicxml	Violin II	51	long_note_starts_on_beat	2	2	4	1	3	D4	
161_sparge_la_morte	data/cpdl/5-voices/reductions/string_quartet/161_sparge_la_morte.musicxml	Violin II	52	long_note_starts_on_beat	0	2	2	1	1	E4	
161_sparge_la_morte	data/cpdl/5-voices/reductions/string_quartet/161_sparge_la_morte.musicxml	Violin II	52	long_note_starts_on_beat	2	2	4	1	3	D4	
161_sparge_la_morte	data/cpdl/5-voices/reductions/string_quartet/161_sparge_la_morte.musicxml	Violin II	53	long_note_starts_on_beat	0	4	4	1	1,2,3	F4	
161_sparge_la_morte	data/cpdl/5-voices/reductions/string_quartet/161_sparge_la_morte.musicxml	Violin II	54	long_note_starts_on_beat	0	2	2	1	1	F4	
161_sparge_la_morte	data/cpdl/5-voices/reductions/string_quartet/161_sparge_la_morte.musicxml	Violin II	54	long_note_starts_on_beat	2	2	4	1	3	E4	
161_sparge_la_morte	data/cpdl/5-voices/reductions/string_quartet/161_sparge_la_morte.musicxml	Violin II	55	long_note_starts_on_beat	2	2	4	1	3	A4	start
161_sparge_la_morte	data/cpdl/5-voices/reductions/string_quartet/161_sparge_la_morte.musicxml	Violin II	56	long_note_starts_on_beat	0	2	2	1	1	A4	stop
161_sparge_la_morte	data/cpdl/5-voices/reductions/string_quartet/161_sparge_la_morte.musicxml	Violin II	56	long_note_starts_on_beat	2	2	4	1	3	G4	
161_sparge_la_morte	data/cpdl/5-voices/reductions/string_quartet/161_sparge_la_morte.musicxml	Violin II	57	long_note_starts_on_beat	0	2	2	1	1	A4	
161_sparge_la_morte	data/cpdl/5-voices/reductions/string_quartet/161_sparge_la_morte.musicxml	Violin II	57	rest_starts_on_beat_crosses_later_beat	2	2	4	1	3	rest	
161_sparge_la_morte	data/cpdl/5-voices/reductions/string_quartet/161_sparge_la_morte.musicxml	Violin II	58	long_note_starts_on_beat	0	4	4	1	1,2,3	G4	
161_sparge_la_morte	data/cpdl/5-voices/reductions/string_quartet/161_sparge_la_morte.musicxml	Violin II	59	long_note_starts_on_beat	0	2	2	1	1	D4	
161_sparge_la_morte	data/cpdl/5-voices/reductions/string_quartet/161_sparge_la_morte.musicxml	Violin II	59	long_note_starts_on_beat	2	2	4	1	3	E-4	
161_sparge_la_morte	data/cpdl/5-voices/reductions/string_quartet/161_sparge_la_morte.musicxml	Violin II	60	long_note_starts_on_beat	0	2	2	1	1	C4	
161_sparge_la_morte	data/cpdl/5-voices/reductions/string_quartet/161_sparge_la_morte.musicxml	Violin II	60	long_note_starts_on_beat	2	2	4	1	3	F4	
161_sparge_la_morte	data/cpdl/5-voices/reductions/string_quartet/161_sparge_la_morte.musicxml	Violin II	61	long_note_starts_on_beat	0	4	4	1	1,2,3	G4	start
161_sparge_la_morte	data/cpdl/5-voices/reductions/string_quartet/161_sparge_la_morte.musicxml	Violin II	62	long_note_starts_on_beat	0	2	2	1	1	G4	stop
161_sparge_la_morte	data/cpdl/5-voices/reductions/string_quartet/161_sparge_la_morte.musicxml	Violin II	62	long_note_starts_on_beat	2	2	4	1	3	F#4	
161_sparge_la_morte	data/cpdl/5-voices/reductions/string_quartet/161_sparge_la_morte.musicxml	Violin II	63	rest_starts_on_beat_crosses_later_beat	0	2	2	1	1	rest	
161_sparge_la_morte	data/cpdl/5-voices/reductions/string_quartet/161_sparge_la_morte.musicxml	Violin II	63	long_note_starts_on_beat	2	2	4	1	3	C5	
161_sparge_la_morte	data/cpdl/5-voices/reductions/string_quartet/161_sparge_la_morte.musicxml	Violin II	64	long_note_starts_on_beat	0	4	4	1	1,2,3	B-4	
161_sparge_la_morte	data/cpdl/5-voices/reductions/string_quartet/161_sparge_la_morte.musicxml	Violin II	65	long_note_starts_on_beat	2	2	4	1	3	F4	start
161_sparge_la_morte	data/cpdl/5-voices/reductions/string_quartet/161_sparge_la_morte.musicxml	Violin II	66	long_note_starts_on_beat	0	2	2	1	1	F4	stop
161_sparge_la_morte	data/cpdl/5-voices/reductions/string_quartet/161_sparge_la_morte.musicxml	Violin II	66	long_note_starts_on_beat	2	2	4	1	3	E4	
161_sparge_la_morte	data/cpdl/5-voices/reductions/string_quartet/161_sparge_la_morte.musicxml	Violin II	67	long_note_starts_on_beat	0	2	2	1	1	E4	
161_sparge_la_morte	data/cpdl/5-voices/reductions/string_quartet/161_sparge_la_morte.musicxml	Violin II	67	long_note_starts_on_beat	2	2	4	1	3	C4	
161_sparge_la_morte	data/cpdl/5-voices/reductions/string_quartet/161_sparge_la_morte.musicxml	Violin II	68	long_note_starts_on_beat	0	4	4	1	1,2,3	A4	start
161_sparge_la_morte	data/cpdl/5-voices/reductions/string_quartet/161_sparge_la_morte.musicxml	Violin II	69	long_note_starts_on_beat	0	4	4	1	1,2,3	A4	stop
161_sparge_la_morte	data/cpdl/5-voices/reductions/string_quartet/161_sparge_la_morte.musicxml	Viola	1	long_note_starts_on_beat	0	4	4	1	1,2,3	A4	
161_sparge_la_morte	data/cpdl/5-voices/reductions/string_quartet/161_sparge_la_morte.musicxml	Viola	2	long_note_starts_on_beat	0	2	2	1	1	A4	
161_sparge_la_morte	data/cpdl/5-voices/reductions/string_quartet/161_sparge_la_morte.musicxml	Viola	2	long_note_starts_on_beat	2	2	4	1	3	A4	
161_sparge_la_morte	data/cpdl/5-voices/reductions/string_quartet/161_sparge_la_morte.musicxml	Viola	3	long_note_starts_on_beat	0	4	4	1	1,2,3	G4	
161_sparge_la_morte	data/cpdl/5-voices/reductions/string_quartet/161_sparge_la_morte.musicxml	Viola	4	long_note_starts_on_beat	0	2	2	1	1	D4	
161_sparge_la_morte	data/cpdl/5-voices/reductions/string_quartet/161_sparge_la_morte.musicxml	Viola	4	long_note_starts_on_beat	2	2	4	1	3	F4	start
161_sparge_la_morte	data/cpdl/5-voices/reductions/string_quartet/161_sparge_la_morte.musicxml	Viola	5	long_note_starts_on_beat	0	2	2	1	1	F4	stop
161_sparge_la_morte	data/cpdl/5-voices/reductions/string_quartet/161_sparge_la_morte.musicxml	Viola	5	long_note_starts_on_beat	2	2	4	1	3	G4	
161_sparge_la_morte	data/cpdl/5-voices/reductions/string_quartet/161_sparge_la_morte.musicxml	Viola	6	long_note_starts_on_beat	0	2	2	1	1	C4	
161_sparge_la_morte	data/cpdl/5-voices/reductions/string_quartet/161_sparge_la_morte.musicxml	Viola	6	long_note_starts_on_beat	2	2	4	1	3	A4	
161_sparge_la_morte	data/cpdl/5-voices/reductions/string_quartet/161_sparge_la_morte.musicxml	Viola	7	long_note_starts_on_beat	0	4	4	1	1,2,3	G#4	
161_sparge_la_morte	data/cpdl/5-voices/reductions/string_quartet/161_sparge_la_morte.musicxml	Viola	8	long_note_starts_on_beat	0	4	4	1	1,2,3	G#4	
161_sparge_la_morte	data/cpdl/5-voices/reductions/string_quartet/161_sparge_la_morte.musicxml	Viola	9	rest_starts_on_beat_crosses_later_beat	0	2	2	1	1	rest	
161_sparge_la_morte	data/cpdl/5-voices/reductions/string_quartet/161_sparge_la_morte.musicxml	Viola	9	long_note_starts_on_beat	2	2	4	1	3	A4	
161_sparge_la_morte	data/cpdl/5-voices/reductions/string_quartet/161_sparge_la_morte.musicxml	Viola	10	long_note_starts_on_beat	0	3	3	1	1,2	F4	
161_sparge_la_morte	data/cpdl/5-voices/reductions/string_quartet/161_sparge_la_morte.musicxml	Viola	11	long_note_starts_on_beat	0	2	2	1	1	F4	
161_sparge_la_morte	data/cpdl/5-voices/reductions/string_quartet/161_sparge_la_morte.musicxml	Viola	11	long_note_starts_on_beat	2	2	4	1	3	G-4	
161_sparge_la_morte	data/cpdl/5-voices/reductions/string_quartet/161_sparge_la_morte.musicxml	Viola	12	long_note_starts_on_beat	0	4	4	1	1,2,3	D4	
161_sparge_la_morte	data/cpdl/5-voices/reductions/string_quartet/161_sparge_la_morte.musicxml	Viola	13	long_note_starts_on_beat	0	4	4	1	1,2,3	D4	
161_sparge_la_morte	data/cpdl/5-voices/reductions/string_quartet/161_sparge_la_morte.musicxml	Viola	14	rest_starts_on_beat_crosses_later_beat	0	2	2	1	1	rest	
161_sparge_la_morte	data/cpdl/5-voices/reductions/string_quartet/161_sparge_la_morte.musicxml	Viola	14	long_note_starts_on_beat	2	2	4	1	3	E-4	
161_sparge_la_morte	data/cpdl/5-voices/reductions/string_quartet/161_sparge_la_morte.musicxml	Viola	15	long_note_starts_on_beat	0	2	2	1	1	E-4	
161_sparge_la_morte	data/cpdl/5-voices/reductions/string_quartet/161_sparge_la_morte.musicxml	Viola	15	long_note_starts_on_beat	2	2	4	1	3	E-4	start
161_sparge_la_morte	data/cpdl/5-voices/reductions/string_quartet/161_sparge_la_morte.musicxml	Viola	16	long_note_starts_on_beat	2	2	4	1	3	D4	
161_sparge_la_morte	data/cpdl/5-voices/reductions/string_quartet/161_sparge_la_morte.musicxml	Viola	17	long_note_starts_on_beat	0	4	4	1	1,2,3	D4	start
161_sparge_la_morte	data/cpdl/5-voices/reductions/string_quartet/161_sparge_la_morte.musicxml	Viola	18	long_note_starts_on_beat	0	2	2	1	1	D4	stop
161_sparge_la_morte	data/cpdl/5-voices/reductions/string_quartet/161_sparge_la_morte.musicxml	Viola	18	long_note_starts_on_beat	2	2	4	1	3	A4	
161_sparge_la_morte	data/cpdl/5-voices/reductions/string_quartet/161_sparge_la_morte.musicxml	Viola	20	long_note_starts_on_beat	0	2	2	1	1	A4	
161_sparge_la_morte	data/cpdl/5-voices/reductions/string_quartet/161_sparge_la_morte.musicxml	Viola	20	long_note_starts_on_beat	2	2	4	1	3	A4	
161_sparge_la_morte	data/cpdl/5-voices/reductions/string_quartet/161_sparge_la_morte.musicxml	Viola	22	long_note_starts_on_beat	0	2	2	1	1	C5	
161_sparge_la_morte	data/cpdl/5-voices/reductions/string_quartet/161_sparge_la_morte.musicxml	Viola	22	long_note_starts_on_beat	2	2	4	1	3	C5	
161_sparge_la_morte	data/cpdl/5-voices/reductions/string_quartet/161_sparge_la_morte.musicxml	Viola	24	long_note_starts_on_beat	0	4	4	1	1,2,3	A4	start
161_sparge_la_morte	data/cpdl/5-voices/reductions/string_quartet/161_sparge_la_morte.musicxml	Viola	25	long_note_starts_on_beat	0	2	2	1	1	A4	stop
161_sparge_la_morte	data/cpdl/5-voices/reductions/string_quartet/161_sparge_la_morte.musicxml	Viola	25	long_note_starts_on_beat	2	2	4	1	3	A4	
161_sparge_la_morte	data/cpdl/5-voices/reductions/string_quartet/161_sparge_la_morte.musicxml	Viola	26	long_note_starts_on_beat	0	4	4	1	1,2,3	B-4	start
161_sparge_la_morte	data/cpdl/5-voices/reductions/string_quartet/161_sparge_la_morte.musicxml	Viola	27	long_note_starts_on_beat	0	2	2	1	1	B-4	stop
161_sparge_la_morte	data/cpdl/5-voices/reductions/string_quartet/161_sparge_la_morte.musicxml	Viola	27	long_note_starts_on_beat	2	2	4	1	3	B-4	
161_sparge_la_morte	data/cpdl/5-voices/reductions/string_quartet/161_sparge_la_morte.musicxml	Viola	28	rest_starts_on_beat_crosses_later_beat	0	2	2	1	1	rest	
161_sparge_la_morte	data/cpdl/5-voices/reductions/string_quartet/161_sparge_la_morte.musicxml	Viola	28	long_note_starts_on_beat	2	2	4	1	3	B-3	start
161_sparge_la_morte	data/cpdl/5-voices/reductions/string_quartet/161_sparge_la_morte.musicxml	Viola	29	long_note_starts_on_beat	0	2	2	1	1	B-3	stop
161_sparge_la_morte	data/cpdl/5-voices/reductions/string_quartet/161_sparge_la_morte.musicxml	Viola	29	long_note_starts_on_beat	2	2	4	1	3	A3	start
161_sparge_la_morte	data/cpdl/5-voices/reductions/string_quartet/161_sparge_la_morte.musicxml	Viola	30	long_note_starts_on_beat	0	2	2	1	1	A3	stop
161_sparge_la_morte	data/cpdl/5-voices/reductions/string_quartet/161_sparge_la_morte.musicxml	Viola	30	long_note_starts_on_beat	2	2	4	1	3	G3	
161_sparge_la_morte	data/cpdl/5-voices/reductions/string_quartet/161_sparge_la_morte.musicxml	Viola	31	long_note_starts_on_beat	0	4	4	1	1,2,3	A3	
161_sparge_la_morte	data/cpdl/5-voices/reductions/string_quartet/161_sparge_la_morte.musicxml	Viola	32	long_note_starts_on_beat	0	4	4	1	1,2,3	G3	
161_sparge_la_morte	data/cpdl/5-voices/reductions/string_quartet/161_sparge_la_morte.musicxml	Viola	33	long_note_starts_on_beat	0	4	4	1	1,2,3	G4	
161_sparge_la_morte	data/cpdl/5-voices/reductions/string_quartet/161_sparge_la_morte.musicxml	Viola	34	long_note_starts_on_beat	2	2	4	1	3	A4	start
161_sparge_la_morte	data/cpdl/5-voices/reductions/string_quartet/161_sparge_la_morte.musicxml	Viola	35	long_note_starts_on_beat	0	2	2	1	1	A4	stop
161_sparge_la_morte	data/cpdl/5-voices/reductions/string_quartet/161_sparge_la_morte.musicxml	Viola	35	long_note_starts_on_beat	2	2	4	1	3	G4	
161_sparge_la_morte	data/cpdl/5-voices/reductions/string_quartet/161_sparge_la_morte.musicxml	Viola	40	long_note_starts_on_beat	2	2	4	1	3	G4	
161_sparge_la_morte	data/cpdl/5-voices/reductions/string_quartet/161_sparge_la_morte.musicxml	Viola	42	long_note_starts_on_beat	0	2	2	1	1	F4	
161_sparge_la_morte	data/cpdl/5-voices/reductions/string_quartet/161_sparge_la_morte.musicxml	Viola	43	long_note_starts_on_beat	0	4	4	1	1,2,3	D4	
161_sparge_la_morte	data/cpdl/5-voices/reductions/string_quartet/161_sparge_la_morte.musicxml	Viola	44	long_note_starts_on_beat	0	4	4	1	1,2,3	E4	
161_sparge_la_morte	data/cpdl/5-voices/reductions/string_quartet/161_sparge_la_morte.musicxml	Viola	45	rest_starts_on_beat_crosses_later_beat	0	2	2	1	1	rest	
161_sparge_la_morte	data/cpdl/5-voices/reductions/string_quartet/161_sparge_la_morte.musicxml	Viola	45	long_note_starts_on_beat	2	2	4	1	3	E4	
161_sparge_la_morte	data/cpdl/5-voices/reductions/string_quartet/161_sparge_la_morte.musicxml	Viola	46	long_note_starts_on_beat	0	2	2	1	1	E4	
161_sparge_la_morte	data/cpdl/5-voices/reductions/string_quartet/161_sparge_la_morte.musicxml	Viola	47	long_note_starts_on_beat	0	2	2	1	1	E4	
161_sparge_la_morte	data/cpdl/5-voices/reductions/string_quartet/161_sparge_la_morte.musicxml	Viola	47	long_note_starts_on_beat	2	2	4	1	3	B3	
161_sparge_la_morte	data/cpdl/5-voices/reductions/string_quartet/161_sparge_la_morte.musicxml	Viola	48	long_note_starts_on_beat	0	4	4	1	1,2,3	B4	
161_sparge_la_morte	data/cpdl/5-voices/reductions/string_quartet/161_sparge_la_morte.musicxml	Viola	49	long_note_starts_on_beat	0	4	4	1	1,2,3	B4	
161_sparge_la_morte	data/cpdl/5-voices/reductions/string_quartet/161_sparge_la_morte.musicxml	Viola	50	rest_starts_on_beat_crosses_later_beat	0	2	2	1	1	rest	
161_sparge_la_morte	data/cpdl/5-voices/reductions/string_quartet/161_sparge_la_morte.musicxml	Viola	50	long_note_starts_on_beat	2	2	4	1	3	G4	
161_sparge_la_morte	data/cpdl/5-voices/reductions/string_quartet/161_sparge_la_morte.musicxml	Viola	51	long_note_starts_on_beat	0	4	4	1	1,2,3	G4	
161_sparge_la_morte	data/cpdl/5-voices/reductions/string_quartet/161_sparge_la_morte.musicxml	Viola	52	long_note_starts_on_beat	0	2	2	1	1	A4	
161_sparge_la_morte	data/cpdl/5-voices/reductions/string_quartet/161_sparge_la_morte.musicxml	Viola	52	long_note_starts_on_beat	2	2	4	1	3	G4	
161_sparge_la_morte	data/cpdl/5-voices/reductions/string_quartet/161_sparge_la_morte.musicxml	Viola	53	long_note_starts_on_beat	0	4	4	1	1,2,3	C4	
161_sparge_la_morte	data/cpdl/5-voices/reductions/string_quartet/161_sparge_la_morte.musicxml	Viola	54	long_note_starts_on_beat	0	4	4	1	1,2,3	C4	
161_sparge_la_morte	data/cpdl/5-voices/reductions/string_quartet/161_sparge_la_morte.musicxml	Viola	55	long_note_starts_on_beat	2	2	4	1	3	F4	start
161_sparge_la_morte	data/cpdl/5-voices/reductions/string_quartet/161_sparge_la_morte.musicxml	Viola	56	long_note_starts_on_beat	0	2	2	1	1	F4	stop
161_sparge_la_morte	data/cpdl/5-voices/reductions/string_quartet/161_sparge_la_morte.musicxml	Viola	56	long_note_starts_on_beat	2	2	4	1	3	E4	
161_sparge_la_morte	data/cpdl/5-voices/reductions/string_quartet/161_sparge_la_morte.musicxml	Viola	57	long_note_starts_on_beat	0	4	4	1	1,2,3	F4	
161_sparge_la_morte	data/cpdl/5-voices/reductions/string_quartet/161_sparge_la_morte.musicxml	Viola	58	long_note_starts_on_beat	0	4	4	1	1,2,3	E4	
161_sparge_la_morte	data/cpdl/5-voices/reductions/string_quartet/161_sparge_la_morte.musicxml	Viola	59	long_note_starts_on_beat	0	2	2	1	1	F4	
161_sparge_la_morte	data/cpdl/5-voices/reductions/string_quartet/161_sparge_la_morte.musicxml	Viola	59	long_note_starts_on_beat	2	2	4	1	3	G4	
161_sparge_la_morte	data/cpdl/5-voices/reductions/string_quartet/161_sparge_la_morte.musicxml	Viola	60	long_note_starts_on_beat	0	2	2	1	1	A3	
161_sparge_la_morte	data/cpdl/5-voices/reductions/string_quartet/161_sparge_la_morte.musicxml	Viola	60	long_note_starts_on_beat	2	2	4	1	3	B-3	start
161_sparge_la_morte	data/cpdl/5-voices/reductions/string_quartet/161_sparge_la_morte.musicxml	Viola	61	long_note_starts_on_beat	0	2	2	1	1	B-3	stop
161_sparge_la_morte	data/cpdl/5-voices/reductions/string_quartet/161_sparge_la_morte.musicxml	Viola	61	long_note_starts_on_beat	2	2	4	1	3	C4	
161_sparge_la_morte	data/cpdl/5-voices/reductions/string_quartet/161_sparge_la_morte.musicxml	Viola	62	long_note_starts_on_beat	0	2	2	1	1	B-3	
161_sparge_la_morte	data/cpdl/5-voices/reductions/string_quartet/161_sparge_la_morte.musicxml	Viola	62	long_note_starts_on_beat	2	2	4	1	3	A3	
161_sparge_la_morte	data/cpdl/5-voices/reductions/string_quartet/161_sparge_la_morte.musicxml	Viola	63	rest_starts_on_beat_crosses_later_beat	0	2	2	1	1	rest	
161_sparge_la_morte	data/cpdl/5-voices/reductions/string_quartet/161_sparge_la_morte.musicxml	Viola	63	long_note_starts_on_beat	2	2	4	1	3	A4	
161_sparge_la_morte	data/cpdl/5-voices/reductions/string_quartet/161_sparge_la_morte.musicxml	Viola	64	long_note_starts_on_beat	0	4	4	1	1,2,3	G3	
161_sparge_la_morte	data/cpdl/5-voices/reductions/string_quartet/161_sparge_la_morte.musicxml	Viola	65	long_note_starts_on_beat	2	2	4	1	3	D4	
161_sparge_la_morte	data/cpdl/5-voices/reductions/string_quartet/161_sparge_la_morte.musicxml	Viola	66	long_note_starts_on_beat	0	2	2	1	1	A3	
161_sparge_la_morte	data/cpdl/5-voices/reductions/string_quartet/161_sparge_la_morte.musicxml	Viola	66	long_note_starts_on_beat	2	2	4	1	3	C#4	
161_sparge_la_morte	data/cpdl/5-voices/reductions/string_quartet/161_sparge_la_morte.musicxml	Viola	67	long_note_starts_on_beat	0	4	4	1	1,2,3	A3	
161_sparge_la_morte	data/cpdl/5-voices/reductions/string_quartet/161_sparge_la_morte.musicxml	Viola	68	long_note_starts_on_beat	0	4	4	1	1,2,3	D4	
161_sparge_la_morte	data/cpdl/5-voices/reductions/string_quartet/161_sparge_la_morte.musicxml	Viola	69	long_note_starts_on_beat	0	4	4	1	1,2,3	E4	
161_sparge_la_morte	data/cpdl/5-voices/reductions/string_quartet/161_sparge_la_morte.musicxml	Violoncello	1	long_note_starts_on_beat	0	4	4	1	1,2,3	A3	
161_sparge_la_morte	data/cpdl/5-voices/reductions/string_quartet/161_sparge_la_morte.musicxml	Violoncello	2	long_note_starts_on_beat	0	2	2	1	1	A3	
161_sparge_la_morte	data/cpdl/5-voices/reductions/string_quartet/161_sparge_la_morte.musicxml	Violoncello	2	long_note_starts_on_beat	2	2	4	1	3	D3	
161_sparge_la_morte	data/cpdl/5-voices/reductions/string_quartet/161_sparge_la_morte.musicxml	Violoncello	3	long_note_starts_on_beat	0	4	4	1	1,2,3	B-2	
161_sparge_la_morte	data/cpdl/5-voices/reductions/string_quartet/161_sparge_la_morte.musicxml	Violoncello	4	long_note_starts_on_beat	0	4	4	1	1,2,3	B2	
161_sparge_la_morte	data/cpdl/5-voices/reductions/string_quartet/161_sparge_la_morte.musicxml	Violoncello	5	long_note_starts_on_beat	0	2	2	1	1	C3	
161_sparge_la_morte	data/cpdl/5-voices/reductions/string_quartet/161_sparge_la_morte.musicxml	Violoncello	5	long_note_starts_on_beat	2	2	4	1	3	C3	
161_sparge_la_morte	data/cpdl/5-voices/reductions/string_quartet/161_sparge_la_morte.musicxml	Violoncello	6	long_note_starts_on_beat	0	2	2	1	1	F3	
161_sparge_la_morte	data/cpdl/5-voices/reductions/string_quartet/161_sparge_la_morte.musicxml	Violoncello	6	long_note_starts_on_beat	2	2	4	1	3	F3	
161_sparge_la_morte	data/cpdl/5-voices/reductions/string_quartet/161_sparge_la_morte.musicxml	Violoncello	7	long_note_starts_on_beat	0	4	4	1	1,2,3	E3	
161_sparge_la_morte	data/cpdl/5-voices/reductions/string_quartet/161_sparge_la_morte.musicxml	Violoncello	8	long_note_starts_on_beat	0	4	4	1	1,2,3	E3	
161_sparge_la_morte	data/cpdl/5-voices/reductions/string_quartet/161_sparge_la_morte.musicxml	Violoncello	9	rest_starts_on_beat_crosses_later_beat	0	2	2	1	1	rest	
161_sparge_la_morte	data/cpdl/5-voices/reductions/string_quartet/161_sparge_la_morte.musicxml	Violoncello	9	long_note_starts_on_beat	2	2	4	1	3	C#3	
161_sparge_la_morte	data/cpdl/5-voices/reductions/string_quartet/161_sparge_la_morte.musicxml	Violoncello	10	long_note_starts_on_beat	0	3	3	1	1,2	D3	
161_sparge_la_morte	data/cpdl/5-voices/reductions/string_quartet/161_sparge_la_morte.musicxml	Violoncello	11	long_note_starts_on_beat	0	2	2	1	1	D3	
161_sparge_la_morte	data/cpdl/5-voices/reductions/string_quartet/161_sparge_la_morte.musicxml	Violoncello	11	long_note_starts_on_beat	2	2	4	1	3	D3	
161_sparge_la_morte	data/cpdl/5-voices/reductions/string_quartet/161_sparge_la_morte.musicxml	Violoncello	12	long_note_starts_on_beat	0	4	4	1	1,2,3	G3	
161_sparge_la_morte	data/cpdl/5-voices/reductions/string_quartet/161_sparge_la_morte.musicxml	Violoncello	13	long_note_starts_on_beat	0	4	4	1	1,2,3	G3	
161_sparge_la_morte	data/cpdl/5-voices/reductions/string_quartet/161_sparge_la_morte.musicxml	Violoncello	14	rest_starts_on_beat_crosses_later_beat	0	2	2	1	1	rest	
161_sparge_la_morte	data/cpdl/5-voices/reductions/string_quartet/161_sparge_la_morte.musicxml	Violoncello	14	long_note_starts_on_beat	2	2	4	1	3	E-3	
161_sparge_la_morte	data/cpdl/5-voices/reductions/string_quartet/161_sparge_la_morte.musicxml	Violoncello	15	long_note_starts_on_beat	0	2	2	1	1	E-3	
161_sparge_la_morte	data/cpdl/5-voices/reductions/string_quartet/161_sparge_la_morte.musicxml	Violoncello	15	long_note_starts_on_beat	2	2	4	1	3	E-3	start
161_sparge_la_morte	data/cpdl/5-voices/reductions/string_quartet/161_sparge_la_morte.musicxml	Violoncello	16	long_note_starts_on_beat	2	2	4	1	3	G3	
161_sparge_la_morte	data/cpdl/5-voices/reductions/string_quartet/161_sparge_la_morte.musicxml	Violoncello	17	long_note_starts_on_beat	0	4	4	1	1,2,3	D3	start
161_sparge_la_morte	data/cpdl/5-voices/reductions/string_quartet/161_sparge_la_morte.musicxml	Violoncello	18	long_note_starts_on_beat	0	2	2	1	1	D3	stop
161_sparge_la_morte	data/cpdl/5-voices/reductions/string_quartet/161_sparge_la_morte.musicxml	Violoncello	18	long_note_starts_on_beat	2	2	4	1	3	A2	
161_sparge_la_morte	data/cpdl/5-voices/reductions/string_quartet/161_sparge_la_morte.musicxml	Violoncello	19	long_note_starts_on_beat	1	2	3	1	2	D3	
161_sparge_la_morte	data/cpdl/5-voices/reductions/string_quartet/161_sparge_la_morte.musicxml	Violoncello	20	long_note_starts_on_beat	0	2	2	1	1	F3	
161_sparge_la_morte	data/cpdl/5-voices/reductions/string_quartet/161_sparge_la_morte.musicxml	Violoncello	20	long_note_starts_on_beat	2	2	4	1	3	F3	
161_sparge_la_morte	data/cpdl/5-voices/reductions/string_quartet/161_sparge_la_morte.musicxml	Violoncello	22	long_note_starts_on_beat	0	2	2	1	1	F3	
161_sparge_la_morte	data/cpdl/5-voices/reductions/string_quartet/161_sparge_la_morte.musicxml	Violoncello	22	long_note_starts_on_beat	2	2	4	1	3	F3	
161_sparge_la_morte	data/cpdl/5-voices/reductions/string_quartet/161_sparge_la_morte.musicxml	Violoncello	24	long_note_starts_on_beat	0	4	4	1	1,2,3	A3	start
161_sparge_la_morte	data/cpdl/5-voices/reductions/string_quartet/161_sparge_la_morte.musicxml	Violoncello	25	long_note_starts_on_beat	0	2	2	1	1	A3	stop
161_sparge_la_morte	data/cpdl/5-voices/reductions/string_quartet/161_sparge_la_morte.musicxml	Violoncello	25	long_note_starts_on_beat	2	2	4	1	3	F3	
161_sparge_la_morte	data/cpdl/5-voices/reductions/string_quartet/161_sparge_la_morte.musicxml	Violoncello	26	long_note_starts_on_beat	0	4	4	1	1,2,3	B-2	start
161_sparge_la_morte	data/cpdl/5-voices/reductions/string_quartet/161_sparge_la_morte.musicxml	Violoncello	27	long_note_starts_on_beat	0	2	2	1	1	B-2	stop
161_sparge_la_morte	data/cpdl/5-voices/reductions/string_quartet/161_sparge_la_morte.musicxml	Violoncello	27	long_note_starts_on_beat	2	2	4	1	3	B-2	
161_sparge_la_morte	data/cpdl/5-voices/reductions/string_quartet/161_sparge_la_morte.musicxml	Violoncello	28	rest_starts_on_beat_crosses_later_beat	0	2	2	1	1	rest	
161_sparge_la_morte	data/cpdl/5-voices/reductions/string_quartet/161_sparge_la_morte.musicxml	Violoncello	28	long_note_starts_on_beat	2	2	4	1	3	B-2	
161_sparge_la_morte	data/cpdl/5-voices/reductions/string_quartet/161_sparge_la_morte.musicxml	Violoncello	29	long_note_starts_on_beat	0	4	4	1	1,2,3	F3	
161_sparge_la_morte	data/cpdl/5-voices/reductions/string_quartet/161_sparge_la_morte.musicxml	Violoncello	30	long_note_starts_on_beat	2	2	4	1	3	G3	start
161_sparge_la_morte	data/cpdl/5-voices/reductions/string_quartet/161_sparge_la_morte.musicxml	Violoncello	31	long_note_starts_on_beat	0	2	2	1	1	G3	stop
161_sparge_la_morte	data/cpdl/5-voices/reductions/string_quartet/161_sparge_la_morte.musicxml	Violoncello	31	long_note_starts_on_beat	2	2	4	1	3	F#3	
161_sparge_la_morte	data/cpdl/5-voices/reductions/string_quartet/161_sparge_la_morte.musicxml	Violoncello	32	long_note_starts_on_beat	0	4	4	1	1,2,3	B2	
161_sparge_la_morte	data/cpdl/5-voices/reductions/string_quartet/161_sparge_la_morte.musicxml	Violoncello	33	long_note_starts_on_beat	0	4	4	1	1,2,3	G3	
161_sparge_la_morte	data/cpdl/5-voices/reductions/string_quartet/161_sparge_la_morte.musicxml	Violoncello	34	long_note_starts_on_beat	0	2	2	1	1	E3	
161_sparge_la_morte	data/cpdl/5-voices/reductions/string_quartet/161_sparge_la_morte.musicxml	Violoncello	34	long_note_starts_on_beat	2	2	4	1	3	C3	
161_sparge_la_morte	data/cpdl/5-voices/reductions/string_quartet/161_sparge_la_morte.musicxml	Violoncello	35	long_note_starts_on_beat	0	2	2	1	1	E3	
161_sparge_la_morte	data/cpdl/5-voices/reductions/string_quartet/161_sparge_la_morte.musicxml	Violoncello	35	long_note_starts_on_beat	2	2	4	1	3	E3	
161_sparge_la_morte	data/cpdl/5-voices/reductions/string_quartet/161_sparge_la_morte.musicxml	Violoncello	37	long_note_starts_on_beat	2	2	4	1	3	E3	
161_sparge_la_morte	data/cpdl/5-voices/reductions/string_quartet/161_sparge_la_morte.musicxml	Violoncello	38	long_note_starts_on_beat	0	2	2	1	1	D3	
161_sparge_la_morte	data/cpdl/5-voices/reductions/string_quartet/161_sparge_la_morte.musicxml	Violoncello	38	long_note_starts_on_beat	2	2	4	1	3	A3	
161_sparge_la_morte	data/cpdl/5-voices/reductions/string_quartet/161_sparge_la_morte.musicxml	Violoncello	40	long_note_starts_on_beat	2	2	4	1	3	G3	
161_sparge_la_morte	data/cpdl/5-voices/reductions/string_quartet/161_sparge_la_morte.musicxml	Violoncello	42	long_note_starts_on_beat	0	2	2	1	1	D3	
161_sparge_la_morte	data/cpdl/5-voices/reductions/string_quartet/161_sparge_la_morte.musicxml	Violoncello	42	long_note_starts_on_beat	2	2	4	1	3	F3	
161_sparge_la_morte	data/cpdl/5-voices/reductions/string_quartet/161_sparge_la_morte.musicxml	Violoncello	43	long_note_starts_on_beat	0	4	4	1	1,2,3	G3	
161_sparge_la_morte	data/cpdl/5-voices/reductions/string_quartet/161_sparge_la_morte.musicxml	Violoncello	44	long_note_starts_on_beat	0	4	4	1	1,2,3	C3	
161_sparge_la_morte	data/cpdl/5-voices/reductions/string_quartet/161_sparge_la_morte.musicxml	Violoncello	45	rest_starts_on_beat_crosses_later_beat	0	2	2	1	1	rest	
161_sparge_la_morte	data/cpdl/5-voices/reductions/string_quartet/161_sparge_la_morte.musicxml	Violoncello	45	long_note_starts_on_beat	2	2	4	1	3	E3	
161_sparge_la_morte	data/cpdl/5-voices/reductions/string_quartet/161_sparge_la_morte.musicxml	Violoncello	46	long_note_starts_on_beat	0	2	2	1	1	E3	
161_sparge_la_morte	data/cpdl/5-voices/reductions/string_quartet/161_sparge_la_morte.musicxml	Violoncello	47	long_note_starts_on_beat	0	2	2	1	1	E3	
161_sparge_la_morte	data/cpdl/5-voices/reductions/string_quartet/161_sparge_la_morte.musicxml	Violoncello	47	long_note_starts_on_beat	2	2	4	1	3	E3	
161_sparge_la_morte	data/cpdl/5-voices/reductions/string_quartet/161_sparge_la_morte.musicxml	Violoncello	48	long_note_starts_on_beat	0	4	4	1	1,2,3	B2	
161_sparge_la_morte	data/cpdl/5-voices/reductions/string_quartet/161_sparge_la_morte.musicxml	Violoncello	49	long_note_starts_on_beat	0	4	4	1	1,2,3	B2	
161_sparge_la_morte	data/cpdl/5-voices/reductions/string_quartet/161_sparge_la_morte.musicxml	Violoncello	50	rest_starts_on_beat_crosses_later_beat	0	2	2	1	1	rest	
161_sparge_la_morte	data/cpdl/5-voices/reductions/string_quartet/161_sparge_la_morte.musicxml	Violoncello	50	long_note_starts_on_beat	2	2	4	1	3	G3	
161_sparge_la_morte	data/cpdl/5-voices/reductions/string_quartet/161_sparge_la_morte.musicxml	Violoncello	51	long_note_starts_on_beat	0	2	2	1	1	C3	
161_sparge_la_morte	data/cpdl/5-voices/reductions/string_quartet/161_sparge_la_morte.musicxml	Violoncello	51	long_note_starts_on_beat	2	2	4	1	3	B-2	
161_sparge_la_morte	data/cpdl/5-voices/reductions/string_quartet/161_sparge_la_morte.musicxml	Violoncello	52	long_note_starts_on_beat	0	4	4	1	1,2,3	A2	
161_sparge_la_morte	data/cpdl/5-voices/reductions/string_quartet/161_sparge_la_morte.musicxml	Violoncello	53	long_note_starts_on_beat	0	4	4	1	1,2,3	A2	
161_sparge_la_morte	data/cpdl/5-voices/reductions/string_quartet/161_sparge_la_morte.musicxml	Violoncello	54	long_note_starts_on_beat	0	2	2	1	1	E3	
161_sparge_la_morte	data/cpdl/5-voices/reductions/string_quartet/161_sparge_la_morte.musicxml	Violoncello	54	long_note_starts_on_beat	2	2	4	1	3	G3	
161_sparge_la_morte	data/cpdl/5-voices/reductions/string_quartet/161_sparge_la_morte.musicxml	Violoncello	55	long_note_starts_on_beat	2	2	4	1	3	F3	start
161_sparge_la_morte	data/cpdl/5-voices/reductions/string_quartet/161_sparge_la_morte.musicxml	Violoncello	56	long_note_starts_on_beat	0	2	2	1	1	F3	stop
161_sparge_la_morte	data/cpdl/5-voices/reductions/string_quartet/161_sparge_la_morte.musicxml	Violoncello	56	long_note_starts_on_beat	2	2	4	1	3	E3	
161_sparge_la_morte	data/cpdl/5-voices/reductions/string_quartet/161_sparge_la_morte.musicxml	Violoncello	57	long_note_starts_on_beat	0	2	2	1	1	F3	
161_sparge_la_morte	data/cpdl/5-voices/reductions/string_quartet/161_sparge_la_morte.musicxml	Violoncello	57	rest_starts_on_beat_crosses_later_beat	2	2	4	1	3	rest	
161_sparge_la_morte	data/cpdl/5-voices/reductions/string_quartet/161_sparge_la_morte.musicxml	Violoncello	58	long_note_starts_on_beat	0	2	2	1	1	B-2	
161_sparge_la_morte	data/cpdl/5-voices/reductions/string_quartet/161_sparge_la_morte.musicxml	Violoncello	58	rest_starts_on_beat_crosses_later_beat	2	2	4	1	3	rest	
161_sparge_la_morte	data/cpdl/5-voices/reductions/string_quartet/161_sparge_la_morte.musicxml	Violoncello	59	long_note_starts_on_beat	0	2	2	1	1	D3	
161_sparge_la_morte	data/cpdl/5-voices/reductions/string_quartet/161_sparge_la_morte.musicxml	Violoncello	59	long_note_starts_on_beat	2	2	4	1	3	E-3	start
161_sparge_la_morte	data/cpdl/5-voices/reductions/string_quartet/161_sparge_la_morte.musicxml	Violoncello	60	long_note_starts_on_beat	0	2	2	1	1	E-3	stop
161_sparge_la_morte	data/cpdl/5-voices/reductions/string_quartet/161_sparge_la_morte.musicxml	Violoncello	60	long_note_starts_on_beat	2	2	4	1	3	D3	
161_sparge_la_morte	data/cpdl/5-voices/reductions/string_quartet/161_sparge_la_morte.musicxml	Violoncello	61	long_note_starts_on_beat	0	4	4	1	1,2,3	E3	
161_sparge_la_morte	data/cpdl/5-voices/reductions/string_quartet/161_sparge_la_morte.musicxml	Violoncello	62	long_note_starts_on_beat	0	4	4	1	1,2,3	D3	
161_sparge_la_morte	data/cpdl/5-voices/reductions/string_quartet/161_sparge_la_morte.musicxml	Violoncello	63	rest_starts_on_beat_crosses_later_beat	0	2	2	1	1	rest	
161_sparge_la_morte	data/cpdl/5-voices/reductions/string_quartet/161_sparge_la_morte.musicxml	Violoncello	63	long_note_starts_on_beat	2	2	4	1	3	F3	
161_sparge_la_morte	data/cpdl/5-voices/reductions/string_quartet/161_sparge_la_morte.musicxml	Violoncello	64	long_note_starts_on_beat	0	4	4	1	1,2,3	B-3	
161_sparge_la_morte	data/cpdl/5-voices/reductions/string_quartet/161_sparge_la_morte.musicxml	Violoncello	65	long_note_starts_on_beat	2	2	4	1	3	D3	start
161_sparge_la_morte	data/cpdl/5-voices/reductions/string_quartet/161_sparge_la_morte.musicxml	Violoncello	66	long_note_starts_on_beat	0	2	2	1	1	D3	stop
161_sparge_la_morte	data/cpdl/5-voices/reductions/string_quartet/161_sparge_la_morte.musicxml	Violoncello	66	long_note_starts_on_beat	2	2	4	1	3	A2	
161_sparge_la_morte	data/cpdl/5-voices/reductions/string_quartet/161_sparge_la_morte.musicxml	Violoncello	67	long_note_starts_on_beat	0	2	2	1	1	A2	
161_sparge_la_morte	data/cpdl/5-voices/reductions/string_quartet/161_sparge_la_morte.musicxml	Violoncello	67	long_note_starts_on_beat	2	2	4	1	3	F3	
161_sparge_la_morte	data/cpdl/5-voices/reductions/string_quartet/161_sparge_la_morte.musicxml	Violoncello	68	long_note_starts_on_beat	0	4	4	1	1,2,3	D3	
161_sparge_la_morte	data/cpdl/5-voices/reductions/string_quartet/161_sparge_la_morte.musicxml	Violoncello	69	long_note_starts_on_beat	0	4	4	1	1,2,3	A2	
074_belt_poi_che_t_assenti	data/cpdl/5-voices/reductions/string_quartet/074_belt_poi_che_t_assenti.musicxml	Violin I	2	long_note_starts_on_beat	0	2	2	1	1	G-4	stop
074_belt_poi_che_t_assenti	data/cpdl/5-voices/reductions/string_quartet/074_belt_poi_che_t_assenti.musicxml	Violin I	2	long_note_starts_on_beat	2	2	4	1	3	G4	start
074_belt_poi_che_t_assenti	data/cpdl/5-voices/reductions/string_quartet/074_belt_poi_che_t_assenti.musicxml	Violin I	3	long_note_starts_on_beat	0	2	2	1	1	G4	stop
074_belt_poi_che_t_assenti	data/cpdl/5-voices/reductions/string_quartet/074_belt_poi_che_t_assenti.musicxml	Violin I	4	long_note_starts_on_beat	0	2	2	1	1	C5	
074_belt_poi_che_t_assenti	data/cpdl/5-voices/reductions/string_quartet/074_belt_poi_che_t_assenti.musicxml	Violin I	4	long_note_starts_on_beat	2	2	4	1	3	B4	
074_belt_poi_che_t_assenti	data/cpdl/5-voices/reductions/string_quartet/074_belt_poi_che_t_assenti.musicxml	Violin I	5	rest_starts_on_beat_crosses_later_beat	0	2	2	1	1	rest	
074_belt_poi_che_t_assenti	data/cpdl/5-voices/reductions/string_quartet/074_belt_poi_che_t_assenti.musicxml	Violin I	5	long_note_starts_on_beat	2	2	4	1	3	C5	start
074_belt_poi_che_t_assenti	data/cpdl/5-voices/reductions/string_quartet/074_belt_poi_che_t_assenti.musicxml	Violin I	6	long_note_starts_on_beat	0	2	2	1	1	C5	stop
074_belt_poi_che_t_assenti	data/cpdl/5-voices/reductions/string_quartet/074_belt_poi_che_t_assenti.musicxml	Violin I	7	long_note_starts_on_beat	0	2	2	1	1	A4	
074_belt_poi_che_t_assenti	data/cpdl/5-voices/reductions/string_quartet/074_belt_poi_che_t_assenti.musicxml	Violin I	7	long_note_starts_on_beat	2	2	4	1	3	F#4	
074_belt_poi_che_t_assenti	data/cpdl/5-voices/reductions/string_quartet/074_belt_poi_che_t_assenti.musicxml	Violin I	8	long_note_starts_on_beat	0	4	4	1	1,2,3	F#4	
074_belt_poi_che_t_assenti	data/cpdl/5-voices/reductions/string_quartet/074_belt_poi_che_t_assenti.musicxml	Violin I	10	long_note_starts_on_beat	0	2	2	1	1	E-6	
074_belt_poi_che_t_assenti	data/cpdl/5-voices/reductions/string_quartet/074_belt_poi_che_t_assenti.musicxml	Violin I	10	long_note_starts_on_beat	2	2	4	1	3	C6	
074_belt_poi_che_t_assenti	data/cpdl/5-voices/reductions/string_quartet/074_belt_poi_che_t_assenti.musicxml	Violin I	11	long_note_starts_on_beat	2	2	4	1	3	G4	start
074_belt_poi_che_t_assenti	data/cpdl/5-voices/reductions/string_quartet/074_belt_poi_che_t_assenti.musicxml	Violin I	12	long_note_starts_on_beat	0	2	2	1	1	G4	stop
074_belt_poi_che_t_assenti	data/cpdl/5-voices/reductions/string_quartet/074_belt_poi_che_t_assenti.musicxml	Violin I	13	long_note_starts_on_beat	0	2	2	1	1	B-4	
074_belt_poi_che_t_assenti	data/cpdl/5-voices/reductions/string_quartet/074_belt_poi_che_t_assenti.musicxml	Violin I	13	long_note_starts_on_beat	2	2	4	1	3	C5	start
074_belt_poi_che_t_assenti	data/cpdl/5-voices/reductions/string_quartet/074_belt_poi_che_t_assenti.musicxml	Violin I	14	long_note_starts_on_beat	0	2	2	1	1	C5	stop
074_belt_poi_che_t_assenti	data/cpdl/5-voices/reductions/string_quartet/074_belt_poi_che_t_assenti.musicxml	Violin I	14	long_note_starts_on_beat	2	2	4	1	3	F5	
074_belt_poi_che_t_assenti	data/cpdl/5-voices/reductions/string_quartet/074_belt_poi_che_t_assenti.musicxml	Violin I	15	long_note_starts_on_beat	0	2	2	1	1	G5	
074_belt_poi_che_t_assenti	data/cpdl/5-voices/reductions/string_quartet/074_belt_poi_che_t_assenti.musicxml	Violin I	15	long_note_starts_on_beat	2	2	4	1	3	G3	
074_belt_poi_che_t_assenti	data/cpdl/5-voices/reductions/string_quartet/074_belt_poi_che_t_assenti.musicxml	Violin I	16	long_note_starts_on_beat	0	2	2	1	1	E5	
074_belt_poi_che_t_assenti	data/cpdl/5-voices/reductions/string_quartet/074_belt_poi_che_t_assenti.musicxml	Violin I	16	long_note_starts_on_beat	2	2	4	1	3	C4	start
074_belt_poi_che_t_assenti	data/cpdl/5-voices/reductions/string_quartet/074_belt_poi_che_t_assenti.musicxml	Violin I	17	long_note_starts_on_beat	0	2	2	1	1	C4	stop
074_belt_poi_che_t_assenti	data/cpdl/5-voices/reductions/string_quartet/074_belt_poi_che_t_assenti.musicxml	Violin I	18	long_note_starts_on_beat	0	2	2	1	1	E4	
074_belt_poi_che_t_assenti	data/cpdl/5-voices/reductions/string_quartet/074_belt_poi_che_t_assenti.musicxml	Violin I	18	long_note_starts_on_beat	2	2	4	1	3	F4	
074_belt_poi_che_t_assenti	data/cpdl/5-voices/reductions/string_quartet/074_belt_poi_che_t_assenti.musicxml	Violin I	19	long_note_starts_on_beat	0	2	2	1	1	A#4	
074_belt_poi_che_t_assenti	data/cpdl/5-voices/reductions/string_quartet/074_belt_poi_che_t_assenti.musicxml	Violin I	19	long_note_starts_on_beat	2	2	4	1	3	B4	
074_belt_poi_che_t_assenti	data/cpdl/5-voices/reductions/string_quartet/074_belt_poi_che_t_assenti.musicxml	Violin I	20	rest_starts_on_beat_crosses_later_beat	0	2	2	1	1	rest	
074_belt_poi_che_t_assenti	data/cpdl/5-voices/reductions/string_quartet/074_belt_poi_che_t_assenti.musicxml	Violin I	20	long_note_starts_on_beat	2	2	4	1	3	A-4	start
074_belt_poi_che_t_assenti	data/cpdl/5-voices/reductions/string_quartet/074_belt_poi_che_t_assenti.musicxml	Violin I	21	long_note_starts_on_beat	0	2	2	1	1	A-4	stop
074_belt_poi_che_t_assenti	data/cpdl/5-voices/reductions/string_quartet/074_belt_poi_che_t_assenti.musicxml	Violin I	22	long_note_starts_on_beat	0	2	2	1	1	B-4	
074_belt_poi_che_t_assenti	data/cpdl/5-voices/reductions/string_quartet/074_belt_poi_che_t_assenti.musicxml	Violin I	22	long_note_starts_on_beat	2	2	4	1	3	B-4	
074_belt_poi_che_t_assenti	data/cpdl/5-voices/reductions/string_quartet/074_belt_poi_che_t_assenti.musicxml	Violin I	23	long_note_starts_on_beat	0	2	2	1	1	E-4	
074_belt_poi_che_t_assenti	data/cpdl/5-voices/reductions/string_quartet/074_belt_poi_che_t_assenti.musicxml	Violin I	25	long_note_starts_on_beat	0	2	2	1	1	B-3	
074_belt_poi_che_t_assenti	data/cpdl/5-voices/reductions/string_quartet/074_belt_poi_che_t_assenti.musicxml	Violin I	25	long_note_starts_on_beat	2	2	4	1	3	E-4	
074_belt_poi_che_t_assenti	data/cpdl/5-voices/reductions/string_quartet/074_belt_poi_che_t_assenti.musicxml	Violin I	26	long_note_starts_on_beat	0	2	2	1	1	F4	
074_belt_poi_che_t_assenti	data/cpdl/5-voices/reductions/string_quartet/074_belt_poi_che_t_assenti.musicxml	Violin I	26	long_note_starts_on_beat	2	2	4	1	3	A-4	
074_belt_poi_che_t_assenti	data/cpdl/5-voices/reductions/string_quartet/074_belt_poi_che_t_assenti.musicxml	Violin I	27	long_note_starts_on_beat	2	2	4	1	3	C5	
074_belt_poi_che_t_assenti	data/cpdl/5-voices/reductions/string_quartet/074_belt_poi_che_t_assenti.musicxml	Violin I	28	long_note_starts_on_beat	2	2	4	1	3	D5	start
074_belt_poi_che_t_assenti	data/cpdl/5-voices/reductions/string_quartet/074_belt_poi_che_t_assenti.musicxml	Violin I	29	long_note_starts_on_beat	0	2	2	1	1	D5	stop
074_belt_poi_che_t_assenti	data/cpdl/5-voices/reductions/string_quartet/074_belt_poi_che_t_assenti.musicxml	Violin I	29	long_note_starts_on_beat	2	2	4	1	3	C5	
074_belt_poi_che_t_assenti	data/cpdl/5-voices/reductions/string_quartet/074_belt_poi_che_t_assenti.musicxml	Violin I	30	long_note_starts_on_beat	2	2	4	1	3	G-4	
074_belt_poi_che_t_assenti	data/cpdl/5-voices/reductions/string_quartet/074_belt_poi_che_t_assenti.musicxml	Violin I	31	long_note_starts_on_beat	2	2	4	1	3	F5	
074_belt_poi_che_t_assenti	data/cpdl/5-voices/reductions/string_quartet/074_belt_poi_che_t_assenti.musicxml	Violin I	32	long_note_starts_on_beat	0	4	4	1	1,2,3	B-4	start
074_belt_poi_che_t_assenti	data/cpdl/5-voices/reductions/string_quartet/074_belt_poi_che_t_assenti.musicxml	Violin I	33	long_note_starts_on_beat	0	4	4	1	1,2,3	B-4	stop
074_belt_poi_che_t_assenti	data/cpdl/5-voices/reductions/string_quartet/074_belt_poi_che_t_assenti.musicxml	Violin I	34	long_note_starts_on_beat	2	2	4	1	3	A-4	
074_belt_poi_che_t_assenti	data/cpdl/5-voices/reductions/string_quartet/074_belt_poi_che_t_assenti.musicxml	Violin I	35	long_note_starts_on_beat	0	2	2	1	1	A4	
074_belt_poi_che_t_assenti	data/cpdl/5-voices/reductions/string_quartet/074_belt_poi_che_t_assenti.musicxml	Violin I	35	long_note_starts_on_beat	2	2	4	1	3	B-4	start
074_belt_poi_che_t_assenti	data/cpdl/5-voices/reductions/string_quartet/074_belt_poi_che_t_assenti.musicxml	Violin I	36	long_note_starts_on_beat	0	2	2	1	1	B-4	stop
074_belt_poi_che_t_assenti	data/cpdl/5-voices/reductions/string_quartet/074_belt_poi_che_t_assenti.musicxml	Violin I	36	long_note_starts_on_beat	2	2	4	1	3	A-4	
074_belt_poi_che_t_assenti	data/cpdl/5-voices/reductions/string_quartet/074_belt_poi_che_t_assenti.musicxml	Violin I	37	long_note_starts_on_beat	0	2	2	1	1	G4	
074_belt_poi_che_t_assenti	data/cpdl/5-voices/reductions/string_quartet/074_belt_poi_che_t_assenti.musicxml	Violin I	38	long_note_starts_on_beat	0	2	2	1	1	E-5	
074_belt_poi_che_t_assenti	data/cpdl/5-voices/reductions/string_quartet/074_belt_poi_che_t_assenti.musicxml	Violin I	38	long_note_starts_on_beat	2	2	4	1	3	B4	
074_belt_poi_che_t_assenti	data/cpdl/5-voices/reductions/string_quartet/074_belt_poi_che_t_assenti.musicxml	Violin I	39	long_note_starts_on_beat	2	3/2	7/2	1	3	E-5	
074_belt_poi_che_t_assenti	data/cpdl/5-voices/reductions/string_quartet/074_belt_poi_che_t_assenti.musicxml	Violin I	40	long_note_starts_on_beat	2	2	4	1	3	E-5	
074_belt_poi_che_t_assenti	data/cpdl/5-voices/reductions/string_quartet/074_belt_poi_che_t_assenti.musicxml	Violin I	41	long_note_starts_on_beat	2	3/2	7/2	1	3	F5	
074_belt_poi_che_t_assenti	data/cpdl/5-voices/reductions/string_quartet/074_belt_poi_che_t_assenti.musicxml	Violin I	43	long_note_starts_on_beat	0	2	2	1	1	E-5	start
074_belt_poi_che_t_assenti	data/cpdl/5-voices/reductions/string_quartet/074_belt_poi_che_t_assenti.musicxml	Violin I	43	long_note_starts_on_beat	2	2	4	1	3	E-5	stop
074_belt_poi_che_t_assenti	data/cpdl/5-voices/reductions/string_quartet/074_belt_poi_che_t_assenti.musicxml	Violin I	44	long_note_starts_on_beat	2	2	4	1	3	E-5	
074_belt_poi_che_t_assenti	data/cpdl/5-voices/reductions/string_quartet/074_belt_poi_che_t_assenti.musicxml	Violin I	45	long_note_starts_on_beat	2	2	4	1	3	B-4	
074_belt_poi_che_t_assenti	data/cpdl/5-voices/reductions/string_quartet/074_belt_poi_che_t_assenti.musicxml	Violin I	46	long_note_starts_on_beat	1	2	3	1	2	G4	
074_belt_poi_che_t_assenti	data/cpdl/5-voices/reductions/string_quartet/074_belt_poi_che_t_assenti.musicxml	Violin I	48	long_note_starts_on_beat	0	3	3	1	1,2	C5	
074_belt_poi_che_t_assenti	data/cpdl/5-voices/reductions/string_quartet/074_belt_poi_che_t_assenti.musicxml	Violin I	49	long_note_starts_on_beat	0	4	4	1	1,2,3	A-4	
074_belt_poi_che_t_assenti	data/cpdl/5-voices/reductions/string_quartet/074_belt_poi_che_t_assenti.musicxml	Violin I	50	long_note_starts_on_beat	2	3/2	7/2	1	3	C#5	
074_belt_poi_che_t_assenti	data/cpdl/5-voices/reductions/string_quartet/074_belt_poi_che_t_assenti.musicxml	Violin I	51	long_note_starts_on_beat	0	2	2	1	1	E-5	
074_belt_poi_che_t_assenti	data/cpdl/5-voices/reductions/string_quartet/074_belt_poi_che_t_assenti.musicxml	Violin I	52	long_note_starts_on_beat	1	2	3	1	2	D5	
074_belt_poi_che_t_assenti	data/cpdl/5-voices/reductions/string_quartet/074_belt_poi_che_t_assenti.musicxml	Violin I	53	long_note_starts_on_beat	1	2	3	1	2	G4	
074_belt_poi_che_t_assenti	data/cpdl/5-voices/reductions/string_quartet/074_belt_poi_che_t_assenti.musicxml	Violin I	54	long_note_starts_on_beat	2	2	4	1	3	G4	
074_belt_poi_che_t_assenti	data/cpdl/5-voices/reductions/string_quartet/074_belt_poi_che_t_assenti.musicxml	Violin I	55	long_note_starts_on_beat	0	4	4	1	1,2,3	A4	
074_belt_poi_che_t_assenti	data/cpdl/5-voices/reductions/string_quartet/074_belt_poi_che_t_assenti.musicxml	Violin I	56	long_note_starts_on_beat	2	2	4	1	3	F#5	
074_belt_poi_che_t_assenti	data/cpdl/5-voices/reductions/string_quartet/074_belt_poi_che_t_assenti.musicxml	Violin I	57	long_note_starts_on_beat	2	2	4	1	3	B-3	
074_belt_poi_che_t_assenti	data/cpdl/5-voices/reductions/string_quartet/074_belt_poi_che_t_assenti.musicxml	Violin I	58	long_note_starts_on_beat	2	2	4	1	3	D-5	
074_belt_poi_che_t_assenti	data/cpdl/5-voices/reductions/string_quartet/074_belt_poi_che_t_assenti.musicxml	Violin I	59	long_note_starts_on_beat	2	2	4	1	3	E5	
074_belt_poi_che_t_assenti	data/cpdl/5-voices/reductions/string_quartet/074_belt_poi_che_t_assenti.musicxml	Violin I	60	long_note_starts_on_beat	0	4	4	1	1,2,3	F5	
074_belt_poi_che_t_assenti	data/cpdl/5-voices/reductions/string_quartet/074_belt_poi_che_t_assenti.musicxml	Violin I	62	long_note_starts_on_beat	0	2	2	1	1	C#5	
074_belt_poi_che_t_assenti	data/cpdl/5-voices/reductions/string_quartet/074_belt_poi_che_t_assenti.musicxml	Violin I	63	long_note_starts_on_beat	0	2	2	1	1	E5	
074_belt_poi_che_t_assenti	data/cpdl/5-voices/reductions/string_quartet/074_belt_poi_che_t_assenti.musicxml	Violin I	63	long_note_starts_on_beat	2	2	4	1	3	F5	start
074_belt_poi_che_t_assenti	data/cpdl/5-voices/reductions/string_quartet/074_belt_poi_che_t_assenti.musicxml	Violin I	64	long_note_starts_on_beat	0	2	2	1	1	F5	stop
074_belt_poi_che_t_assenti	data/cpdl/5-voices/reductions/string_quartet/074_belt_poi_che_t_assenti.musicxml	Violin I	64	rest_starts_on_beat_crosses_later_beat	2	2	4	1	3	rest	
074_belt_poi_che_t_assenti	data/cpdl/5-voices/reductions/string_quartet/074_belt_poi_che_t_assenti.musicxml	Violin II	2	long_note_starts_on_beat	0	2	2	1	1	D4	stop
074_belt_poi_che_t_assenti	data/cpdl/5-voices/reductions/string_quartet/074_belt_poi_che_t_assenti.musicxml	Violin II	2	long_note_starts_on_beat	2	2	4	1	3	E4	start
074_belt_poi_che_t_assenti	data/cpdl/5-voices/reductions/string_quartet/074_belt_poi_che_t_assenti.musicxml	Violin II	3	long_note_starts_on_beat	0	2	2	1	1	E4	stop
074_belt_poi_che_t_assenti	data/cpdl/5-voices/reductions/string_quartet/074_belt_poi_che_t_assenti.musicxml	Violin II	4	long_note_starts_on_beat	0	2	2	1	1	G4	
074_belt_poi_che_t_assenti	data/cpdl/5-voices/reductions/string_quartet/074_belt_poi_che_t_assenti.musicxml	Violin II	4	long_note_starts_on_beat	2	2	4	1	3	A-4	
074_belt_poi_che_t_assenti	data/cpdl/5-voices/reductions/string_quartet/074_belt_poi_che_t_assenti.musicxml	Violin II	5	rest_starts_on_beat_crosses_later_beat	0	2	2	1	1	rest	
074_belt_poi_che_t_assenti	data/cpdl/5-voices/reductions/string_quartet/074_belt_poi_che_t_assenti.musicxml	Violin II	5	long_note_starts_on_beat	2	2	4	1	3	A4	start
074_belt_poi_che_t_assenti	data/cpdl/5-voices/reductions/string_quartet/074_belt_poi_che_t_assenti.musicxml	Violin II	6	long_note_starts_on_beat	0	2	2	1	1	A4	stop
074_belt_poi_che_t_assenti	data/cpdl/5-voices/reductions/string_quartet/074_belt_poi_che_t_assenti.musicxml	Violin II	7	long_note_starts_on_beat	0	2	2	1	1	E4	
074_belt_poi_che_t_assenti	data/cpdl/5-voices/reductions/string_quartet/074_belt_poi_che_t_assenti.musicxml	Violin II	8	long_note_starts_on_beat	0	4	4	1	1,2,3	E-4	
074_belt_poi_che_t_assenti	data/cpdl/5-voices/reductions/string_quartet/074_belt_poi_che_t_assenti.musicxml	Violin II	10	long_note_starts_on_beat	0	4	4	1	1,2,3	C4	
074_belt_poi_che_t_assenti	data/cpdl/5-voices/reductions/string_quartet/074_belt_poi_che_t_assenti.musicxml	Violin II	11	long_note_starts_on_beat	2	2	4	1	3	C5	start
074_belt_poi_che_t_assenti	data/cpdl/5-voices/reductions/string_quartet/074_belt_poi_che_t_assenti.musicxml	Violin II	12	long_note_starts_on_beat	0	2	2	1	1	C5	stop
074_belt_poi_che_t_assenti	data/cpdl/5-voices/reductions/string_quartet/074_belt_poi_che_t_assenti.musicxml	Violin II	12	long_note_starts_on_beat	2	2	4	1	3	F4	
074_belt_poi_che_t_assenti	data/cpdl/5-voices/reductions/string_quartet/074_belt_poi_che_t_assenti.musicxml	Violin II	13	long_note_starts_on_beat	1	2	3	1	2	D#4	
074_belt_poi_che_t_assenti	data/cpdl/5-voices/reductions/string_quartet/074_belt_poi_che_t_assenti.musicxml	Violin II	14	long_note_starts_on_beat	0	2	2	1	1	F4	
074_belt_poi_che_t_assenti	data/cpdl/5-voices/reductions/string_quartet/074_belt_poi_che_t_assenti.musicxml	Violin II	14	long_note_starts_on_beat	2	2	4	1	3	F4	
074_belt_poi_che_t_assenti	data/cpdl/5-voices/reductions/string_quartet/074_belt_poi_che_t_assenti.musicxml	Violin II	15	long_note_starts_on_beat	0	4	4	1	1,2,3	G4	
074_belt_poi_che_t_assenti	data/cpdl/5-voices/reductions/string_quartet/074_belt_poi_che_t_assenti.musicxml	Violin II	16	long_note_starts_on_beat	0	4	4	1	1,2,3	E4	
074_belt_poi_che_t_assenti	data/cpdl/5-voices/reductions/string_quartet/074_belt_poi_che_t_assenti.musicxml	Violin II	17	long_note_starts_on_beat	0	2	2	1	1	E4	
074_belt_poi_che_t_assenti	data/cpdl/5-voices/reductions/string_quartet/074_belt_poi_che_t_assenti.musicxml	Violin II	18	long_note_starts_on_beat	0	2	2	1	1	G#3	
074_belt_poi_che_t_assenti	data/cpdl/5-voices/reductions/string_quartet/074_belt_poi_che_t_assenti.musicxml	Violin II	19	long_note_starts_on_beat	0	2	2	1	1	C#4	
074_belt_poi_che_t_assenti	data/cpdl/5-voices/reductions/string_quartet/074_belt_poi_che_t_assenti.musicxml	Violin II	19	long_note_starts_on_beat	2	2	4	1	3	D4	
074_belt_poi_che_t_assenti	data/cpdl/5-voices/reductions/string_quartet/074_belt_poi_che_t_assenti.musicxml	Violin II	20	rest_starts_on_beat_crosses_later_beat	0	2	2	1	1	rest	
074_belt_poi_che_t_assenti	data/cpdl/5-voices/reductions/string_quartet/074_belt_poi_che_t_assenti.musicxml	Violin II	20	long_note_starts_on_beat	2	2	4	1	3	E-4	start
074_belt_poi_che_t_assenti	data/cpdl/5-voices/reductions/string_quartet/074_belt_poi_che_t_assenti.musicxml	Violin II	21	long_note_starts_on_beat	0	2	2	1	1	E-4	stop
074_belt_poi_che_t_assenti	data/cpdl/5-voices/reductions/string_quartet/074_belt_poi_che_t_assenti.musicxml	Violin II	22	long_note_starts_on_beat	0	2	2	1	1	D4	
074_belt_poi_che_t_assenti	data/cpdl/5-voices/reductions/string_quartet/074_belt_poi_che_t_assenti.musicxml	Violin II	22	long_note_starts_on_beat	2	2	4	1	3	C#4	
074_belt_poi_che_t_assenti	data/cpdl/5-voices/reductions/string_quartet/074_belt_poi_che_t_assenti.musicxml	Violin II	23	long_note_starts_on_beat	0	2	2	1	1	C4	
074_belt_poi_che_t_assenti	data/cpdl/5-voices/reductions/string_quartet/074_belt_poi_che_t_assenti.musicxml	Violin II	24	long_note_starts_on_beat	0	2	2	1	1	F4	
074_belt_poi_che_t_assenti	data/cpdl/5-voices/reductions/string_quartet/074_belt_poi_che_t_assenti.musicxml	Violin II	25	long_note_starts_on_beat	0	2	2	1	1	E-4	
074_belt_poi_che_t_assenti	data/cpdl/5-voices/reductions/string_quartet/074_belt_poi_che_t_assenti.musicxml	Violin II	25	long_note_starts_on_beat	2	2	4	1	3	E-4	
074_belt_poi_che_t_assenti	data/cpdl/5-voices/reductions/string_quartet/074_belt_poi_che_t_assenti.musicxml	Violin II	26	long_note_starts_on_beat	0	2	2	1	1	F4	
074_belt_poi_che_t_assenti	data/cpdl/5-voices/reductions/string_quartet/074_belt_poi_che_t_assenti.musicxml	Violin II	26	long_note_starts_on_beat	2	2	4	1	3	F4	
074_belt_poi_che_t_assenti	data/cpdl/5-voices/reductions/string_quartet/074_belt_poi_che_t_assenti.musicxml	Violin II	27	long_note_starts_on_beat	2	2	4	1	3	C4	
074_belt_poi_che_t_assenti	data/cpdl/5-voices/reductions/string_quartet/074_belt_poi_che_t_assenti.musicxml	Violin II	28	long_note_starts_on_beat	0	3	3	1	1,2	E-4	
074_belt_poi_che_t_assenti	data/cpdl/5-voices/reductions/string_quartet/074_belt_poi_che_t_assenti.musicxml	Violin II	29	long_note_starts_on_beat	0	2	2	1	1	G4	
074_belt_poi_che_t_assenti	data/cpdl/5-voices/reductions/string_quartet/074_belt_poi_che_t_assenti.musicxml	Violin II	29	long_note_starts_on_beat	2	2	4	1	3	G4	
074_belt_poi_che_t_assenti	data/cpdl/5-voices/reductions/string_quartet/074_belt_poi_che_t_assenti.musicxml	Violin II	30	long_note_starts_on_beat	0	4	4	1	1,2,3	A-4	start
074_belt_poi_che_t_assenti	data/cpdl/5-voices/reductions/string_quartet/074_belt_poi_che_t_assenti.musicxml	Violin II	31	long_note_starts_on_beat	0	4	4	1	1,2,3	A-4	stop
074_belt_poi_che_t_assenti	data/cpdl/5-voices/reductions/string_quartet/074_belt_poi_che_t_assenti.musicxml	Violin II	32	long_note_starts_on_beat	2	2	4	1	3	F4	start
074_belt_poi_che_t_assenti	data/cpdl/5-voices/reductions/string_quartet/074_belt_poi_che_t_assenti.musicxml	Violin II	33	long_note_starts_on_beat	0	2	2	1	1	F4	stop
074_belt_poi_che_t_assenti	data/cpdl/5-voices/reductions/string_quartet/074_belt_poi_che_t_assenti.musicxml	Violin II	33	long_note_starts_on_beat	2	2	4	1	3	E-4	
074_belt_poi_che_t_assenti	data/cpdl/5-voices/reductions/string_quartet/074_belt_poi_che_t_assenti.musicxml	Violin II	34	long_note_starts_on_beat	0	4	4	1	1,2,3	C#4	start
074_belt_poi_che_t_assenti	data/cpdl/5-voices/reductions/string_quartet/074_belt_poi_che_t_assenti.musicxml	Violin II	35	long_note_starts_on_beat	0	4	4	1	1,2,3	C#4	stop
074_belt_poi_che_t_assenti	data/cpdl/5-voices/reductions/string_quartet/074_belt_poi_che_t_assenti.musicxml	Violin II	36	long_note_starts_on_beat	2	2	4	1	3	E-4	
074_belt_poi_che_t_assenti	data/cpdl/5-voices/reductions/string_quartet/074_belt_poi_che_t_assenti.musicxml	Violin II	37	long_note_starts_on_beat	0	4	4	1	1,2,3	E-4	
074_belt_poi_che_t_assenti	data/cpdl/5-voices/reductions/string_quartet/074_belt_poi_che_t_assenti.musicxml	Violin II	38	long_note_starts_on_beat	0	2	2	1	1	G4	
074_belt_poi_che_t_assenti	data/cpdl/5-voices/reductions/string_quartet/074_belt_poi_che_t_assenti.musicxml	Violin II	38	long_note_starts_on_beat	2	2	4	1	3	D4	
074_belt_poi_che_t_assenti	data/cpdl/5-voices/reductions/string_quartet/074_belt_poi_che_t_assenti.musicxml	Violin II	39	long_note_starts_on_beat	2	3/2	7/2	1	3	C4	
074_belt_poi_che_t_assenti	data/cpdl/5-voices/reductions/string_quartet/074_belt_poi_che_t_assenti.musicxml	Violin II	40	long_note_starts_on_beat	2	2	4	1	3	C4	
074_belt_poi_che_t_assenti	data/cpdl/5-voices/reductions/string_quartet/074_belt_poi_che_t_assenti.musicxml	Violin II	41	long_note_starts_on_beat	2	3/2	7/2	1	3	D4	
074_belt_poi_che_t_assenti	data/cpdl/5-voices/reductions/string_quartet/074_belt_poi_che_t_assenti.musicxml	Violin II	42	long_note_starts_on_beat	2	2	4	1	3	F4	
074_belt_poi_che_t_assenti	data/cpdl/5-voices/reductions/string_quartet/074_belt_poi_che_t_assenti.musicxml	Violin II	43	long_note_starts_on_beat	0	2	2	1	1	B-3	start
074_belt_poi_che_t_assenti	data/cpdl/5-voices/reductions/string_quartet/074_belt_poi_che_t_assenti.musicxml	Violin II	43	long_note_starts_on_beat	2	2	4	1	3	B-3	stop
074_belt_poi_che_t_assenti	data/cpdl/5-voices/reductions/string_quartet/074_belt_poi_che_t_assenti.musicxml	Violin II	44	long_note_starts_on_beat	1	2	3	1	2	C4	
074_belt_poi_che_t_assenti	data/cpdl/5-voices/reductions/string_quartet/074_belt_poi_che_t_assenti.musicxml	Violin II	45	long_note_starts_on_beat	0	4	4	1	1,2,3	E-4	
074_belt_poi_che_t_assenti	data/cpdl/5-voices/reductions/string_quartet/074_belt_poi_che_t_assenti.musicxml	Violin II	47	long_note_starts_on_beat	2	2	4	1	3	G4	start
074_belt_poi_che_t_assenti	data/cpdl/5-voices/reductions/string_quartet/074_belt_poi_che_t_assenti.musicxml	Violin II	48	long_note_starts_on_beat	0	2	2	1	1	G4	stop
074_belt_poi_che_t_assenti	data/cpdl/5-voices/reductions/string_quartet/074_belt_poi_che_t_assenti.musicxml	Violin II	49	long_note_starts_on_beat	1	2	3	1	2	D-4	
074_belt_poi_che_t_assenti	data/cpdl/5-voices/reductions/string_quartet/074_belt_poi_che_t_assenti.musicxml	Violin II	50	long_note_starts_on_beat	0	2	2	1	1	A-3	
074_belt_poi_che_t_assenti	data/cpdl/5-voices/reductions/string_quartet/074_belt_poi_che_t_assenti.musicxml	Violin II	52	long_note_starts_on_beat	2	3/2	7/2	1	3	G4	
074_belt_poi_che_t_assenti	data/cpdl/5-voices/reductions/string_quartet/074_belt_poi_che_t_assenti.musicxml	Violin II	53	long_note_starts_on_beat	2	2	4	1	3	C4	start
074_belt_poi_che_t_assenti	data/cpdl/5-voices/reductions/string_quartet/074_belt_poi_che_t_assenti.musicxml	Violin II	54	long_note_starts_on_beat	0	2	2	1	1	C4	stop
074_belt_poi_che_t_assenti	data/cpdl/5-voices/reductions/string_quartet/074_belt_poi_che_t_assenti.musicxml	Violin II	54	long_note_starts_on_beat	2	2	4	1	3	G3	start
074_belt_poi_che_t_assenti	data/cpdl/5-voices/reductions/string_quartet/074_belt_poi_che_t_assenti.musicxml	Violin II	55	long_note_starts_on_beat	0	2	2	1	1	G3	stop
074_belt_poi_che_t_assenti	data/cpdl/5-voices/reductions/string_quartet/074_belt_poi_che_t_assenti.musicxml	Violin II	55	long_note_starts_on_beat	2	2	4	1	3	G-4	
074_belt_poi_che_t_assenti	data/cpdl/5-voices/reductions/string_quartet/074_belt_poi_che_t_assenti.musicxml	Violin II	56	long_note_starts_on_beat	0	2	2	1	1	G4	
074_belt_poi_che_t_assenti	data/cpdl/5-voices/reductions/string_quartet/074_belt_poi_che_t_assenti.musicxml	Violin II	56	long_note_starts_on_beat	2	2	4	1	3	F#4	
074_belt_poi_che_t_assenti	data/cpdl/5-voices/reductions/string_quartet/074_belt_poi_che_t_assenti.musicxml	Violin II	57	long_note_starts_on_beat	2	2	4	1	3	E4	
074_belt_poi_che_t_assenti	data/cpdl/5-voices/reductions/string_quartet/074_belt_poi_che_t_assenti.musicxml	Violin II	58	rest_starts_on_beat_crosses_later_beat	1	2	3	1	2	rest	
074_belt_poi_che_t_assenti	data/cpdl/5-voices/reductions/string_quartet/074_belt_poi_che_t_assenti.musicxml	Violin II	59	long_note_starts_on_beat	2	2	4	1	3	G4	
074_belt_poi_che_t_assenti	data/cpdl/5-voices/reductions/string_quartet/074_belt_poi_che_t_assenti.musicxml	Violin II	60	long_note_starts_on_beat	0	4	4	1	1,2,3	A4	
074_belt_poi_che_t_assenti	data/cpdl/5-voices/reductions/string_quartet/074_belt_poi_che_t_assenti.musicxml	Violin II	63	long_note_starts_on_beat	0	2	2	1	1	G4	
074_belt_poi_che_t_assenti	data/cpdl/5-voices/reductions/string_quartet/074_belt_poi_che_t_assenti.musicxml	Violin II	63	long_note_starts_on_beat	2	2	4	1	3	A4	start
074_belt_poi_che_t_assenti	data/cpdl/5-voices/reductions/string_quartet/074_belt_poi_che_t_assenti.musicxml	Violin II	64	long_note_starts_on_beat	0	2	2	1	1	A4	stop
074_belt_poi_che_t_assenti	data/cpdl/5-voices/reductions/string_quartet/074_belt_poi_che_t_assenti.musicxml	Violin II	64	rest_starts_on_beat_crosses_later_beat	2	2	4	1	3	rest	
074_belt_poi_che_t_assenti	data/cpdl/5-voices/reductions/string_quartet/074_belt_poi_che_t_assenti.musicxml	Viola	2	long_note_starts_on_beat	0	2	2	1	1	A3	stop
074_belt_poi_che_t_assenti	data/cpdl/5-voices/reductions/string_quartet/074_belt_poi_che_t_assenti.musicxml	Viola	2	long_note_starts_on_beat	2	2	4	1	3	C4	start
074_belt_poi_che_t_assenti	data/cpdl/5-voices/reductions/string_quartet/074_belt_poi_che_t_assenti.musicxml	Viola	3	long_note_starts_on_beat	0	2	2	1	1	C4	stop
074_belt_poi_che_t_assenti	data/cpdl/5-voices/reductions/string_quartet/074_belt_poi_che_t_assenti.musicxml	Viola	4	long_note_starts_on_beat	0	2	2	1	1	C4	
074_belt_poi_che_t_assenti	data/cpdl/5-voices/reductions/string_quartet/074_belt_poi_che_t_assenti.musicxml	Viola	4	long_note_starts_on_beat	2	2	4	1	3	E4	
074_belt_poi_che_t_assenti	data/cpdl/5-voices/reductions/string_quartet/074_belt_poi_che_t_assenti.musicxml	Viola	5	rest_starts_on_beat_crosses_later_beat	0	2	2	1	1	rest	
074_belt_poi_che_t_assenti	data/cpdl/5-voices/reductions/string_quartet/074_belt_poi_che_t_assenti.musicxml	Viola	5	long_note_starts_on_beat	2	2	4	1	3	E4	start
074_belt_poi_che_t_assenti	data/cpdl/5-voices/reductions/string_quartet/074_belt_poi_che_t_assenti.musicxml	Viola	6	long_note_starts_on_beat	0	2	2	1	1	E4	stop
074_belt_poi_che_t_assenti	data/cpdl/5-voices/reductions/string_quartet/074_belt_poi_che_t_assenti.musicxml	Viola	7	long_note_starts_on_beat	0	2	2	1	1	C#4	
074_belt_poi_che_t_assenti	data/cpdl/5-voices/reductions/string_quartet/074_belt_poi_che_t_assenti.musicxml	Viola	7	long_note_starts_on_beat	2	2	4	1	3	A3	
074_belt_poi_che_t_assenti	data/cpdl/5-voices/reductions/string_quartet/074_belt_poi_che_t_assenti.musicxml	Viola	8	long_note_starts_on_beat	0	4	4	1	1,2,3	B3	
074_belt_poi_che_t_assenti	data/cpdl/5-voices/reductions/string_quartet/074_belt_poi_che_t_assenti.musicxml	Viola	9	rest_starts_on_beat_crosses_later_beat	0	2	2	1	1	rest	
074_belt_poi_che_t_assenti	data/cpdl/5-voices/reductions/string_quartet/074_belt_poi_che_t_assenti.musicxml	Viola	9	long_note_starts_on_beat	2	2	4	1	3	G3	start
074_belt_poi_che_t_assenti	data/cpdl/5-voices/reductions/string_quartet/074_belt_poi_che_t_assenti.musicxml	Viola	10	long_note_starts_on_beat	0	2	2	1	1	G3	stop
074_belt_poi_che_t_assenti	data/cpdl/5-voices/reductions/string_quartet/074_belt_poi_che_t_assenti.musicxml	Viola	11	long_note_starts_on_beat	0	2	2	1	1	B-3	
074_belt_poi_che_t_assenti	data/cpdl/5-voices/reductions/string_quartet/074_belt_poi_che_t_assenti.musicxml	Viola	11	long_note_starts_on_beat	2	2	4	1	3	C4	start
074_belt_poi_che_t_assenti	data/cpdl/5-voices/reductions/string_quartet/074_belt_poi_che_t_assenti.musicxml	Viola	12	long_note_starts_on_beat	0	4	4	1	1,2,3	C4	stop
074_belt_poi_che_t_assenti	data/cpdl/5-voices/reductions/string_quartet/074_belt_poi_che_t_assenti.musicxml	Viola	13	long_note_starts_on_beat	2	2	4	1	3	A-3	
074_belt_poi_che_t_assenti	data/cpdl/5-voices/reductions/string_quartet/074_belt_poi_che_t_assenti.musicxml	Viola	14	long_note_starts_on_beat	0	2	2	1	1	A-3	
074_belt_poi_che_t_assenti	data/cpdl/5-voices/reductions/string_quartet/074_belt_poi_che_t_assenti.musicxml	Viola	15	long_note_starts_on_beat	0	4	4	1	1,2,3	D4	
074_belt_poi_che_t_assenti	data/cpdl/5-voices/reductions/string_quartet/074_belt_poi_che_t_assenti.musicxml	Viola	16	long_note_starts_on_beat	0	2	2	1	1	G3	
074_belt_poi_che_t_assenti	data/cpdl/5-voices/reductions/string_quartet/074_belt_poi_che_t_assenti.musicxml	Viola	17	long_note_starts_on_beat	0	2	2	1	1	A3	
074_belt_poi_che_t_assenti	data/cpdl/5-voices/reductions/string_quartet/074_belt_poi_che_t_assenti.musicxml	Viola	17	long_note_starts_on_beat	2	2	4	1	3	G3	
074_belt_poi_che_t_assenti	data/cpdl/5-voices/reductions/string_quartet/074_belt_poi_che_t_assenti.musicxml	Viola	18	long_note_starts_on_beat	0	2	2	1	1	G3	
074_belt_poi_che_t_assenti	data/cpdl/5-voices/reductions/string_quartet/074_belt_poi_che_t_assenti.musicxml	Viola	18	long_note_starts_on_beat	2	2	4	1	3	F3	
074_belt_poi_che_t_assenti	data/cpdl/5-voices/reductions/string_quartet/074_belt_poi_che_t_assenti.musicxml	Viola	19	long_note_starts_on_beat	0	2	2	1	1	A#3	
074_belt_poi_che_t_assenti	data/cpdl/5-voices/reductions/string_quartet/074_belt_poi_che_t_assenti.musicxml	Viola	19	long_note_starts_on_beat	2	2	4	1	3	B3	
074_belt_poi_che_t_assenti	data/cpdl/5-voices/reductions/string_quartet/074_belt_poi_che_t_assenti.musicxml	Viola	20	long_note_starts_on_beat	0	2	2	1	1	G3	
074_belt_poi_che_t_assenti	data/cpdl/5-voices/reductions/string_quartet/074_belt_poi_che_t_assenti.musicxml	Viola	21	long_note_starts_on_beat	0	2	2	1	1	C4	
074_belt_poi_che_t_assenti	data/cpdl/5-voices/reductions/string_quartet/074_belt_poi_che_t_assenti.musicxml	Viola	22	long_note_starts_on_beat	0	2	2	1	1	F4	
074_belt_poi_che_t_assenti	data/cpdl/5-voices/reductions/string_quartet/074_belt_poi_che_t_assenti.musicxml	Viola	22	long_note_starts_on_beat	2	2	4	1	3	G3	
074_belt_poi_che_t_assenti	data/cpdl/5-voices/reductions/string_quartet/074_belt_poi_che_t_assenti.musicxml	Viola	23	long_note_starts_on_beat	0	2	2	1	1	A-3	
074_belt_poi_che_t_assenti	data/cpdl/5-voices/reductions/string_quartet/074_belt_poi_che_t_assenti.musicxml	Viola	23	long_note_starts_on_beat	2	2	4	1	3	A-3	start
074_belt_poi_che_t_assenti	data/cpdl/5-voices/reductions/string_quartet/074_belt_poi_che_t_assenti.musicxml	Viola	24	long_note_starts_on_beat	0	2	2	1	1	A-3	stop
074_belt_poi_che_t_assenti	data/cpdl/5-voices/reductions/string_quartet/074_belt_poi_che_t_assenti.musicxml	Viola	25	long_note_starts_on_beat	0	2	2	1	1	G3	
074_belt_poi_che_t_assenti	data/cpdl/5-voices/reductions/string_quartet/074_belt_poi_che_t_assenti.musicxml	Viola	25	long_note_starts_on_beat	2	2	4	1	3	F#3	
074_belt_poi_che_t_assenti	data/cpdl/5-voices/reductions/string_quartet/074_belt_poi_che_t_assenti.musicxml	Viola	26	long_note_starts_on_beat	0	2	2	1	1	A-3	
074_belt_poi_che_t_assenti	data/cpdl/5-voices/reductions/string_quartet/074_belt_poi_che_t_assenti.musicxml	Viola	26	long_note_starts_on_beat	2	2	4	1	3	C#4	
074_belt_poi_che_t_assenti	data/cpdl/5-voices/reductions/string_quartet/074_belt_poi_che_t_assenti.musicxml	Viola	27	long_note_starts_on_beat	2	2	4	1	3	A-3	
074_belt_poi_che_t_assenti	data/cpdl/5-voices/reductions/string_quartet/074_belt_poi_che_t_assenti.musicxml	Viola	28	long_note_starts_on_beat	0	4	4	1	1,2,3	G3	
074_belt_poi_che_t_assenti	data/cpdl/5-voices/reductions/string_quartet/074_belt_poi_che_t_assenti.musicxml	Viola	29	long_note_starts_on_beat	0	4	4	1	1,2,3	E-4	
074_belt_poi_che_t_assenti	data/cpdl/5-voices/reductions/string_quartet/074_belt_poi_che_t_assenti.musicxml	Viola	30	long_note_starts_on_beat	0	4	4	1	1,2,3	C#4	
074_belt_poi_che_t_assenti	data/cpdl/5-voices/reductions/string_quartet/074_belt_poi_che_t_assenti.musicxml	Viola	31	long_note_starts_on_beat	0	2	2	1	1	G-4	
074_belt_poi_che_t_assenti	data/cpdl/5-voices/reductions/string_quartet/074_belt_poi_che_t_assenti.musicxml	Viola	31	long_note_starts_on_beat	2	2	4	1	3	F4	
074_belt_poi_che_t_assenti	data/cpdl/5-voices/reductions/string_quartet/074_belt_poi_che_t_assenti.musicxml	Viola	33	long_note_starts_on_beat	0	2	2	1	1	C#4	
074_belt_poi_che_t_assenti	data/cpdl/5-voices/reductions/string_quartet/074_belt_poi_che_t_assenti.musicxml	Viola	34	long_note_starts_on_beat	2	2	4	1	3	C4	start
074_belt_poi_che_t_assenti	data/cpdl/5-voices/reductions/string_quartet/074_belt_poi_che_t_assenti.musicxml	Viola	35	long_note_starts_on_beat	0	2	2	1	1	C4	stop
074_belt_poi_che_t_assenti	data/cpdl/5-voices/reductions/string_quartet/074_belt_poi_che_t_assenti.musicxml	Viola	35	long_note_starts_on_beat	2	2	4	1	3	B-3	
074_belt_poi_che_t_assenti	data/cpdl/5-voices/reductions/string_quartet/074_belt_poi_che_t_assenti.musicxml	Viola	36	long_note_starts_on_beat	0	4	4	1	1,2,3	C4	
074_belt_poi_che_t_assenti	data/cpdl/5-voices/reductions/string_quartet/074_belt_poi_che_t_assenti.musicxml	Viola	37	long_note_starts_on_beat	0	2	2	1	1	B-3	
074_belt_poi_che_t_assenti	data/cpdl/5-voices/reductions/string_quartet/074_belt_poi_che_t_assenti.musicxml	Viola	38	long_note_starts_on_beat	0	2	2	1	1	C5	
074_belt_poi_che_t_assenti	data/cpdl/5-voices/reductions/string_quartet/074_belt_poi_che_t_assenti.musicxml	Viola	38	long_note_starts_on_beat	2	2	4	1	3	G4	
074_belt_poi_che_t_assenti	data/cpdl/5-voices/reductions/string_quartet/074_belt_poi_che_t_assenti.musicxml	Viola	39	long_note_starts_on_beat	2	3/2	7/2	1	3	A-4	
074_belt_poi_che_t_assenti	data/cpdl/5-voices/reductions/string_quartet/074_belt_poi_che_t_assenti.musicxml	Viola	40	long_note_starts_on_beat	2	2	4	1	3	A-4	
074_belt_poi_che_t_assenti	data/cpdl/5-voices/reductions/string_quartet/074_belt_poi_che_t_assenti.musicxml	Viola	41	long_note_starts_on_beat	2	3/2	7/2	1	3	B-4	
074_belt_poi_che_t_assenti	data/cpdl/5-voices/reductions/string_quartet/074_belt_poi_che_t_assenti.musicxml	Viola	43	long_note_starts_on_beat	0	2	2	1	1	G4	start
074_belt_poi_che_t_assenti	data/cpdl/5-voices/reductions/string_quartet/074_belt_poi_che_t_assenti.musicxml	Viola	43	long_note_starts_on_beat	2	2	4	1	3	G4	stop
074_belt_poi_che_t_assenti	data/cpdl/5-voices/reductions/string_quartet/074_belt_poi_che_t_assenti.musicxml	Viola	45	long_note_starts_on_beat	2	2	4	1	3	C#4	
074_belt_poi_che_t_assenti	data/cpdl/5-voices/reductions/string_quartet/074_belt_poi_che_t_assenti.musicxml	Viola	46	long_note_starts_on_beat	0	4	4	1	1,2,3	C4	
074_belt_poi_che_t_assenti	data/cpdl/5-voices/reductions/string_quartet/074_belt_poi_che_t_assenti.musicxml	Viola	48	long_note_starts_on_beat	2	2	4	1	3	D#4	
074_belt_poi_che_t_assenti	data/cpdl/5-voices/reductions/string_quartet/074_belt_poi_che_t_assenti.musicxml	Viola	49	long_note_starts_on_beat	2	2	4	1	3	G-4	
074_belt_poi_che_t_assenti	data/cpdl/5-voices/reductions/string_quartet/074_belt_poi_che_t_assenti.musicxml	Viola	50	long_note_starts_on_beat	0	2	2	1	1	F4	
074_belt_poi_che_t_assenti	data/cpdl/5-voices/reductions/string_quartet/074_belt_poi_che_t_assenti.musicxml	Viola	52	long_note_starts_on_beat	0	2	2	1	1	G4	
074_belt_poi_che_t_assenti	data/cpdl/5-voices/reductions/string_quartet/074_belt_poi_che_t_assenti.musicxml	Viola	52	long_note_starts_on_beat	2	2	4	1	3	E-4	
074_belt_poi_che_t_assenti	data/cpdl/5-voices/reductions/string_quartet/074_belt_poi_che_t_assenti.musicxml	Viola	54	long_note_starts_on_beat	2	2	4	1	3	B-3	
074_belt_poi_che_t_assenti	data/cpdl/5-voices/reductions/string_quartet/074_belt_poi_che_t_assenti.musicxml	Viola	55	long_note_starts_on_beat	0	2	2	1	1	D4	
074_belt_poi_che_t_assenti	data/cpdl/5-voices/reductions/string_quartet/074_belt_poi_che_t_assenti.musicxml	Viola	55	long_note_starts_on_beat	2	2	4	1	3	D4	
074_belt_poi_che_t_assenti	data/cpdl/5-voices/reductions/string_quartet/074_belt_poi_che_t_assenti.musicxml	Viola	56	long_note_starts_on_beat	2	2	4	1	3	D4	
074_belt_poi_che_t_assenti	data/cpdl/5-voices/reductions/string_quartet/074_belt_poi_che_t_assenti.musicxml	Viola	57	long_note_starts_on_beat	0	4	4	1	1,2,3	C4	
074_belt_poi_che_t_assenti	data/cpdl/5-voices/reductions/string_quartet/074_belt_poi_che_t_assenti.musicxml	Viola	58	long_note_starts_on_beat	0	3	3	1	1,2	A-3	
074_belt_poi_che_t_assenti	data/cpdl/5-voices/reductions/string_quartet/074_belt_poi_che_t_assenti.musicxml	Viola	59	long_note_starts_on_beat	0	4	4	1	1,2,3	B-3	
074_belt_poi_che_t_assenti	data/cpdl/5-voices/reductions/string_quartet/074_belt_poi_che_t_assenti.musicxml	Viola	60	long_note_starts_on_beat	0	4	4	1	1,2,3	C4	
074_belt_poi_che_t_assenti	data/cpdl/5-voices/reductions/string_quartet/074_belt_poi_che_t_assenti.musicxml	Viola	61	long_note_starts_on_beat	2	2	4	1	3	A-3	start
074_belt_poi_che_t_assenti	data/cpdl/5-voices/reductions/string_quartet/074_belt_poi_che_t_assenti.musicxml	Viola	62	long_note_starts_on_beat	2	2	4	1	3	B-3	start
074_belt_poi_che_t_assenti	data/cpdl/5-voices/reductions/string_quartet/074_belt_poi_che_t_assenti.musicxml	Viola	63	long_note_starts_on_beat	0	2	2	1	1	B-3	stop
074_belt_poi_che_t_assenti	data/cpdl/5-voices/reductions/string_quartet/074_belt_poi_che_t_assenti.musicxml	Viola	63	long_note_starts_on_beat	2	2	4	1	3	C4	start
074_belt_poi_che_t_assenti	data/cpdl/5-voices/reductions/string_quartet/074_belt_poi_che_t_assenti.musicxml	Viola	64	long_note_starts_on_beat	0	2	2	1	1	C4	stop
074_belt_poi_che_t_assenti	data/cpdl/5-voices/reductions/string_quartet/074_belt_poi_che_t_assenti.musicxml	Viola	64	rest_starts_on_beat_crosses_later_beat	2	2	4	1	3	rest	
074_belt_poi_che_t_assenti	data/cpdl/5-voices/reductions/string_quartet/074_belt_poi_che_t_assenti.musicxml	Violoncello	2	long_note_starts_on_beat	0	2	2	1	1	D3	stop
074_belt_poi_che_t_assenti	data/cpdl/5-voices/reductions/string_quartet/074_belt_poi_che_t_assenti.musicxml	Violoncello	2	long_note_starts_on_beat	2	2	4	1	3	C3	start
074_belt_poi_che_t_assenti	data/cpdl/5-voices/reductions/string_quartet/074_belt_poi_che_t_assenti.musicxml	Violoncello	3	long_note_starts_on_beat	0	2	2	1	1	C3	stop
074_belt_poi_che_t_assenti	data/cpdl/5-voices/reductions/string_quartet/074_belt_poi_che_t_assenti.musicxml	Violoncello	4	long_note_starts_on_beat	0	2	2	1	1	E3	
074_belt_poi_che_t_assenti	data/cpdl/5-voices/reductions/string_quartet/074_belt_poi_che_t_assenti.musicxml	Violoncello	4	long_note_starts_on_beat	2	2	4	1	3	E3	
074_belt_poi_che_t_assenti	data/cpdl/5-voices/reductions/string_quartet/074_belt_poi_che_t_assenti.musicxml	Violoncello	5	rest_starts_on_beat_crosses_later_beat	0	2	2	1	1	rest	
074_belt_poi_che_t_assenti	data/cpdl/5-voices/reductions/string_quartet/074_belt_poi_che_t_assenti.musicxml	Violoncello	5	long_note_starts_on_beat	2	2	4	1	3	A2	start
074_belt_poi_che_t_assenti	data/cpdl/5-voices/reductions/string_quartet/074_belt_poi_che_t_assenti.musicxml	Violoncello	6	long_note_starts_on_beat	0	2	2	1	1	A2	stop
074_belt_poi_che_t_assenti	data/cpdl/5-voices/reductions/string_quartet/074_belt_poi_che_t_assenti.musicxml	Violoncello	7	long_note_starts_on_beat	0	2	2	1	1	A2	
074_belt_poi_che_t_assenti	data/cpdl/5-voices/reductions/string_quartet/074_belt_poi_che_t_assenti.musicxml	Violoncello	7	long_note_starts_on_beat	2	2	4	1	3	D3	
074_belt_poi_che_t_assenti	data/cpdl/5-voices/reductions/string_quartet/074_belt_poi_che_t_assenti.musicxml	Violoncello	8	long_note_starts_on_beat	0	4	4	1	1,2,3	B2	
074_belt_poi_che_t_assenti	data/cpdl/5-voices/reductions/string_quartet/074_belt_poi_che_t_assenti.musicxml	Violoncello	10	long_note_starts_on_beat	0	4	4	1	1,2,3	C3	
074_belt_poi_che_t_assenti	data/cpdl/5-voices/reductions/string_quartet/074_belt_poi_che_t_assenti.musicxml	Violoncello	11	long_note_starts_on_beat	2	2	4	1	3	E-3	
074_belt_poi_che_t_assenti	data/cpdl/5-voices/reductions/string_quartet/074_belt_poi_che_t_assenti.musicxml	Violoncello	12	long_note_starts_on_beat	0	2	2	1	1	E3	
074_belt_poi_che_t_assenti	data/cpdl/5-voices/reductions/string_quartet/074_belt_poi_che_t_assenti.musicxml	Violoncello	13	long_note_starts_on_beat	1	2	3	1	2	E-3	
074_belt_poi_che_t_assenti	data/cpdl/5-voices/reductions/string_quartet/074_belt_poi_che_t_assenti.musicxml	Violoncello	14	long_note_starts_on_beat	0	2	2	1	1	F2	
074_belt_poi_che_t_assenti	data/cpdl/5-voices/reductions/string_quartet/074_belt_poi_che_t_assenti.musicxml	Violoncello	15	long_note_starts_on_beat	0	4	4	1	1,2,3	B2	
074_belt_poi_che_t_assenti	data/cpdl/5-voices/reductions/string_quartet/074_belt_poi_che_t_assenti.musicxml	Violoncello	16	long_note_starts_on_beat	0	4	4	1	1,2,3	C3	
074_belt_poi_che_t_assenti	data/cpdl/5-voices/reductions/string_quartet/074_belt_poi_che_t_assenti.musicxml	Violoncello	17	long_note_starts_on_beat	0	4	4	1	1,2,3	C3	start
074_belt_poi_che_t_assenti	data/cpdl/5-voices/reductions/string_quartet/074_belt_poi_che_t_assenti.musicxml	Violoncello	18	long_note_starts_on_beat	0	4	4	1	1,2,3	C3	stop
074_belt_poi_che_t_assenti	data/cpdl/5-voices/reductions/string_quartet/074_belt_poi_che_t_assenti.musicxml	Violoncello	19	long_note_starts_on_beat	0	2	2	1	1	C#3	
074_belt_poi_che_t_assenti	data/cpdl/5-voices/reductions/string_quartet/074_belt_poi_che_t_assenti.musicxml	Violoncello	19	long_note_starts_on_beat	2	2	4	1	3	D3	
074_belt_poi_che_t_assenti	data/cpdl/5-voices/reductions/string_quartet/074_belt_poi_che_t_assenti.musicxml	Violoncello	20	rest_starts_on_beat_crosses_later_beat	0	2	2	1	1	rest	
074_belt_poi_che_t_assenti	data/cpdl/5-voices/reductions/string_quartet/074_belt_poi_che_t_assenti.musicxml	Violoncello	21	long_note_starts_on_beat	0	4	4	1	1,2,3	A-3	start
074_belt_poi_che_t_assenti	data/cpdl/5-voices/reductions/string_quartet/074_belt_poi_che_t_assenti.musicxml	Violoncello	22	long_note_starts_on_beat	0	2	2	1	1	A-3	stop
074_belt_poi_che_t_assenti	data/cpdl/5-voices/reductions/string_quartet/074_belt_poi_che_t_assenti.musicxml	Violoncello	22	long_note_starts_on_beat	2	2	4	1	3	B-3	
074_belt_poi_che_t_assenti	data/cpdl/5-voices/reductions/string_quartet/074_belt_poi_che_t_assenti.musicxml	Violoncello	23	long_note_starts_on_beat	0	2	2	1	1	C3	
074_belt_poi_che_t_assenti	data/cpdl/5-voices/reductions/string_quartet/074_belt_poi_che_t_assenti.musicxml	Violoncello	24	long_note_starts_on_beat	0	4	4	1	1,2,3	C#3	start
074_belt_poi_che_t_assenti	data/cpdl/5-voices/reductions/string_quartet/074_belt_poi_che_t_assenti.musicxml	Violoncello	25	long_note_starts_on_beat	0	2	2	1	1	C#3	stop
074_belt_poi_che_t_assenti	data/cpdl/5-voices/reductions/string_quartet/074_belt_poi_che_t_assenti.musicxml	Violoncello	25	long_note_starts_on_beat	2	2	4	1	3	C3	
074_belt_poi_che_t_assenti	data/cpdl/5-voices/reductions/string_quartet/074_belt_poi_che_t_assenti.musicxml	Violoncello	26	long_note_starts_on_beat	0	3	3	1	1,2	C#3	
074_belt_poi_che_t_assenti	data/cpdl/5-voices/reductions/string_quartet/074_belt_poi_che_t_assenti.musicxml	Violoncello	27	long_note_starts_on_beat	2	2	4	1	3	F3	
074_belt_poi_che_t_assenti	data/cpdl/5-voices/reductions/string_quartet/074_belt_poi_che_t_assenti.musicxml	Violoncello	28	long_note_starts_on_beat	0	4	4	1	1,2,3	C3	start
074_belt_poi_che_t_assenti	data/cpdl/5-voices/reductions/string_quartet/074_belt_poi_che_t_assenti.musicxml	Violoncello	29	long_note_starts_on_beat	0	4	4	1	1,2,3	C3	stop
074_belt_poi_che_t_assenti	data/cpdl/5-voices/reductions/string_quartet/074_belt_poi_che_t_assenti.musicxml	Violoncello	30	long_note_starts_on_beat	0	2	2	1	1	C#3	
074_belt_poi_che_t_assenti	data/cpdl/5-voices/reductions/string_quartet/074_belt_poi_che_t_assenti.musicxml	Violoncello	30	long_note_starts_on_beat	2	2	4	1	3	F3	
074_belt_poi_che_t_assenti	data/cpdl/5-voices/reductions/string_quartet/074_belt_poi_che_t_assenti.musicxml	Violoncello	31	long_note_starts_on_beat	0	4	4	1	1,2,3	F3	
074_belt_poi_che_t_assenti	data/cpdl/5-voices/reductions/string_quartet/074_belt_poi_che_t_assenti.musicxml	Violoncello	32	long_note_starts_on_beat	0	4	4	1	1,2,3	F#3	start
074_belt_poi_che_t_assenti	data/cpdl/5-voices/reductions/string_quartet/074_belt_poi_che_t_assenti.musicxml	Violoncello	33	long_note_starts_on_beat	0	4	4	1	1,2,3	F#3	stop
074_belt_poi_che_t_assenti	data/cpdl/5-voices/reductions/string_quartet/074_belt_poi_che_t_assenti.musicxml	Violoncello	34	long_note_starts_on_beat	0	4	4	1	1,2,3	F3	start
074_belt_poi_che_t_assenti	data/cpdl/5-voices/reductions/string_quartet/074_belt_poi_che_t_assenti.musicxml	Violoncello	35	long_note_starts_on_beat	0	4	4	1	1,2,3	F3	stop
074_belt_poi_che_t_assenti	data/cpdl/5-voices/reductions/string_quartet/074_belt_poi_che_t_assenti.musicxml	Violoncello	36	long_note_starts_on_beat	2	2	4	1	3	C4	
074_belt_poi_che_t_assenti	data/cpdl/5-voices/reductions/string_quartet/074_belt_poi_che_t_assenti.musicxml	Violoncello	37	long_note_starts_on_beat	0	4	4	1	1,2,3	G3	start
074_belt_poi_che_t_assenti	data/cpdl/5-voices/reductions/string_quartet/074_belt_poi_che_t_assenti.musicxml	Violoncello	38	long_note_starts_on_beat	0	4	4	1	1,2,3	G3	stop
074_belt_poi_che_t_assenti	data/cpdl/5-voices/reductions/string_quartet/074_belt_poi_che_t_assenti.musicxml	Violoncello	39	long_note_starts_on_beat	2	3/2	7/2	1	3	A-2	
074_belt_poi_che_t_assenti	data/cpdl/5-voices/reductions/string_quartet/074_belt_poi_che_t_assenti.musicxml	Violoncello	40	long_note_starts_on_beat	2	2	4	1	3	A-3	
074_belt_poi_che_t_assenti	data/cpdl/5-voices/reductions/string_quartet/074_belt_poi_che_t_assenti.musicxml	Violoncello	41	long_note_starts_on_beat	2	3/2	7/2	1	3	B-2	
074_belt_poi_che_t_assenti	data/cpdl/5-voices/reductions/string_quartet/074_belt_poi_che_t_assenti.musicxml	Violoncello	42	long_note_starts_on_beat	2	2	4	1	3	B-3	
074_belt_poi_che_t_assenti	data/cpdl/5-voices/reductions/string_quartet/074_belt_poi_che_t_assenti.musicxml	Violoncello	43	long_note_starts_on_beat	0	2	2	1	1	E-3	start
074_belt_poi_che_t_assenti	data/cpdl/5-voices/reductions/string_quartet/074_belt_poi_che_t_assenti.musicxml	Violoncello	43	long_note_starts_on_beat	2	2	4	1	3	E-3	stop
074_belt_poi_che_t_assenti	data/cpdl/5-voices/reductions/string_quartet/074_belt_poi_che_t_assenti.musicxml	Violoncello	44	long_note_starts_on_beat	1	2	3	1	2	C3	
074_belt_poi_che_t_assenti	data/cpdl/5-voices/reductions/string_quartet/074_belt_poi_che_t_assenti.musicxml	Violoncello	45	long_note_starts_on_beat	0	2	2	1	1	E-3	stop
074_belt_poi_che_t_assenti	data/cpdl/5-voices/reductions/string_quartet/074_belt_poi_che_t_assenti.musicxml	Violoncello	46	long_note_starts_on_beat	0	2	2	1	1	G#3	
074_belt_poi_che_t_assenti	data/cpdl/5-voices/reductions/string_quartet/074_belt_poi_che_t_assenti.musicxml	Violoncello	46	long_note_starts_on_beat	2	2	4	1	3	A3	
074_belt_poi_che_t_assenti	data/cpdl/5-voices/reductions/string_quartet/074_belt_poi_che_t_assenti.musicxml	Violoncello	47	long_note_starts_on_beat	1	2	3	1	2	G3	
074_belt_poi_che_t_assenti	data/cpdl/5-voices/reductions/string_quartet/074_belt_poi_che_t_assenti.musicxml	Violoncello	49	long_note_starts_on_beat	0	2	2	1	1	F3	
074_belt_poi_che_t_assenti	data/cpdl/5-voices/reductions/string_quartet/074_belt_poi_che_t_assenti.musicxml	Violoncello	49	long_note_starts_on_beat	2	2	4	1	3	E-3	
074_belt_poi_che_t_assenti	data/cpdl/5-voices/reductions/string_quartet/074_belt_poi_che_t_assenti.musicxml	Violoncello	50	long_note_starts_on_beat	0	4	4	1	1,2,3	C#3	
074_belt_poi_che_t_assenti	data/cpdl/5-voices/reductions/string_quartet/074_belt_poi_che_t_assenti.musicxml	Violoncello	51	long_note_starts_on_beat	1	2	3	1	2	C4	
074_belt_poi_che_t_assenti	data/cpdl/5-voices/reductions/string_quartet/074_belt_poi_che_t_assenti.musicxml	Violoncello	53	long_note_starts_on_beat	2	2	4	1	3	E-3	
074_belt_poi_che_t_assenti	data/cpdl/5-voices/reductions/string_quartet/074_belt_poi_che_t_assenti.musicxml	Violoncello	54	long_note_starts_on_beat	0	4	4	1	1,2,3	D3	start
074_belt_poi_che_t_assenti	data/cpdl/5-voices/reductions/string_quartet/074_belt_poi_che_t_assenti.musicxml	Violoncello	55	long_note_starts_on_beat	0	4	4	1	1,2,3	D3	stop
074_belt_poi_che_t_assenti	data/cpdl/5-voices/reductions/string_quartet/074_belt_poi_che_t_assenti.musicxml	Violoncello	56	long_note_starts_on_beat	2	2	4	1	3	F#3	
074_belt_poi_che_t_assenti	data/cpdl/5-voices/reductions/string_quartet/074_belt_poi_che_t_assenti.musicxml	Violoncello	57	long_note_starts_on_beat	2	2	4	1	3	G3	
074_belt_poi_che_t_assenti	data/cpdl/5-voices/reductions/string_quartet/074_belt_poi_che_t_assenti.musicxml	Violoncello	58	long_note_starts_on_beat	0	4	4	1	1,2,3	F3	
074_belt_poi_che_t_assenti	data/cpdl/5-voices/reductions/string_quartet/074_belt_poi_che_t_assenti.musicxml	Violoncello	59	long_note_starts_on_beat	0	4	4	1	1,2,3	F3	start
074_belt_poi_che_t_assenti	data/cpdl/5-voices/reductions/string_quartet/074_belt_poi_che_t_assenti.musicxml	Violoncello	60	long_note_starts_on_beat	0	4	4	1	1,2,3	F3	stop
074_belt_poi_che_t_assenti	data/cpdl/5-voices/reductions/string_quartet/074_belt_poi_che_t_assenti.musicxml	Violoncello	61	long_note_starts_on_beat	2	2	4	1	3	F3	start
074_belt_poi_che_t_assenti	data/cpdl/5-voices/reductions/string_quartet/074_belt_poi_che_t_assenti.musicxml	Violoncello	62	long_note_starts_on_beat	0	2	2	1	1	F3	stop
074_belt_poi_che_t_assenti	data/cpdl/5-voices/reductions/string_quartet/074_belt_poi_che_t_assenti.musicxml	Violoncello	62	long_note_starts_on_beat	2	2	4	1	3	F3	start
074_belt_poi_che_t_assenti	data/cpdl/5-voices/reductions/string_quartet/074_belt_poi_che_t_assenti.musicxml	Violoncello	63	long_note_starts_on_beat	0	2	2	1	1	F3	stop
074_belt_poi_che_t_assenti	data/cpdl/5-voices/reductions/string_quartet/074_belt_poi_che_t_assenti.musicxml	Violoncello	63	long_note_starts_on_beat	2	2	4	1	3	F3	start
074_belt_poi_che_t_assenti	data/cpdl/5-voices/reductions/string_quartet/074_belt_poi_che_t_assenti.musicxml	Violoncello	64	long_note_starts_on_beat	0	2	2	1	1	F3	stop
074_belt_poi_che_t_assenti	data/cpdl/5-voices/reductions/string_quartet/074_belt_poi_che_t_assenti.musicxml	Violoncello	64	rest_starts_on_beat_crosses_later_beat	2	2	4	1	3	rest	
051_tristis_est_anima_mea	data/cpdl/6-voices/reductions/string_quartet/051_tristis_est_anima_mea.musicxml	Violin I	2	long_note_starts_on_beat	1	2	3	1	2	C#5	
051_tristis_est_anima_mea	data/cpdl/6-voices/reductions/string_quartet/051_tristis_est_anima_mea.musicxml	Violin I	3	long_note_starts_on_beat	0	2	2	1	1	E-5	
051_tristis_est_anima_mea	data/cpdl/6-voices/reductions/string_quartet/051_tristis_est_anima_mea.musicxml	Violin I	3	long_note_starts_on_beat	2	2	4	1	3	C5	start
051_tristis_est_anima_mea	data/cpdl/6-voices/reductions/string_quartet/051_tristis_est_anima_mea.musicxml	Violin I	4	long_note_starts_on_beat	2	2	4	1	3	C5	
051_tristis_est_anima_mea	data/cpdl/6-voices/reductions/string_quartet/051_tristis_est_anima_mea.musicxml	Violin I	5	long_note_starts_on_beat	1	3/2	5/2	1	2	G4	
051_tristis_est_anima_mea	data/cpdl/6-voices/reductions/string_quartet/051_tristis_est_anima_mea.musicxml	Violin I	6	long_note_starts_on_beat	0	2	2	1	1	G4	
051_tristis_est_anima_mea	data/cpdl/6-voices/reductions/string_quartet/051_tristis_est_anima_mea.musicxml	Violin I	6	long_note_starts_on_beat	2	2	4	1	3	F4	
051_tristis_est_anima_mea	data/cpdl/6-voices/reductions/string_quartet/051_tristis_est_anima_mea.musicxml	Violin I	7	long_note_starts_on_beat	1	3/2	5/2	1	2	F5	
051_tristis_est_anima_mea	data/cpdl/6-voices/reductions/string_quartet/051_tristis_est_anima_mea.musicxml	Violin I	8	long_note_starts_on_beat	0	4	4	1	1,2,3	G5	
051_tristis_est_anima_mea	data/cpdl/6-voices/reductions/string_quartet/051_tristis_est_anima_mea.musicxml	Violin I	9	long_note_starts_on_beat	1	2	3	1	2	C5	
051_tristis_est_anima_mea	data/cpdl/6-voices/reductions/string_quartet/051_tristis_est_anima_mea.musicxml	Violin I	10	long_note_starts_on_beat	1	2	3	1	2	A-4	
051_tristis_est_anima_mea	data/cpdl/6-voices/reductions/string_quartet/051_tristis_est_anima_mea.musicxml	Violin I	11	long_note_starts_on_beat	1	2	3	1	2	F5	
051_tristis_est_anima_mea	data/cpdl/6-voices/reductions/string_quartet/051_tristis_est_anima_mea.musicxml	Violin I	12	long_note_starts_on_beat	1	3/2	5/2	1	2	G4	
051_tristis_est_anima_mea	data/cpdl/6-voices/reductions/string_quartet/051_tristis_est_anima_mea.musicxml	Violin I	13	long_note_starts_on_beat	0	2	2	1	1	E-5	
051_tristis_est_anima_mea	data/cpdl/6-voices/reductions/string_quartet/051_tristis_est_anima_mea.musicxml	Violin I	14	long_note_starts_on_beat	0	2	2	1	1	C5	
051_tristis_est_anima_mea	data/cpdl/6-voices/reductions/string_quartet/051_tristis_est_anima_mea.musicxml	Violin I	14	long_note_starts_on_beat	2	2	4	1	3	E-5	
051_tristis_est_anima_mea	data/cpdl/6-voices/reductions/string_quartet/051_tristis_est_anima_mea.musicxml	Violin I	15	long_note_starts_on_beat	0	4	4	1	1,2,3	G5	
051_tristis_est_anima_mea	data/cpdl/6-voices/reductions/string_quartet/051_tristis_est_anima_mea.musicxml	Violin I	16	long_note_starts_on_beat	0	2	2	1	1	G4	
051_tristis_est_anima_mea	data/cpdl/6-voices/reductions/string_quartet/051_tristis_est_anima_mea.musicxml	Violin I	16	long_note_starts_on_beat	2	2	4	1	3	G4	start
051_tristis_est_anima_mea	data/cpdl/6-voices/reductions/string_quartet/051_tristis_est_anima_mea.musicxml	Violin I	17	long_note_starts_on_beat	0	2	2	1	1	G4	stop
051_tristis_est_anima_mea	data/cpdl/6-voices/reductions/string_quartet/051_tristis_est_anima_mea.musicxml	Violin I	18	long_note_starts_on_beat	0	3/2	3/2	1	1	D5	
051_tristis_est_anima_mea	data/cpdl/6-voices/reductions/string_quartet/051_tristis_est_anima_mea.musicxml	Violin I	18	long_note_starts_on_beat	2	2	4	1	3	D5	
051_tristis_est_anima_mea	data/cpdl/6-voices/reductions/string_quartet/051_tristis_est_anima_mea.musicxml	Violin I	19	long_note_starts_on_beat	2	3/2	7/2	1	3	E5	
051_tristis_est_anima_mea	data/cpdl/6-voices/reductions/string_quartet/051_tristis_est_anima_mea.musicxml	Violin I	20	long_note_starts_on_beat	0	2	2	1	1	E5	
051_tristis_est_anima_mea	data/cpdl/6-voices/reductions/string_quartet/051_tristis_est_anima_mea.musicxml	Violin I	21	long_note_starts_on_beat	0	3/2	3/2	1	1	A-5	
051_tristis_est_anima_mea	data/cpdl/6-voices/reductions/string_quartet/051_tristis_est_anima_mea.musicxml	Violin I	21	long_note_starts_on_beat	2	2	4	1	3	C#5	
051_tristis_est_anima_mea	data/cpdl/6-voices/reductions/string_quartet/051_tristis_est_anima_mea.musicxml	Violin I	22	long_note_starts_on_beat	0	2	2	1	1	E-5	
051_tristis_est_anima_mea	data/cpdl/6-voices/reductions/string_quartet/051_tristis_est_anima_mea.musicxml	Violin I	23	long_note_starts_on_beat	0	2	2	1	1	B-4	
051_tristis_est_anima_mea	data/cpdl/6-voices/reductions/string_quartet/051_tristis_est_anima_mea.musicxml	Violin I	23	long_note_starts_on_beat	2	2	4	1	3	B-4	
051_tristis_est_anima_mea	data/cpdl/6-voices/reductions/string_quartet/051_tristis_est_anima_mea.musicxml	Violin I	24	rest_starts_on_beat_crosses_later_beat	0	2	2	1	1	rest	
051_tristis_est_anima_mea	data/cpdl/6-voices/reductions/string_quartet/051_tristis_est_anima_mea.musicxml	Violin I	25	long_note_starts_on_beat	2	2	4	1	3	C5	
051_tristis_est_anima_mea	data/cpdl/6-voices/reductions/string_quartet/051_tristis_est_anima_mea.musicxml	Violin I	26	long_note_starts_on_beat	1	2	3	1	2	F5	
051_tristis_est_anima_mea	data/cpdl/6-voices/reductions/string_quartet/051_tristis_est_anima_mea.musicxml	Violin I	27	note_crosses_beat	3/2	1	5/2	1	2	F5	
051_tristis_est_anima_mea	data/cpdl/6-voices/reductions/string_quartet/051_tristis_est_anima_mea.musicxml	Violin I	28	long_note_starts_on_beat	0	4	4	1	1,2,3	C5	
051_tristis_est_anima_mea	data/cpdl/6-voices/reductions/string_quartet/051_tristis_est_anima_mea.musicxml	Violin I	29	long_note_starts_on_beat	0	4	4	1	1,2,3	F5	
051_tristis_est_anima_mea	data/cpdl/6-voices/reductions/string_quartet/051_tristis_est_anima_mea.musicxml	Violin I	30	rest_starts_on_beat_crosses_later_beat	0	2	2	1	1	rest	
051_tristis_est_anima_mea	data/cpdl/6-voices/reductions/string_quartet/051_tristis_est_anima_mea.musicxml	Violin I	31	note_crosses_beat	1/2	1	3/2	1	1	F5	
051_tristis_est_anima_mea	data/cpdl/6-voices/reductions/string_quartet/051_tristis_est_anima_mea.musicxml	Violin I	32	note_crosses_beat	1/2	1	3/2	1	1	E-5	
051_tristis_est_anima_mea	data/cpdl/6-voices/reductions/string_quartet/051_tristis_est_anima_mea.musicxml	Violin I	35	long_note_starts_on_beat	2	2	4	1	3	G4	
051_tristis_est_anima_mea	data/cpdl/6-voices/reductions/string_quartet/051_tristis_est_anima_mea.musicxml	Violin I	36	long_note_starts_on_beat	1	2	3	1	2	D4	
051_tristis_est_anima_mea	data/cpdl/6-voices/reductions/string_quartet/051_tristis_est_anima_mea.musicxml	Violin I	37	long_note_starts_on_beat	2	2	4	1	3	F4	
051_tristis_est_anima_mea	data/cpdl/6-voices/reductions/string_quartet/051_tristis_est_anima_mea.musicxml	Violin I	38	long_note_starts_on_beat	0	2	2	1	1	C4	
051_tristis_est_anima_mea	data/cpdl/6-voices/reductions/string_quartet/051_tristis_est_anima_mea.musicxml	Violin I	41	long_note_starts_on_beat	0	2	2	1	1	E-5	
051_tristis_est_anima_mea	data/cpdl/6-voices/reductions/string_quartet/051_tristis_est_anima_mea.musicxml	Violin I	41	long_note_starts_on_beat	2	2	4	1	3	C5	
051_tristis_est_anima_mea	data/cpdl/6-voices/reductions/string_quartet/051_tristis_est_anima_mea.musicxml	Violin I	42	long_note_starts_on_beat	1	2	3	1	2	B4	
051_tristis_est_anima_mea	data/cpdl/6-voices/reductions/string_quartet/051_tristis_est_anima_mea.musicxml	Violin I	43	long_note_starts_on_beat	0	4	4	1	1,2,3	B-4	
051_tristis_est_anima_mea	data/cpdl/6-voices/reductions/string_quartet/051_tristis_est_anima_mea.musicxml	Violin I	44	long_note_starts_on_beat	0	3	3	1	1,2	A4	
051_tristis_est_anima_mea	data/cpdl/6-voices/reductions/string_quartet/051_tristis_est_anima_mea.musicxml	Violin I	45	long_note_starts_on_beat	0	2	2	1	1	D-5	
051_tristis_est_anima_mea	data/cpdl/6-voices/reductions/string_quartet/051_tristis_est_anima_mea.musicxml	Violin I	45	long_note_starts_on_beat	2	2	4	1	3	C5	
051_tristis_est_anima_mea	data/cpdl/6-voices/reductions/string_quartet/051_tristis_est_anima_mea.musicxml	Violin I	46	long_note_starts_on_beat	0	4	4	1	1,2,3	C5	start
051_tristis_est_anima_mea	data/cpdl/6-voices/reductions/string_quartet/051_tristis_est_anima_mea.musicxml	Violin I	47	long_note_starts_on_beat	0	4	4	1	1,2,3	C5	stop
051_tristis_est_anima_mea	data/cpdl/6-voices/reductions/string_quartet/051_tristis_est_anima_mea.musicxml	Violin I	48	long_note_starts_on_beat	0	2	2	1	1	E-5	
051_tristis_est_anima_mea	data/cpdl/6-voices/reductions/string_quartet/051_tristis_est_anima_mea.musicxml	Violin I	48	long_note_starts_on_beat	2	2	4	1	3	E-5	start
051_tristis_est_anima_mea	data/cpdl/6-voices/reductions/string_quartet/051_tristis_est_anima_mea.musicxml	Violin I	49	long_note_starts_on_beat	1	2	3	1	2	D-5	
051_tristis_est_anima_mea	data/cpdl/6-voices/reductions/string_quartet/051_tristis_est_anima_mea.musicxml	Violin I	50	long_note_starts_on_beat	1	2	3	1	2	B-4	
051_tristis_est_anima_mea	data/cpdl/6-voices/reductions/string_quartet/051_tristis_est_anima_mea.musicxml	Violin I	51	long_note_starts_on_beat	0	2	2	1	1	G4	
051_tristis_est_anima_mea	data/cpdl/6-voices/reductions/string_quartet/051_tristis_est_anima_mea.musicxml	Violin I	51	long_note_starts_on_beat	2	2	4	1	3	G4	
051_tristis_est_anima_mea	data/cpdl/6-voices/reductions/string_quartet/051_tristis_est_anima_mea.musicxml	Violin I	52	long_note_starts_on_beat	2	3/2	7/2	1	3	A4	
051_tristis_est_anima_mea	data/cpdl/6-voices/reductions/string_quartet/051_tristis_est_anima_mea.musicxml	Violin I	53	long_note_starts_on_beat	1	2	3	1	2	E-5	
051_tristis_est_anima_mea	data/cpdl/6-voices/reductions/string_quartet/051_tristis_est_anima_mea.musicxml	Violin I	54	long_note_starts_on_beat	2	2	4	1	3	E5	
051_tristis_est_anima_mea	data/cpdl/6-voices/reductions/string_quartet/051_tristis_est_anima_mea.musicxml	Violin I	55	long_note_starts_on_beat	0	2	2	1	1	E5	
051_tristis_est_anima_mea	data/cpdl/6-voices/reductions/string_quartet/051_tristis_est_anima_mea.musicxml	Violin I	56	long_note_starts_on_beat	2	2	4	1	3	C5	
051_tristis_est_anima_mea	data/cpdl/6-voices/reductions/string_quartet/051_tristis_est_anima_mea.musicxml	Violin I	57	long_note_starts_on_beat	2	3/2	7/2	1	3	E-5	
051_tristis_est_anima_mea	data/cpdl/6-voices/reductions/string_quartet/051_tristis_est_anima_mea.musicxml	Violin I	58	long_note_starts_on_beat	0	4	4	1	1,2,3	C5	start
051_tristis_est_anima_mea	data/cpdl/6-voices/reductions/string_quartet/051_tristis_est_anima_mea.musicxml	Violin I	59	long_note_starts_on_beat	0	2	2	1	1	C5	stop
051_tristis_est_anima_mea	data/cpdl/6-voices/reductions/string_quartet/051_tristis_est_anima_mea.musicxml	Violin I	59	long_note_starts_on_beat	2	2	4	1	3	B4	
051_tristis_est_anima_mea	data/cpdl/6-voices/reductions/string_quartet/051_tristis_est_anima_mea.musicxml	Violin II	2	long_note_starts_on_beat	0	2	2	1	1	F4	
051_tristis_est_anima_mea	data/cpdl/6-voices/reductions/string_quartet/051_tristis_est_anima_mea.musicxml	Violin II	2	long_note_starts_on_beat	2	2	4	1	3	F4	
051_tristis_est_anima_mea	data/cpdl/6-voices/reductions/string_quartet/051_tristis_est_anima_mea.musicxml	Violin II	3	long_note_starts_on_beat	1	2	3	1	2	G4	
051_tristis_est_anima_mea	data/cpdl/6-voices/reductions/string_quartet/051_tristis_est_anima_mea.musicxml	Violin II	4	long_note_starts_on_beat	2	2	4	1	3	E-4	
051_tristis_est_anima_mea	data/cpdl/6-voices/reductions/string_quartet/051_tristis_est_anima_mea.musicxml	Violin II	7	long_note_starts_on_beat	1	3/2	5/2	1	2	A#4	
051_tristis_est_anima_mea	data/cpdl/6-voices/reductions/string_quartet/051_tristis_est_anima_mea.musicxml	Violin II	8	long_note_starts_on_beat	2	2	4	1	3	C4	
051_tristis_est_anima_mea	data/cpdl/6-voices/reductions/string_quartet/051_tristis_est_anima_mea.musicxml	Violin II	10	long_note_starts_on_beat	0	2	2	1	1	E-4	
051_tristis_est_anima_mea	data/cpdl/6-voices/reductions/string_quartet/051_tristis_est_anima_mea.musicxml	Violin II	10	long_note_starts_on_beat	2	2	4	1	3	E-4	
051_tristis_est_anima_mea	data/cpdl/6-voices/reductions/string_quartet/051_tristis_est_anima_mea.musicxml	Violin II	11	long_note_starts_on_beat	2	3/2	7/2	1	3	C4	
051_tristis_est_anima_mea	data/cpdl/6-voices/reductions/string_quartet/051_tristis_est_anima_mea.musicxml	Violin II	12	long_note_starts_on_beat	0	2	2	1	1	E-4	
051_tristis_est_anima_mea	data/cpdl/6-voices/reductions/string_quartet/051_tristis_est_anima_mea.musicxml	Violin II	12	long_note_starts_on_beat	2	2	4	1	3	B-3	
051_tristis_est_anima_mea	data/cpdl/6-voices/reductions/string_quartet/051_tristis_est_anima_mea.musicxml	Violin II	13	long_note_starts_on_beat	0	4	4	1	1,2,3	C4	
051_tristis_est_anima_mea	data/cpdl/6-voices/reductions/string_quartet/051_tristis_est_anima_mea.musicxml	Violin II	14	long_note_starts_on_beat	0	2	2	1	1	E4	
051_tristis_est_anima_mea	data/cpdl/6-voices/reductions/string_quartet/051_tristis_est_anima_mea.musicxml	Violin II	14	long_note_starts_on_beat	2	2	4	1	3	G3	
051_tristis_est_anima_mea	data/cpdl/6-voices/reductions/string_quartet/051_tristis_est_anima_mea.musicxml	Violin II	16	long_note_starts_on_beat	0	2	2	1	1	C5	
051_tristis_est_anima_mea	data/cpdl/6-voices/reductions/string_quartet/051_tristis_est_anima_mea.musicxml	Violin II	16	long_note_starts_on_beat	2	2	4	1	3	D5	start
051_tristis_est_anima_mea	data/cpdl/6-voices/reductions/string_quartet/051_tristis_est_anima_mea.musicxml	Violin II	17	long_note_starts_on_beat	0	2	2	1	1	D5	stop
051_tristis_est_anima_mea	data/cpdl/6-voices/reductions/string_quartet/051_tristis_est_anima_mea.musicxml	Violin II	18	long_note_starts_on_beat	0	3/2	3/2	1	1	F#4	
051_tristis_est_anima_mea	data/cpdl/6-voices/reductions/string_quartet/051_tristis_est_anima_mea.musicxml	Violin II	18	long_note_starts_on_beat	2	2	4	1	3	F#4	
051_tristis_est_anima_mea	data/cpdl/6-voices/reductions/string_quartet/051_tristis_est_anima_mea.musicxml	Violin II	19	long_note_starts_on_beat	2	3/2	7/2	1	3	G4	
051_tristis_est_anima_mea	data/cpdl/6-voices/reductions/string_quartet/051_tristis_est_anima_mea.musicxml	Violin II	20	long_note_starts_on_beat	0	2	2	1	1	G4	
051_tristis_est_anima_mea	data/cpdl/6-voices/reductions/string_quartet/051_tristis_est_anima_mea.musicxml	Violin II	21	long_note_starts_on_beat	2	2	4	1	3	D-4	
051_tristis_est_anima_mea	data/cpdl/6-voices/reductions/string_quartet/051_tristis_est_anima_mea.musicxml	Violin II	23	long_note_starts_on_beat	0	2	2	1	1	G4	
051_tristis_est_anima_mea	data/cpdl/6-voices/reductions/string_quartet/051_tristis_est_anima_mea.musicxml	Violin II	23	long_note_starts_on_beat	2	2	4	1	3	G4	
051_tristis_est_anima_mea	data/cpdl/6-voices/reductions/string_quartet/051_tristis_est_anima_mea.musicxml	Violin II	24	rest_starts_on_beat_crosses_later_beat	0	2	2	1	1	rest	
051_tristis_est_anima_mea	data/cpdl/6-voices/reductions/string_quartet/051_tristis_est_anima_mea.musicxml	Violin II	28	long_note_starts_on_beat	0	4	4	1	1,2,3	A4	
051_tristis_est_anima_mea	data/cpdl/6-voices/reductions/string_quartet/051_tristis_est_anima_mea.musicxml	Violin II	29	long_note_starts_on_beat	0	4	4	1	1,2,3	A4	
051_tristis_est_anima_mea	data/cpdl/6-voices/reductions/string_quartet/051_tristis_est_anima_mea.musicxml	Violin II	31	long_note_starts_on_beat	0	2	2	1	1	A-4	
051_tristis_est_anima_mea	data/cpdl/6-voices/reductions/string_quartet/051_tristis_est_anima_mea.musicxml	Violin II	31	note_crosses_beat	5/2	1	7/2	1	3	E-4	
051_tristis_est_anima_mea	data/cpdl/6-voices/reductions/string_quartet/051_tristis_est_anima_mea.musicxml	Violin II	33	long_note_starts_on_beat	1	2	3	1	2	D4	
051_tristis_est_anima_mea	data/cpdl/6-voices/reductions/string_quartet/051_tristis_est_anima_mea.musicxml	Violin II	35	long_note_starts_on_beat	0	2	2	1	1	B-4	
051_tristis_est_anima_mea	data/cpdl/6-voices/reductions/string_quartet/051_tristis_est_anima_mea.musicxml	Violin II	36	long_note_starts_on_beat	1	2	3	1	2	F#4	
051_tristis_est_anima_mea	data/cpdl/6-voices/reductions/string_quartet/051_tristis_est_anima_mea.musicxml	Violin II	37	long_note_starts_on_beat	0	4	4	1	1,2,3	F4	
051_tristis_est_anima_mea	data/cpdl/6-voices/reductions/string_quartet/051_tristis_est_anima_mea.musicxml	Violin II	38	long_note_starts_on_beat	0	2	2	1	1	E4	
051_tristis_est_anima_mea	data/cpdl/6-voices/reductions/string_quartet/051_tristis_est_anima_mea.musicxml	Violin II	39	long_note_starts_on_beat	1	2	3	1	2	G4	
051_tristis_est_anima_mea	data/cpdl/6-voices/reductions/string_quartet/051_tristis_est_anima_mea.musicxml	Violin II	42	long_note_starts_on_beat	1	2	3	1	2	D4	
051_tristis_est_anima_mea	data/cpdl/6-voices/reductions/string_quartet/051_tristis_est_anima_mea.musicxml	Violin II	43	long_note_starts_on_beat	0	2	2	1	1	E-4	
051_tristis_est_anima_mea	data/cpdl/6-voices/reductions/string_quartet/051_tristis_est_anima_mea.musicxml	Violin II	43	long_note_starts_on_beat	2	2	4	1	3	F4	
051_tristis_est_anima_mea	data/cpdl/6-voices/reductions/string_quartet/051_tristis_est_anima_mea.musicxml	Violin II	44	long_note_starts_on_beat	0	4	4	1	1,2,3	F4	
051_tristis_est_anima_mea	data/cpdl/6-voices/reductions/string_quartet/051_tristis_est_anima_mea.musicxml	Violin II	45	long_note_starts_on_beat	0	2	2	1	1	F4	
051_tristis_est_anima_mea	data/cpdl/6-voices/reductions/string_quartet/051_tristis_est_anima_mea.musicxml	Violin II	46	long_note_starts_on_beat	0	3/2	3/2	1	1	F4	
051_tristis_est_anima_mea	data/cpdl/6-voices/reductions/string_quartet/051_tristis_est_anima_mea.musicxml	Violin II	46	long_note_starts_on_beat	2	2	4	1	3	F4	
051_tristis_est_anima_mea	data/cpdl/6-voices/reductions/string_quartet/051_tristis_est_anima_mea.musicxml	Violin II	47	long_note_starts_on_beat	0	4	4	1	1,2,3	E4	
051_tristis_est_anima_mea	data/cpdl/6-voices/reductions/string_quartet/051_tristis_est_anima_mea.musicxml	Violin II	48	long_note_starts_on_beat	0	2	2	1	1	C5	
051_tristis_est_anima_mea	data/cpdl/6-voices/reductions/string_quartet/051_tristis_est_anima_mea.musicxml	Violin II	48	long_note_starts_on_beat	2	2	4	1	3	C5	start
051_tristis_est_anima_mea	data/cpdl/6-voices/reductions/string_quartet/051_tristis_est_anima_mea.musicxml	Violin II	49	long_note_starts_on_beat	2	2	4	1	3	G4	
051_tristis_est_anima_mea	data/cpdl/6-voices/reductions/string_quartet/051_tristis_est_anima_mea.musicxml	Violin II	50	long_note_starts_on_beat	0	3	3	1	1,2	F4	
051_tristis_est_anima_mea	data/cpdl/6-voices/reductions/string_quartet/051_tristis_est_anima_mea.musicxml	Violin II	51	long_note_starts_on_beat	0	2	2	1	1	D4	
051_tristis_est_anima_mea	data/cpdl/6-voices/reductions/string_quartet/051_tristis_est_anima_mea.musicxml	Violin II	51	long_note_starts_on_beat	2	2	4	1	3	D4	
051_tristis_est_anima_mea	data/cpdl/6-voices/reductions/string_quartet/051_tristis_est_anima_mea.musicxml	Violin II	52	long_note_starts_on_beat	2	3/2	7/2	1	3	F4	
051_tristis_est_anima_mea	data/cpdl/6-voices/reductions/string_quartet/051_tristis_est_anima_mea.musicxml	Violin II	53	long_note_starts_on_beat	1	2	3	1	2	B-4	
051_tristis_est_anima_mea	data/cpdl/6-voices/reductions/string_quartet/051_tristis_est_anima_mea.musicxml	Violin II	54	long_note_starts_on_beat	1	2	3	1	2	A4	
051_tristis_est_anima_mea	data/cpdl/6-voices/reductions/string_quartet/051_tristis_est_anima_mea.musicxml	Violin II	56	long_note_starts_on_beat	1	2	3	1	2	G4	
051_tristis_est_anima_mea	data/cpdl/6-voices/reductions/string_quartet/051_tristis_est_anima_mea.musicxml	Violin II	59	long_note_starts_on_beat	0	2	2	1	1	C4	
051_tristis_est_anima_mea	data/cpdl/6-voices/reductions/string_quartet/051_tristis_est_anima_mea.musicxml	Violin II	59	long_note_starts_on_beat	2	2	4	1	3	D4	
051_tristis_est_anima_mea	data/cpdl/6-voices/reductions/string_quartet/051_tristis_est_anima_mea.musicxml	Viola	2	long_note_starts_on_beat	1	2	3	1	2	D-4	
051_tristis_est_anima_mea	data/cpdl/6-voices/reductions/string_quartet/051_tristis_est_anima_mea.musicxml	Viola	3	long_note_starts_on_beat	0	2	2	1	1	A-3	
051_tristis_est_anima_mea	data/cpdl/6-voices/reductions/string_quartet/051_tristis_est_anima_mea.musicxml	Viola	3	long_note_starts_on_beat	2	2	4	1	3	A-3	
051_tristis_est_anima_mea	data/cpdl/6-voices/reductions/string_quartet/051_tristis_est_anima_mea.musicxml	Viola	4	long_note_starts_on_beat	0	3/2	3/2	1	1	F4	
051_tristis_est_anima_mea	data/cpdl/6-voices/reductions/string_quartet/051_tristis_est_anima_mea.musicxml	Viola	6	long_note_starts_on_beat	1	2	3	1	2	B-3	
051_tristis_est_anima_mea	data/cpdl/6-voices/reductions/string_quartet/051_tristis_est_anima_mea.musicxml	Viola	7	long_note_starts_on_beat	0	2	2	1	1	F3	
051_tristis_est_anima_mea	data/cpdl/6-voices/reductions/string_quartet/051_tristis_est_anima_mea.musicxml	Viola	10	long_note_starts_on_beat	0	2	2	1	1	C5	
051_tristis_est_anima_mea	data/cpdl/6-voices/reductions/string_quartet/051_tristis_est_anima_mea.musicxml	Viola	11	long_note_starts_on_beat	1	2	3	1	2	B-4	
051_tristis_est_anima_mea	data/cpdl/6-voices/reductions/string_quartet/051_tristis_est_anima_mea.musicxml	Viola	13	long_note_starts_on_beat	1	2	3	1	2	C5	
051_tristis_est_anima_mea	data/cpdl/6-voices/reductions/string_quartet/051_tristis_est_anima_mea.musicxml	Viola	14	long_note_starts_on_beat	0	2	2	1	1	G5	
051_tristis_est_anima_mea	data/cpdl/6-voices/reductions/string_quartet/051_tristis_est_anima_mea.musicxml	Viola	14	long_note_starts_on_beat	2	2	4	1	3	C5	
051_tristis_est_anima_mea	data/cpdl/6-voices/reductions/string_quartet/051_tristis_est_anima_mea.musicxml	Viola	15	long_note_starts_on_beat	1	2	3	1	2	F4	
051_tristis_est_anima_mea	data/cpdl/6-voices/reductions/string_quartet/051_tristis_est_anima_mea.musicxml	Viola	16	long_note_starts_on_beat	0	2	2	1	1	E-4	
051_tristis_est_anima_mea	data/cpdl/6-voices/reductions/string_quartet/051_tristis_est_anima_mea.musicxml	Viola	16	long_note_starts_on_beat	2	2	4	1	3	D4	
051_tristis_est_anima_mea	data/cpdl/6-voices/reductions/string_quartet/051_tristis_est_anima_mea.musicxml	Viola	17	long_note_starts_on_beat	0	2	2	1	1	B3	
051_tristis_est_anima_mea	data/cpdl/6-voices/reductions/string_quartet/051_tristis_est_anima_mea.musicxml	Viola	18	long_note_starts_on_beat	0	3/2	3/2	1	1	A3	
051_tristis_est_anima_mea	data/cpdl/6-voices/reductions/string_quartet/051_tristis_est_anima_mea.musicxml	Viola	18	long_note_starts_on_beat	2	2	4	1	3	A3	
051_tristis_est_anima_mea	data/cpdl/6-voices/reductions/string_quartet/051_tristis_est_anima_mea.musicxml	Viola	19	long_note_starts_on_beat	2	3/2	7/2	1	3	C5	
051_tristis_est_anima_mea	data/cpdl/6-voices/reductions/string_quartet/051_tristis_est_anima_mea.musicxml	Viola	20	long_note_starts_on_beat	0	2	2	1	1	C5	
051_tristis_est_anima_mea	data/cpdl/6-voices/reductions/string_quartet/051_tristis_est_anima_mea.musicxml	Viola	22	note_crosses_beat	3/2	1	5/2	1	2	C5	
051_tristis_est_anima_mea	data/cpdl/6-voices/reductions/string_quartet/051_tristis_est_anima_mea.musicxml	Viola	23	long_note_starts_on_beat	0	3	3	1	1,2	B-3	
051_tristis_est_anima_mea	data/cpdl/6-voices/reductions/string_quartet/051_tristis_est_anima_mea.musicxml	Viola	25	long_note_starts_on_beat	2	3/2	7/2	1	3	F3	
051_tristis_est_anima_mea	data/cpdl/6-voices/reductions/string_quartet/051_tristis_est_anima_mea.musicxml	Viola	26	note_crosses_beat	5/2	1	7/2	1	3	A-4	
051_tristis_est_anima_mea	data/cpdl/6-voices/reductions/string_quartet/051_tristis_est_anima_mea.musicxml	Viola	27	note_crosses_beat	3/2	1	5/2	1	2	C#4	
051_tristis_est_anima_mea	data/cpdl/6-voices/reductions/string_quartet/051_tristis_est_anima_mea.musicxml	Viola	28	long_note_starts_on_beat	0	4	4	1	1,2,3	F4	
051_tristis_est_anima_mea	data/cpdl/6-voices/reductions/string_quartet/051_tristis_est_anima_mea.musicxml	Viola	29	long_note_starts_on_beat	0	4	4	1	1,2,3	C4	
051_tristis_est_anima_mea	data/cpdl/6-voices/reductions/string_quartet/051_tristis_est_anima_mea.musicxml	Viola	35	long_note_starts_on_beat	0	3	3	1	1,2	G3	
051_tristis_est_anima_mea	data/cpdl/6-voices/reductions/string_quartet/051_tristis_est_anima_mea.musicxml	Viola	36	long_note_starts_on_beat	1	2	3	1	2	A3	
051_tristis_est_anima_mea	data/cpdl/6-voices/reductions/string_quartet/051_tristis_est_anima_mea.musicxml	Viola	37	long_note_starts_on_beat	2	2	4	1	3	B-3	
051_tristis_est_anima_mea	data/cpdl/6-voices/reductions/string_quartet/051_tristis_est_anima_mea.musicxml	Viola	38	long_note_starts_on_beat	0	2	2	1	1	G3	
051_tristis_est_anima_mea	data/cpdl/6-voices/reductions/string_quartet/051_tristis_est_anima_mea.musicxml	Viola	41	long_note_starts_on_beat	0	3	3	1	1,2	C4	
051_tristis_est_anima_mea	data/cpdl/6-voices/reductions/string_quartet/051_tristis_est_anima_mea.musicxml	Viola	42	long_note_starts_on_beat	1	2	3	1	2	G3	
051_tristis_est_anima_mea	data/cpdl/6-voices/reductions/string_quartet/051_tristis_est_anima_mea.musicxml	Viola	43	long_note_starts_on_beat	2	2	4	1	3	C#4	
051_tristis_est_anima_mea	data/cpdl/6-voices/reductions/string_quartet/051_tristis_est_anima_mea.musicxml	Viola	44	long_note_starts_on_beat	0	2	2	1	1	C4	
051_tristis_est_anima_mea	data/cpdl/6-voices/reductions/string_quartet/051_tristis_est_anima_mea.musicxml	Viola	45	long_note_starts_on_beat	2	2	4	1	3	A3	
051_tristis_est_anima_mea	data/cpdl/6-voices/reductions/string_quartet/051_tristis_est_anima_mea.musicxml	Viola	46	long_note_starts_on_beat	0	4	4	1	1,2,3	A-3	
051_tristis_est_anima_mea	data/cpdl/6-voices/reductions/string_quartet/051_tristis_est_anima_mea.musicxml	Viola	47	long_note_starts_on_beat	0	4	4	1	1,2,3	G3	
051_tristis_est_anima_mea	data/cpdl/6-voices/reductions/string_quartet/051_tristis_est_anima_mea.musicxml	Viola	48	long_note_starts_on_beat	0	2	2	1	1	A-4	
051_tristis_est_anima_mea	data/cpdl/6-voices/reductions/string_quartet/051_tristis_est_anima_mea.musicxml	Viola	48	long_note_starts_on_beat	2	2	4	1	3	A-4	
051_tristis_est_anima_mea	data/cpdl/6-voices/reductions/string_quartet/051_tristis_est_anima_mea.musicxml	Viola	49	long_note_starts_on_beat	0	2	2	1	1	F4	
051_tristis_est_anima_mea	data/cpdl/6-voices/reductions/string_quartet/051_tristis_est_anima_mea.musicxml	Viola	49	long_note_starts_on_beat	2	2	4	1	3	E-4	
051_tristis_est_anima_mea	data/cpdl/6-voices/reductions/string_quartet/051_tristis_est_anima_mea.musicxml	Viola	50	long_note_starts_on_beat	0	3	3	1	1,2	D4	
051_tristis_est_anima_mea	data/cpdl/6-voices/reductions/string_quartet/051_tristis_est_anima_mea.musicxml	Viola	51	long_note_starts_on_beat	0	2	2	1	1	B3	
051_tristis_est_anima_mea	data/cpdl/6-voices/reductions/string_quartet/051_tristis_est_anima_mea.musicxml	Viola	51	long_note_starts_on_beat	2	2	4	1	3	B3	
051_tristis_est_anima_mea	data/cpdl/6-voices/reductions/string_quartet/051_tristis_est_anima_mea.musicxml	Viola	52	long_note_starts_on_beat	2	3/2	7/2	1	3	C4	
051_tristis_est_anima_mea	data/cpdl/6-voices/reductions/string_quartet/051_tristis_est_anima_mea.musicxml	Viola	53	long_note_starts_on_beat	1	2	3	1	2	G4	
051_tristis_est_anima_mea	data/cpdl/6-voices/reductions/string_quartet/051_tristis_est_anima_mea.musicxml	Viola	54	long_note_starts_on_beat	2	2	4	1	3	C5	
051_tristis_est_anima_mea	data/cpdl/6-voices/reductions/string_quartet/051_tristis_est_anima_mea.musicxml	Viola	55	long_note_starts_on_beat	0	2	2	1	1	B4	
051_tristis_est_anima_mea	data/cpdl/6-voices/reductions/string_quartet/051_tristis_est_anima_mea.musicxml	Viola	56	long_note_starts_on_beat	2	2	4	1	3	A4	
051_tristis_est_anima_mea	data/cpdl/6-voices/reductions/string_quartet/051_tristis_est_anima_mea.musicxml	Viola	58	long_note_starts_on_beat	1	2	3	1	2	G4	
051_tristis_est_anima_mea	data/cpdl/6-voices/reductions/string_quartet/051_tristis_est_anima_mea.musicxml	Viola	59	long_note_starts_on_beat	0	2	2	1	1	F4	
051_tristis_est_anima_mea	data/cpdl/6-voices/reductions/string_quartet/051_tristis_est_anima_mea.musicxml	Viola	59	long_note_starts_on_beat	2	2	4	1	3	G4	
051_tristis_est_anima_mea	data/cpdl/6-voices/reductions/string_quartet/051_tristis_est_anima_mea.musicxml	Violoncello	2	long_note_starts_on_beat	2	2	4	1	3	A-3	
051_tristis_est_anima_mea	data/cpdl/6-voices/reductions/string_quartet/051_tristis_est_anima_mea.musicxml	Violoncello	3	long_note_starts_on_beat	2	2	4	1	3	C4	
051_tristis_est_anima_mea	data/cpdl/6-voices/reductions/string_quartet/051_tristis_est_anima_mea.musicxml	Violoncello	4	long_note_starts_on_beat	0	2	2	1	1	D-3	
051_tristis_est_anima_mea	data/cpdl/6-voices/reductions/string_quartet/051_tristis_est_anima_mea.musicxml	Violoncello	4	long_note_starts_on_beat	2	2	4	1	3	C3	
051_tristis_est_anima_mea	data/cpdl/6-voices/reductions/string_quartet/051_tristis_est_anima_mea.musicxml	Violoncello	5	long_note_starts_on_beat	0	2	2	1	1	B-2	
051_tristis_est_anima_mea	data/cpdl/6-voices/reductions/string_quartet/051_tristis_est_anima_mea.musicxml	Violoncello	5	long_note_starts_on_beat	2	2	4	1	3	C3	start
051_tristis_est_anima_mea	data/cpdl/6-voices/reductions/string_quartet/051_tristis_est_anima_mea.musicxml	Violoncello	6	long_note_starts_on_beat	0	2	2	1	1	C3	stop
051_tristis_est_anima_mea	data/cpdl/6-voices/reductions/string_quartet/051_tristis_est_anima_mea.musicxml	Violoncello	6	long_note_starts_on_beat	2	2	4	1	3	F3	
051_tristis_est_anima_mea	data/cpdl/6-voices/reductions/string_quartet/051_tristis_est_anima_mea.musicxml	Violoncello	7	long_note_starts_on_beat	0	3	3	1	1,2	D3	
051_tristis_est_anima_mea	data/cpdl/6-voices/reductions/string_quartet/051_tristis_est_anima_mea.musicxml	Violoncello	8	long_note_starts_on_beat	1	3/2	5/2	1	2	E-3	
051_tristis_est_anima_mea	data/cpdl/6-voices/reductions/string_quartet/051_tristis_est_anima_mea.musicxml	Violoncello	10	long_note_starts_on_beat	0	2	2	1	1	A-3	
051_tristis_est_anima_mea	data/cpdl/6-voices/reductions/string_quartet/051_tristis_est_anima_mea.musicxml	Violoncello	10	long_note_starts_on_beat	2	2	4	1	3	B-3	
051_tristis_est_anima_mea	data/cpdl/6-voices/reductions/string_quartet/051_tristis_est_anima_mea.musicxml	Violoncello	11	long_note_starts_on_beat	0	2	2	1	1	F3	
051_tristis_est_anima_mea	data/cpdl/6-voices/reductions/string_quartet/051_tristis_est_anima_mea.musicxml	Violoncello	12	long_note_starts_on_beat	0	4	4	1	1,2,3	G3	
051_tristis_est_anima_mea	data/cpdl/6-voices/reductions/string_quartet/051_tristis_est_anima_mea.musicxml	Violoncello	13	long_note_starts_on_beat	0	2	2	1	1	A-3	
051_tristis_est_anima_mea	data/cpdl/6-voices/reductions/string_quartet/051_tristis_est_anima_mea.musicxml	Violoncello	13	long_note_starts_on_beat	2	2	4	1	3	A-3	
051_tristis_est_anima_mea	data/cpdl/6-voices/reductions/string_quartet/051_tristis_est_anima_mea.musicxml	Violoncello	14	long_note_starts_on_beat	0	2	2	1	1	G3	
051_tristis_est_anima_mea	data/cpdl/6-voices/reductions/string_quartet/051_tristis_est_anima_mea.musicxml	Violoncello	14	long_note_starts_on_beat	2	2	4	1	3	C3	
051_tristis_est_anima_mea	data/cpdl/6-voices/reductions/string_quartet/051_tristis_est_anima_mea.musicxml	Violoncello	15	long_note_starts_on_beat	0	4	4	1	1,2,3	C3	start
051_tristis_est_anima_mea	data/cpdl/6-voices/reductions/string_quartet/051_tristis_est_anima_mea.musicxml	Violoncello	16	long_note_starts_on_beat	0	2	2	1	1	C3	stop
051_tristis_est_anima_mea	data/cpdl/6-voices/reductions/string_quartet/051_tristis_est_anima_mea.musicxml	Violoncello	16	long_note_starts_on_beat	2	2	4	1	3	G2	start
051_tristis_est_anima_mea	data/cpdl/6-voices/reductions/string_quartet/051_tristis_est_anima_mea.musicxml	Violoncello	17	long_note_starts_on_beat	0	2	2	1	1	G2	stop
051_tristis_est_anima_mea	data/cpdl/6-voices/reductions/string_quartet/051_tristis_est_anima_mea.musicxml	Violoncello	18	long_note_starts_on_beat	0	3/2	3/2	1	1	D3	
051_tristis_est_anima_mea	data/cpdl/6-voices/reductions/string_quartet/051_tristis_est_anima_mea.musicxml	Violoncello	18	long_note_starts_on_beat	2	2	4	1	3	D3	
051_tristis_est_anima_mea	data/cpdl/6-voices/reductions/string_quartet/051_tristis_est_anima_mea.musicxml	Violoncello	19	long_note_starts_on_beat	2	3/2	7/2	1	3	C3	
051_tristis_est_anima_mea	data/cpdl/6-voices/reductions/string_quartet/051_tristis_est_anima_mea.musicxml	Violoncello	20	long_note_starts_on_beat	0	2	2	1	1	C3	
051_tristis_est_anima_mea	data/cpdl/6-voices/reductions/string_quartet/051_tristis_est_anima_mea.musicxml	Violoncello	21	note_crosses_beat	1/2	1	3/2	1	1	F3	
051_tristis_est_anima_mea	data/cpdl/6-voices/reductions/string_quartet/051_tristis_est_anima_mea.musicxml	Violoncello	21	long_note_starts_on_beat	2	2	4	1	3	C#3	
051_tristis_est_anima_mea	data/cpdl/6-voices/reductions/string_quartet/051_tristis_est_anima_mea.musicxml	Violoncello	22	long_note_starts_on_beat	0	2	2	1	1	A-2	
051_tristis_est_anima_mea	data/cpdl/6-voices/reductions/string_quartet/051_tristis_est_anima_mea.musicxml	Violoncello	23	long_note_starts_on_beat	0	2	2	1	1	E-3	
051_tristis_est_anima_mea	data/cpdl/6-voices/reductions/string_quartet/051_tristis_est_anima_mea.musicxml	Violoncello	23	long_note_starts_on_beat	2	2	4	1	3	E-3	
051_tristis_est_anima_mea	data/cpdl/6-voices/reductions/string_quartet/051_tristis_est_anima_mea.musicxml	Violoncello	24	rest_starts_on_beat_crosses_later_beat	0	2	2	1	1	rest	
051_tristis_est_anima_mea	data/cpdl/6-voices/reductions/string_quartet/051_tristis_est_anima_mea.musicxml	Violoncello	26	long_note_starts_on_beat	2	2	4	1	3	B-2	
051_tristis_est_anima_mea	data/cpdl/6-voices/reductions/string_quartet/051_tristis_est_anima_mea.musicxml	Violoncello	27	long_note_starts_on_beat	0	3/2	3/2	1	1	B-2	
051_tristis_est_anima_mea	data/cpdl/6-voices/reductions/string_quartet/051_tristis_est_anima_mea.musicxml	Violoncello	27	long_note_starts_on_beat	2	2	4	1	3	B-2	
051_tristis_est_anima_mea	data/cpdl/6-voices/reductions/string_quartet/051_tristis_est_anima_mea.musicxml	Violoncello	28	long_note_starts_on_beat	0	4	4	1	1,2,3	F3	
051_tristis_est_anima_mea	data/cpdl/6-voices/reductions/string_quartet/051_tristis_est_anima_mea.musicxml	Violoncello	29	long_note_starts_on_beat	0	4	4	1	1,2,3	F3	
051_tristis_est_anima_mea	data/cpdl/6-voices/reductions/string_quartet/051_tristis_est_anima_mea.musicxml	Violoncello	30	rest_starts_on_beat_crosses_later_beat	0	2	2	1	1	rest	
051_tristis_est_anima_mea	data/cpdl/6-voices/reductions/string_quartet/051_tristis_est_anima_mea.musicxml	Violoncello	31	long_note_starts_on_beat	1	3/2	5/2	1	2	C3	
051_tristis_est_anima_mea	data/cpdl/6-voices/reductions/string_quartet/051_tristis_est_anima_mea.musicxml	Violoncello	31	note_crosses_beat	5/2	1	7/2	1	3	A-2	
051_tristis_est_anima_mea	data/cpdl/6-voices/reductions/string_quartet/051_tristis_est_anima_mea.musicxml	Violoncello	35	long_note_starts_on_beat	0	3	3	1	1,2	E-3	
051_tristis_est_anima_mea	data/cpdl/6-voices/reductions/string_quartet/051_tristis_est_anima_mea.musicxml	Violoncello	36	long_note_starts_on_beat	2	2	4	1	3	D3	
051_tristis_est_anima_mea	data/cpdl/6-voices/reductions/string_quartet/051_tristis_est_anima_mea.musicxml	Violoncello	37	long_note_starts_on_beat	0	2	2	1	1	D3	
051_tristis_est_anima_mea	data/cpdl/6-voices/reductions/string_quartet/051_tristis_est_anima_mea.musicxml	Violoncello	37	long_note_starts_on_beat	2	2	4	1	3	C#3	
051_tristis_est_anima_mea	data/cpdl/6-voices/reductions/string_quartet/051_tristis_est_anima_mea.musicxml	Violoncello	38	long_note_starts_on_beat	0	2	2	1	1	C3	
051_tristis_est_anima_mea	data/cpdl/6-voices/reductions/string_quartet/051_tristis_est_anima_mea.musicxml	Violoncello	39	long_note_starts_on_beat	0	2	2	1	1	C3	stop
051_tristis_est_anima_mea	data/cpdl/6-voices/reductions/string_quartet/051_tristis_est_anima_mea.musicxml	Violoncello	40	long_note_starts_on_beat	1	3	4	1	2,3	G3	
051_tristis_est_anima_mea	data/cpdl/6-voices/reductions/string_quartet/051_tristis_est_anima_mea.musicxml	Violoncello	41	long_note_starts_on_beat	0	2	2	1	1	A-3	
051_tristis_est_anima_mea	data/cpdl/6-voices/reductions/string_quartet/051_tristis_est_anima_mea.musicxml	Violoncello	41	long_note_starts_on_beat	2	2	4	1	3	A-3	
051_tristis_est_anima_mea	data/cpdl/6-voices/reductions/string_quartet/051_tristis_est_anima_mea.musicxml	Violoncello	42	long_note_starts_on_beat	0	4	4	1	1,2,3	B3	
051_tristis_est_anima_mea	data/cpdl/6-voices/reductions/string_quartet/051_tristis_est_anima_mea.musicxml	Violoncello	43	long_note_starts_on_beat	2	2	4	1	3	B-3	
051_tristis_est_anima_mea	data/cpdl/6-voices/reductions/string_quartet/051_tristis_est_anima_mea.musicxml	Violoncello	44	long_note_starts_on_beat	0	3	3	1	1,2	F3	
051_tristis_est_anima_mea	data/cpdl/6-voices/reductions/string_quartet/051_tristis_est_anima_mea.musicxml	Violoncello	45	long_note_starts_on_beat	0	2	2	1	1	B-2	
051_tristis_est_anima_mea	data/cpdl/6-voices/reductions/string_quartet/051_tristis_est_anima_mea.musicxml	Violoncello	45	long_note_starts_on_beat	2	2	4	1	3	C3	
051_tristis_est_anima_mea	data/cpdl/6-voices/reductions/string_quartet/051_tristis_est_anima_mea.musicxml	Violoncello	46	long_note_starts_on_beat	2	2	4	1	3	A-2	
051_tristis_est_anima_mea	data/cpdl/6-voices/reductions/string_quartet/051_tristis_est_anima_mea.musicxml	Violoncello	47	long_note_starts_on_beat	0	4	4	1	1,2,3	C3	
051_tristis_est_anima_mea	data/cpdl/6-voices/reductions/string_quartet/051_tristis_est_anima_mea.musicxml	Violoncello	48	long_note_starts_on_beat	0	2	2	1	1	A-3	
051_tristis_est_anima_mea	data/cpdl/6-voices/reductions/string_quartet/051_tristis_est_anima_mea.musicxml	Violoncello	48	long_note_starts_on_beat	2	2	4	1	3	A-3	
051_tristis_est_anima_mea	data/cpdl/6-voices/reductions/string_quartet/051_tristis_est_anima_mea.musicxml	Violoncello	49	long_note_starts_on_beat	2	2	4	1	3	C4	start
051_tristis_est_anima_mea	data/cpdl/6-voices/reductions/string_quartet/051_tristis_est_anima_mea.musicxml	Violoncello	50	long_note_starts_on_beat	2	2	4	1	3	G3	start
051_tristis_est_anima_mea	data/cpdl/6-voices/reductions/string_quartet/051_tristis_est_anima_mea.musicxml	Violoncello	51	long_note_starts_on_beat	0	2	2	1	1	G3	stop
051_tristis_est_anima_mea	data/cpdl/6-voices/reductions/string_quartet/051_tristis_est_anima_mea.musicxml	Violoncello	51	long_note_starts_on_beat	2	2	4	1	3	G3	
051_tristis_est_anima_mea	data/cpdl/6-voices/reductions/string_quartet/051_tristis_est_anima_mea.musicxml	Violoncello	52	long_note_starts_on_beat	2	3/2	7/2	1	3	F3	
051_tristis_est_anima_mea	data/cpdl/6-voices/reductions/string_quartet/051_tristis_est_anima_mea.musicxml	Violoncello	53	long_note_starts_on_beat	1	2	3	1	2	E-3	
051_tristis_est_anima_mea	data/cpdl/6-voices/reductions/string_quartet/051_tristis_est_anima_mea.musicxml	Violoncello	54	long_note_starts_on_beat	2	2	4	1	3	E3	
051_tristis_est_anima_mea	data/cpdl/6-voices/reductions/string_quartet/051_tristis_est_anima_mea.musicxml	Violoncello	55	long_note_starts_on_beat	0	2	2	1	1	E3	
051_tristis_est_anima_mea	data/cpdl/6-voices/reductions/string_quartet/051_tristis_est_anima_mea.musicxml	Violoncello	56	long_note_starts_on_beat	2	2	4	1	3	C4	
051_tristis_est_anima_mea	data/cpdl/6-voices/reductions/string_quartet/051_tristis_est_anima_mea.musicxml	Violoncello	57	long_note_starts_on_beat	0	4	4	1	1,2,3	C3	start
051_tristis_est_anima_mea	data/cpdl/6-voices/reductions/string_quartet/051_tristis_est_anima_mea.musicxml	Violoncello	58	long_note_starts_on_beat	0	2	2	1	1	C3	stop
051_tristis_est_anima_mea	data/cpdl/6-voices/reductions/string_quartet/051_tristis_est_anima_mea.musicxml	Violoncello	58	long_note_starts_on_beat	2	2	4	1	3	A-3	start
051_tristis_est_anima_mea	data/cpdl/6-voices/reductions/string_quartet/051_tristis_est_anima_mea.musicxml	Violoncello	59	long_note_starts_on_beat	0	2	2	1	1	A-3	stop
051_tristis_est_anima_mea	data/cpdl/6-voices/reductions/string_quartet/051_tristis_est_anima_mea.musicxml	Violoncello	59	long_note_starts_on_beat	2	2	4	1	3	G3	
hark_herald	data/take6/reductions/string_quartet_double_stops/hark_herald.musicxml	Violin I	1	rest_starts_on_beat_crosses_later_beat	0	2	2	1	1	rest	
hark_herald	data/take6/reductions/string_quartet_double_stops/hark_herald.musicxml	Violin I	2	long_note_starts_on_beat	0	3/2	3/2	1	1	G4	
hark_herald	data/take6/reductions/string_quartet_double_stops/hark_herald.musicxml	Violin I	4	long_note_starts_on_beat	0	3/2	3/2	1	1	D5	
hark_herald	data/take6/reductions/string_quartet_double_stops/hark_herald.musicxml	Violin I	5	long_note_starts_on_beat	0	2	2	1	1	B4	
hark_herald	data/take6/reductions/string_quartet_double_stops/hark_herald.musicxml	Violin I	6	long_note_starts_on_beat	0	3/2	3/2	1	1	G4	
hark_herald	data/take6/reductions/string_quartet_double_stops/hark_herald.musicxml	Violin I	8	long_note_starts_on_beat	0	3/2	3/2	1	1	A4	
hark_herald	data/take6/reductions/string_quartet_double_stops/hark_herald.musicxml	Violin I	9	long_note_starts_on_beat	0	2	2	1	1	D4	
hark_herald	data/take6/reductions/string_quartet_double_stops/hark_herald.musicxml	Violin I	12	long_note_starts_on_beat	2	3/2	7/2	1	3	E5	
hark_herald	data/take6/reductions/string_quartet_double_stops/hark_herald.musicxml	Violin I	13	long_note_starts_on_beat	0	2	2	1	1	D5	
hark_herald	data/take6/reductions/string_quartet_double_stops/hark_herald.musicxml	Violin I	13	long_note_starts_on_beat	2	3/2	7/2	1	3	E5	
hark_herald	data/take6/reductions/string_quartet_double_stops/hark_herald.musicxml	Violin I	15	long_note_starts_on_beat	0	2	2	1	1	C5	
hark_herald	data/take6/reductions/string_quartet_double_stops/hark_herald.musicxml	Violin I	16	long_note_starts_on_beat	0	3/2	3/2	1	1	D5	
hark_herald	data/take6/reductions/string_quartet_double_stops/hark_herald.musicxml	Violin I	17	long_note_starts_on_beat	0	2	2	1	1	B4	
hark_herald	data/take6/reductions/string_quartet_double_stops/hark_herald.musicxml	Violin I	17	long_note_starts_on_beat	2	3/2	7/2	1	3	E5	
hark_herald	data/take6/reductions/string_quartet_double_stops/hark_herald.musicxml	Violin I	19	long_note_starts_on_beat	0	2	2	1	1	C5	
hark_herald	data/take6/reductions/string_quartet_double_stops/hark_herald.musicxml	Violin I	20	long_note_starts_on_beat	0	3/2	3/2	1	1	D5	
hark_herald	data/take6/reductions/string_quartet_double_stops/hark_herald.musicxml	Violin I	21	long_note_starts_on_beat	0	2	2	1	1	G4	start
hark_herald	data/take6/reductions/string_quartet_double_stops/hark_herald.musicxml	Violin I	21	rest_crosses_beat	11/4	1	15/4	1	3	rest	
hark_herald	data/take6/reductions/string_quartet_double_stops/hark_herald.musicxml	Violin I	23	long_note_starts_on_beat	0	3/2	3/2	1	1	G4	
hark_herald	data/take6/reductions/string_quartet_double_stops/hark_herald.musicxml	Violin I	25	long_note_starts_on_beat	0	3/2	3/2	1	1	D5	
hark_herald	data/take6/reductions/string_quartet_double_stops/hark_herald.musicxml	Violin I	26	long_note_starts_on_beat	0	2	2	1	1	B4	
hark_herald	data/take6/reductions/string_quartet_double_stops/hark_herald.musicxml	Violin I	27	long_note_starts_on_beat	0	3/2	3/2	1	1	G4	
hark_herald	data/take6/reductions/string_quartet_double_stops/hark_herald.musicxml	Violin I	29	long_note_starts_on_beat	0	3/2	3/2	1	1	A4	
hark_herald	data/take6/reductions/string_quartet_double_stops/hark_herald.musicxml	Violin I	30	long_note_starts_on_beat	0	2	2	1	1	D4	
hark_herald	data/take6/reductions/string_quartet_double_stops/hark_herald.musicxml	Violin I	30	rest_starts_on_beat_crosses_later_beat	2	2	4	1	3	rest	
hark_herald	data/take6/reductions/string_quartet_double_stops/hark_herald.musicxml	Violin I	33	long_note_starts_on_beat	2	3/2	7/2	1	3	E5	
hark_herald	data/take6/reductions/string_quartet_double_stops/hark_herald.musicxml	Violin I	34	long_note_starts_on_beat	0	15/4	15/4	1	1,2,3	D5	
hark_herald	data/take6/reductions/string_quartet_double_stops/hark_herald.musicxml	Violin I	35	long_note_starts_on_beat	0	3/2	3/2	1	1	E5	
hark_herald	data/take6/reductions/string_quartet_double_stops/hark_herald.musicxml	Violin I	37	long_note_starts_on_beat	0	2	2	1	1	C5	
hark_herald	data/take6/reductions/string_quartet_double_stops/hark_herald.musicxml	Violin I	38	long_note_starts_on_beat	0	3/2	3/2	1	1	D5	
hark_herald	data/take6/reductions/string_quartet_double_stops/hark_herald.musicxml	Violin I	39	long_note_starts_on_beat	0	2	2	1	1	B4	
hark_herald	data/take6/reductions/string_quartet_double_stops/hark_herald.musicxml	Violin I	39	long_note_starts_on_beat	2	3/2	7/2	1	3	B4.E5	
hark_herald	data/take6/reductions/string_quartet_double_stops/hark_herald.musicxml	Violin I	41	long_note_starts_on_beat	0	2	2	1	1	C5	
hark_herald	data/take6/reductions/string_quartet_double_stops/hark_herald.musicxml	Violin I	42	long_note_starts_on_beat	0	3/2	3/2	1	1	D5	
hark_herald	data/take6/reductions/string_quartet_double_stops/hark_herald.musicxml	Violin I	43	long_note_starts_on_beat	0	15/4	15/4	1	1,2,3	G4	
hark_herald	data/take6/reductions/string_quartet_double_stops/hark_herald.musicxml	Violin I	45	long_note_starts_on_beat	0	3/2	3/2	1	1	A-4	
hark_herald	data/take6/reductions/string_quartet_double_stops/hark_herald.musicxml	Violin I	47	long_note_starts_on_beat	0	3/2	3/2	1	1	E-5	
hark_herald	data/take6/reductions/string_quartet_double_stops/hark_herald.musicxml	Violin I	48	long_note_starts_on_beat	0	2	2	1	1	C5	
hark_herald	data/take6/reductions/string_quartet_double_stops/hark_herald.musicxml	Violin I	49	long_note_starts_on_beat	0	3/2	3/2	1	1	A-4	
hark_herald	data/take6/reductions/string_quartet_double_stops/hark_herald.musicxml	Violin I	51	long_note_starts_on_beat	0	3/2	3/2	1	1	B-4	
hark_herald	data/take6/reductions/string_quartet_double_stops/hark_herald.musicxml	Violin I	52	long_note_starts_on_beat	0	2	2	1	1	E-4	
hark_herald	data/take6/reductions/string_quartet_double_stops/hark_herald.musicxml	Violin I	55	long_note_starts_on_beat	2	3/2	7/2	1	3	F5	
hark_herald	data/take6/reductions/string_quartet_double_stops/hark_herald.musicxml	Violin I	56	long_note_starts_on_beat	0	2	2	1	1	E-5	
hark_herald	data/take6/reductions/string_quartet_double_stops/hark_herald.musicxml	Violin I	56	long_note_starts_on_beat	2	3/2	7/2	1	3	F5	
hark_herald	data/take6/reductions/string_quartet_double_stops/hark_herald.musicxml	Violin I	58	long_note_starts_on_beat	0	2	2	1	1	C#5	
hark_herald	data/take6/reductions/string_quartet_double_stops/hark_herald.musicxml	Violin I	59	long_note_starts_on_beat	0	3/2	3/2	1	1	E-5	
hark_herald	data/take6/reductions/string_quartet_double_stops/hark_herald.musicxml	Violin I	60	long_note_starts_on_beat	0	2	2	1	1	C5	
hark_herald	data/take6/reductions/string_quartet_double_stops/hark_herald.musicxml	Violin I	60	long_note_starts_on_beat	2	3/2	7/2	1	3	F5	
hark_herald	data/take6/reductions/string_quartet_double_stops/hark_herald.musicxml	Violin I	62	long_note_starts_on_beat	0	2	2	1	1	C#5	
hark_herald	data/take6/reductions/string_quartet_double_stops/hark_herald.musicxml	Violin I	63	long_note_starts_on_beat	0	3/2	3/2	1	1	E-5	
hark_herald	data/take6/reductions/string_quartet_double_stops/hark_herald.musicxml	Violin I	64	long_note_starts_on_beat	2	3/2	7/2	1	3	F5	
hark_herald	data/take6/reductions/string_quartet_double_stops/hark_herald.musicxml	Violin I	67	long_note_starts_on_beat	0	3/2	3/2	1	1	E-5	
hark_herald	data/take6/reductions/string_quartet_double_stops/hark_herald.musicxml	Violin I	68	long_note_starts_on_beat	2	15/4	23/4	2	4	B-4	
hark_herald	data/take6/reductions/string_quartet_double_stops/hark_herald.musicxml	Violin I	69	long_note_starts_on_beat	0	15/4	15/4	2	2	G#4	
hark_herald	data/take6/reductions/string_quartet_double_stops/hark_herald.musicxml	Violin II	3	rest_starts_on_beat_crosses_later_beat	0	2	2	1	1	rest	
hark_herald	data/take6/reductions/string_quartet_double_stops/hark_herald.musicxml	Violin II	5	long_note_starts_on_beat	0	2	2	1	1	G4	
hark_herald	data/take6/reductions/string_quartet_double_stops/hark_herald.musicxml	Violin II	7	long_note_starts_on_beat	0	2	2	1	1	E4	
hark_herald	data/take6/reductions/string_quartet_double_stops/hark_herald.musicxml	Violin II	9	long_note_starts_on_beat	0	2	2	1	1	D4	
hark_herald	data/take6/reductions/string_quartet_double_stops/hark_herald.musicxml	Violin II	9	rest_starts_on_beat_crosses_later_beat	2	2	4	1	3	rest	
hark_herald	data/take6/reductions/string_quartet_double_stops/hark_herald.musicxml	Violin II	13	long_note_starts_on_beat	2	3/2	7/2	1	3	B3.G#4	
hark_herald	data/take6/reductions/string_quartet_double_stops/hark_herald.musicxml	Violin II	16	long_note_starts_on_beat	0	3/2	3/2	1	1	G3	
hark_herald	data/take6/reductions/string_quartet_double_stops/hark_herald.musicxml	Violin II	17	long_note_starts_on_beat	2	3/2	7/2	1	3	A-4.B4	
hark_herald	data/take6/reductions/string_quartet_double_stops/hark_herald.musicxml	Violin II	19	long_note_starts_on_beat	0	3/2	3/2	1	1	A4	
hark_herald	data/take6/reductions/string_quartet_double_stops/hark_herald.musicxml	Violin II	20	long_note_starts_on_beat	0	3/2	3/2	1	1	F#4	
hark_herald	data/take6/reductions/string_quartet_double_stops/hark_herald.musicxml	Violin II	21	long_note_starts_on_beat	0	2	2	1	1	G4	start
hark_herald	data/take6/reductions/string_quartet_double_stops/hark_herald.musicxml	Violin II	21	rest_crosses_beat	11/4	1	15/4	1	3	rest	
hark_herald	data/take6/reductions/string_quartet_double_stops/hark_herald.musicxml	Violin II	26	long_note_starts_on_beat	0	2	2	1	1	D4.G4	
hark_herald	data/take6/reductions/string_quartet_double_stops/hark_herald.musicxml	Violin II	28	long_note_starts_on_beat	0	2	2	1	1	E4	
hark_herald	data/take6/reductions/string_quartet_double_stops/hark_herald.musicxml	Violin II	30	long_note_starts_on_beat	0	2	2	1	1	D4	
hark_herald	data/take6/reductions/string_quartet_double_stops/hark_herald.musicxml	Violin II	30	rest_starts_on_beat_crosses_later_beat	2	2	4	1	3	rest	
hark_herald	data/take6/reductions/string_quartet_double_stops/hark_herald.musicxml	Violin II	34	long_note_starts_on_beat	2	2	4	1	3	G#3.E#4	
hark_herald	data/take6/reductions/string_quartet_double_stops/hark_herald.musicxml	Violin II	35	long_note_starts_on_beat	0	3/2	3/2	1	1	B3	
hark_herald	data/take6/reductions/string_quartet_double_stops/hark_herald.musicxml	Violin II	37	long_note_starts_on_beat	0	2	2	1	1	E4	
hark_herald	data/take6/reductions/string_quartet_double_stops/hark_herald.musicxml	Violin II	39	long_note_starts_on_beat	2	3/2	7/2	1	3	D4.G#4	
hark_herald	data/take6/reductions/string_quartet_double_stops/hark_herald.musicxml	Violin II	41	long_note_starts_on_beat	0	3/2	3/2	1	1	A4	
hark_herald	data/take6/reductions/string_quartet_double_stops/hark_herald.musicxml	Violin II	42	long_note_starts_on_beat	0	3/2	3/2	1	1	F#4	
hark_herald	data/take6/reductions/string_quartet_double_stops/hark_herald.musicxml	Violin II	43	long_note_starts_on_beat	0	15/4	15/4	1	1,2,3	G4	
hark_herald	data/take6/reductions/string_quartet_double_stops/hark_herald.musicxml	Violin II	46	rest_starts_on_beat_crosses_later_beat	0	2	2	1	1	rest	
hark_herald	data/take6/reductions/string_quartet_double_stops/hark_herald.musicxml	Violin II	48	long_note_starts_on_beat	0	2	2	1	1	G#4	
hark_herald	data/take6/reductions/string_quartet_double_stops/hark_herald.musicxml	Violin II	52	long_note_starts_on_beat	0	2	2	1	1	E-4	
hark_herald	data/take6/reductions/string_quartet_double_stops/hark_herald.musicxml	Violin II	52	rest_starts_on_beat_crosses_later_beat	2	2	4	1	3	rest	
hark_herald	data/take6/reductions/string_quartet_double_stops/hark_herald.musicxml	Violin II	56	long_note_starts_on_beat	2	3/2	7/2	1	3	C4.A4	
hark_herald	data/take6/reductions/string_quartet_double_stops/hark_herald.musicxml	Violin II	60	long_note_starts_on_beat	0	2	2	1	1	G4	
hark_herald	data/take6/reductions/string_quartet_double_stops/hark_herald.musicxml	Violin II	60	long_note_starts_on_beat	2	3/2	7/2	1	3	F4.C5	
hark_herald	data/take6/reductions/string_quartet_double_stops/hark_herald.musicxml	Violin II	67	long_note_starts_on_beat	0	3/2	3/2	1	1	G4	
hark_herald	data/take6/reductions/string_quartet_double_stops/hark_herald.musicxml	Viola	3	rest_starts_on_beat_crosses_later_beat	0	2	2	1	1	rest	
hark_herald	data/take6/reductions/string_quartet_double_stops/hark_herald.musicxml	Viola	5	long_note_starts_on_beat	0	2	2	1	1	D4.G4	
hark_herald	data/take6/reductions/string_quartet_double_stops/hark_herald.musicxml	Viola	9	long_note_starts_on_beat	0	2	2	1	1	D4	
hark_herald	data/take6/reductions/string_quartet_double_stops/hark_herald.musicxml	Viola	9	rest_starts_on_beat_crosses_later_beat	2	2	4	1	3	rest	
hark_herald	data/take6/reductions/string_quartet_double_stops/hark_herald.musicxml	Viola	13	long_note_starts_on_beat	2	3/2	7/2	1	3	B3.E#4	
hark_herald	data/take6/reductions/string_quartet_double_stops/hark_herald.musicxml	Viola	15	long_note_starts_on_beat	0	2	2	1	1	E4	
hark_herald	data/take6/reductions/string_quartet_double_stops/hark_herald.musicxml	Viola	17	long_note_starts_on_beat	2	3/2	7/2	1	3	G#3.D4	
hark_herald	data/take6/reductions/string_quartet_double_stops/hark_herald.musicxml	Viola	19	long_note_starts_on_beat	0	2	2	1	1	E4	
hark_herald	data/take6/reductions/string_quartet_double_stops/hark_herald.musicxml	Viola	21	long_note_starts_on_beat	0	2	2	1	1	B3	start
hark_herald	data/take6/reductions/string_quartet_double_stops/hark_herald.musicxml	Viola	21	rest_crosses_beat	11/4	1	15/4	1	3	rest	
hark_herald	data/take6/reductions/string_quartet_double_stops/hark_herald.musicxml	Viola	26	long_note_starts_on_beat	0	2	2	1	1	D4	
hark_herald	data/take6/reductions/string_quartet_double_stops/hark_herald.musicxml	Viola	30	long_note_starts_on_beat	0	2	2	1	1	D4	
hark_herald	data/take6/reductions/string_quartet_double_stops/hark_herald.musicxml	Viola	30	rest_starts_on_beat_crosses_later_beat	2	2	4	1	3	rest	
hark_herald	data/take6/reductions/string_quartet_double_stops/hark_herald.musicxml	Viola	34	long_note_starts_on_beat	2	2	4	1	3	D#4.B-4	
hark_herald	data/take6/reductions/string_quartet_double_stops/hark_herald.musicxml	Viola	35	long_note_starts_on_beat	0	3/2	3/2	1	1	G#4	
hark_herald	data/take6/reductions/string_quartet_double_stops/hark_herald.musicxml	Viola	38	long_note_starts_on_beat	0	3/2	3/2	1	1	G3	
hark_herald	data/take6/reductions/string_quartet_double_stops/hark_herald.musicxml	Viola	39	long_note_starts_on_beat	2	3/2	7/2	1	3	B3	
hark_herald	data/take6/reductions/string_quartet_double_stops/hark_herald.musicxml	Viola	41	long_note_starts_on_beat	0	2	2	1	1	E4	
hark_herald	data/take6/reductions/string_quartet_double_stops/hark_herald.musicxml	Viola	43	long_note_starts_on_beat	0	15/4	15/4	1	1,2,3	B3	
hark_herald	data/take6/reductions/string_quartet_double_stops/hark_herald.musicxml	Viola	46	rest_starts_on_beat_crosses_later_beat	0	2	2	1	1	rest	
hark_herald	data/take6/reductions/string_quartet_double_stops/hark_herald.musicxml	Viola	48	long_note_starts_on_beat	0	2	2	1	1	D#4	
hark_herald	data/take6/reductions/string_quartet_double_stops/hark_herald.musicxml	Viola	50	long_note_starts_on_beat	0	2	2	1	1	F4	
hark_herald	data/take6/reductions/string_quartet_double_stops/hark_herald.musicxml	Viola	52	long_note_starts_on_beat	0	2	2	1	1	E-4	
hark_herald	data/take6/reductions/string_quartet_double_stops/hark_herald.musicxml	Viola	52	rest_starts_on_beat_crosses_later_beat	2	2	4	1	3	rest	
hark_herald	data/take6/reductions/string_quartet_double_stops/hark_herald.musicxml	Viola	54	rest_starts_on_beat_crosses_later_beat	2	2	4	1	3	rest	
hark_herald	data/take6/reductions/string_quartet_double_stops/hark_herald.musicxml	Viola	56	long_note_starts_on_beat	2	3/2	7/2	1	3	C4.F#4	
hark_herald	data/take6/reductions/string_quartet_double_stops/hark_herald.musicxml	Viola	58	long_note_starts_on_beat	0	2	2	1	1	F4	
hark_herald	data/take6/reductions/string_quartet_double_stops/hark_herald.musicxml	Viola	59	long_note_starts_on_beat	0	3/2	3/2	1	1	G#3	
hark_herald	data/take6/reductions/string_quartet_double_stops/hark_herald.musicxml	Viola	60	long_note_starts_on_beat	0	2	2	1	1	A3	
hark_herald	data/take6/reductions/string_quartet_double_stops/hark_herald.musicxml	Viola	60	long_note_starts_on_beat	2	3/2	7/2	1	3	G#3.D#4	
hark_herald	data/take6/reductions/string_quartet_double_stops/hark_herald.musicxml	Viola	62	long_note_starts_on_beat	0	2	2	1	1	F4	
hark_herald	data/take6/reductions/string_quartet_double_stops/hark_herald.musicxml	Violoncello	2	rest_starts_on_beat_crosses_later_beat	0	2	2	1	1	rest	
hark_herald	data/take6/reductions/string_quartet_double_stops/hark_herald.musicxml	Violoncello	5	long_note_starts_on_beat	0	2	2	1	1	G2.D3	
hark_herald	data/take6/reductions/string_quartet_double_stops/hark_herald.musicxml	Violoncello	5	rest_starts_on_beat_crosses_later_beat	2	2	4	1	3	rest	
hark_herald	data/take6/reductions/string_quartet_double_stops/hark_herald.musicxml	Violoncello	7	long_note_starts_on_beat	0	2	2	1	1	C#3	
hark_herald	data/take6/reductions/string_quartet_double_stops/hark_herald.musicxml	Violoncello	9	long_note_starts_on_beat	0	2	2	1	1	D3	
hark_herald	data/take6/reductions/string_quartet_double_stops/hark_herald.musicxml	Violoncello	9	rest_starts_on_beat_crosses_later_beat	2	2	4	1	3	rest	
hark_herald	data/take6/reductions/string_quartet_double_stops/hark_herald.musicxml	Violoncello	13	long_note_starts_on_beat	2	3/2	7/2	1	3	C3	
hark_herald	data/take6/reductions/string_quartet_double_stops/hark_herald.musicxml	Violoncello	17	long_note_starts_on_beat	2	3/2	7/2	1	3	C3	
hark_herald	data/take6/reductions/string_quartet_double_stops/hark_herald.musicxml	Violoncello	19	long_note_starts_on_beat	0	3/2	3/2	1	1	A2	
hark_herald	data/take6/reductions/string_quartet_double_stops/hark_herald.musicxml	Violoncello	21	long_note_starts_on_beat	0	2	2	1	1	G2	start
hark_herald	data/take6/reductions/string_quartet_double_stops/hark_herald.musicxml	Violoncello	21	rest_crosses_beat	11/4	1	15/4	1	3	rest	
hark_herald	data/take6/reductions/string_quartet_double_stops/hark_herald.musicxml	Violoncello	26	long_note_starts_on_beat	0	2	2	1	1	G2	
hark_herald	data/take6/reductions/string_quartet_double_stops/hark_herald.musicxml	Violoncello	28	long_note_starts_on_beat	0	2	2	1	1	C#3	
hark_herald	data/take6/reductions/string_quartet_double_stops/hark_herald.musicxml	Violoncello	30	long_note_starts_on_beat	0	2	2	1	1	D3	
hark_herald	data/take6/reductions/string_quartet_double_stops/hark_herald.musicxml	Violoncello	32	long_note_starts_on_beat	0	2	2	1	1	D3	
hark_herald	data/take6/reductions/string_quartet_double_stops/hark_herald.musicxml	Violoncello	34	long_note_starts_on_beat	2	2	4	1	3	E2	
hark_herald	data/take6/reductions/string_quartet_double_stops/hark_herald.musicxml	Violoncello	35	long_note_starts_on_beat	0	3/2	3/2	1	1	C3	
hark_herald	data/take6/reductions/string_quartet_double_stops/hark_herald.musicxml	Violoncello	38	long_note_starts_on_beat	0	3/2	3/2	1	1	B2	
hark_herald	data/take6/reductions/string_quartet_double_stops/hark_herald.musicxml	Violoncello	39	long_note_starts_on_beat	2	3/2	7/2	1	3	C3	
hark_herald	data/take6/reductions/string_quartet_double_stops/hark_herald.musicxml	Violoncello	41	long_note_starts_on_beat	0	3/2	3/2	1	1	A2	
hark_herald	data/take6/reductions/string_quartet_double_stops/hark_herald.musicxml	Violoncello	43	long_note_starts_on_beat	0	15/4	15/4	1	1,2,3	G2	
hark_herald	data/take6/reductions/string_quartet_double_stops/hark_herald.musicxml	Violoncello	45	rest_starts_on_beat_crosses_later_beat	0	2	2	1	1	rest	
hark_herald	data/take6/reductions/string_quartet_double_stops/hark_herald.musicxml	Violoncello	48	long_note_starts_on_beat	0	2	2	1	1	G#2.E-3	
hark_herald	data/take6/reductions/string_quartet_double_stops/hark_herald.musicxml	Violoncello	48	rest_starts_on_beat_crosses_later_beat	2	2	4	1	3	rest	
hark_herald	data/take6/reductions/string_quartet_double_stops/hark_herald.musicxml	Violoncello	49	rest_starts_on_beat_crosses_later_beat	0	2	2	1	1	rest	
hark_herald	data/take6/reductions/string_quartet_double_stops/hark_herald.musicxml	Violoncello	50	long_note_starts_on_beat	0	2	2	1	1	D3	
hark_herald	data/take6/reductions/string_quartet_double_stops/hark_herald.musicxml	Violoncello	52	long_note_starts_on_beat	0	2	2	1	1	E-3	
hark_herald	data/take6/reductions/string_quartet_double_stops/hark_herald.musicxml	Violoncello	52	rest_starts_on_beat_crosses_later_beat	2	2	4	1	3	rest	
hark_herald	data/take6/reductions/string_quartet_double_stops/hark_herald.musicxml	Violoncello	54	rest_starts_on_beat_crosses_later_beat	2	2	4	1	3	rest	
hark_herald	data/take6/reductions/string_quartet_double_stops/hark_herald.musicxml	Violoncello	56	long_note_starts_on_beat	2	3/2	7/2	1	3	C#3	
hark_herald	data/take6/reductions/string_quartet_double_stops/hark_herald.musicxml	Violoncello	59	long_note_starts_on_beat	0	3/2	3/2	1	1	C3	
hark_herald	data/take6/reductions/string_quartet_double_stops/hark_herald.musicxml	Violoncello	60	long_note_starts_on_beat	2	3/2	7/2	1	3	C#3	
a_quiet_place	data/take6/reductions/string_quartet_double_stops/a_quiet_place.musicxml	Violin I	1	long_note_starts_on_beat	0	2	2	1	1	A4	
a_quiet_place	data/take6/reductions/string_quartet_double_stops/a_quiet_place.musicxml	Violin I	2	long_note_starts_on_beat	0	3/2	3/2	1	1	A4	
a_quiet_place	data/take6/reductions/string_quartet_double_stops/a_quiet_place.musicxml	Violin I	2	long_note_starts_on_beat	2	2	4	1	3	G4	
a_quiet_place	data/take6/reductions/string_quartet_double_stops/a_quiet_place.musicxml	Violin I	4	long_note_starts_on_beat	0	3/2	3/2	1	1	A4	
a_quiet_place	data/take6/reductions/string_quartet_double_stops/a_quiet_place.musicxml	Violin I	5	long_note_starts_on_beat	0	2	2	1	1	F#4.D5	
a_quiet_place	data/take6/reductions/string_quartet_double_stops/a_quiet_place.musicxml	Violin I	6	long_note_starts_on_beat	0	2	2	1	1	C5	
a_quiet_place	data/take6/reductions/string_quartet_double_stops/a_quiet_place.musicxml	Violin I	6	long_note_starts_on_beat	2	2	4	1	3	A4	
a_quiet_place	data/take6/reductions/string_quartet_double_stops/a_quiet_place.musicxml	Violin I	7	long_note_starts_on_beat	0	3	3	1	1,2	G4	
a_quiet_place	data/take6/reductions/string_quartet_double_stops/a_quiet_place.musicxml	Violin I	8	long_note_starts_on_beat	1	2	3	1	2	C5	
a_quiet_place	data/take6/reductions/string_quartet_double_stops/a_quiet_place.musicxml	Violin I	10	long_note_starts_on_beat	0	3/2	3/2	1	1	G4.D5	
a_quiet_place	data/take6/reductions/string_quartet_double_stops/a_quiet_place.musicxml	Violin I	12	long_note_starts_on_beat	0	3/2	3/2	1	1	C5	
a_quiet_place	data/take6/reductions/string_quartet_double_stops/a_quiet_place.musicxml	Violin I	13	long_note_starts_on_beat	0	3	3	1	1,2	D5	
a_quiet_place	data/take6/reductions/string_quartet_double_stops/a_quiet_place.musicxml	Violin I	14	long_note_starts_on_beat	0	2	2	1	1	C#5.E5	
a_quiet_place	data/take6/reductions/string_quartet_double_stops/a_quiet_place.musicxml	Violin I	14	note_crosses_beat	8/3	2/3	10/3	1	3	G4.D5	
a_quiet_place	data/take6/reductions/string_quartet_double_stops/a_quiet_place.musicxml	Violin I	15	long_note_starts_on_beat	0	3	3	1	1,2	C#5	
a_quiet_place	data/take6/reductions/string_quartet_double_stops/a_quiet_place.musicxml	Violin I	16	long_note_starts_on_beat	0	4	4	1	1,2,3	C5	
a_quiet_place	data/take6/reductions/string_quartet_double_stops/a_quiet_place.musicxml	Violin I	17	long_note_starts_on_beat	2	2	4	1	3	F4	
a_quiet_place	data/take6/reductions/string_quartet_double_stops/a_quiet_place.musicxml	Violin I	18	long_note_starts_on_beat	0	2	2	1	1	G4	
a_quiet_place	data/take6/reductions/string_quartet_double_stops/a_quiet_place.musicxml	Violin I	19	long_note_starts_on_beat	0	2	2	1	1	F4	
a_quiet_place	data/take6/reductions/string_quartet_double_stops/a_quiet_place.musicxml	Violin I	20	long_note_starts_on_beat	0	3	3	1	1,2	G4	
a_quiet_place	data/take6/reductions/string_quartet_double_stops/a_quiet_place.musicxml	Violin I	21	long_note_starts_on_beat	0	2	2	1	1	D5	
a_quiet_place	data/take6/reductions/string_quartet_double_stops/a_quiet_place.musicxml	Violin I	22	long_note_starts_on_beat	0	2	2	1	1	D5	
a_quiet_place	data/take6/reductions/string_quartet_double_stops/a_quiet_place.musicxml	Violin I	22	long_note_starts_on_beat	2	2	4	1	3	G4.E5	
a_quiet_place	data/take6/reductions/string_quartet_double_stops/a_quiet_place.musicxml	Violin I	23	long_note_starts_on_beat	0	3	3	1	1,2	F5	
a_quiet_place	data/take6/reductions/string_quartet_double_stops/a_quiet_place.musicxml	Violin I	24	long_note_starts_on_beat	0	4	4	1	1,2,3	D5.F5	
a_quiet_place	data/take6/reductions/string_quartet_double_stops/a_quiet_place.musicxml	Violin I	25	long_note_starts_on_beat	0	2	2	1	1	F5	
a_quiet_place	data/take6/reductions/string_quartet_double_stops/a_quiet_place.musicxml	Violin I	26	long_note_starts_on_beat	0	3/2	3/2	1	1	A4	
a_quiet_place	data/take6/reductions/string_quartet_double_stops/a_quiet_place.musicxml	Violin I	26	long_note_starts_on_beat	2	2	4	1	3	G4	
a_quiet_place	data/take6/reductions/string_quartet_double_stops/a_quiet_place.musicxml	Violin I	27	long_note_starts_on_beat	0	2	2	1	1	D5	
a_quiet_place	data/take6/reductions/string_quartet_double_stops/a_quiet_place.musicxml	Violin I	28	long_note_starts_on_beat	0	3/2	3/2	1	1	C4.G4	
a_quiet_place	data/take6/reductions/string_quartet_double_stops/a_quiet_place.musicxml	Violin I	29	long_note_starts_on_beat	1	2	3	1	2	F4	
a_quiet_place	data/take6/reductions/string_quartet_double_stops/a_quiet_place.musicxml	Violin I	31	long_note_starts_on_beat	1	3	4	1	2,3	C5	start
a_quiet_place	data/take6/reductions/string_quartet_double_stops/a_quiet_place.musicxml	Violin I	32	long_note_starts_on_beat	0	3/2	3/2	1	1	C5	stop
a_quiet_place	data/take6/reductions/string_quartet_double_stops/a_quiet_place.musicxml	Violin I	34	long_note_starts_on_beat	1	2	3	1	2	B-4	
a_quiet_place	data/take6/reductions/string_quartet_double_stops/a_quiet_place.musicxml	Violin I	35	long_note_starts_on_beat	0	3	3	1	1,2	F5	
a_quiet_place	data/take6/reductions/string_quartet_double_stops/a_quiet_place.musicxml	Violin I	36	long_note_starts_on_beat	2	2	4	1	3	B-4.G5	
a_quiet_place	data/take6/reductions/string_quartet_double_stops/a_quiet_place.musicxml	Violin I	37	long_note_starts_on_beat	0	4	4	1	1,2,3	G#5	start
a_quiet_place	data/take6/reductions/string_quartet_double_stops/a_quiet_place.musicxml	Violin I	38	long_note_starts_on_beat	0	2	2	1	1	G#5	stop
a_quiet_place	data/take6/reductions/string_quartet_double_stops/a_quiet_place.musicxml	Violin I	38	long_note_starts_on_beat	2	2	4	1	3	G#5	
a_quiet_place	data/take6/reductions/string_quartet_double_stops/a_quiet_place.musicxml	Violin I	39	rest_starts_on_beat_crosses_later_beat	1	2	3	1	2	rest	
a_quiet_place	data/take6/reductions/string_quartet_double_stops/a_quiet_place.musicxml	Violin I	40	long_note_starts_on_beat	0	3/2	3/2	1	1	G#4.D5	
a_quiet_place	data/take6/reductions/string_quartet_double_stops/a_quiet_place.musicxml	Violin I	41	long_note_starts_on_beat	0	2	2	1	1	B-4.D-5	
a_quiet_place	data/take6/reductions/string_quartet_double_stops/a_quiet_place.musicxml	Violin I	42	long_note_starts_on_beat	0	2	2	1	1	D-5	
a_quiet_place	data/take6/reductions/string_quartet_double_stops/a_quiet_place.musicxml	Violin I	45	long_note_starts_on_beat	0	2	2	1	1	G4.D5	
a_quiet_place	data/take6/reductions/string_quartet_double_stops/a_quiet_place.musicxml	Violin I	45	long_note_starts_on_beat	2	2	4	1	3	D5	
a_quiet_place	data/take6/reductions/string_quartet_double_stops/a_quiet_place.musicxml	Violin I	47	long_note_starts_on_beat	0	4	4	1	1,2,3	G4.D5	
a_quiet_place	data/take6/reductions/string_quartet_double_stops/a_quiet_place.musicxml	Violin II	1	long_note_starts_on_beat	0	2	2	1	1	C4.G4	
a_quiet_place	data/take6/reductions/string_quartet_double_stops/a_quiet_place.musicxml	Violin II	2	long_note_starts_on_beat	0	3/2	3/2	1	1	E4	
a_quiet_place	data/take6/reductions/string_quartet_double_stops/a_quiet_place.musicxml	Violin II	2	long_note_starts_on_beat	2	2	4	1	3	A3.E4	
a_quiet_place	data/take6/reductions/string_quartet_double_stops/a_quiet_place.musicxml	Violin II	5	long_note_starts_on_beat	0	3	3	1	1,2	C4.A4	
a_quiet_place	data/take6/reductions/string_quartet_double_stops/a_quiet_place.musicxml	Violin II	6	long_note_starts_on_beat	0	2	2	1	1	E4.G4	
a_quiet_place	data/take6/reductions/string_quartet_double_stops/a_quiet_place.musicxml	Violin II	6	long_note_starts_on_beat	2	2	4	1	3	F4	
a_quiet_place	data/take6/reductions/string_quartet_double_stops/a_quiet_place.musicxml	Violin II	7	long_note_starts_on_beat	0	3	3	1	1,2	D4.G4	
a_quiet_place	data/take6/reductions/string_quartet_double_stops/a_quiet_place.musicxml	Violin II	8	long_note_starts_on_beat	1	2	3	1	2	D4.A4	
a_quiet_place	data/take6/reductions/string_quartet_double_stops/a_quiet_place.musicxml	Violin II	9	long_note_starts_on_beat	0	2	2	1	1	E-4.G4	
a_quiet_place	data/take6/reductions/string_quartet_double_stops/a_quiet_place.musicxml	Violin II	10	long_note_starts_on_beat	0	3/2	3/2	1	1	G4	
a_quiet_place	data/take6/reductions/string_quartet_double_stops/a_quiet_place.musicxml	Violin II	12	long_note_starts_on_beat	0	3/2	3/2	1	1	F4.A4	
a_quiet_place	data/take6/reductions/string_quartet_double_stops/a_quiet_place.musicxml	Violin II	13	long_note_starts_on_beat	0	3	3	1	1,2	F4.A4	
a_quiet_place	data/take6/reductions/string_quartet_double_stops/a_quiet_place.musicxml	Violin II	14	long_note_starts_on_beat	0	2	2	1	1	D4	
a_quiet_place	data/take6/reductions/string_quartet_double_stops/a_quiet_place.musicxml	Violin II	14	long_note_starts_on_beat	2	2	4	1	3	D4.B-4	
a_quiet_place	data/take6/reductions/string_quartet_double_stops/a_quiet_place.musicxml	Violin II	16	long_note_starts_on_beat	0	2	2	1	1	D4.A4	
a_quiet_place	data/take6/reductions/string_quartet_double_stops/a_quiet_place.musicxml	Violin II	16	long_note_starts_on_beat	2	2	4	1	3	D4.F#4	
a_quiet_place	data/take6/reductions/string_quartet_double_stops/a_quiet_place.musicxml	Violin II	17	long_note_starts_on_beat	0	2	2	1	1	E-4	
a_quiet_place	data/take6/reductions/string_quartet_double_stops/a_quiet_place.musicxml	Violin II	17	long_note_starts_on_beat	2	3/2	7/2	1	3	D4.A4	
a_quiet_place	data/take6/reductions/string_quartet_double_stops/a_quiet_place.musicxml	Violin II	18	long_note_starts_on_beat	0	3/2	3/2	1	1	A4	
a_quiet_place	data/take6/reductions/string_quartet_double_stops/a_quiet_place.musicxml	Violin II	19	long_note_starts_on_beat	0	3	3	1	1,2	E4	
a_quiet_place	data/take6/reductions/string_quartet_double_stops/a_quiet_place.musicxml	Violin II	20	long_note_starts_on_beat	0	3/2	3/2	1	1	E-4.C5	
a_quiet_place	data/take6/reductions/string_quartet_double_stops/a_quiet_place.musicxml	Violin II	21	long_note_starts_on_beat	0	2	2	1	1	F4.A4	
a_quiet_place	data/take6/reductions/string_quartet_double_stops/a_quiet_place.musicxml	Violin II	22	long_note_starts_on_beat	0	2	2	1	1	D4.G4	
a_quiet_place	data/take6/reductions/string_quartet_double_stops/a_quiet_place.musicxml	Violin II	22	long_note_starts_on_beat	2	2	4	1	3	C#4.B-4	
a_quiet_place	data/take6/reductions/string_quartet_double_stops/a_quiet_place.musicxml	Violin II	23	long_note_starts_on_beat	0	3	3	1	1,2	A4.E5	
a_quiet_place	data/take6/reductions/string_quartet_double_stops/a_quiet_place.musicxml	Violin II	24	long_note_starts_on_beat	0	4	4	1	1,2,3	E-4	
a_quiet_place	data/take6/reductions/string_quartet_double_stops/a_quiet_place.musicxml	Violin II	25	long_note_starts_on_beat	0	2	2	1	1	E-4.A4	
a_quiet_place	data/take6/reductions/string_quartet_double_stops/a_quiet_place.musicxml	Violin II	26	long_note_starts_on_beat	0	3/2	3/2	1	1	C4.F4	
a_quiet_place	data/take6/reductions/string_quartet_double_stops/a_quiet_place.musicxml	Violin II	26	long_note_starts_on_beat	2	2	4	1	3	C#4.G4	
a_quiet_place	data/take6/reductions/string_quartet_double_stops/a_quiet_place.musicxml	Violin II	27	long_note_starts_on_beat	0	2	2	1	1	E4.B4	
a_quiet_place	data/take6/reductions/string_quartet_double_stops/a_quiet_place.musicxml	Violin II	28	long_note_starts_on_beat	0	3/2	3/2	1	1	B3.E4	
a_quiet_place	data/take6/reductions/string_quartet_double_stops/a_quiet_place.musicxml	Violin II	29	long_note_starts_on_beat	1	2	3	1	2	C4.F4	
a_quiet_place	data/take6/reductions/string_quartet_double_stops/a_quiet_place.musicxml	Violin II	31	long_note_starts_on_beat	0	2	2	1	1	E-4	
a_quiet_place	data/take6/reductions/string_quartet_double_stops/a_quiet_place.musicxml	Violin II	32	long_note_starts_on_beat	0	2	2	1	1	D4.A4	
a_quiet_place	data/take6/reductions/string_quartet_double_stops/a_quiet_place.musicxml	Violin II	33	long_note_starts_on_beat	0	3	3	1	1,2	E-4.G4	
a_quiet_place	data/take6/reductions/string_quartet_double_stops/a_quiet_place.musicxml	Violin II	34	long_note_starts_on_beat	2	2	4	1	3	C4.F4	
a_quiet_place	data/take6/reductions/string_quartet_double_stops/a_quiet_place.musicxml	Violin II	35	long_note_starts_on_beat	0	3	3	1	1,2	C5	
a_quiet_place	data/take6/reductions/string_quartet_double_stops/a_quiet_place.musicxml	Violin II	38	long_note_starts_on_beat	0	2	2	1	1	C5.F5	
a_quiet_place	data/take6/reductions/string_quartet_double_stops/a_quiet_place.musicxml	Violin II	38	long_note_starts_on_beat	2	2	4	1	3	B4.E5	
a_quiet_place	data/take6/reductions/string_quartet_double_stops/a_quiet_place.musicxml	Violin II	40	long_note_starts_on_beat	0	3/2	3/2	1	1	F#4.B4	
a_quiet_place	data/take6/reductions/string_quartet_double_stops/a_quiet_place.musicxml	Violin II	41	long_note_starts_on_beat	0	3	3	1	1,2	E-4	
a_quiet_place	data/take6/reductions/string_quartet_double_stops/a_quiet_place.musicxml	Violin II	42	long_note_starts_on_beat	0	2	2	1	1	E-4.B-4	
a_quiet_place	data/take6/reductions/string_quartet_double_stops/a_quiet_place.musicxml	Violin II	47	long_note_starts_on_beat	0	4	4	1	1,2,3	A4	
a_quiet_place	data/take6/reductions/string_quartet_double_stops/a_quiet_place.musicxml	Viola	1	long_note_starts_on_beat	0	2	2	1	1	C4.A4	
a_quiet_place	data/take6/reductions/string_quartet_double_stops/a_quiet_place.musicxml	Viola	2	long_note_starts_on_beat	0	3/2	3/2	1	1	A3	
a_quiet_place	data/take6/reductions/string_quartet_double_stops/a_quiet_place.musicxml	Viola	2	long_note_starts_on_beat	2	2	4	1	3	B3.G4	
a_quiet_place	data/take6/reductions/string_quartet_double_stops/a_quiet_place.musicxml	Viola	5	long_note_starts_on_beat	0	2	2	1	1	E4	
a_quiet_place	data/take6/reductions/string_quartet_double_stops/a_quiet_place.musicxml	Viola	6	long_note_starts_on_beat	0	2	2	1	1	C4.E4	
a_quiet_place	data/take6/reductions/string_quartet_double_stops/a_quiet_place.musicxml	Viola	6	long_note_starts_on_beat	2	2	4	1	3	C4	
a_quiet_place	data/take6/reductions/string_quartet_double_stops/a_quiet_place.musicxml	Viola	7	long_note_starts_on_beat	0	3	3	1	1,2	F3.A3	
a_quiet_place	data/take6/reductions/string_quartet_double_stops/a_quiet_place.musicxml	Viola	9	long_note_starts_on_beat	0	2	2	1	1	B-3.F4	
a_quiet_place	data/take6/reductions/string_quartet_double_stops/a_quiet_place.musicxml	Viola	10	long_note_starts_on_beat	0	3/2	3/2	1	1	B-3.E-4	
a_quiet_place	data/take6/reductions/string_quartet_double_stops/a_quiet_place.musicxml	Viola	12	long_note_starts_on_beat	0	3/2	3/2	1	1	D3.B-3	
a_quiet_place	data/take6/reductions/string_quartet_double_stops/a_quiet_place.musicxml	Viola	13	long_note_starts_on_beat	0	2	2	1	1	C4	
a_quiet_place	data/take6/reductions/string_quartet_double_stops/a_quiet_place.musicxml	Viola	13	long_note_starts_on_beat	2	2	4	1	3	A3	
a_quiet_place	data/take6/reductions/string_quartet_double_stops/a_quiet_place.musicxml	Viola	14	long_note_starts_on_beat	0	2	2	1	1	A3.F#4	
a_quiet_place	data/take6/reductions/string_quartet_double_stops/a_quiet_place.musicxml	Viola	14	note_crosses_beat	8/3	2/3	10/3	1	3	G#3	
a_quiet_place	data/take6/reductions/string_quartet_double_stops/a_quiet_place.musicxml	Viola	15	long_note_starts_on_beat	0	3	3	1	1,2	E4	
a_quiet_place	data/take6/reductions/string_quartet_double_stops/a_quiet_place.musicxml	Viola	16	long_note_starts_on_beat	0	2	2	1	1	B-3.F4	
a_quiet_place	data/take6/reductions/string_quartet_double_stops/a_quiet_place.musicxml	Viola	16	long_note_starts_on_beat	2	2	4	1	3	B-3.E4	
a_quiet_place	data/take6/reductions/string_quartet_double_stops/a_quiet_place.musicxml	Viola	17	long_note_starts_on_beat	0	2	2	1	1	B-3	
a_quiet_place	data/take6/reductions/string_quartet_double_stops/a_quiet_place.musicxml	Viola	17	long_note_starts_on_beat	2	2	4	1	3	A3	
a_quiet_place	data/take6/reductions/string_quartet_double_stops/a_quiet_place.musicxml	Viola	18	long_note_starts_on_beat	0	2	2	1	1	B-3.D4	
a_quiet_place	data/take6/reductions/string_quartet_double_stops/a_quiet_place.musicxml	Viola	19	long_note_starts_on_beat	0	3	3	1	1,2	A3.C4	
a_quiet_place	data/take6/reductions/string_quartet_double_stops/a_quiet_place.musicxml	Viola	20	long_note_starts_on_beat	0	3	3	1	1,2	B-3.F4	
a_quiet_place	data/take6/reductions/string_quartet_double_stops/a_quiet_place.musicxml	Viola	21	long_note_starts_on_beat	0	2	2	1	1	C4.F4	
a_quiet_place	data/take6/reductions/string_quartet_double_stops/a_quiet_place.musicxml	Viola	22	long_note_starts_on_beat	0	2	2	1	1	E3.B3	
a_quiet_place	data/take6/reductions/string_quartet_double_stops/a_quiet_place.musicxml	Viola	22	long_note_starts_on_beat	2	2	4	1	3	G3	
a_quiet_place	data/take6/reductions/string_quartet_double_stops/a_quiet_place.musicxml	Viola	23	long_note_starts_on_beat	0	3	3	1	1,2	C4.F4	
a_quiet_place	data/take6/reductions/string_quartet_double_stops/a_quiet_place.musicxml	Viola	24	long_note_starts_on_beat	0	2	2	1	1	B-3	
a_quiet_place	data/take6/reductions/string_quartet_double_stops/a_quiet_place.musicxml	Viola	24	long_note_starts_on_beat	2	2	4	1	3	A3	
a_quiet_place	data/take6/reductions/string_quartet_double_stops/a_quiet_place.musicxml	Viola	25	long_note_starts_on_beat	0	2	2	1	1	G3.C#4	
a_quiet_place	data/take6/reductions/string_quartet_double_stops/a_quiet_place.musicxml	Viola	26	long_note_starts_on_beat	0	3/2	3/2	1	1	C#4.E#4	
a_quiet_place	data/take6/reductions/string_quartet_double_stops/a_quiet_place.musicxml	Viola	26	long_note_starts_on_beat	2	2	4	1	3	B-3.F4	
a_quiet_place	data/take6/reductions/string_quartet_double_stops/a_quiet_place.musicxml	Viola	27	long_note_starts_on_beat	0	2	2	1	1	C4.G4	
a_quiet_place	data/take6/reductions/string_quartet_double_stops/a_quiet_place.musicxml	Viola	28	long_note_starts_on_beat	0	3/2	3/2	1	1	C4	
a_quiet_place	data/take6/reductions/string_quartet_double_stops/a_quiet_place.musicxml	Viola	29	long_note_starts_on_beat	1	2	3	1	2	D3.B-3	
a_quiet_place	data/take6/reductions/string_quartet_double_stops/a_quiet_place.musicxml	Viola	31	long_note_starts_on_beat	0	2	2	1	1	G#3	
a_quiet_place	data/take6/reductions/string_quartet_double_stops/a_quiet_place.musicxml	Viola	32	long_note_starts_on_beat	0	2	2	1	1	B-3.F4	
a_quiet_place	data/take6/reductions/string_quartet_double_stops/a_quiet_place.musicxml	Viola	33	long_note_starts_on_beat	0	3	3	1	1,2	G#3	
a_quiet_place	data/take6/reductions/string_quartet_double_stops/a_quiet_place.musicxml	Viola	34	long_note_starts_on_beat	0	2	2	1	1	F#3	
a_quiet_place	data/take6/reductions/string_quartet_double_stops/a_quiet_place.musicxml	Viola	34	long_note_starts_on_beat	2	2	4	1	3	F#3.D4	
a_quiet_place	data/take6/reductions/string_quartet_double_stops/a_quiet_place.musicxml	Viola	35	long_note_starts_on_beat	0	4	4	1	1,2,3	E-4.A-4	
a_quiet_place	data/take6/reductions/string_quartet_double_stops/a_quiet_place.musicxml	Viola	37	long_note_starts_on_beat	0	2	2	1	1	E-5	
a_quiet_place	data/take6/reductions/string_quartet_double_stops/a_quiet_place.musicxml	Viola	38	long_note_starts_on_beat	0	2	2	1	1	E-4	
a_quiet_place	data/take6/reductions/string_quartet_double_stops/a_quiet_place.musicxml	Viola	38	long_note_starts_on_beat	2	2	4	1	3	D4.G#4	
a_quiet_place	data/take6/reductions/string_quartet_double_stops/a_quiet_place.musicxml	Viola	39	rest_starts_on_beat_crosses_later_beat	1	2	3	1	2	rest	
a_quiet_place	data/take6/reductions/string_quartet_double_stops/a_quiet_place.musicxml	Viola	40	long_note_starts_on_beat	0	3/2	3/2	1	1	C4	
a_quiet_place	data/take6/reductions/string_quartet_double_stops/a_quiet_place.musicxml	Viola	40	long_note_starts_on_beat	2	2	4	1	3	C4.E4	
a_quiet_place	data/take6/reductions/string_quartet_double_stops/a_quiet_place.musicxml	Viola	41	long_note_starts_on_beat	0	3	3	1	1,2	B3.F#4	
a_quiet_place	data/take6/reductions/string_quartet_double_stops/a_quiet_place.musicxml	Viola	42	long_note_starts_on_beat	0	3/2	3/2	1	1	B3.F#4	
a_quiet_place	data/take6/reductions/string_quartet_double_stops/a_quiet_place.musicxml	Viola	45	long_note_starts_on_beat	0	2	2	1	1	A3	
a_quiet_place	data/take6/reductions/string_quartet_double_stops/a_quiet_place.musicxml	Viola	47	long_note_starts_on_beat	0	4	4	1	1,2,3	B3.D4	
a_quiet_place	data/take6/reductions/string_quartet_double_stops/a_quiet_place.musicxml	Violoncello	1	long_note_starts_on_beat	0	2	2	1	1	F3	
a_quiet_place	data/take6/reductions/string_quartet_double_stops/a_quiet_place.musicxml	Violoncello	2	long_note_starts_on_beat	0	3/2	3/2	1	1	C#3	
a_quiet_place	data/take6/reductions/string_quartet_double_stops/a_quiet_place.musicxml	Violoncello	2	long_note_starts_on_beat	2	2	4	1	3	C#3	
a_quiet_place	data/take6/reductions/string_quartet_double_stops/a_quiet_place.musicxml	Violoncello	5	long_note_starts_on_beat	0	3	3	1	1,2	B-2	
a_quiet_place	data/take6/reductions/string_quartet_double_stops/a_quiet_place.musicxml	Violoncello	6	long_note_starts_on_beat	0	2	2	1	1	A2	
a_quiet_place	data/take6/reductions/string_quartet_double_stops/a_quiet_place.musicxml	Violoncello	7	long_note_starts_on_beat	0	3	3	1	1,2	B2	
a_quiet_place	data/take6/reductions/string_quartet_double_stops/a_quiet_place.musicxml	Violoncello	8	long_note_starts_on_beat	0	3	3	1	1,2	C3	
a_quiet_place	data/take6/reductions/string_quartet_double_stops/a_quiet_place.musicxml	Violoncello	9	long_note_starts_on_beat	0	2	2	1	1	C3	
a_quiet_place	data/take6/reductions/string_quartet_double_stops/a_quiet_place.musicxml	Violoncello	10	long_note_starts_on_beat	0	3/2	3/2	1	1	F3	
a_quiet_place	data/take6/reductions/string_quartet_double_stops/a_quiet_place.musicxml	Violoncello	10	long_note_starts_on_beat	2	2	4	1	3	A2	
a_quiet_place	data/take6/reductions/string_quartet_double_stops/a_quiet_place.musicxml	Violoncello	12	long_note_starts_on_beat	0	3/2	3/2	1	1	G2	
a_quiet_place	data/take6/reductions/string_quartet_double_stops/a_quiet_place.musicxml	Violoncello	13	long_note_starts_on_beat	0	2	2	1	1	D3	
a_quiet_place	data/take6/reductions/string_quartet_double_stops/a_quiet_place.musicxml	Violoncello	13	long_note_starts_on_beat	2	2	4	1	3	C3	
a_quiet_place	data/take6/reductions/string_quartet_double_stops/a_quiet_place.musicxml	Violoncello	14	long_note_starts_on_beat	0	2	2	1	1	B2	
a_quiet_place	data/take6/reductions/string_quartet_double_stops/a_quiet_place.musicxml	Violoncello	14	long_note_starts_on_beat	2	2	4	1	3	E3	
a_quiet_place	data/take6/reductions/string_quartet_double_stops/a_quiet_place.musicxml	Violoncello	15	long_note_starts_on_beat	0	3	3	1	1,2	A2	
a_quiet_place	data/take6/reductions/string_quartet_double_stops/a_quiet_place.musicxml	Violoncello	16	long_note_starts_on_beat	0	4	4	1	1,2,3	C3	
a_quiet_place	data/take6/reductions/string_quartet_double_stops/a_quiet_place.musicxml	Violoncello	17	long_note_starts_on_beat	0	4	4	1	1,2,3	C3	
a_quiet_place	data/take6/reductions/string_quartet_double_stops/a_quiet_place.musicxml	Violoncello	18	long_note_starts_on_beat	0	2	2	1	1	E3	
a_quiet_place	data/take6/reductions/string_quartet_double_stops/a_quiet_place.musicxml	Violoncello	18	long_note_starts_on_beat	2	2	4	1	3	A2	
a_quiet_place	data/take6/reductions/string_quartet_double_stops/a_quiet_place.musicxml	Violoncello	20	long_note_starts_on_beat	0	3	3	1	1,2	C3	
a_quiet_place	data/take6/reductions/string_quartet_double_stops/a_quiet_place.musicxml	Violoncello	21	long_note_starts_on_beat	0	2	2	1	1	B-2	
a_quiet_place	data/take6/reductions/string_quartet_double_stops/a_quiet_place.musicxml	Violoncello	22	long_note_starts_on_beat	0	2	2	1	1	A2	
a_quiet_place	data/take6/reductions/string_quartet_double_stops/a_quiet_place.musicxml	Violoncello	22	long_note_starts_on_beat	2	2	4	1	3	A2	
a_quiet_place	data/take6/reductions/string_quartet_double_stops/a_quiet_place.musicxml	Violoncello	23	long_note_starts_on_beat	0	3	3	1	1,2	D3	
a_quiet_place	data/take6/reductions/string_quartet_double_stops/a_quiet_place.musicxml	Violoncello	24	long_note_starts_on_beat	0	4	4	1	1,2,3	C3	
a_quiet_place	data/take6/reductions/string_quartet_double_stops/a_quiet_place.musicxml	Violoncello	25	long_note_starts_on_beat	0	2	2	1	1	B-2	
a_quiet_place	data/take6/reductions/string_quartet_double_stops/a_quiet_place.musicxml	Violoncello	26	long_note_starts_on_beat	0	3/2	3/2	1	1	G2	
a_quiet_place	data/take6/reductions/string_quartet_double_stops/a_quiet_place.musicxml	Violoncello	26	long_note_starts_on_beat	2	2	4	1	3	A2	
a_quiet_place	data/take6/reductions/string_quartet_double_stops/a_quiet_place.musicxml	Violoncello	27	long_note_starts_on_beat	0	2	2	1	1	D3	
a_quiet_place	data/take6/reductions/string_quartet_double_stops/a_quiet_place.musicxml	Violoncello	28	long_note_starts_on_beat	0	3/2	3/2	1	1	D3	
a_quiet_place	data/take6/reductions/string_quartet_double_stops/a_quiet_place.musicxml	Violoncello	29	long_note_starts_on_beat	1	2	3	1	2	G2	
a_quiet_place	data/take6/reductions/string_quartet_double_stops/a_quiet_place.musicxml	Violoncello	31	long_note_starts_on_beat	0	2	2	1	1	C#3	
a_quiet_place	data/take6/reductions/string_quartet_double_stops/a_quiet_place.musicxml	Violoncello	32	long_note_starts_on_beat	0	2	2	1	1	C3	
a_quiet_place	data/take6/reductions/string_quartet_double_stops/a_quiet_place.musicxml	Violoncello	33	long_note_starts_on_beat	0	3	3	1	1,2	F2	
a_quiet_place	data/take6/reductions/string_quartet_double_stops/a_quiet_place.musicxml	Violoncello	34	long_note_starts_on_beat	0	4	4	1	1,2,3	G#2	
a_quiet_place	data/take6/reductions/string_quartet_double_stops/a_quiet_place.musicxml	Violoncello	35	long_note_starts_on_beat	0	2	2	1	1	C#3.G#2	
a_quiet_place	data/take6/reductions/string_quartet_double_stops/a_quiet_place.musicxml	Violoncello	35	long_note_starts_on_beat	2	2	4	1	3	G-2	
a_quiet_place	data/take6/reductions/string_quartet_double_stops/a_quiet_place.musicxml	Violoncello	36	long_note_starts_on_beat	2	2	4	1	3	C3	
a_quiet_place	data/take6/reductions/string_quartet_double_stops/a_quiet_place.musicxml	Violoncello	37	long_note_starts_on_beat	0	4	4	1	1,2,3	B2	
a_quiet_place	data/take6/reductions/string_quartet_double_stops/a_quiet_place.musicxml	Violoncello	38	long_note_starts_on_beat	0	4	4	1	1,2,3	B-2	
a_quiet_place	data/take6/reductions/string_quartet_double_stops/a_quiet_place.musicxml	Violoncello	39	rest_starts_on_beat_crosses_later_beat	1	2	3	1	2	rest	
a_quiet_place	data/take6/reductions/string_quartet_double_stops/a_quiet_place.musicxml	Violoncello	40	long_note_starts_on_beat	0	4	4	1	1,2,3	D3	
a_quiet_place	data/take6/reductions/string_quartet_double_stops/a_quiet_place.musicxml	Violoncello	41	long_note_starts_on_beat	0	3	3	1	1,2	C#3	
a_quiet_place	data/take6/reductions/string_quartet_double_stops/a_quiet_place.musicxml	Violoncello	42	long_note_starts_on_beat	0	2	2	1	1	D-3	
a_quiet_place	data/take6/reductions/string_quartet_double_stops/a_quiet_place.musicxml	Violoncello	45	long_note_starts_on_beat	0	2	2	1	1	F2	
a_quiet_place	data/take6/reductions/string_quartet_double_stops/a_quiet_place.musicxml	Violoncello	45	long_note_starts_on_beat	2	2	4	1	3	E2	
a_quiet_place	data/take6/reductions/string_quartet_double_stops/a_quiet_place.musicxml	Violoncello	47	long_note_starts_on_beat	0	4	4	1	1,2,3	G2	
