batch	work_id	title	source_path	output_path	current_semitones	candidate_semitones	candidate_key_burden	candidate_max_key_abs	candidate_tessitura_score	candidate_tessitura_ok	candidate_is_current
kdf_string_quartet	IV 1. Luci serena e chiare	1. Luci serena e chiare	data/kdf/book4/sources/book4_01_luci_serena_e_chiare.mid	data/kdf/book4/reductions/string_quartet/book4_01_luci_serena_e_chiare.musicxml	0	-5	0	0	0.62009	no	no
kdf_string_quartet	IV 1. Luci serena e chiare	1. Luci serena e chiare	data/kdf/book4/sources/book4_01_luci_serena_e_chiare.mid	data/kdf/book4/reductions/string_quartet/book4_01_luci_serena_e_chiare.musicxml	0	-4	5	5	0.551139	no	no
kdf_string_quartet	IV 1. Luci serena e chiare	1. Luci serena e chiare	data/kdf/book4/sources/book4_01_luci_serena_e_chiare.mid	data/kdf/book4/reductions/string_quartet/book4_01_luci_serena_e_chiare.musicxml	0	-3	2	2	0.44586	yes	no
kdf_string_quartet	IV 1. Luci serena e chiare	1. Luci serena e chiare	data/kdf/book4/sources/book4_01_luci_serena_e_chiare.mid	data/kdf/book4/reductions/string_quartet/book4_01_luci_serena_e_chiare.musicxml	0	-2	3	3	0.403431	yes	no
kdf_string_quartet	IV 1. Luci serena e chiare	1. Luci serena e chiare	data/kdf/book4/sources/book4_01_luci_serena_e_chiare.mid	data/kdf/book4/reductions/string_quartet/book4_01_luci_serena_e_chiare.musicxml	0	-1	4	4	0.362301	yes	no
kdf_string_quartet	IV 1. Luci serena e chiare	1. Luci serena e chiare	data/kdf/book4/sources/book4_01_luci_serena_e_chiare.mid	data/kdf/book4/reductions/string_quartet/book4_01_luci_serena_e_chiare.musicxml	0	0	1	1	0.398621	yes	yes
kdf_string_quartet	IV 1. Luci serena e chiare	1. Luci serena e chiare	data/kdf/book4/sources/book4_01_luci_serena_e_chiare.mid	data/kdf/book4/reductions/string_quartet/book4_01_luci_serena_e_chiare.musicxml	0	1	6	6	0.438643	yes	no
kdf_string_quartet	IV 1. Luci serena e chiare	1. Luci serena e chiare	data/kdf/book4/sources/book4_01_luci_serena_e_chiare.mid	data/kdf/book4/reductions/string_quartet/book4_01_luci_serena_e_chiare.musicxml	0	2	1	1	0.572517	no	no
kdf_string_quartet	IV 1. Luci serena e chiare	1. Luci serena e chiare	data/kdf/book4/sources/book4_01_luci_serena_e_chiare.mid	data/kdf/book4/reductions/string_quartet/book4_01_luci_serena_e_chiare.musicxml	0	3	4	4	0.616788	no	no
kdf_string_quartet	IV 1. Luci serena e chiare	1. Luci serena e chiare	data/kdf/book4/sources/book4_01_luci_serena_e_chiare.mid	data/kdf/book4/reductions/string_quartet/book4_01_luci_serena_e_chiare.musicxml	0	4	3	3	0.782869	no	no
kdf_string_quartet	IV 1. Luci serena e chiare	1. Luci serena e chiare	data/kdf/book4/sources/book4_01_luci_serena_e_chiare.mid	data/kdf/book4/reductions/string_quartet/book4_01_luci_serena_e_chiare.musicxml	0	5	2	2	1.11172	no	no
kdf_string_quartet	IV 2. Tallor sano desio	2. Tallor sano desio	data/kdf/book4/sources/book4_02_tallor_sano_desio.mid	data/kdf/book4/reductions/string_quartet/book4_02_tallor_sano_desio.musicxml	0	-5	0	0	0.77508	no	no
kdf_string_quartet	IV 2. Tallor sano desio	2. Tallor sano desio	data/kdf/book4/sources/book4_02_tallor_sano_desio.mid	data/kdf/book4/reductions/string_quartet/book4_02_tallor_sano_desio.musicxml	0	-4	5	5	0.601215	no	no
kdf_string_quartet	IV 2. Tallor sano desio	2. Tallor sano desio	data/kdf/book4/sources/book4_02_tallor_sano_desio.mid	data/kdf/book4/reductions/string_quartet/book4_02_tallor_sano_desio.musicxml	0	-3	2	2	0.426762	yes	no
kdf_string_quartet	IV 2. Tallor sano desio	2. Tallor sano desio	data/kdf/book4/sources/book4_02_tallor_sano_desio.mid	data/kdf/book4/reductions/string_quartet/book4_02_tallor_sano_desio.musicxml	0	-2	3	3	0.38268	yes	no
kdf_string_quartet	IV 2. Tallor sano desio	2. Tallor sano desio	data/kdf/book4/sources/book4_02_tallor_sano_desio.mid	data/kdf/book4/reductions/string_quartet/book4_02_tallor_sano_desio.musicxml	0	-1	4	4	0.362074	yes	no
kdf_string_quartet	IV 2. Tallor sano desio	2. Tallor sano desio	data/kdf/book4/sources/book4_02_tallor_sano_desio.mid	data/kdf/book4/reductions/string_quartet/book4_02_tallor_sano_desio.musicxml	0	0	1	1	0.404268	yes	yes
kdf_string_quartet	IV 2. Tallor sano desio	2. Tallor sano desio	data/kdf/book4/sources/book4_02_tallor_sano_desio.mid	data/kdf/book4/reductions/string_quartet/book4_02_tallor_sano_desio.musicxml	0	1	6	6	0.433449	yes	no
kdf_string_quartet	IV 2. Tallor sano desio	2. Tallor sano desio	data/kdf/book4/sources/book4_02_tallor_sano_desio.mid	data/kdf/book4/reductions/string_quartet/book4_02_tallor_sano_desio.musicxml	0	2	1	1	0.551134	no	no
kdf_string_quartet	IV 2. Tallor sano desio	2. Tallor sano desio	data/kdf/book4/sources/book4_02_tallor_sano_desio.mid	data/kdf/book4/reductions/string_quartet/book4_02_tallor_sano_desio.musicxml	0	3	4	4	0.595788	no	no
kdf_string_quartet	IV 2. Tallor sano desio	2. Tallor sano desio	data/kdf/book4/sources/book4_02_tallor_sano_desio.mid	data/kdf/book4/reductions/string_quartet/book4_02_tallor_sano_desio.musicxml	0	4	3	3	0.769949	no	no
kdf_string_quartet	IV 2. Tallor sano desio	2. Tallor sano desio	data/kdf/book4/sources/book4_02_tallor_sano_desio.mid	data/kdf/book4/reductions/string_quartet/book4_02_tallor_sano_desio.musicxml	0	5	2	2	1.00321	no	no
kdf_string_quartet	IV 3-4. Io Tacerò	3-4. Io Tacerò	data/kdf/book4/sources/book4_03-04_io_tacero.mid	data/kdf/book4/reductions/string_quartet/book4_03-04_io_tacero.musicxml	2	-3	2	2	0.853378	no	no
kdf_string_quartet	IV 3-4. Io Tacerò	3-4. Io Tacerò	data/kdf/book4/sources/book4_03-04_io_tacero.mid	data/kdf/book4/reductions/string_quartet/book4_03-04_io_tacero.musicxml	2	-2	3	3	0.741911	no	no
kdf_string_quartet	IV 3-4. Io Tacerò	3-4. Io Tacerò	data/kdf/book4/sources/book4_03-04_io_tacero.mid	data/kdf/book4/reductions/string_quartet/book4_03-04_io_tacero.musicxml	2	-1	4	4	0.615357	no	no
kdf_string_quartet	IV 3-4. Io Tacerò	3-4. Io Tacerò	data/kdf/book4/sources/book4_03-04_io_tacero.mid	data/kdf/book4/reductions/string_quartet/book4_03-04_io_tacero.musicxml	2	0	1	1	0.574793	no	no
kdf_string_quartet	IV 3-4. Io Tacerò	3-4. Io Tacerò	data/kdf/book4/sources/book4_03-04_io_tacero.mid	data/kdf/book4/reductions/string_quartet/book4_03-04_io_tacero.musicxml	2	1	6	6	0.492314	yes	no
kdf_string_quartet	IV 3-4. Io Tacerò	3-4. Io Tacerò	data/kdf/book4/sources/book4_03-04_io_tacero.mid	data/kdf/book4/reductions/string_quartet/book4_03-04_io_tacero.musicxml	2	2	1	1	0.509071	yes	yes
kdf_string_quartet	IV 3-4. Io Tacerò	3-4. Io Tacerò	data/kdf/book4/sources/book4_03-04_io_tacero.mid	data/kdf/book4/reductions/string_quartet/book4_03-04_io_tacero.musicxml	2	3	4	4	0.530516	yes	no
kdf_string_quartet	IV 3-4. Io Tacerò	3-4. Io Tacerò	data/kdf/book4/sources/book4_03-04_io_tacero.mid	data/kdf/book4/reductions/string_quartet/book4_03-04_io_tacero.musicxml	2	4	3	3	0.624568	no	no
kdf_string_quartet	IV 3-4. Io Tacerò	3-4. Io Tacerò	data/kdf/book4/sources/book4_03-04_io_tacero.mid	data/kdf/book4/reductions/string_quartet/book4_03-04_io_tacero.musicxml	2	5	2	2	0.766158	no	no
kdf_string_quartet	IV 3-4. Io Tacerò	3-4. Io Tacerò	data/kdf/book4/sources/book4_03-04_io_tacero.mid	data/kdf/book4/reductions/string_quartet/book4_03-04_io_tacero.musicxml	2	6	5	5	0.853537	no	no
kdf_string_quartet	IV 3-4. Io Tacerò	3-4. Io Tacerò	data/kdf/book4/sources/book4_03-04_io_tacero.mid	data/kdf/book4/reductions/string_quartet/book4_03-04_io_tacero.musicxml	2	7	0	0	1.1794	no	no
kdf_string_quartet	IV 5. Che fai meco	5. Che fai meco	data/kdf/book4/sources/book4_05_che_fai_meco.mid	data/kdf/book4/reductions/string_quartet/book4_05_che_fai_meco.musicxml	2	-3	2	2	0.574901	no	no
kdf_string_quartet	IV 5. Che fai meco	5. Che fai meco	data/kdf/book4/sources/book4_05_che_fai_meco.mid	data/kdf/book4/reductions/string_quartet/book4_05_che_fai_meco.musicxml	2	-2	3	3	0.526335	no	no
kdf_string_quartet	IV 5. Che fai meco	5. Che fai meco	data/kdf/book4/sources/book4_05_che_fai_meco.mid	data/kdf/book4/reductions/string_quartet/book4_05_che_fai_meco.musicxml	2	-1	4	4	0.45322	yes	no
kdf_string_quartet	IV 5. Che fai meco	5. Che fai meco	data/kdf/book4/sources/book4_05_che_fai_meco.mid	data/kdf/book4/reductions/string_quartet/book4_05_che_fai_meco.musicxml	2	0	1	1	0.447231	yes	no
kdf_string_quartet	IV 5. Che fai meco	5. Che fai meco	data/kdf/book4/sources/book4_05_che_fai_meco.mid	data/kdf/book4/reductions/string_quartet/book4_05_che_fai_meco.musicxml	2	1	6	6	0.418197	yes	no
kdf_string_quartet	IV 5. Che fai meco	5. Che fai meco	data/kdf/book4/sources/book4_05_che_fai_meco.mid	data/kdf/book4/reductions/string_quartet/book4_05_che_fai_meco.musicxml	2	2	1	1	0.41914	yes	yes
kdf_string_quartet	IV 5. Che fai meco	5. Che fai meco	data/kdf/book4/sources/book4_05_che_fai_meco.mid	data/kdf/book4/reductions/string_quartet/book4_05_che_fai_meco.musicxml	2	3	4	4	0.474859	no	no
kdf_string_quartet	IV 5. Che fai meco	5. Che fai meco	data/kdf/book4/sources/book4_05_che_fai_meco.mid	data/kdf/book4/reductions/string_quartet/book4_05_che_fai_meco.musicxml	2	4	3	3	0.644943	no	no
kdf_string_quartet	IV 5. Che fai meco	5. Che fai meco	data/kdf/book4/sources/book4_05_che_fai_meco.mid	data/kdf/book4/reductions/string_quartet/book4_05_che_fai_meco.musicxml	2	5	2	2	0.830359	no	no
kdf_string_quartet	IV 5. Che fai meco	5. Che fai meco	data/kdf/book4/sources/book4_05_che_fai_meco.mid	data/kdf/book4/reductions/string_quartet/book4_05_che_fai_meco.musicxml	2	6	5	5	0.93181	no	no
kdf_string_quartet	IV 5. Che fai meco	5. Che fai meco	data/kdf/book4/sources/book4_05_che_fai_meco.mid	data/kdf/book4/reductions/string_quartet/book4_05_che_fai_meco.musicxml	2	7	0	0	1.35372	no	no
kdf_string_quartet	IV 6. Questa crudele et pia	6. Questa crudele et pia	data/kdf/book4/sources/book4_06_questa_crudele_et_pia.mid	data/kdf/book4/reductions/string_quartet/book4_06_questa_crudele_et_pia.musicxml	0	-5	0	0	0.889394	no	no
kdf_string_quartet	IV 6. Questa crudele et pia	6. Questa crudele et pia	data/kdf/book4/sources/book4_06_questa_crudele_et_pia.mid	data/kdf/book4/reductions/string_quartet/book4_06_questa_crudele_et_pia.musicxml	0	-4	5	5	0.718675	no	no
kdf_string_quartet	IV 6. Questa crudele et pia	6. Questa crudele et pia	data/kdf/book4/sources/book4_06_questa_crudele_et_pia.mid	data/kdf/book4/reductions/string_quartet/book4_06_questa_crudele_et_pia.musicxml	0	-3	2	2	0.458889	no	no
kdf_string_quartet	IV 6. Questa crudele et pia	6. Questa crudele et pia	data/kdf/book4/sources/book4_06_questa_crudele_et_pia.mid	data/kdf/book4/reductions/string_quartet/book4_06_questa_crudele_et_pia.musicxml	0	-2	3	3	0.394879	no	no
kdf_string_quartet	IV 6. Questa crudele et pia	6. Questa crudele et pia	data/kdf/book4/sources/book4_06_questa_crudele_et_pia.mid	data/kdf/book4/reductions/string_quartet/book4_06_questa_crudele_et_pia.musicxml	0	-1	4	4	0.348821	yes	no
kdf_string_quartet	IV 6. Questa crudele et pia	6. Questa crudele et pia	data/kdf/book4/sources/book4_06_questa_crudele_et_pia.mid	data/kdf/book4/reductions/string_quartet/book4_06_questa_crudele_et_pia.musicxml	0	0	1	1	0.326589	yes	yes
kdf_string_quartet	IV 6. Questa crudele et pia	6. Questa crudele et pia	data/kdf/book4/sources/book4_06_questa_crudele_et_pia.mid	data/kdf/book4/reductions/string_quartet/book4_06_questa_crudele_et_pia.musicxml	0	1	6	6	0.321606	yes	no
kdf_string_quartet	IV 6. Questa crudele et pia	6. Questa crudele et pia	data/kdf/book4/sources/book4_06_questa_crudele_et_pia.mid	data/kdf/book4/reductions/string_quartet/book4_06_questa_crudele_et_pia.musicxml	0	2	1	1	0.338889	yes	no
kdf_string_quartet	IV 6. Questa crudele et pia	6. Questa crudele et pia	data/kdf/book4/sources/book4_06_questa_crudele_et_pia.mid	data/kdf/book4/reductions/string_quartet/book4_06_questa_crudele_et_pia.musicxml	0	3	4	4	0.388493	no	no
kdf_string_quartet	IV 6. Questa crudele et pia	6. Questa crudele et pia	data/kdf/book4/sources/book4_06_questa_crudele_et_pia.mid	data/kdf/book4/reductions/string_quartet/book4_06_questa_crudele_et_pia.musicxml	0	4	3	3	0.55324	no	no
kdf_string_quartet	IV 6. Questa crudele et pia	6. Questa crudele et pia	data/kdf/book4/sources/book4_06_questa_crudele_et_pia.mid	data/kdf/book4/reductions/string_quartet/book4_06_questa_crudele_et_pia.musicxml	0	5	2	2	0.768594	no	no
kdf_string_quartet	IV 7-8. Or che in gioia	7-8. Or che in gioia	data/kdf/book4/sources/book4_07-08_or_che_in_gioia.mid	data/kdf/book4/reductions/string_quartet/book4_07-08_or_che_in_gioia.musicxml	0	-5	0	0	0.876699	no	no
kdf_string_quartet	IV 7-8. Or che in gioia	7-8. Or che in gioia	data/kdf/book4/sources/book4_07-08_or_che_in_gioia.mid	data/kdf/book4/reductions/string_quartet/book4_07-08_or_che_in_gioia.musicxml	0	-4	5	5	0.71177	no	no
kdf_string_quartet	IV 7-8. Or che in gioia	7-8. Or che in gioia	data/kdf/book4/sources/book4_07-08_or_che_in_gioia.mid	data/kdf/book4/reductions/string_quartet/book4_07-08_or_che_in_gioia.musicxml	0	-3	2	2	0.4862	no	no
kdf_string_quartet	IV 7-8. Or che in gioia	7-8. Or che in gioia	data/kdf/book4/sources/book4_07-08_or_che_in_gioia.mid	data/kdf/book4/reductions/string_quartet/book4_07-08_or_che_in_gioia.musicxml	0	-2	3	3	0.429316	no	no
kdf_string_quartet	IV 7-8. Or che in gioia	7-8. Or che in gioia	data/kdf/book4/sources/book4_07-08_or_che_in_gioia.mid	data/kdf/book4/reductions/string_quartet/book4_07-08_or_che_in_gioia.musicxml	0	-1	4	4	0.357012	yes	no
kdf_string_quartet	IV 7-8. Or che in gioia	7-8. Or che in gioia	data/kdf/book4/sources/book4_07-08_or_che_in_gioia.mid	data/kdf/book4/reductions/string_quartet/book4_07-08_or_che_in_gioia.musicxml	0	0	1	1	0.367761	yes	yes
kdf_string_quartet	IV 7-8. Or che in gioia	7-8. Or che in gioia	data/kdf/book4/sources/book4_07-08_or_che_in_gioia.mid	data/kdf/book4/reductions/string_quartet/book4_07-08_or_che_in_gioia.musicxml	0	1	6	6	0.381866	yes	no
kdf_string_quartet	IV 7-8. Or che in gioia	7-8. Or che in gioia	data/kdf/book4/sources/book4_07-08_or_che_in_gioia.mid	data/kdf/book4/reductions/string_quartet/book4_07-08_or_che_in_gioia.musicxml	0	2	1	1	0.431817	no	no
kdf_string_quartet	IV 7-8. Or che in gioia	7-8. Or che in gioia	data/kdf/book4/sources/book4_07-08_or_che_in_gioia.mid	data/kdf/book4/reductions/string_quartet/book4_07-08_or_che_in_gioia.musicxml	0	3	4	4	0.471167	no	no
kdf_string_quartet	IV 7-8. Or che in gioia	7-8. Or che in gioia	data/kdf/book4/sources/book4_07-08_or_che_in_gioia.mid	data/kdf/book4/reductions/string_quartet/book4_07-08_or_che_in_gioia.musicxml	0	4	3	3	0.632589	no	no
kdf_string_quartet	IV 7-8. Or che in gioia	7-8. Or che in gioia	data/kdf/book4/sources/book4_07-08_or_che_in_gioia.mid	data/kdf/book4/reductions/string_quartet/book4_07-08_or_che_in_gioia.musicxml	0	5	2	2	0.816556	no	no
kdf_string_quartet	IV 9-10. Cor mio, deh, non piangete	9-10. Cor mio, deh, non piangete	data/kdf/book4/sources/book4_09-10_cor_mio_deh_non_piangete.mid	data/kdf/book4/reductions/string_quartet/book4_09-10_cor_mio_deh_non_piangete.musicxml	0	-5	1	1	1.09505	no	no
kdf_string_quartet	IV 9-10. Cor mio, deh, non piangete	9-10. Cor mio, deh, non piangete	data/kdf/book4/sources/book4_09-10_cor_mio_deh_non_piangete.mid	data/kdf/book4/reductions/string_quartet/book4_09-10_cor_mio_deh_non_piangete.musicxml	0	-4	4	4	0.817118	no	no
kdf_string_quartet	IV 9-10. Cor mio, deh, non piangete	9-10. Cor mio, deh, non piangete	data/kdf/book4/sources/book4_09-10_cor_mio_deh_non_piangete.mid	data/kdf/book4/reductions/string_quartet/book4_09-10_cor_mio_deh_non_piangete.musicxml	0	-3	3	3	0.693635	no	no
kdf_string_quartet	IV 9-10. Cor mio, deh, non piangete	9-10. Cor mio, deh, non piangete	data/kdf/book4/sources/book4_09-10_cor_mio_deh_non_piangete.mid	data/kdf/book4/reductions/string_quartet/book4_09-10_cor_mio_deh_non_piangete.musicxml	0	-2	2	2	0.612873	no	no
kdf_string_quartet	IV 9-10. Cor mio, deh, non piangete	9-10. Cor mio, deh, non piangete	data/kdf/book4/sources/book4_09-10_cor_mio_deh_non_piangete.mid	data/kdf/book4/reductions/string_quartet/book4_09-10_cor_mio_deh_non_piangete.musicxml	0	-1	5	5	0.516087	no	no
kdf_string_quartet	IV 9-10. Cor mio, deh, non piangete	9-10. Cor mio, deh, non piangete	data/kdf/book4/sources/book4_09-10_cor_mio_deh_non_piangete.mid	data/kdf/book4/reductions/string_quartet/book4_09-10_cor_mio_deh_non_piangete.musicxml	0	0	0	0	0.44595	yes	yes
kdf_string_quartet	IV 9-10. Cor mio, deh, non piangete	9-10. Cor mio, deh, non piangete	data/kdf/book4/sources/book4_09-10_cor_mio_deh_non_piangete.mid	data/kdf/book4/reductions/string_quartet/book4_09-10_cor_mio_deh_non_piangete.musicxml	0	1	5	5	0.442808	yes	no
kdf_string_quartet	IV 9-10. Cor mio, deh, non piangete	9-10. Cor mio, deh, non piangete	data/kdf/book4/sources/book4_09-10_cor_mio_deh_non_piangete.mid	data/kdf/book4/reductions/string_quartet/book4_09-10_cor_mio_deh_non_piangete.musicxml	0	2	2	2	0.470513	yes	no
kdf_string_quartet	IV 9-10. Cor mio, deh, non piangete	9-10. Cor mio, deh, non piangete	data/kdf/book4/sources/book4_09-10_cor_mio_deh_non_piangete.mid	data/kdf/book4/reductions/string_quartet/book4_09-10_cor_mio_deh_non_piangete.musicxml	0	3	3	3	0.520527	no	no
kdf_string_quartet	IV 9-10. Cor mio, deh, non piangete	9-10. Cor mio, deh, non piangete	data/kdf/book4/sources/book4_09-10_cor_mio_deh_non_piangete.mid	data/kdf/book4/reductions/string_quartet/book4_09-10_cor_mio_deh_non_piangete.musicxml	0	4	4	4	0.559081	no	no
kdf_string_quartet	IV 9-10. Cor mio, deh, non piangete	9-10. Cor mio, deh, non piangete	data/kdf/book4/sources/book4_09-10_cor_mio_deh_non_piangete.mid	data/kdf/book4/reductions/string_quartet/book4_09-10_cor_mio_deh_non_piangete.musicxml	0	5	1	1	0.793378	no	no
kdf_string_quartet	IV 11. Sparge la morte	11. Sparge la morte	data/kdf/book4/sources/book4_11_sparge_la_morte.mid	data/kdf/book4/reductions/string_quartet/book4_11_sparge_la_morte.musicxml	5	0	0	0	0.535946	no	no
kdf_string_quartet	IV 11. Sparge la morte	11. Sparge la morte	data/kdf/book4/sources/book4_11_sparge_la_morte.mid	data/kdf/book4/reductions/string_quartet/book4_11_sparge_la_morte.musicxml	5	1	5	5	0.470484	no	no
kdf_string_quartet	IV 11. Sparge la morte	11. Sparge la morte	data/kdf/book4/sources/book4_11_sparge_la_morte.mid	data/kdf/book4/reductions/string_quartet/book4_11_sparge_la_morte.musicxml	5	2	2	2	0.358786	yes	no
kdf_string_quartet	IV 11. Sparge la morte	11. Sparge la morte	data/kdf/book4/sources/book4_11_sparge_la_morte.mid	data/kdf/book4/reductions/string_quartet/book4_11_sparge_la_morte.musicxml	5	3	3	3	0.348933	yes	no
kdf_string_quartet	IV 11. Sparge la morte	11. Sparge la morte	data/kdf/book4/sources/book4_11_sparge_la_morte.mid	data/kdf/book4/reductions/string_quartet/book4_11_sparge_la_morte.musicxml	5	4	4	4	0.350653	yes	no
kdf_string_quartet	IV 11. Sparge la morte	11. Sparge la morte	data/kdf/book4/sources/book4_11_sparge_la_morte.mid	data/kdf/book4/reductions/string_quartet/book4_11_sparge_la_morte.musicxml	5	5	1	1	0.379715	yes	yes
kdf_string_quartet	IV 11. Sparge la morte	11. Sparge la morte	data/kdf/book4/sources/book4_11_sparge_la_morte.mid	data/kdf/book4/reductions/string_quartet/book4_11_sparge_la_morte.musicxml	5	6	6	6	0.42368	yes	no
kdf_string_quartet	IV 11. Sparge la morte	11. Sparge la morte	data/kdf/book4/sources/book4_11_sparge_la_morte.mid	data/kdf/book4/reductions/string_quartet/book4_11_sparge_la_morte.musicxml	5	7	1	1	0.55703	no	no
kdf_string_quartet	IV 11. Sparge la morte	11. Sparge la morte	data/kdf/book4/sources/book4_11_sparge_la_morte.mid	data/kdf/book4/reductions/string_quartet/book4_11_sparge_la_morte.musicxml	5	8	4	4	0.674468	no	no
kdf_string_quartet	IV 11. Sparge la morte	11. Sparge la morte	data/kdf/book4/sources/book4_11_sparge_la_morte.mid	data/kdf/book4/reductions/string_quartet/book4_11_sparge_la_morte.musicxml	5	9	3	3	0.84672	no	no
kdf_string_quartet	IV 11. Sparge la morte	11. Sparge la morte	data/kdf/book4/sources/book4_11_sparge_la_morte.mid	data/kdf/book4/reductions/string_quartet/book4_11_sparge_la_morte.musicxml	5	10	2	2	1.2919	no	no
kdf_string_quartet	IV 12-13. Moro, e mentre sospiro	12-13. Moro, e mentre sospiro	data/kdf/book4/sources/book4_12-13_moro_e_mentre_sospiro.mid	data/kdf/book4/reductions/string_quartet/book4_12-13_moro_e_mentre_sospiro.musicxml	2	-3	2	2	0.894222	no	no
kdf_string_quartet	IV 12-13. Moro, e mentre sospiro	12-13. Moro, e mentre sospiro	data/kdf/book4/sources/book4_12-13_moro_e_mentre_sospiro.mid	data/kdf/book4/reductions/string_quartet/book4_12-13_moro_e_mentre_sospiro.musicxml	2	-2	3	3	0.733863	no	no
kdf_string_quartet	IV 12-13. Moro, e mentre sospiro	12-13. Moro, e mentre sospiro	data/kdf/book4/sources/book4_12-13_moro_e_mentre_sospiro.mid	data/kdf/book4/reductions/string_quartet/book4_12-13_moro_e_mentre_sospiro.musicxml	2	-1	4	4	0.634247	no	no
kdf_string_quartet	IV 12-13. Moro, e mentre sospiro	12-13. Moro, e mentre sospiro	data/kdf/book4/sources/book4_12-13_moro_e_mentre_sospiro.mid	data/kdf/book4/reductions/string_quartet/book4_12-13_moro_e_mentre_sospiro.musicxml	2	0	1	1	0.582679	no	no
kdf_string_quartet	IV 12-13. Moro, e mentre sospiro	12-13. Moro, e mentre sospiro	data/kdf/book4/sources/book4_12-13_moro_e_mentre_sospiro.mid	data/kdf/book4/reductions/string_quartet/book4_12-13_moro_e_mentre_sospiro.musicxml	2	1	6	6	0.513986	yes	no
kdf_string_quartet	IV 12-13. Moro, e mentre sospiro	12-13. Moro, e mentre sospiro	data/kdf/book4/sources/book4_12-13_moro_e_mentre_sospiro.mid	data/kdf/book4/reductions/string_quartet/book4_12-13_moro_e_mentre_sospiro.musicxml	2	2	1	1	0.493598	yes	yes
kdf_string_quartet	IV 12-13. Moro, e mentre sospiro	12-13. Moro, e mentre sospiro	data/kdf/book4/sources/book4_12-13_moro_e_mentre_sospiro.mid	data/kdf/book4/reductions/string_quartet/book4_12-13_moro_e_mentre_sospiro.musicxml	2	3	4	4	0.521167	yes	no
kdf_string_quartet	IV 12-13. Moro, e mentre sospiro	12-13. Moro, e mentre sospiro	data/kdf/book4/sources/book4_12-13_moro_e_mentre_sospiro.mid	data/kdf/book4/reductions/string_quartet/book4_12-13_moro_e_mentre_sospiro.musicxml	2	4	3	3	0.594638	no	no
kdf_string_quartet	IV 12-13. Moro, e mentre sospiro	12-13. Moro, e mentre sospiro	data/kdf/book4/sources/book4_12-13_moro_e_mentre_sospiro.mid	data/kdf/book4/reductions/string_quartet/book4_12-13_moro_e_mentre_sospiro.musicxml	2	5	2	2	0.758516	no	no
kdf_string_quartet	IV 12-13. Moro, e mentre sospiro	12-13. Moro, e mentre sospiro	data/kdf/book4/sources/book4_12-13_moro_e_mentre_sospiro.mid	data/kdf/book4/reductions/string_quartet/book4_12-13_moro_e_mentre_sospiro.musicxml	2	6	5	5	0.835303	no	no
kdf_string_quartet	IV 12-13. Moro, e mentre sospiro	12-13. Moro, e mentre sospiro	data/kdf/book4/sources/book4_12-13_moro_e_mentre_sospiro.mid	data/kdf/book4/reductions/string_quartet/book4_12-13_moro_e_mentre_sospiro.musicxml	2	7	0	0	1.15331	no	no
kdf_string_quartet	IV 14. Mentre gira costei	14. Mentre gira costei	data/kdf/book4/sources/book4_14_mentre_gira_costei.mid	data/kdf/book4/reductions/string_quartet/book4_14_mentre_gira_costei.musicxml	0	-5	1	1	0.591225	no	no
kdf_string_quartet	IV 14. Mentre gira costei	14. Mentre gira costei	data/kdf/book4/sources/book4_14_mentre_gira_costei.mid	data/kdf/book4/reductions/string_quartet/book4_14_mentre_gira_costei.musicxml	0	-4	4	4	0.527861	no	no
kdf_string_quartet	IV 14. Mentre gira costei	14. Mentre gira costei	data/kdf/book4/sources/book4_14_mentre_gira_costei.mid	data/kdf/book4/reductions/string_quartet/book4_14_mentre_gira_costei.musicxml	0	-3	3	3	0.441088	no	no
kdf_string_quartet	IV 14. Mentre gira costei	14. Mentre gira costei	data/kdf/book4/sources/book4_14_mentre_gira_costei.mid	data/kdf/book4/reductions/string_quartet/book4_14_mentre_gira_costei.musicxml	0	-2	2	2	0.409098	no	no
kdf_string_quartet	IV 14. Mentre gira costei	14. Mentre gira costei	data/kdf/book4/sources/book4_14_mentre_gira_costei.mid	data/kdf/book4/reductions/string_quartet/book4_14_mentre_gira_costei.musicxml	0	-1	5	5	0.356548	yes	no
kdf_string_quartet	IV 14. Mentre gira costei	14. Mentre gira costei	data/kdf/book4/sources/book4_14_mentre_gira_costei.mid	data/kdf/book4/reductions/string_quartet/book4_14_mentre_gira_costei.musicxml	0	0	0	0	0.354195	yes	yes
kdf_string_quartet	IV 14. Mentre gira costei	14. Mentre gira costei	data/kdf/book4/sources/book4_14_mentre_gira_costei.mid	data/kdf/book4/reductions/string_quartet/book4_14_mentre_gira_costei.musicxml	0	1	5	5	0.397233	yes	no
kdf_string_quartet	IV 14. Mentre gira costei	14. Mentre gira costei	data/kdf/book4/sources/book4_14_mentre_gira_costei.mid	data/kdf/book4/reductions/string_quartet/book4_14_mentre_gira_costei.musicxml	0	2	2	2	0.576656	no	no
kdf_string_quartet	IV 14. Mentre gira costei	14. Mentre gira costei	data/kdf/book4/sources/book4_14_mentre_gira_costei.mid	data/kdf/book4/reductions/string_quartet/book4_14_mentre_gira_costei.musicxml	0	3	3	3	0.699723	no	no
kdf_string_quartet	IV 14. Mentre gira costei	14. Mentre gira costei	data/kdf/book4/sources/book4_14_mentre_gira_costei.mid	data/kdf/book4/reductions/string_quartet/book4_14_mentre_gira_costei.musicxml	0	4	4	4	0.766607	no	no
kdf_string_quartet	IV 14. Mentre gira costei	14. Mentre gira costei	data/kdf/book4/sources/book4_14_mentre_gira_costei.mid	data/kdf/book4/reductions/string_quartet/book4_14_mentre_gira_costei.musicxml	0	5	1	1	1.05888	no	no
kdf_string_quartet	IV 15. A voi, mentre il mio core	15. A voi, mentre il mio core	data/kdf/book4/sources/book4_15_a_voi_mentre_il_mio_core.mid	data/kdf/book4/reductions/string_quartet/book4_15_a_voi_mentre_il_mio_core.musicxml	0	-5	1	1	0.732625	no	no
kdf_string_quartet	IV 15. A voi, mentre il mio core	15. A voi, mentre il mio core	data/kdf/book4/sources/book4_15_a_voi_mentre_il_mio_core.mid	data/kdf/book4/reductions/string_quartet/book4_15_a_voi_mentre_il_mio_core.musicxml	0	-4	4	4	0.646641	no	no
kdf_string_quartet	IV 15. A voi, mentre il mio core	15. A voi, mentre il mio core	data/kdf/book4/sources/book4_15_a_voi_mentre_il_mio_core.mid	data/kdf/book4/reductions/string_quartet/book4_15_a_voi_mentre_il_mio_core.musicxml	0	-3	3	3	0.456066	no	no
kdf_string_quartet	IV 15. A voi, mentre il mio core	15. A voi, mentre il mio core	data/kdf/book4/sources/book4_15_a_voi_mentre_il_mio_core.mid	data/kdf/book4/reductions/string_quartet/book4_15_a_voi_mentre_il_mio_core.musicxml	0	-2	2	2	0.398849	no	no
kdf_string_quartet	IV 15. A voi, mentre il mio core	15. A voi, mentre il mio core	data/kdf/book4/sources/book4_15_a_voi_mentre_il_mio_core.mid	data/kdf/book4/reductions/string_quartet/book4_15_a_voi_mentre_il_mio_core.musicxml	0	-1	5	5	0.338248	yes	no
kdf_string_quartet	IV 15. A voi, mentre il mio core	15. A voi, mentre il mio core	data/kdf/book4/sources/book4_15_a_voi_mentre_il_mio_core.mid	data/kdf/book4/reductions/string_quartet/book4_15_a_voi_mentre_il_mio_core.musicxml	0	0	0	0	0.342575	yes	yes
kdf_string_quartet	IV 15. A voi, mentre il mio core	15. A voi, mentre il mio core	data/kdf/book4/sources/book4_15_a_voi_mentre_il_mio_core.mid	data/kdf/book4/reductions/string_quartet/book4_15_a_voi_mentre_il_mio_core.musicxml	0	1	5	5	0.361826	yes	no
kdf_string_quartet	IV 15. A voi, mentre il mio core	15. A voi, mentre il mio core	data/kdf/book4/sources/book4_15_a_voi_mentre_il_mio_core.mid	data/kdf/book4/reductions/string_quartet/book4_15_a_voi_mentre_il_mio_core.musicxml	0	2	2	2	0.440465	no	no
kdf_string_quartet	IV 15. A voi, mentre il mio core	15. A voi, mentre il mio core	data/kdf/book4/sources/book4_15_a_voi_mentre_il_mio_core.mid	data/kdf/book4/reductions/string_quartet/book4_15_a_voi_mentre_il_mio_core.musicxml	0	3	3	3	0.528549	no	no
kdf_string_quartet	IV 15. A voi, mentre il mio core	15. A voi, mentre il mio core	data/kdf/book4/sources/book4_15_a_voi_mentre_il_mio_core.mid	data/kdf/book4/reductions/string_quartet/book4_15_a_voi_mentre_il_mio_core.musicxml	0	4	4	4	0.600519	no	no
kdf_string_quartet	IV 15. A voi, mentre il mio core	15. A voi, mentre il mio core	data/kdf/book4/sources/book4_15_a_voi_mentre_il_mio_core.mid	data/kdf/book4/reductions/string_quartet/book4_15_a_voi_mentre_il_mio_core.musicxml	0	5	1	1	0.876676	no	no
kdf_string_quartet	IV 16-17. Ecco, morirò dunque	16-17. Ecco, morirò dunque	data/kdf/book4/sources/book4_16-17_ecco_moriro_dunque.mid	data/kdf/book4/reductions/string_quartet/book4_16-17_ecco_moriro_dunque.musicxml	0	-5	1	1	0.701653	no	no
kdf_string_quartet	IV 16-17. Ecco, morirò dunque	16-17. Ecco, morirò dunque	data/kdf/book4/sources/book4_16-17_ecco_moriro_dunque.mid	data/kdf/book4/reductions/string_quartet/book4_16-17_ecco_moriro_dunque.musicxml	0	-4	4	4	0.594929	no	no
kdf_string_quartet	IV 16-17. Ecco, morirò dunque	16-17. Ecco, morirò dunque	data/kdf/book4/sources/book4_16-17_ecco_moriro_dunque.mid	data/kdf/book4/reductions/string_quartet/book4_16-17_ecco_moriro_dunque.musicxml	0	-3	3	3	0.453844	no	no
kdf_string_quartet	IV 16-17. Ecco, morirò dunque	16-17. Ecco, morirò dunque	data/kdf/book4/sources/book4_16-17_ecco_moriro_dunque.mid	data/kdf/book4/reductions/string_quartet/book4_16-17_ecco_moriro_dunque.musicxml	0	-2	2	2	0.399462	no	no
kdf_string_quartet	IV 16-17. Ecco, morirò dunque	16-17. Ecco, morirò dunque	data/kdf/book4/sources/book4_16-17_ecco_moriro_dunque.mid	data/kdf/book4/reductions/string_quartet/book4_16-17_ecco_moriro_dunque.musicxml	0	-1	5	5	0.364904	yes	no
kdf_string_quartet	IV 16-17. Ecco, morirò dunque	16-17. Ecco, morirò dunque	data/kdf/book4/sources/book4_16-17_ecco_moriro_dunque.mid	data/kdf/book4/reductions/string_quartet/book4_16-17_ecco_moriro_dunque.musicxml	0	0	0	0	0.341776	yes	yes
kdf_string_quartet	IV 16-17. Ecco, morirò dunque	16-17. Ecco, morirò dunque	data/kdf/book4/sources/book4_16-17_ecco_moriro_dunque.mid	data/kdf/book4/reductions/string_quartet/book4_16-17_ecco_moriro_dunque.musicxml	0	1	5	5	0.35875	yes	no
kdf_string_quartet	IV 16-17. Ecco, morirò dunque	16-17. Ecco, morirò dunque	data/kdf/book4/sources/book4_16-17_ecco_moriro_dunque.mid	data/kdf/book4/reductions/string_quartet/book4_16-17_ecco_moriro_dunque.musicxml	0	2	2	2	0.451116	no	no
kdf_string_quartet	IV 16-17. Ecco, morirò dunque	16-17. Ecco, morirò dunque	data/kdf/book4/sources/book4_16-17_ecco_moriro_dunque.mid	data/kdf/book4/reductions/string_quartet/book4_16-17_ecco_moriro_dunque.musicxml	0	3	3	3	0.546563	no	no
kdf_string_quartet	IV 16-17. Ecco, morirò dunque	16-17. Ecco, morirò dunque	data/kdf/book4/sources/book4_16-17_ecco_moriro_dunque.mid	data/kdf/book4/reductions/string_quartet/book4_16-17_ecco_moriro_dunque.musicxml	0	4	4	4	0.606735	no	no
kdf_string_quartet	IV 16-17. Ecco, morirò dunque	16-17. Ecco, morirò dunque	data/kdf/book4/sources/book4_16-17_ecco_moriro_dunque.mid	data/kdf/book4/reductions/string_quartet/book4_16-17_ecco_moriro_dunque.musicxml	0	5	1	1	0.803027	no	no
kdf_string_quartet	IV 18. Arde il mio cor	18. Arde il mio cor	data/kdf/book4/sources/book4_18_arde_il_mio_cor.mid	data/kdf/book4/reductions/string_quartet/book4_18_arde_il_mio_cor.musicxml	0	-5	1	1	0.501165	no	no
kdf_string_quartet	IV 18. Arde il mio cor	18. Arde il mio cor	data/kdf/book4/sources/book4_18_arde_il_mio_cor.mid	data/kdf/book4/reductions/string_quartet/book4_18_arde_il_mio_cor.musicxml	0	-4	4	4	0.436436	no	no
kdf_string_quartet	IV 18. Arde il mio cor	18. Arde il mio cor	data/kdf/book4/sources/book4_18_arde_il_mio_cor.mid	data/kdf/book4/reductions/string_quartet/book4_18_arde_il_mio_cor.musicxml	0	-3	3	3	0.35939	no	no
kdf_string_quartet	IV 18. Arde il mio cor	18. Arde il mio cor	data/kdf/book4/sources/book4_18_arde_il_mio_cor.mid	data/kdf/book4/reductions/string_quartet/book4_18_arde_il_mio_cor.musicxml	0	-2	2	2	0.321875	no	no
kdf_string_quartet	IV 18. Arde il mio cor	18. Arde il mio cor	data/kdf/book4/sources/book4_18_arde_il_mio_cor.mid	data/kdf/book4/reductions/string_quartet/book4_18_arde_il_mio_cor.musicxml	0	-1	5	5	0.29038	yes	no
kdf_string_quartet	IV 18. Arde il mio cor	18. Arde il mio cor	data/kdf/book4/sources/book4_18_arde_il_mio_cor.mid	data/kdf/book4/reductions/string_quartet/book4_18_arde_il_mio_cor.musicxml	0	0	0	0	0.270176	yes	yes
kdf_string_quartet	IV 18. Arde il mio cor	18. Arde il mio cor	data/kdf/book4/sources/book4_18_arde_il_mio_cor.mid	data/kdf/book4/reductions/string_quartet/book4_18_arde_il_mio_cor.musicxml	0	1	5	5	0.292515	yes	no
kdf_string_quartet	IV 18. Arde il mio cor	18. Arde il mio cor	data/kdf/book4/sources/book4_18_arde_il_mio_cor.mid	data/kdf/book4/reductions/string_quartet/book4_18_arde_il_mio_cor.musicxml	0	2	2	2	0.391491	no	no
kdf_string_quartet	IV 18. Arde il mio cor	18. Arde il mio cor	data/kdf/book4/sources/book4_18_arde_il_mio_cor.mid	data/kdf/book4/reductions/string_quartet/book4_18_arde_il_mio_cor.musicxml	0	3	3	3	0.449569	no	no
kdf_string_quartet	IV 18. Arde il mio cor	18. Arde il mio cor	data/kdf/book4/sources/book4_18_arde_il_mio_cor.mid	data/kdf/book4/reductions/string_quartet/book4_18_arde_il_mio_cor.musicxml	0	4	4	4	0.517339	no	no
kdf_string_quartet	IV 18. Arde il mio cor	18. Arde il mio cor	data/kdf/book4/sources/book4_18_arde_il_mio_cor.mid	data/kdf/book4/reductions/string_quartet/book4_18_arde_il_mio_cor.musicxml	0	5	1	1	0.753772	no	no
kdf_string_quartet	IV 19. Se chiudete nel core	19. Se chiudete nel core	data/kdf/book4/sources/book4_19_se_chiudete_nel_core.mid	data/kdf/book4/reductions/string_quartet/book4_19_se_chiudete_nel_core.musicxml	0	-5	1	1	0.582117	no	no
kdf_string_quartet	IV 19. Se chiudete nel core	19. Se chiudete nel core	data/kdf/book4/sources/book4_19_se_chiudete_nel_core.mid	data/kdf/book4/reductions/string_quartet/book4_19_se_chiudete_nel_core.musicxml	0	-4	4	4	0.520969	no	no
kdf_string_quartet	IV 19. Se chiudete nel core	19. Se chiudete nel core	data/kdf/book4/sources/book4_19_se_chiudete_nel_core.mid	data/kdf/book4/reductions/string_quartet/book4_19_se_chiudete_nel_core.musicxml	0	-3	3	3	0.413537	no	no
kdf_string_quartet	IV 19. Se chiudete nel core	19. Se chiudete nel core	data/kdf/book4/sources/book4_19_se_chiudete_nel_core.mid	data/kdf/book4/reductions/string_quartet/book4_19_se_chiudete_nel_core.musicxml	0	-2	2	2	0.37526	no	no
kdf_string_quartet	IV 19. Se chiudete nel core	19. Se chiudete nel core	data/kdf/book4/sources/book4_19_se_chiudete_nel_core.mid	data/kdf/book4/reductions/string_quartet/book4_19_se_chiudete_nel_core.musicxml	0	-1	5	5	0.331886	yes	no
kdf_string_quartet	IV 19. Se chiudete nel core	19. Se chiudete nel core	data/kdf/book4/sources/book4_19_se_chiudete_nel_core.mid	data/kdf/book4/reductions/string_quartet/book4_19_se_chiudete_nel_core.musicxml	0	0	0	0	0.30673	yes	yes
kdf_string_quartet	IV 19. Se chiudete nel core	19. Se chiudete nel core	data/kdf/book4/sources/book4_19_se_chiudete_nel_core.mid	data/kdf/book4/reductions/string_quartet/book4_19_se_chiudete_nel_core.musicxml	0	1	5	5	0.339204	yes	no
kdf_string_quartet	IV 19. Se chiudete nel core	19. Se chiudete nel core	data/kdf/book4/sources/book4_19_se_chiudete_nel_core.mid	data/kdf/book4/reductions/string_quartet/book4_19_se_chiudete_nel_core.musicxml	0	2	2	2	0.491406	no	no
kdf_string_quartet	IV 19. Se chiudete nel core	19. Se chiudete nel core	data/kdf/book4/sources/book4_19_se_chiudete_nel_core.mid	data/kdf/book4/reductions/string_quartet/book4_19_se_chiudete_nel_core.musicxml	0	3	3	3	0.553401	no	no
kdf_string_quartet	IV 19. Se chiudete nel core	19. Se chiudete nel core	data/kdf/book4/sources/book4_19_se_chiudete_nel_core.mid	data/kdf/book4/reductions/string_quartet/book4_19_se_chiudete_nel_core.musicxml	0	4	4	4	0.643367	no	no
kdf_string_quartet	IV 19. Se chiudete nel core	19. Se chiudete nel core	data/kdf/book4/sources/book4_19_se_chiudete_nel_core.mid	data/kdf/book4/reductions/string_quartet/book4_19_se_chiudete_nel_core.musicxml	0	5	1	1	0.918113	no	no
kdf_string_quartet	VI 1. Se la mia morte brami	1. Se la mia morte brami	data/kdf/book6/sources/book6_01_se_la_mia_morte_brami.mid	data/kdf/book6/reductions/string_quartet/book6_01_se_la_mia_morte_brami.musicxml	0	-5	0	0	0.809776	no	no
kdf_string_quartet	VI 1. Se la mia morte brami	1. Se la mia morte brami	data/kdf/book6/sources/book6_01_se_la_mia_morte_brami.mid	data/kdf/book6/reductions/string_quartet/book6_01_se_la_mia_morte_brami.musicxml	0	-4	5	5	0.673933	no	no
kdf_string_quartet	VI 1. Se la mia morte brami	1. Se la mia morte brami	data/kdf/book6/sources/book6_01_se_la_mia_morte_brami.mid	data/kdf/book6/reductions/string_quartet/book6_01_se_la_mia_morte_brami.musicxml	0	-3	2	2	0.495703	no	no
kdf_string_quartet	VI 1. Se la mia morte brami	1. Se la mia morte brami	data/kdf/book6/sources/book6_01_se_la_mia_morte_brami.mid	data/kdf/book6/reductions/string_quartet/book6_01_se_la_mia_morte_brami.musicxml	0	-2	3	3	0.423766	no	no
kdf_string_quartet	VI 1. Se la mia morte brami	1. Se la mia morte brami	data/kdf/book6/sources/book6_01_se_la_mia_morte_brami.mid	data/kdf/book6/reductions/string_quartet/book6_01_se_la_mia_morte_brami.musicxml	0	-1	4	4	0.352121	yes	no
kdf_string_quartet	VI 1. Se la mia morte brami	1. Se la mia morte brami	data/kdf/book6/sources/book6_01_se_la_mia_morte_brami.mid	data/kdf/book6/reductions/string_quartet/book6_01_se_la_mia_morte_brami.musicxml	0	0	1	1	0.326959	yes	yes
kdf_string_quartet	VI 1. Se la mia morte brami	1. Se la mia morte brami	data/kdf/book6/sources/book6_01_se_la_mia_morte_brami.mid	data/kdf/book6/reductions/string_quartet/book6_01_se_la_mia_morte_brami.musicxml	0	1	6	6	0.332703	yes	no
kdf_string_quartet	VI 1. Se la mia morte brami	1. Se la mia morte brami	data/kdf/book6/sources/book6_01_se_la_mia_morte_brami.mid	data/kdf/book6/reductions/string_quartet/book6_01_se_la_mia_morte_brami.musicxml	0	2	1	1	0.375122	yes	no
kdf_string_quartet	VI 1. Se la mia morte brami	1. Se la mia morte brami	data/kdf/book6/sources/book6_01_se_la_mia_morte_brami.mid	data/kdf/book6/reductions/string_quartet/book6_01_se_la_mia_morte_brami.musicxml	0	3	4	4	0.418283	no	no
kdf_string_quartet	VI 1. Se la mia morte brami	1. Se la mia morte brami	data/kdf/book6/sources/book6_01_se_la_mia_morte_brami.mid	data/kdf/book6/reductions/string_quartet/book6_01_se_la_mia_morte_brami.musicxml	0	4	3	3	0.604457	no	no
kdf_string_quartet	VI 1. Se la mia morte brami	1. Se la mia morte brami	data/kdf/book6/sources/book6_01_se_la_mia_morte_brami.mid	data/kdf/book6/reductions/string_quartet/book6_01_se_la_mia_morte_brami.musicxml	0	5	2	2	0.814407	no	no
kdf_string_quartet	VI 2. Beltà poi che tassenti	2. Beltà poi che tassenti	data/kdf/book6/sources/book6_02_belta_poi_che_tassenti.mid	data/kdf/book6/reductions/string_quartet/book6_02_belta_poi_che_tassenti.musicxml	0	-5	0	0	1.08142	no	no
kdf_string_quartet	VI 2. Beltà poi che tassenti	2. Beltà poi che tassenti	data/kdf/book6/sources/book6_02_belta_poi_che_tassenti.mid	data/kdf/book6/reductions/string_quartet/book6_02_belta_poi_che_tassenti.musicxml	0	-4	5	5	0.892253	no	no
kdf_string_quartet	VI 2. Beltà poi che tassenti	2. Beltà poi che tassenti	data/kdf/book6/sources/book6_02_belta_poi_che_tassenti.mid	data/kdf/book6/reductions/string_quartet/book6_02_belta_poi_che_tassenti.musicxml	0	-3	2	2	0.630647	no	no
kdf_string_quartet	VI 2. Beltà poi che tassenti	2. Beltà poi che tassenti	data/kdf/book6/sources/book6_02_belta_poi_che_tassenti.mid	data/kdf/book6/reductions/string_quartet/book6_02_belta_poi_che_tassenti.musicxml	0	-2	3	3	0.507525	no	no
kdf_string_quartet	VI 2. Beltà poi che tassenti	2. Beltà poi che tassenti	data/kdf/book6/sources/book6_02_belta_poi_che_tassenti.mid	data/kdf/book6/reductions/string_quartet/book6_02_belta_poi_che_tassenti.musicxml	0	-1	4	4	0.4334	yes	no
kdf_string_quartet	VI 2. Beltà poi che tassenti	2. Beltà poi che tassenti	data/kdf/book6/sources/book6_02_belta_poi_che_tassenti.mid	data/kdf/book6/reductions/string_quartet/book6_02_belta_poi_che_tassenti.musicxml	0	0	1	1	0.411626	yes	yes
kdf_string_quartet	VI 2. Beltà poi che tassenti	2. Beltà poi che tassenti	data/kdf/book6/sources/book6_02_belta_poi_che_tassenti.mid	data/kdf/book6/reductions/string_quartet/book6_02_belta_poi_che_tassenti.musicxml	0	1	6	6	0.418225	yes	no
kdf_string_quartet	VI 2. Beltà poi che tassenti	2. Beltà poi che tassenti	data/kdf/book6/sources/book6_02_belta_poi_che_tassenti.mid	data/kdf/book6/reductions/string_quartet/book6_02_belta_poi_che_tassenti.musicxml	0	2	1	1	0.527241	no	no
kdf_string_quartet	VI 2. Beltà poi che tassenti	2. Beltà poi che tassenti	data/kdf/book6/sources/book6_02_belta_poi_che_tassenti.mid	data/kdf/book6/reductions/string_quartet/book6_02_belta_poi_che_tassenti.musicxml	0	3	4	4	0.605018	no	no
kdf_string_quartet	VI 2. Beltà poi che tassenti	2. Beltà poi che tassenti	data/kdf/book6/sources/book6_02_belta_poi_che_tassenti.mid	data/kdf/book6/reductions/string_quartet/book6_02_belta_poi_che_tassenti.musicxml	0	4	3	3	0.741084	no	no
kdf_string_quartet	VI 2. Beltà poi che tassenti	2. Beltà poi che tassenti	data/kdf/book6/sources/book6_02_belta_poi_che_tassenti.mid	data/kdf/book6/reductions/string_quartet/book6_02_belta_poi_che_tassenti.musicxml	0	5	2	2	0.963536	no	no
kdf_string_quartet	VI 3. Tu piangi, o filli mia	3. Tu piangi, o filli mia	data/kdf/book6/sources/book6_03_tu_piangi_o_filli_mia.mid	data/kdf/book6/reductions/string_quartet/book6_03_tu_piangi_o_filli_mia.musicxml	0	-5	0	0	0.824667	no	no
kdf_string_quartet	VI 3. Tu piangi, o filli mia	3. Tu piangi, o filli mia	data/kdf/book6/sources/book6_03_tu_piangi_o_filli_mia.mid	data/kdf/book6/reductions/string_quartet/book6_03_tu_piangi_o_filli_mia.musicxml	0	-4	5	5	0.670984	no	no
kdf_string_quartet	VI 3. Tu piangi, o filli mia	3. Tu piangi, o filli mia	data/kdf/book6/sources/book6_03_tu_piangi_o_filli_mia.mid	data/kdf/book6/reductions/string_quartet/book6_03_tu_piangi_o_filli_mia.musicxml	0	-3	2	2	0.534887	no	no
kdf_string_quartet	VI 3. Tu piangi, o filli mia	3. Tu piangi, o filli mia	data/kdf/book6/sources/book6_03_tu_piangi_o_filli_mia.mid	data/kdf/book6/reductions/string_quartet/book6_03_tu_piangi_o_filli_mia.musicxml	0	-2	3	3	0.475908	no	no
kdf_string_quartet	VI 3. Tu piangi, o filli mia	3. Tu piangi, o filli mia	data/kdf/book6/sources/book6_03_tu_piangi_o_filli_mia.mid	data/kdf/book6/reductions/string_quartet/book6_03_tu_piangi_o_filli_mia.musicxml	0	-1	4	4	0.421981	yes	no
kdf_string_quartet	VI 3. Tu piangi, o filli mia	3. Tu piangi, o filli mia	data/kdf/book6/sources/book6_03_tu_piangi_o_filli_mia.mid	data/kdf/book6/reductions/string_quartet/book6_03_tu_piangi_o_filli_mia.musicxml	0	0	1	1	0.394706	yes	yes
kdf_string_quartet	VI 3. Tu piangi, o filli mia	3. Tu piangi, o filli mia	data/kdf/book6/sources/book6_03_tu_piangi_o_filli_mia.mid	data/kdf/book6/reductions/string_quartet/book6_03_tu_piangi_o_filli_mia.musicxml	0	1	6	6	0.371635	yes	no
kdf_string_quartet	VI 3. Tu piangi, o filli mia	3. Tu piangi, o filli mia	data/kdf/book6/sources/book6_03_tu_piangi_o_filli_mia.mid	data/kdf/book6/reductions/string_quartet/book6_03_tu_piangi_o_filli_mia.musicxml	0	2	1	1	0.413647	yes	no
kdf_string_quartet	VI 3. Tu piangi, o filli mia	3. Tu piangi, o filli mia	data/kdf/book6/sources/book6_03_tu_piangi_o_filli_mia.mid	data/kdf/book6/reductions/string_quartet/book6_03_tu_piangi_o_filli_mia.musicxml	0	3	4	4	0.457255	no	no
kdf_string_quartet	VI 3. Tu piangi, o filli mia	3. Tu piangi, o filli mia	data/kdf/book6/sources/book6_03_tu_piangi_o_filli_mia.mid	data/kdf/book6/reductions/string_quartet/book6_03_tu_piangi_o_filli_mia.musicxml	0	4	3	3	0.588135	no	no
kdf_string_quartet	VI 3. Tu piangi, o filli mia	3. Tu piangi, o filli mia	data/kdf/book6/sources/book6_03_tu_piangi_o_filli_mia.mid	data/kdf/book6/reductions/string_quartet/book6_03_tu_piangi_o_filli_mia.musicxml	0	5	2	2	0.791315	no	no
kdf_string_quartet	VI 4. Resta di darmi noia	4. Resta di darmi noia	data/kdf/book6/sources/book6_04_resta_di_darmi_noia.mid	data/kdf/book6/reductions/string_quartet/book6_04_resta_di_darmi_noia.musicxml	0	-5	1	1	0.761666	no	no
kdf_string_quartet	VI 4. Resta di darmi noia	4. Resta di darmi noia	data/kdf/book6/sources/book6_04_resta_di_darmi_noia.mid	data/kdf/book6/reductions/string_quartet/book6_04_resta_di_darmi_noia.musicxml	0	-4	4	4	0.687414	no	no
kdf_string_quartet	VI 4. Resta di darmi noia	4. Resta di darmi noia	data/kdf/book6/sources/book6_04_resta_di_darmi_noia.mid	data/kdf/book6/reductions/string_quartet/book6_04_resta_di_darmi_noia.musicxml	0	-3	3	3	0.571992	no	no
kdf_string_quartet	VI 4. Resta di darmi noia	4. Resta di darmi noia	data/kdf/book6/sources/book6_04_resta_di_darmi_noia.mid	data/kdf/book6/reductions/string_quartet/book6_04_resta_di_darmi_noia.musicxml	0	-2	2	2	0.536265	yes	no
kdf_string_quartet	VI 4. Resta di darmi noia	4. Resta di darmi noia	data/kdf/book6/sources/book6_04_resta_di_darmi_noia.mid	data/kdf/book6/reductions/string_quartet/book6_04_resta_di_darmi_noia.musicxml	0	-1	5	5	0.474364	yes	no
kdf_string_quartet	VI 4. Resta di darmi noia	4. Resta di darmi noia	data/kdf/book6/sources/book6_04_resta_di_darmi_noia.mid	data/kdf/book6/reductions/string_quartet/book6_04_resta_di_darmi_noia.musicxml	0	0	0	0	0.487886	yes	yes
kdf_string_quartet	VI 4. Resta di darmi noia	4. Resta di darmi noia	data/kdf/book6/sources/book6_04_resta_di_darmi_noia.mid	data/kdf/book6/reductions/string_quartet/book6_04_resta_di_darmi_noia.musicxml	0	1	5	5	0.473277	yes	no
kdf_string_quartet	VI 4. Resta di darmi noia	4. Resta di darmi noia	data/kdf/book6/sources/book6_04_resta_di_darmi_noia.mid	data/kdf/book6/reductions/string_quartet/book6_04_resta_di_darmi_noia.musicxml	0	2	2	2	0.574271	no	no
kdf_string_quartet	VI 4. Resta di darmi noia	4. Resta di darmi noia	data/kdf/book6/sources/book6_04_resta_di_darmi_noia.mid	data/kdf/book6/reductions/string_quartet/book6_04_resta_di_darmi_noia.musicxml	0	3	3	3	0.6513	no	no
kdf_string_quartet	VI 4. Resta di darmi noia	4. Resta di darmi noia	data/kdf/book6/sources/book6_04_resta_di_darmi_noia.mid	data/kdf/book6/reductions/string_quartet/book6_04_resta_di_darmi_noia.musicxml	0	4	4	4	0.813279	no	no
kdf_string_quartet	VI 4. Resta di darmi noia	4. Resta di darmi noia	data/kdf/book6/sources/book6_04_resta_di_darmi_noia.mid	data/kdf/book6/reductions/string_quartet/book6_04_resta_di_darmi_noia.musicxml	0	5	1	1	1.20159	no	no
kdf_string_quartet	VI 5. Chiaro risplender suole	5. Chiaro risplender suole	data/kdf/book6/sources/book6_05_chiaro_risplender_suole.mid	data/kdf/book6/reductions/string_quartet/book6_05_chiaro_risplender_suole.musicxml	0	-5	1	1	0.743177	no	no
kdf_string_quartet	VI 5. Chiaro risplender suole	5. Chiaro risplender suole	data/kdf/book6/sources/book6_05_chiaro_risplender_suole.mid	data/kdf/book6/reductions/string_quartet/book6_05_chiaro_risplender_suole.musicxml	0	-4	4	4	0.666081	no	no
kdf_string_quartet	VI 5. Chiaro risplender suole	5. Chiaro risplender suole	data/kdf/book6/sources/book6_05_chiaro_risplender_suole.mid	data/kdf/book6/reductions/string_quartet/book6_05_chiaro_risplender_suole.musicxml	0	-3	3	3	0.476384	no	no
kdf_string_quartet	VI 5. Chiaro risplender suole	5. Chiaro risplender suole	data/kdf/book6/sources/book6_05_chiaro_risplender_suole.mid	data/kdf/book6/reductions/string_quartet/book6_05_chiaro_risplender_suole.musicxml	0	-2	2	2	0.421556	no	no
kdf_string_quartet	VI 5. Chiaro risplender suole	5. Chiaro risplender suole	data/kdf/book6/sources/book6_05_chiaro_risplender_suole.mid	data/kdf/book6/reductions/string_quartet/book6_05_chiaro_risplender_suole.musicxml	0	-1	5	5	0.365545	yes	no
kdf_string_quartet	VI 5. Chiaro risplender suole	5. Chiaro risplender suole	data/kdf/book6/sources/book6_05_chiaro_risplender_suole.mid	data/kdf/book6/reductions/string_quartet/book6_05_chiaro_risplender_suole.musicxml	0	0	0	0	0.329151	yes	yes
kdf_string_quartet	VI 5. Chiaro risplender suole	5. Chiaro risplender suole	data/kdf/book6/sources/book6_05_chiaro_risplender_suole.mid	data/kdf/book6/reductions/string_quartet/book6_05_chiaro_risplender_suole.musicxml	0	1	5	5	0.343455	yes	no
kdf_string_quartet	VI 5. Chiaro risplender suole	5. Chiaro risplender suole	data/kdf/book6/sources/book6_05_chiaro_risplender_suole.mid	data/kdf/book6/reductions/string_quartet/book6_05_chiaro_risplender_suole.musicxml	0	2	2	2	0.402376	no	no
kdf_string_quartet	VI 5. Chiaro risplender suole	5. Chiaro risplender suole	data/kdf/book6/sources/book6_05_chiaro_risplender_suole.mid	data/kdf/book6/reductions/string_quartet/book6_05_chiaro_risplender_suole.musicxml	0	3	3	3	0.447667	no	no
kdf_string_quartet	VI 5. Chiaro risplender suole	5. Chiaro risplender suole	data/kdf/book6/sources/book6_05_chiaro_risplender_suole.mid	data/kdf/book6/reductions/string_quartet/book6_05_chiaro_risplender_suole.musicxml	0	4	4	4	0.496366	no	no
kdf_string_quartet	VI 5. Chiaro risplender suole	5. Chiaro risplender suole	data/kdf/book6/sources/book6_05_chiaro_risplender_suole.mid	data/kdf/book6/reductions/string_quartet/book6_05_chiaro_risplender_suole.musicxml	0	5	1	1	0.713969	no	no
kdf_string_quartet	VI 6. Io parto e non più dissi	6. Io parto e non più dissi	data/kdf/book6/sources/book6_06_io_parto_e_non_piu_dissi.mid	data/kdf/book6/reductions/string_quartet/book6_06_io_parto_e_non_piu_dissi.musicxml	0	-5	1	1	1.13069	no	no
kdf_string_quartet	VI 6. Io parto e non più dissi	6. Io parto e non più dissi	data/kdf/book6/sources/book6_06_io_parto_e_non_piu_dissi.mid	data/kdf/book6/reductions/string_quartet/book6_06_io_parto_e_non_piu_dissi.musicxml	0	-4	4	4	0.856991	no	no
kdf_string_quartet	VI 6. Io parto e non più dissi	6. Io parto e non più dissi	data/kdf/book6/sources/book6_06_io_parto_e_non_piu_dissi.mid	data/kdf/book6/reductions/string_quartet/book6_06_io_parto_e_non_piu_dissi.musicxml	0	-3	3	3	0.699268	no	no
kdf_string_quartet	VI 6. Io parto e non più dissi	6. Io parto e non più dissi	data/kdf/book6/sources/book6_06_io_parto_e_non_piu_dissi.mid	data/kdf/book6/reductions/string_quartet/book6_06_io_parto_e_non_piu_dissi.musicxml	0	-2	2	2	0.591668	no	no
kdf_string_quartet	VI 6. Io parto e non più dissi	6. Io parto e non più dissi	data/kdf/book6/sources/book6_06_io_parto_e_non_piu_dissi.mid	data/kdf/book6/reductions/string_quartet/book6_06_io_parto_e_non_piu_dissi.musicxml	0	-1	5	5	0.483121	no	no
kdf_string_quartet	VI 6. Io parto e non più dissi	6. Io parto e non più dissi	data/kdf/book6/sources/book6_06_io_parto_e_non_piu_dissi.mid	data/kdf/book6/reductions/string_quartet/book6_06_io_parto_e_non_piu_dissi.musicxml	0	0	0	0	0.405896	yes	yes
kdf_string_quartet	VI 6. Io parto e non più dissi	6. Io parto e non più dissi	data/kdf/book6/sources/book6_06_io_parto_e_non_piu_dissi.mid	data/kdf/book6/reductions/string_quartet/book6_06_io_parto_e_non_piu_dissi.musicxml	0	1	5	5	0.409703	yes	no
kdf_string_quartet	VI 6. Io parto e non più dissi	6. Io parto e non più dissi	data/kdf/book6/sources/book6_06_io_parto_e_non_piu_dissi.mid	data/kdf/book6/reductions/string_quartet/book6_06_io_parto_e_non_piu_dissi.musicxml	0	2	2	2	0.454227	yes	no
kdf_string_quartet	VI 6. Io parto e non più dissi	6. Io parto e non più dissi	data/kdf/book6/sources/book6_06_io_parto_e_non_piu_dissi.mid	data/kdf/book6/reductions/string_quartet/book6_06_io_parto_e_non_piu_dissi.musicxml	0	3	3	3	0.53141	no	no
kdf_string_quartet	VI 6. Io parto e non più dissi	6. Io parto e non più dissi	data/kdf/book6/sources/book6_06_io_parto_e_non_piu_dissi.mid	data/kdf/book6/reductions/string_quartet/book6_06_io_parto_e_non_piu_dissi.musicxml	0	4	4	4	0.593411	no	no
kdf_string_quartet	VI 6. Io parto e non più dissi	6. Io parto e non più dissi	data/kdf/book6/sources/book6_06_io_parto_e_non_piu_dissi.mid	data/kdf/book6/reductions/string_quartet/book6_06_io_parto_e_non_piu_dissi.musicxml	0	5	1	1	0.810992	no	no
kdf_string_quartet	VI 7. Mille volte il di	7. Mille volte il di	data/kdf/book6/sources/book6_07_mille_volte_il_di.mid	data/kdf/book6/reductions/string_quartet/book6_07_mille_volte_il_di.musicxml	2	-3	3	3	0.995366	no	no
kdf_string_quartet	VI 7. Mille volte il di	7. Mille volte il di	data/kdf/book6/sources/book6_07_mille_volte_il_di.mid	data/kdf/book6/reductions/string_quartet/book6_07_mille_volte_il_di.musicxml	2	-2	2	2	0.773685	no	no
kdf_string_quartet	VI 7. Mille volte il di	7. Mille volte il di	data/kdf/book6/sources/book6_07_mille_volte_il_di.mid	data/kdf/book6/reductions/string_quartet/book6_07_mille_volte_il_di.musicxml	2	-1	5	5	0.602296	no	no
kdf_string_quartet	VI 7. Mille volte il di	7. Mille volte il di	data/kdf/book6/sources/book6_07_mille_volte_il_di.mid	data/kdf/book6/reductions/string_quartet/book6_07_mille_volte_il_di.musicxml	2	0	0	0	0.473724	no	no
kdf_string_quartet	VI 7. Mille volte il di	7. Mille volte il di	data/kdf/book6/sources/book6_07_mille_volte_il_di.mid	data/kdf/book6/reductions/string_quartet/book6_07_mille_volte_il_di.musicxml	2	1	5	5	0.401022	yes	no
kdf_string_quartet	VI 7. Mille volte il di	7. Mille volte il di	data/kdf/book6/sources/book6_07_mille_volte_il_di.mid	data/kdf/book6/reductions/string_quartet/book6_07_mille_volte_il_di.musicxml	2	2	2	2	0.378196	yes	yes
kdf_string_quartet	VI 7. Mille volte il di	7. Mille volte il di	data/kdf/book6/sources/book6_07_mille_volte_il_di.mid	data/kdf/book6/reductions/string_quartet/book6_07_mille_volte_il_di.musicxml	2	3	3	3	0.417487	yes	no
kdf_string_quartet	VI 7. Mille volte il di	7. Mille volte il di	data/kdf/book6/sources/book6_07_mille_volte_il_di.mid	data/kdf/book6/reductions/string_quartet/book6_07_mille_volte_il_di.musicxml	2	4	4	4	0.440663	no	no
kdf_string_quartet	VI 7. Mille volte il di	7. Mille volte il di	data/kdf/book6/sources/book6_07_mille_volte_il_di.mid	data/kdf/book6/reductions/string_quartet/book6_07_mille_volte_il_di.musicxml	2	5	1	1	0.515688	no	no
kdf_string_quartet	VI 7. Mille volte il di	7. Mille volte il di	data/kdf/book6/sources/book6_07_mille_volte_il_di.mid	data/kdf/book6/reductions/string_quartet/book6_07_mille_volte_il_di.musicxml	2	6	6	6	0.593814	no	no
kdf_string_quartet	VI 7. Mille volte il di	7. Mille volte il di	data/kdf/book6/sources/book6_07_mille_volte_il_di.mid	data/kdf/book6/reductions/string_quartet/book6_07_mille_volte_il_di.musicxml	2	7	1	1	0.732638	no	no
kdf_string_quartet	VI 8. O Dolce mio tesoro	8. O Dolce mio tesoro	data/kdf/book6/sources/book6_08_o_dolce_mio_tesoro.mid	data/kdf/book6/reductions/string_quartet/book6_08_o_dolce_mio_tesoro.musicxml	0	-5	1	1	0.62463	no	no
kdf_string_quartet	VI 8. O Dolce mio tesoro	8. O Dolce mio tesoro	data/kdf/book6/sources/book6_08_o_dolce_mio_tesoro.mid	data/kdf/book6/reductions/string_quartet/book6_08_o_dolce_mio_tesoro.musicxml	0	-4	4	4	0.553716	no	no
kdf_string_quartet	VI 8. O Dolce mio tesoro	8. O Dolce mio tesoro	data/kdf/book6/sources/book6_08_o_dolce_mio_tesoro.mid	data/kdf/book6/reductions/string_quartet/book6_08_o_dolce_mio_tesoro.musicxml	0	-3	3	3	0.433172	no	no
kdf_string_quartet	VI 8. O Dolce mio tesoro	8. O Dolce mio tesoro	data/kdf/book6/sources/book6_08_o_dolce_mio_tesoro.mid	data/kdf/book6/reductions/string_quartet/book6_08_o_dolce_mio_tesoro.musicxml	0	-2	2	2	0.395077	no	no
kdf_string_quartet	VI 8. O Dolce mio tesoro	8. O Dolce mio tesoro	data/kdf/book6/sources/book6_08_o_dolce_mio_tesoro.mid	data/kdf/book6/reductions/string_quartet/book6_08_o_dolce_mio_tesoro.musicxml	0	-1	5	5	0.354965	yes	no
kdf_string_quartet	VI 8. O Dolce mio tesoro	8. O Dolce mio tesoro	data/kdf/book6/sources/book6_08_o_dolce_mio_tesoro.mid	data/kdf/book6/reductions/string_quartet/book6_08_o_dolce_mio_tesoro.musicxml	0	0	0	0	0.342774	yes	yes
kdf_string_quartet	VI 8. O Dolce mio tesoro	8. O Dolce mio tesoro	data/kdf/book6/sources/book6_08_o_dolce_mio_tesoro.mid	data/kdf/book6/reductions/string_quartet/book6_08_o_dolce_mio_tesoro.musicxml	0	1	5	5	0.369691	yes	no
kdf_string_quartet	VI 8. O Dolce mio tesoro	8. O Dolce mio tesoro	data/kdf/book6/sources/book6_08_o_dolce_mio_tesoro.mid	data/kdf/book6/reductions/string_quartet/book6_08_o_dolce_mio_tesoro.musicxml	0	2	2	2	0.455336	no	no
kdf_string_quartet	VI 8. O Dolce mio tesoro	8. O Dolce mio tesoro	data/kdf/book6/sources/book6_08_o_dolce_mio_tesoro.mid	data/kdf/book6/reductions/string_quartet/book6_08_o_dolce_mio_tesoro.musicxml	0	3	3	3	0.601967	no	no
kdf_string_quartet	VI 8. O Dolce mio tesoro	8. O Dolce mio tesoro	data/kdf/book6/sources/book6_08_o_dolce_mio_tesoro.mid	data/kdf/book6/reductions/string_quartet/book6_08_o_dolce_mio_tesoro.musicxml	0	4	4	4	0.669283	no	no
kdf_string_quartet	VI 8. O Dolce mio tesoro	8. O Dolce mio tesoro	data/kdf/book6/sources/book6_08_o_dolce_mio_tesoro.mid	data/kdf/book6/reductions/string_quartet/book6_08_o_dolce_mio_tesoro.musicxml	0	5	1	1	0.877669	no	no
kdf_string_quartet	VI 9. Deh, come invan sospiro	9. Deh, come invan sospiro	data/kdf/book6/sources/book6_09_deh_come_invan_sospiro.mid	data/kdf/book6/reductions/string_quartet/book6_09_deh_come_invan_sospiro.musicxml	0	-5	1	1	0.842678	no	no
kdf_string_quartet	VI 9. Deh, come invan sospiro	9. Deh, come invan sospiro	data/kdf/book6/sources/book6_09_deh_come_invan_sospiro.mid	data/kdf/book6/reductions/string_quartet/book6_09_deh_come_invan_sospiro.musicxml	0	-4	4	4	0.667025	no	no
kdf_string_quartet	VI 9. Deh, come invan sospiro	9. Deh, come invan sospiro	data/kdf/book6/sources/book6_09_deh_come_invan_sospiro.mid	data/kdf/book6/reductions/string_quartet/book6_09_deh_come_invan_sospiro.musicxml	0	-3	3	3	0.505011	no	no
kdf_string_quartet	VI 9. Deh, come invan sospiro	9. Deh, come invan sospiro	data/kdf/book6/sources/book6_09_deh_come_invan_sospiro.mid	data/kdf/book6/reductions/string_quartet/book6_09_deh_come_invan_sospiro.musicxml	0	-2	2	2	0.400637	no	no
kdf_string_quartet	VI 9. Deh, come invan sospiro	9. Deh, come invan sospiro	data/kdf/book6/sources/book6_09_deh_come_invan_sospiro.mid	data/kdf/book6/reductions/string_quartet/book6_09_deh_come_invan_sospiro.musicxml	0	-1	5	5	0.346324	yes	no
kdf_string_quartet	VI 9. Deh, come invan sospiro	9. Deh, come invan sospiro	data/kdf/book6/sources/book6_09_deh_come_invan_sospiro.mid	data/kdf/book6/reductions/string_quartet/book6_09_deh_come_invan_sospiro.musicxml	0	0	0	0	0.306834	yes	yes
kdf_string_quartet	VI 9. Deh, come invan sospiro	9. Deh, come invan sospiro	data/kdf/book6/sources/book6_09_deh_come_invan_sospiro.mid	data/kdf/book6/reductions/string_quartet/book6_09_deh_come_invan_sospiro.musicxml	0	1	5	5	0.311246	yes	no
kdf_string_quartet	VI 9. Deh, come invan sospiro	9. Deh, come invan sospiro	data/kdf/book6/sources/book6_09_deh_come_invan_sospiro.mid	data/kdf/book6/reductions/string_quartet/book6_09_deh_come_invan_sospiro.musicxml	0	2	2	2	0.340853	yes	no
kdf_string_quartet	VI 9. Deh, come invan sospiro	9. Deh, come invan sospiro	data/kdf/book6/sources/book6_09_deh_come_invan_sospiro.mid	data/kdf/book6/reductions/string_quartet/book6_09_deh_come_invan_sospiro.musicxml	0	3	3	3	0.40783	no	no
kdf_string_quartet	VI 9. Deh, come invan sospiro	9. Deh, come invan sospiro	data/kdf/book6/sources/book6_09_deh_come_invan_sospiro.mid	data/kdf/book6/reductions/string_quartet/book6_09_deh_come_invan_sospiro.musicxml	0	4	4	4	0.451968	no	no
kdf_string_quartet	VI 9. Deh, come invan sospiro	9. Deh, come invan sospiro	data/kdf/book6/sources/book6_09_deh_come_invan_sospiro.mid	data/kdf/book6/reductions/string_quartet/book6_09_deh_come_invan_sospiro.musicxml	0	5	1	1	0.595611	no	no
kdf_string_quartet	VI 10.  Io pur respiro in così gran dolore	10.  Io pur respiro in così gran dolore	data/kdf/book6/sources/book6_10_io_pur_respiro_in_cosi_gran_dolore.mid	data/kdf/book6/reductions/string_quartet/book6_10_io_pur_respiro_in_cosi_gran_dolore.musicxml	0	-5	1	1	0.54746	no	no
kdf_string_quartet	VI 10.  Io pur respiro in così gran dolore	10.  Io pur respiro in così gran dolore	data/kdf/book6/sources/book6_10_io_pur_respiro_in_cosi_gran_dolore.mid	data/kdf/book6/reductions/string_quartet/book6_10_io_pur_respiro_in_cosi_gran_dolore.musicxml	0	-4	4	4	0.48682	no	no
kdf_string_quartet	VI 10.  Io pur respiro in così gran dolore	10.  Io pur respiro in così gran dolore	data/kdf/book6/sources/book6_10_io_pur_respiro_in_cosi_gran_dolore.mid	data/kdf/book6/reductions/string_quartet/book6_10_io_pur_respiro_in_cosi_gran_dolore.musicxml	0	-3	3	3	0.404949	no	no
kdf_string_quartet	VI 10.  Io pur respiro in così gran dolore	10.  Io pur respiro in così gran dolore	data/kdf/book6/sources/book6_10_io_pur_respiro_in_cosi_gran_dolore.mid	data/kdf/book6/reductions/string_quartet/book6_10_io_pur_respiro_in_cosi_gran_dolore.musicxml	0	-2	2	2	0.363089	no	no
kdf_string_quartet	VI 10.  Io pur respiro in così gran dolore	10.  Io pur respiro in così gran dolore	data/kdf/book6/sources/book6_10_io_pur_respiro_in_cosi_gran_dolore.mid	data/kdf/book6/reductions/string_quartet/book6_10_io_pur_respiro_in_cosi_gran_dolore.musicxml	0	-1	5	5	0.297373	yes	no
kdf_string_quartet	VI 10.  Io pur respiro in così gran dolore	10.  Io pur respiro in così gran dolore	data/kdf/book6/sources/book6_10_io_pur_respiro_in_cosi_gran_dolore.mid	data/kdf/book6/reductions/string_quartet/book6_10_io_pur_respiro_in_cosi_gran_dolore.musicxml	0	0	0	0	0.280893	yes	yes
kdf_string_quartet	VI 10.  Io pur respiro in così gran dolore	10.  Io pur respiro in così gran dolore	data/kdf/book6/sources/book6_10_io_pur_respiro_in_cosi_gran_dolore.mid	data/kdf/book6/reductions/string_quartet/book6_10_io_pur_respiro_in_cosi_gran_dolore.musicxml	0	1	5	5	0.305085	yes	no
kdf_string_quartet	VI 10.  Io pur respiro in così gran dolore	10.  Io pur respiro in così gran dolore	data/kdf/book6/sources/book6_10_io_pur_respiro_in_cosi_gran_dolore.mid	data/kdf/book6/reductions/string_quartet/book6_10_io_pur_respiro_in_cosi_gran_dolore.musicxml	0	2	2	2	0.370915	no	no
kdf_string_quartet	VI 10.  Io pur respiro in così gran dolore	10.  Io pur respiro in così gran dolore	data/kdf/book6/sources/book6_10_io_pur_respiro_in_cosi_gran_dolore.mid	data/kdf/book6/reductions/string_quartet/book6_10_io_pur_respiro_in_cosi_gran_dolore.musicxml	0	3	3	3	0.484084	no	no
kdf_string_quartet	VI 10.  Io pur respiro in così gran dolore	10.  Io pur respiro in così gran dolore	data/kdf/book6/sources/book6_10_io_pur_respiro_in_cosi_gran_dolore.mid	data/kdf/book6/reductions/string_quartet/book6_10_io_pur_respiro_in_cosi_gran_dolore.musicxml	0	4	4	4	0.638173	no	no
kdf_string_quartet	VI 10.  Io pur respiro in così gran dolore	10.  Io pur respiro in così gran dolore	data/kdf/book6/sources/book6_10_io_pur_respiro_in_cosi_gran_dolore.mid	data/kdf/book6/reductions/string_quartet/book6_10_io_pur_respiro_in_cosi_gran_dolore.musicxml	0	5	1	1	0.866116	no	no
kdf_string_quartet	VI 11. Alme dAmor rubelle	11. Alme dAmor rubelle	data/kdf/book6/sources/book6_11_alme_damor_rubelle.mid	data/kdf/book6/reductions/string_quartet/book6_11_alme_damor_rubelle.musicxml	0	-5	1	1	0.71991	no	no
kdf_string_quartet	VI 11. Alme dAmor rubelle	11. Alme dAmor rubelle	data/kdf/book6/sources/book6_11_alme_damor_rubelle.mid	data/kdf/book6/reductions/string_quartet/book6_11_alme_damor_rubelle.musicxml	0	-4	4	4	0.658284	no	no
kdf_string_quartet	VI 11. Alme dAmor rubelle	11. Alme dAmor rubelle	data/kdf/book6/sources/book6_11_alme_damor_rubelle.mid	data/kdf/book6/reductions/string_quartet/book6_11_alme_damor_rubelle.musicxml	0	-3	3	3	0.465803	no	no
kdf_string_quartet	VI 11. Alme dAmor rubelle	11. Alme dAmor rubelle	data/kdf/book6/sources/book6_11_alme_damor_rubelle.mid	data/kdf/book6/reductions/string_quartet/book6_11_alme_damor_rubelle.musicxml	0	-2	2	2	0.425075	yes	no
kdf_string_quartet	VI 11. Alme dAmor rubelle	11. Alme dAmor rubelle	data/kdf/book6/sources/book6_11_alme_damor_rubelle.mid	data/kdf/book6/reductions/string_quartet/book6_11_alme_damor_rubelle.musicxml	0	-1	5	5	0.382057	yes	no
kdf_string_quartet	VI 11. Alme dAmor rubelle	11. Alme dAmor rubelle	data/kdf/book6/sources/book6_11_alme_damor_rubelle.mid	data/kdf/book6/reductions/string_quartet/book6_11_alme_damor_rubelle.musicxml	0	0	0	0	0.415759	yes	yes
kdf_string_quartet	VI 11. Alme dAmor rubelle	11. Alme dAmor rubelle	data/kdf/book6/sources/book6_11_alme_damor_rubelle.mid	data/kdf/book6/reductions/string_quartet/book6_11_alme_damor_rubelle.musicxml	0	1	5	5	0.460225	yes	no
kdf_string_quartet	VI 11. Alme dAmor rubelle	11. Alme dAmor rubelle	data/kdf/book6/sources/book6_11_alme_damor_rubelle.mid	data/kdf/book6/reductions/string_quartet/book6_11_alme_damor_rubelle.musicxml	0	2	2	2	0.667651	no	no
kdf_string_quartet	VI 11. Alme dAmor rubelle	11. Alme dAmor rubelle	data/kdf/book6/sources/book6_11_alme_damor_rubelle.mid	data/kdf/book6/reductions/string_quartet/book6_11_alme_damor_rubelle.musicxml	0	3	3	3	0.77673	no	no
kdf_string_quartet	VI 11. Alme dAmor rubelle	11. Alme dAmor rubelle	data/kdf/book6/sources/book6_11_alme_damor_rubelle.mid	data/kdf/book6/reductions/string_quartet/book6_11_alme_damor_rubelle.musicxml	0	4	4	4	0.876646	no	no
kdf_string_quartet	VI 11. Alme dAmor rubelle	11. Alme dAmor rubelle	data/kdf/book6/sources/book6_11_alme_damor_rubelle.mid	data/kdf/book6/reductions/string_quartet/book6_11_alme_damor_rubelle.musicxml	0	5	1	1	1.29713	no	no
kdf_string_quartet	VI 12. Càndido e verde fiore	12. Càndido e verde fiore	data/kdf/book6/sources/book6_12_candido_e_verde_fiore.mid	data/kdf/book6/reductions/string_quartet/book6_12_candido_e_verde_fiore.musicxml	0	-5	1	1	0.568534	no	no
kdf_string_quartet	VI 12. Càndido e verde fiore	12. Càndido e verde fiore	data/kdf/book6/sources/book6_12_candido_e_verde_fiore.mid	data/kdf/book6/reductions/string_quartet/book6_12_candido_e_verde_fiore.musicxml	0	-4	4	4	0.505752	no	no
kdf_string_quartet	VI 12. Càndido e verde fiore	12. Càndido e verde fiore	data/kdf/book6/sources/book6_12_candido_e_verde_fiore.mid	data/kdf/book6/reductions/string_quartet/book6_12_candido_e_verde_fiore.musicxml	0	-3	3	3	0.438983	yes	no
kdf_string_quartet	VI 12. Càndido e verde fiore	12. Càndido e verde fiore	data/kdf/book6/sources/book6_12_candido_e_verde_fiore.mid	data/kdf/book6/reductions/string_quartet/book6_12_candido_e_verde_fiore.musicxml	0	-2	2	2	0.425462	yes	no
kdf_string_quartet	VI 12. Càndido e verde fiore	12. Càndido e verde fiore	data/kdf/book6/sources/book6_12_candido_e_verde_fiore.mid	data/kdf/book6/reductions/string_quartet/book6_12_candido_e_verde_fiore.musicxml	0	-1	5	5	0.391196	yes	no
kdf_string_quartet	VI 12. Càndido e verde fiore	12. Càndido e verde fiore	data/kdf/book6/sources/book6_12_candido_e_verde_fiore.mid	data/kdf/book6/reductions/string_quartet/book6_12_candido_e_verde_fiore.musicxml	0	0	0	0	0.392127	yes	yes
kdf_string_quartet	VI 12. Càndido e verde fiore	12. Càndido e verde fiore	data/kdf/book6/sources/book6_12_candido_e_verde_fiore.mid	data/kdf/book6/reductions/string_quartet/book6_12_candido_e_verde_fiore.musicxml	0	1	5	5	0.443518	no	no
kdf_string_quartet	VI 12. Càndido e verde fiore	12. Càndido e verde fiore	data/kdf/book6/sources/book6_12_candido_e_verde_fiore.mid	data/kdf/book6/reductions/string_quartet/book6_12_candido_e_verde_fiore.musicxml	0	2	2	2	0.683071	no	no
kdf_string_quartet	VI 12. Càndido e verde fiore	12. Càndido e verde fiore	data/kdf/book6/sources/book6_12_candido_e_verde_fiore.mid	data/kdf/book6/reductions/string_quartet/book6_12_candido_e_verde_fiore.musicxml	0	3	3	3	0.880753	no	no
kdf_string_quartet	VI 12. Càndido e verde fiore	12. Càndido e verde fiore	data/kdf/book6/sources/book6_12_candido_e_verde_fiore.mid	data/kdf/book6/reductions/string_quartet/book6_12_candido_e_verde_fiore.musicxml	0	4	4	4	1.00858	no	no
kdf_string_quartet	VI 12. Càndido e verde fiore	12. Càndido e verde fiore	data/kdf/book6/sources/book6_12_candido_e_verde_fiore.mid	data/kdf/book6/reductions/string_quartet/book6_12_candido_e_verde_fiore.musicxml	0	5	1	1	1.54875	no	no
kdf_string_quartet	VI 13. Ardita Zanzaretta	13. Ardita Zanzaretta	data/kdf/book6/sources/book6_13_ardita_zanzaretta.mid	data/kdf/book6/reductions/string_quartet/book6_13_ardita_zanzaretta.musicxml	0	-5	1	1	1.14283	no	no
kdf_string_quartet	VI 13. Ardita Zanzaretta	13. Ardita Zanzaretta	data/kdf/book6/sources/book6_13_ardita_zanzaretta.mid	data/kdf/book6/reductions/string_quartet/book6_13_ardita_zanzaretta.musicxml	0	-4	4	4	0.933303	no	no
kdf_string_quartet	VI 13. Ardita Zanzaretta	13. Ardita Zanzaretta	data/kdf/book6/sources/book6_13_ardita_zanzaretta.mid	data/kdf/book6/reductions/string_quartet/book6_13_ardita_zanzaretta.musicxml	0	-3	3	3	0.68493	no	no
kdf_string_quartet	VI 13. Ardita Zanzaretta	13. Ardita Zanzaretta	data/kdf/book6/sources/book6_13_ardita_zanzaretta.mid	data/kdf/book6/reductions/string_quartet/book6_13_ardita_zanzaretta.musicxml	0	-2	2	2	0.585668	no	no
kdf_string_quartet	VI 13. Ardita Zanzaretta	13. Ardita Zanzaretta	data/kdf/book6/sources/book6_13_ardita_zanzaretta.mid	data/kdf/book6/reductions/string_quartet/book6_13_ardita_zanzaretta.musicxml	0	-1	5	5	0.472137	no	no
kdf_string_quartet	VI 13. Ardita Zanzaretta	13. Ardita Zanzaretta	data/kdf/book6/sources/book6_13_ardita_zanzaretta.mid	data/kdf/book6/reductions/string_quartet/book6_13_ardita_zanzaretta.musicxml	0	0	0	0	0.370269	yes	yes
kdf_string_quartet	VI 13. Ardita Zanzaretta	13. Ardita Zanzaretta	data/kdf/book6/sources/book6_13_ardita_zanzaretta.mid	data/kdf/book6/reductions/string_quartet/book6_13_ardita_zanzaretta.musicxml	0	1	5	5	0.326902	yes	no
kdf_string_quartet	VI 13. Ardita Zanzaretta	13. Ardita Zanzaretta	data/kdf/book6/sources/book6_13_ardita_zanzaretta.mid	data/kdf/book6/reductions/string_quartet/book6_13_ardita_zanzaretta.musicxml	0	2	2	2	0.350183	yes	no
kdf_string_quartet	VI 13. Ardita Zanzaretta	13. Ardita Zanzaretta	data/kdf/book6/sources/book6_13_ardita_zanzaretta.mid	data/kdf/book6/reductions/string_quartet/book6_13_ardita_zanzaretta.musicxml	0	3	3	3	0.385969	yes	no
kdf_string_quartet	VI 13. Ardita Zanzaretta	13. Ardita Zanzaretta	data/kdf/book6/sources/book6_13_ardita_zanzaretta.mid	data/kdf/book6/reductions/string_quartet/book6_13_ardita_zanzaretta.musicxml	0	4	4	4	0.423494	no	no
kdf_string_quartet	VI 13. Ardita Zanzaretta	13. Ardita Zanzaretta	data/kdf/book6/sources/book6_13_ardita_zanzaretta.mid	data/kdf/book6/reductions/string_quartet/book6_13_ardita_zanzaretta.musicxml	0	5	1	1	0.482419	no	no
kdf_string_quartet	VI 14. Ardo per te, mio bene	14. Ardo per te, mio bene	data/kdf/book6/sources/book6_14_ardo_per_te_mio_bene.mid	data/kdf/book6/reductions/string_quartet/book6_14_ardo_per_te_mio_bene.musicxml	2	-3	3	3	0.840815	no	no
kdf_string_quartet	VI 14. Ardo per te, mio bene	14. Ardo per te, mio bene	data/kdf/book6/sources/book6_14_ardo_per_te_mio_bene.mid	data/kdf/book6/reductions/string_quartet/book6_14_ardo_per_te_mio_bene.musicxml	2	-2	2	2	0.712113	no	no
kdf_string_quartet	VI 14. Ardo per te, mio bene	14. Ardo per te, mio bene	data/kdf/book6/sources/book6_14_ardo_per_te_mio_bene.mid	data/kdf/book6/reductions/string_quartet/book6_14_ardo_per_te_mio_bene.musicxml	2	-1	5	5	0.560992	no	no
kdf_string_quartet	VI 14. Ardo per te, mio bene	14. Ardo per te, mio bene	data/kdf/book6/sources/book6_14_ardo_per_te_mio_bene.mid	data/kdf/book6/reductions/string_quartet/book6_14_ardo_per_te_mio_bene.musicxml	2	0	0	0	0.483356	no	no
kdf_string_quartet	VI 14. Ardo per te, mio bene	14. Ardo per te, mio bene	data/kdf/book6/sources/book6_14_ardo_per_te_mio_bene.mid	data/kdf/book6/reductions/string_quartet/book6_14_ardo_per_te_mio_bene.musicxml	2	1	5	5	0.457742	no	no
kdf_string_quartet	VI 14. Ardo per te, mio bene	14. Ardo per te, mio bene	data/kdf/book6/sources/book6_14_ardo_per_te_mio_bene.mid	data/kdf/book6/reductions/string_quartet/book6_14_ardo_per_te_mio_bene.musicxml	2	2	2	2	0.406867	yes	yes
kdf_string_quartet	VI 14. Ardo per te, mio bene	14. Ardo per te, mio bene	data/kdf/book6/sources/book6_14_ardo_per_te_mio_bene.mid	data/kdf/book6/reductions/string_quartet/book6_14_ardo_per_te_mio_bene.musicxml	2	3	3	3	0.426004	yes	no
kdf_string_quartet	VI 14. Ardo per te, mio bene	14. Ardo per te, mio bene	data/kdf/book6/sources/book6_14_ardo_per_te_mio_bene.mid	data/kdf/book6/reductions/string_quartet/book6_14_ardo_per_te_mio_bene.musicxml	2	4	4	4	0.447087	yes	no
kdf_string_quartet	VI 14. Ardo per te, mio bene	14. Ardo per te, mio bene	data/kdf/book6/sources/book6_14_ardo_per_te_mio_bene.mid	data/kdf/book6/reductions/string_quartet/book6_14_ardo_per_te_mio_bene.musicxml	2	5	1	1	0.548766	no	no
kdf_string_quartet	VI 14. Ardo per te, mio bene	14. Ardo per te, mio bene	data/kdf/book6/sources/book6_14_ardo_per_te_mio_bene.mid	data/kdf/book6/reductions/string_quartet/book6_14_ardo_per_te_mio_bene.musicxml	2	6	6	6	0.669089	no	no
kdf_string_quartet	VI 14. Ardo per te, mio bene	14. Ardo per te, mio bene	data/kdf/book6/sources/book6_14_ardo_per_te_mio_bene.mid	data/kdf/book6/reductions/string_quartet/book6_14_ardo_per_te_mio_bene.musicxml	2	7	1	1	1.1698	no	no
kdf_string_quartet	VI 15. Ancide sol la morte	15. Ancide sol la morte	data/kdf/book6/sources/book6_15_ancide_sol_la_morte.mid	data/kdf/book6/reductions/string_quartet/book6_15_ancide_sol_la_morte.musicxml	0	-5	1	1	0.818677	no	no
kdf_string_quartet	VI 15. Ancide sol la morte	15. Ancide sol la morte	data/kdf/book6/sources/book6_15_ancide_sol_la_morte.mid	data/kdf/book6/reductions/string_quartet/book6_15_ancide_sol_la_morte.musicxml	0	-4	4	4	0.689535	no	no
kdf_string_quartet	VI 15. Ancide sol la morte	15. Ancide sol la morte	data/kdf/book6/sources/book6_15_ancide_sol_la_morte.mid	data/kdf/book6/reductions/string_quartet/book6_15_ancide_sol_la_morte.musicxml	0	-3	3	3	0.504951	no	no
kdf_string_quartet	VI 15. Ancide sol la morte	15. Ancide sol la morte	data/kdf/book6/sources/book6_15_ancide_sol_la_morte.mid	data/kdf/book6/reductions/string_quartet/book6_15_ancide_sol_la_morte.musicxml	0	-2	2	2	0.445747	no	no
kdf_string_quartet	VI 15. Ancide sol la morte	15. Ancide sol la morte	data/kdf/book6/sources/book6_15_ancide_sol_la_morte.mid	data/kdf/book6/reductions/string_quartet/book6_15_ancide_sol_la_morte.musicxml	0	-1	5	5	0.380907	yes	no
kdf_string_quartet	VI 15. Ancide sol la morte	15. Ancide sol la morte	data/kdf/book6/sources/book6_15_ancide_sol_la_morte.mid	data/kdf/book6/reductions/string_quartet/book6_15_ancide_sol_la_morte.musicxml	0	0	0	0	0.377753	yes	yes
kdf_string_quartet	VI 15. Ancide sol la morte	15. Ancide sol la morte	data/kdf/book6/sources/book6_15_ancide_sol_la_morte.mid	data/kdf/book6/reductions/string_quartet/book6_15_ancide_sol_la_morte.musicxml	0	1	5	5	0.398006	yes	no
kdf_string_quartet	VI 15. Ancide sol la morte	15. Ancide sol la morte	data/kdf/book6/sources/book6_15_ancide_sol_la_morte.mid	data/kdf/book6/reductions/string_quartet/book6_15_ancide_sol_la_morte.musicxml	0	2	2	2	0.483958	no	no
kdf_string_quartet	VI 15. Ancide sol la morte	15. Ancide sol la morte	data/kdf/book6/sources/book6_15_ancide_sol_la_morte.mid	data/kdf/book6/reductions/string_quartet/book6_15_ancide_sol_la_morte.musicxml	0	3	3	3	0.580048	no	no
kdf_string_quartet	VI 15. Ancide sol la morte	15. Ancide sol la morte	data/kdf/book6/sources/book6_15_ancide_sol_la_morte.mid	data/kdf/book6/reductions/string_quartet/book6_15_ancide_sol_la_morte.musicxml	0	4	4	4	0.655934	no	no
kdf_string_quartet	VI 15. Ancide sol la morte	15. Ancide sol la morte	data/kdf/book6/sources/book6_15_ancide_sol_la_morte.mid	data/kdf/book6/reductions/string_quartet/book6_15_ancide_sol_la_morte.musicxml	0	5	1	1	0.930136	no	no
kdf_string_quartet	VI 16. Quel no crudel que la mia speme ancise	16. Quel no crudel que la mia speme ancise	data/kdf/book6/sources/book6_16_quel_no_crudel_que_la_mia_speme_ancise.mid	data/kdf/book6/reductions/string_quartet/book6_16_quel_no_crudel_que_la_mia_speme_ancise.musicxml	0	-5	1	1	0.786609	no	no
kdf_string_quartet	VI 16. Quel no crudel que la mia speme ancise	16. Quel no crudel que la mia speme ancise	data/kdf/book6/sources/book6_16_quel_no_crudel_que_la_mia_speme_ancise.mid	data/kdf/book6/reductions/string_quartet/book6_16_quel_no_crudel_que_la_mia_speme_ancise.musicxml	0	-4	4	4	0.673532	no	no
kdf_string_quartet	VI 16. Quel no crudel que la mia speme ancise	16. Quel no crudel que la mia speme ancise	data/kdf/book6/sources/book6_16_quel_no_crudel_que_la_mia_speme_ancise.mid	data/kdf/book6/reductions/string_quartet/book6_16_quel_no_crudel_que_la_mia_speme_ancise.musicxml	0	-3	3	3	0.531322	no	no
kdf_string_quartet	VI 16. Quel no crudel que la mia speme ancise	16. Quel no crudel que la mia speme ancise	data/kdf/book6/sources/book6_16_quel_no_crudel_que_la_mia_speme_ancise.mid	data/kdf/book6/reductions/string_quartet/book6_16_quel_no_crudel_que_la_mia_speme_ancise.musicxml	0	-2	2	2	0.469541	no	no
kdf_string_quartet	VI 16. Quel no crudel que la mia speme ancise	16. Quel no crudel que la mia speme ancise	data/kdf/book6/sources/book6_16_quel_no_crudel_que_la_mia_speme_ancise.mid	data/kdf/book6/reductions/string_quartet/book6_16_quel_no_crudel_que_la_mia_speme_ancise.musicxml	0	-1	5	5	0.424297	yes	no
kdf_string_quartet	VI 16. Quel no crudel que la mia speme ancise	16. Quel no crudel que la mia speme ancise	data/kdf/book6/sources/book6_16_quel_no_crudel_que_la_mia_speme_ancise.mid	data/kdf/book6/reductions/string_quartet/book6_16_quel_no_crudel_que_la_mia_speme_ancise.musicxml	0	0	0	0	0.394022	yes	yes
kdf_string_quartet	VI 16. Quel no crudel que la mia speme ancise	16. Quel no crudel que la mia speme ancise	data/kdf/book6/sources/book6_16_quel_no_crudel_que_la_mia_speme_ancise.mid	data/kdf/book6/reductions/string_quartet/book6_16_quel_no_crudel_que_la_mia_speme_ancise.musicxml	0	1	5	5	0.405781	yes	no
kdf_string_quartet	VI 16. Quel no crudel que la mia speme ancise	16. Quel no crudel que la mia speme ancise	data/kdf/book6/sources/book6_16_quel_no_crudel_que_la_mia_speme_ancise.mid	data/kdf/book6/reductions/string_quartet/book6_16_quel_no_crudel_que_la_mia_speme_ancise.musicxml	0	2	2	2	0.475475	no	no
kdf_string_quartet	VI 16. Quel no crudel que la mia speme ancise	16. Quel no crudel que la mia speme ancise	data/kdf/book6/sources/book6_16_quel_no_crudel_que_la_mia_speme_ancise.mid	data/kdf/book6/reductions/string_quartet/book6_16_quel_no_crudel_que_la_mia_speme_ancise.musicxml	0	3	3	3	0.584806	no	no
kdf_string_quartet	VI 16. Quel no crudel que la mia speme ancise	16. Quel no crudel que la mia speme ancise	data/kdf/book6/sources/book6_16_quel_no_crudel_que_la_mia_speme_ancise.mid	data/kdf/book6/reductions/string_quartet/book6_16_quel_no_crudel_que_la_mia_speme_ancise.musicxml	0	4	4	4	0.685383	no	no
kdf_string_quartet	VI 16. Quel no crudel que la mia speme ancise	16. Quel no crudel que la mia speme ancise	data/kdf/book6/sources/book6_16_quel_no_crudel_que_la_mia_speme_ancise.mid	data/kdf/book6/reductions/string_quartet/book6_16_quel_no_crudel_que_la_mia_speme_ancise.musicxml	0	5	1	1	1.00334	no	no
kdf_string_quartet	VI 17. Moro, lasso, al mio duolo	17. Moro, lasso, al mio duolo	data/kdf/book6/sources/book6_17_moro_lasso_al_mio_duolo.mid	data/kdf/book6/reductions/string_quartet/book6_17_moro_lasso_al_mio_duolo.musicxml	0	-5	1	1	0.722976	no	no
kdf_string_quartet	VI 17. Moro, lasso, al mio duolo	17. Moro, lasso, al mio duolo	data/kdf/book6/sources/book6_17_moro_lasso_al_mio_duolo.mid	data/kdf/book6/reductions/string_quartet/book6_17_moro_lasso_al_mio_duolo.musicxml	0	-4	4	4	0.568963	no	no
kdf_string_quartet	VI 17. Moro, lasso, al mio duolo	17. Moro, lasso, al mio duolo	data/kdf/book6/sources/book6_17_moro_lasso_al_mio_duolo.mid	data/kdf/book6/reductions/string_quartet/book6_17_moro_lasso_al_mio_duolo.musicxml	0	-3	3	3	0.473892	no	no
kdf_string_quartet	VI 17. Moro, lasso, al mio duolo	17. Moro, lasso, al mio duolo	data/kdf/book6/sources/book6_17_moro_lasso_al_mio_duolo.mid	data/kdf/book6/reductions/string_quartet/book6_17_moro_lasso_al_mio_duolo.musicxml	0	-2	2	2	0.406441	no	no
kdf_string_quartet	VI 17. Moro, lasso, al mio duolo	17. Moro, lasso, al mio duolo	data/kdf/book6/sources/book6_17_moro_lasso_al_mio_duolo.mid	data/kdf/book6/reductions/string_quartet/book6_17_moro_lasso_al_mio_duolo.musicxml	0	-1	5	5	0.336412	yes	no
kdf_string_quartet	VI 17. Moro, lasso, al mio duolo	17. Moro, lasso, al mio duolo	data/kdf/book6/sources/book6_17_moro_lasso_al_mio_duolo.mid	data/kdf/book6/reductions/string_quartet/book6_17_moro_lasso_al_mio_duolo.musicxml	0	0	0	0	0.29546	yes	yes
kdf_string_quartet	VI 17. Moro, lasso, al mio duolo	17. Moro, lasso, al mio duolo	data/kdf/book6/sources/book6_17_moro_lasso_al_mio_duolo.mid	data/kdf/book6/reductions/string_quartet/book6_17_moro_lasso_al_mio_duolo.musicxml	0	1	5	5	0.30496	yes	no
kdf_string_quartet	VI 17. Moro, lasso, al mio duolo	17. Moro, lasso, al mio duolo	data/kdf/book6/sources/book6_17_moro_lasso_al_mio_duolo.mid	data/kdf/book6/reductions/string_quartet/book6_17_moro_lasso_al_mio_duolo.musicxml	0	2	2	2	0.402662	no	no
kdf_string_quartet	VI 17. Moro, lasso, al mio duolo	17. Moro, lasso, al mio duolo	data/kdf/book6/sources/book6_17_moro_lasso_al_mio_duolo.mid	data/kdf/book6/reductions/string_quartet/book6_17_moro_lasso_al_mio_duolo.musicxml	0	3	3	3	0.467557	no	no
kdf_string_quartet	VI 17. Moro, lasso, al mio duolo	17. Moro, lasso, al mio duolo	data/kdf/book6/sources/book6_17_moro_lasso_al_mio_duolo.mid	data/kdf/book6/reductions/string_quartet/book6_17_moro_lasso_al_mio_duolo.musicxml	0	4	4	4	0.567464	no	no
kdf_string_quartet	VI 17. Moro, lasso, al mio duolo	17. Moro, lasso, al mio duolo	data/kdf/book6/sources/book6_17_moro_lasso_al_mio_duolo.mid	data/kdf/book6/reductions/string_quartet/book6_17_moro_lasso_al_mio_duolo.musicxml	0	5	1	1	0.750469	no	no
kdf_string_quartet	VI 18. Volan quasi farfalle	18. Volan quasi farfalle	data/kdf/book6/sources/book6_18_volan_quasi_farfalle.mid	data/kdf/book6/reductions/string_quartet/book6_18_volan_quasi_farfalle.musicxml	0	-5	0	0	0.588044	no	no
kdf_string_quartet	VI 18. Volan quasi farfalle	18. Volan quasi farfalle	data/kdf/book6/sources/book6_18_volan_quasi_farfalle.mid	data/kdf/book6/reductions/string_quartet/book6_18_volan_quasi_farfalle.musicxml	0	-4	5	5	0.494255	no	no
kdf_string_quartet	VI 18. Volan quasi farfalle	18. Volan quasi farfalle	data/kdf/book6/sources/book6_18_volan_quasi_farfalle.mid	data/kdf/book6/reductions/string_quartet/book6_18_volan_quasi_farfalle.musicxml	0	-3	2	2	0.41591	yes	no
kdf_string_quartet	VI 18. Volan quasi farfalle	18. Volan quasi farfalle	data/kdf/book6/sources/book6_18_volan_quasi_farfalle.mid	data/kdf/book6/reductions/string_quartet/book6_18_volan_quasi_farfalle.musicxml	0	-2	3	3	0.402954	yes	no
kdf_string_quartet	VI 18. Volan quasi farfalle	18. Volan quasi farfalle	data/kdf/book6/sources/book6_18_volan_quasi_farfalle.mid	data/kdf/book6/reductions/string_quartet/book6_18_volan_quasi_farfalle.musicxml	0	-1	4	4	0.384345	yes	no
kdf_string_quartet	VI 18. Volan quasi farfalle	18. Volan quasi farfalle	data/kdf/book6/sources/book6_18_volan_quasi_farfalle.mid	data/kdf/book6/reductions/string_quartet/book6_18_volan_quasi_farfalle.musicxml	0	0	1	1	0.425041	yes	yes
kdf_string_quartet	VI 18. Volan quasi farfalle	18. Volan quasi farfalle	data/kdf/book6/sources/book6_18_volan_quasi_farfalle.mid	data/kdf/book6/reductions/string_quartet/book6_18_volan_quasi_farfalle.musicxml	0	1	6	6	0.470418	yes	no
kdf_string_quartet	VI 18. Volan quasi farfalle	18. Volan quasi farfalle	data/kdf/book6/sources/book6_18_volan_quasi_farfalle.mid	data/kdf/book6/reductions/string_quartet/book6_18_volan_quasi_farfalle.musicxml	0	2	1	1	0.685902	no	no
kdf_string_quartet	VI 18. Volan quasi farfalle	18. Volan quasi farfalle	data/kdf/book6/sources/book6_18_volan_quasi_farfalle.mid	data/kdf/book6/reductions/string_quartet/book6_18_volan_quasi_farfalle.musicxml	0	3	4	4	0.802989	no	no
kdf_string_quartet	VI 18. Volan quasi farfalle	18. Volan quasi farfalle	data/kdf/book6/sources/book6_18_volan_quasi_farfalle.mid	data/kdf/book6/reductions/string_quartet/book6_18_volan_quasi_farfalle.musicxml	0	4	3	3	1.13942	no	no
kdf_string_quartet	VI 18. Volan quasi farfalle	18. Volan quasi farfalle	data/kdf/book6/sources/book6_18_volan_quasi_farfalle.mid	data/kdf/book6/reductions/string_quartet/book6_18_volan_quasi_farfalle.musicxml	0	5	2	2	1.74165	no	no
kdf_string_quartet	VI 19. Al mio gioir il ciel si fa sereno	19. Al mio gioir il ciel si fa sereno	data/kdf/book6/sources/book6_19_al_mio_gioir_il_ciel_si_fa_sereno.mid	data/kdf/book6/reductions/string_quartet/book6_19_al_mio_gioir_il_ciel_si_fa_sereno.musicxml	0	-5	0	0	0.732142	no	no
kdf_string_quartet	VI 19. Al mio gioir il ciel si fa sereno	19. Al mio gioir il ciel si fa sereno	data/kdf/book6/sources/book6_19_al_mio_gioir_il_ciel_si_fa_sereno.mid	data/kdf/book6/reductions/string_quartet/book6_19_al_mio_gioir_il_ciel_si_fa_sereno.musicxml	0	-4	5	5	0.622296	no	no
kdf_string_quartet	VI 19. Al mio gioir il ciel si fa sereno	19. Al mio gioir il ciel si fa sereno	data/kdf/book6/sources/book6_19_al_mio_gioir_il_ciel_si_fa_sereno.mid	data/kdf/book6/reductions/string_quartet/book6_19_al_mio_gioir_il_ciel_si_fa_sereno.musicxml	0	-3	2	2	0.46193	no	no
kdf_string_quartet	VI 19. Al mio gioir il ciel si fa sereno	19. Al mio gioir il ciel si fa sereno	data/kdf/book6/sources/book6_19_al_mio_gioir_il_ciel_si_fa_sereno.mid	data/kdf/book6/reductions/string_quartet/book6_19_al_mio_gioir_il_ciel_si_fa_sereno.musicxml	0	-2	3	3	0.411804	yes	no
kdf_string_quartet	VI 19. Al mio gioir il ciel si fa sereno	19. Al mio gioir il ciel si fa sereno	data/kdf/book6/sources/book6_19_al_mio_gioir_il_ciel_si_fa_sereno.mid	data/kdf/book6/reductions/string_quartet/book6_19_al_mio_gioir_il_ciel_si_fa_sereno.musicxml	0	-1	4	4	0.367686	yes	no
kdf_string_quartet	VI 19. Al mio gioir il ciel si fa sereno	19. Al mio gioir il ciel si fa sereno	data/kdf/book6/sources/book6_19_al_mio_gioir_il_ciel_si_fa_sereno.mid	data/kdf/book6/reductions/string_quartet/book6_19_al_mio_gioir_il_ciel_si_fa_sereno.musicxml	0	0	1	1	0.381181	yes	yes
kdf_string_quartet	VI 19. Al mio gioir il ciel si fa sereno	19. Al mio gioir il ciel si fa sereno	data/kdf/book6/sources/book6_19_al_mio_gioir_il_ciel_si_fa_sereno.mid	data/kdf/book6/reductions/string_quartet/book6_19_al_mio_gioir_il_ciel_si_fa_sereno.musicxml	0	1	6	6	0.389296	yes	no
kdf_string_quartet	VI 19. Al mio gioir il ciel si fa sereno	19. Al mio gioir il ciel si fa sereno	data/kdf/book6/sources/book6_19_al_mio_gioir_il_ciel_si_fa_sereno.mid	data/kdf/book6/reductions/string_quartet/book6_19_al_mio_gioir_il_ciel_si_fa_sereno.musicxml	0	2	1	1	0.452692	no	no
kdf_string_quartet	VI 19. Al mio gioir il ciel si fa sereno	19. Al mio gioir il ciel si fa sereno	data/kdf/book6/sources/book6_19_al_mio_gioir_il_ciel_si_fa_sereno.mid	data/kdf/book6/reductions/string_quartet/book6_19_al_mio_gioir_il_ciel_si_fa_sereno.musicxml	0	3	4	4	0.490318	no	no
kdf_string_quartet	VI 19. Al mio gioir il ciel si fa sereno	19. Al mio gioir il ciel si fa sereno	data/kdf/book6/sources/book6_19_al_mio_gioir_il_ciel_si_fa_sereno.mid	data/kdf/book6/reductions/string_quartet/book6_19_al_mio_gioir_il_ciel_si_fa_sereno.musicxml	0	4	3	3	0.624716	no	no
kdf_string_quartet	VI 19. Al mio gioir il ciel si fa sereno	19. Al mio gioir il ciel si fa sereno	data/kdf/book6/sources/book6_19_al_mio_gioir_il_ciel_si_fa_sereno.mid	data/kdf/book6/reductions/string_quartet/book6_19_al_mio_gioir_il_ciel_si_fa_sereno.musicxml	0	5	2	2	0.877528	no	no
kdf_string_quartet	VI 20. Tu segui, o bella Clori	20. Tu segui, o bella Clori	data/kdf/book6/sources/book6_20_tu_segui_o_bella_clori.mid	data/kdf/book6/reductions/string_quartet/book6_20_tu_segui_o_bella_clori.musicxml	0	-5	1	1	1.02354	no	no
kdf_string_quartet	VI 20. Tu segui, o bella Clori	20. Tu segui, o bella Clori	data/kdf/book6/sources/book6_20_tu_segui_o_bella_clori.mid	data/kdf/book6/reductions/string_quartet/book6_20_tu_segui_o_bella_clori.musicxml	0	-4	4	4	0.883587	no	no
kdf_string_quartet	VI 20. Tu segui, o bella Clori	20. Tu segui, o bella Clori	data/kdf/book6/sources/book6_20_tu_segui_o_bella_clori.mid	data/kdf/book6/reductions/string_quartet/book6_20_tu_segui_o_bella_clori.musicxml	0	-3	3	3	0.635379	no	no
kdf_string_quartet	VI 20. Tu segui, o bella Clori	20. Tu segui, o bella Clori	data/kdf/book6/sources/book6_20_tu_segui_o_bella_clori.mid	data/kdf/book6/reductions/string_quartet/book6_20_tu_segui_o_bella_clori.musicxml	0	-2	2	2	0.550264	no	no
kdf_string_quartet	VI 20. Tu segui, o bella Clori	20. Tu segui, o bella Clori	data/kdf/book6/sources/book6_20_tu_segui_o_bella_clori.mid	data/kdf/book6/reductions/string_quartet/book6_20_tu_segui_o_bella_clori.musicxml	0	-1	5	5	0.483367	no	no
kdf_string_quartet	VI 20. Tu segui, o bella Clori	20. Tu segui, o bella Clori	data/kdf/book6/sources/book6_20_tu_segui_o_bella_clori.mid	data/kdf/book6/reductions/string_quartet/book6_20_tu_segui_o_bella_clori.musicxml	0	0	0	0	0.431175	yes	yes
kdf_string_quartet	VI 20. Tu segui, o bella Clori	20. Tu segui, o bella Clori	data/kdf/book6/sources/book6_20_tu_segui_o_bella_clori.mid	data/kdf/book6/reductions/string_quartet/book6_20_tu_segui_o_bella_clori.musicxml	0	1	5	5	0.447189	yes	no
kdf_string_quartet	VI 20. Tu segui, o bella Clori	20. Tu segui, o bella Clori	data/kdf/book6/sources/book6_20_tu_segui_o_bella_clori.mid	data/kdf/book6/reductions/string_quartet/book6_20_tu_segui_o_bella_clori.musicxml	0	2	2	2	0.467263	yes	no
kdf_string_quartet	VI 20. Tu segui, o bella Clori	20. Tu segui, o bella Clori	data/kdf/book6/sources/book6_20_tu_segui_o_bella_clori.mid	data/kdf/book6/reductions/string_quartet/book6_20_tu_segui_o_bella_clori.musicxml	0	3	3	3	0.576891	no	no
kdf_string_quartet	VI 20. Tu segui, o bella Clori	20. Tu segui, o bella Clori	data/kdf/book6/sources/book6_20_tu_segui_o_bella_clori.mid	data/kdf/book6/reductions/string_quartet/book6_20_tu_segui_o_bella_clori.musicxml	0	4	4	4	0.641508	no	no
kdf_string_quartet	VI 20. Tu segui, o bella Clori	20. Tu segui, o bella Clori	data/kdf/book6/sources/book6_20_tu_segui_o_bella_clori.mid	data/kdf/book6/reductions/string_quartet/book6_20_tu_segui_o_bella_clori.musicxml	0	5	1	1	0.82793	no	no
kdf_string_quartet	VI 21. Ancor che per amarti	21. Ancor che per amarti	data/kdf/book6/sources/book6_21_ancor_che_per_amarti.mid	data/kdf/book6/reductions/string_quartet/book6_21_ancor_che_per_amarti.musicxml	0	-5	1	1	0.679456	no	no
kdf_string_quartet	VI 21. Ancor che per amarti	21. Ancor che per amarti	data/kdf/book6/sources/book6_21_ancor_che_per_amarti.mid	data/kdf/book6/reductions/string_quartet/book6_21_ancor_che_per_amarti.musicxml	0	-4	4	4	0.579474	no	no
kdf_string_quartet	VI 21. Ancor che per amarti	21. Ancor che per amarti	data/kdf/book6/sources/book6_21_ancor_che_per_amarti.mid	data/kdf/book6/reductions/string_quartet/book6_21_ancor_che_per_amarti.musicxml	0	-3	3	3	0.459366	no	no
kdf_string_quartet	VI 21. Ancor che per amarti	21. Ancor che per amarti	data/kdf/book6/sources/book6_21_ancor_che_per_amarti.mid	data/kdf/book6/reductions/string_quartet/book6_21_ancor_che_per_amarti.musicxml	0	-2	2	2	0.409347	no	no
kdf_string_quartet	VI 21. Ancor che per amarti	21. Ancor che per amarti	data/kdf/book6/sources/book6_21_ancor_che_per_amarti.mid	data/kdf/book6/reductions/string_quartet/book6_21_ancor_che_per_amarti.musicxml	0	-1	5	5	0.323282	yes	no
kdf_string_quartet	VI 21. Ancor che per amarti	21. Ancor che per amarti	data/kdf/book6/sources/book6_21_ancor_che_per_amarti.mid	data/kdf/book6/reductions/string_quartet/book6_21_ancor_che_per_amarti.musicxml	0	0	0	0	0.297434	yes	yes
kdf_string_quartet	VI 21. Ancor che per amarti	21. Ancor che per amarti	data/kdf/book6/sources/book6_21_ancor_che_per_amarti.mid	data/kdf/book6/reductions/string_quartet/book6_21_ancor_che_per_amarti.musicxml	0	1	5	5	0.322464	yes	no
kdf_string_quartet	VI 21. Ancor che per amarti	21. Ancor che per amarti	data/kdf/book6/sources/book6_21_ancor_che_per_amarti.mid	data/kdf/book6/reductions/string_quartet/book6_21_ancor_che_per_amarti.musicxml	0	2	2	2	0.398312	no	no
kdf_string_quartet	VI 21. Ancor che per amarti	21. Ancor che per amarti	data/kdf/book6/sources/book6_21_ancor_che_per_amarti.mid	data/kdf/book6/reductions/string_quartet/book6_21_ancor_che_per_amarti.musicxml	0	3	3	3	0.487525	no	no
kdf_string_quartet	VI 21. Ancor che per amarti	21. Ancor che per amarti	data/kdf/book6/sources/book6_21_ancor_che_per_amarti.mid	data/kdf/book6/reductions/string_quartet/book6_21_ancor_che_per_amarti.musicxml	0	4	4	4	0.570502	no	no
kdf_string_quartet	VI 21. Ancor che per amarti	21. Ancor che per amarti	data/kdf/book6/sources/book6_21_ancor_che_per_amarti.mid	data/kdf/book6/reductions/string_quartet/book6_21_ancor_che_per_amarti.musicxml	0	5	1	1	0.780302	no	no
kdf_string_quartet	VI 22. Già piansi nel dolore	22. Già piansi nel dolore	data/kdf/book6/sources/book6_22_gia_piansi_nel_dolore.mid	data/kdf/book6/reductions/string_quartet/book6_22_gia_piansi_nel_dolore.musicxml	0	-5	1	1	0.768796	no	no
kdf_string_quartet	VI 22. Già piansi nel dolore	22. Già piansi nel dolore	data/kdf/book6/sources/book6_22_gia_piansi_nel_dolore.mid	data/kdf/book6/reductions/string_quartet/book6_22_gia_piansi_nel_dolore.musicxml	0	-4	4	4	0.654778	no	no
kdf_string_quartet	VI 22. Già piansi nel dolore	22. Già piansi nel dolore	data/kdf/book6/sources/book6_22_gia_piansi_nel_dolore.mid	data/kdf/book6/reductions/string_quartet/book6_22_gia_piansi_nel_dolore.musicxml	0	-3	3	3	0.533226	no	no
kdf_string_quartet	VI 22. Già piansi nel dolore	22. Già piansi nel dolore	data/kdf/book6/sources/book6_22_gia_piansi_nel_dolore.mid	data/kdf/book6/reductions/string_quartet/book6_22_gia_piansi_nel_dolore.musicxml	0	-2	2	2	0.461596	no	no
kdf_string_quartet	VI 22. Già piansi nel dolore	22. Già piansi nel dolore	data/kdf/book6/sources/book6_22_gia_piansi_nel_dolore.mid	data/kdf/book6/reductions/string_quartet/book6_22_gia_piansi_nel_dolore.musicxml	0	-1	5	5	0.360045	yes	no
kdf_string_quartet	VI 22. Già piansi nel dolore	22. Già piansi nel dolore	data/kdf/book6/sources/book6_22_gia_piansi_nel_dolore.mid	data/kdf/book6/reductions/string_quartet/book6_22_gia_piansi_nel_dolore.musicxml	0	0	0	0	0.33185	yes	yes
kdf_string_quartet	VI 22. Già piansi nel dolore	22. Già piansi nel dolore	data/kdf/book6/sources/book6_22_gia_piansi_nel_dolore.mid	data/kdf/book6/reductions/string_quartet/book6_22_gia_piansi_nel_dolore.musicxml	0	1	5	5	0.353313	yes	no
kdf_string_quartet	VI 22. Già piansi nel dolore	22. Già piansi nel dolore	data/kdf/book6/sources/book6_22_gia_piansi_nel_dolore.mid	data/kdf/book6/reductions/string_quartet/book6_22_gia_piansi_nel_dolore.musicxml	0	2	2	2	0.432409	no	no
kdf_string_quartet	VI 22. Già piansi nel dolore	22. Già piansi nel dolore	data/kdf/book6/sources/book6_22_gia_piansi_nel_dolore.mid	data/kdf/book6/reductions/string_quartet/book6_22_gia_piansi_nel_dolore.musicxml	0	3	3	3	0.530475	no	no
kdf_string_quartet	VI 22. Già piansi nel dolore	22. Già piansi nel dolore	data/kdf/book6/sources/book6_22_gia_piansi_nel_dolore.mid	data/kdf/book6/reductions/string_quartet/book6_22_gia_piansi_nel_dolore.musicxml	0	4	4	4	0.58	no	no
kdf_string_quartet	VI 22. Già piansi nel dolore	22. Già piansi nel dolore	data/kdf/book6/sources/book6_22_gia_piansi_nel_dolore.mid	data/kdf/book6/reductions/string_quartet/book6_22_gia_piansi_nel_dolore.musicxml	0	5	1	1	0.722861	no	no
kdf_string_quartet	VI 23. Quando ridente e bella	23. Quando ridente e bella	data/kdf/book6/sources/book6_23_quando_ridente_e_bella.mid	data/kdf/book6/reductions/string_quartet/book6_23_quando_ridente_e_bella.musicxml	-3	-8	3	3	1.41888	no	no
kdf_string_quartet	VI 23. Quando ridente e bella	23. Quando ridente e bella	data/kdf/book6/sources/book6_23_quando_ridente_e_bella.mid	data/kdf/book6/reductions/string_quartet/book6_23_quando_ridente_e_bella.musicxml	-3	-7	2	2	1.16491	no	no
kdf_string_quartet	VI 23. Quando ridente e bella	23. Quando ridente e bella	data/kdf/book6/sources/book6_23_quando_ridente_e_bella.mid	data/kdf/book6/reductions/string_quartet/book6_23_quando_ridente_e_bella.musicxml	-3	-6	5	5	0.791141	no	no
kdf_string_quartet	VI 23. Quando ridente e bella	23. Quando ridente e bella	data/kdf/book6/sources/book6_23_quando_ridente_e_bella.mid	data/kdf/book6/reductions/string_quartet/book6_23_quando_ridente_e_bella.musicxml	-3	-5	0	0	0.606342	no	no
kdf_string_quartet	VI 23. Quando ridente e bella	23. Quando ridente e bella	data/kdf/book6/sources/book6_23_quando_ridente_e_bella.mid	data/kdf/book6/reductions/string_quartet/book6_23_quando_ridente_e_bella.musicxml	-3	-4	5	5	0.49427	no	no
kdf_string_quartet	VI 23. Quando ridente e bella	23. Quando ridente e bella	data/kdf/book6/sources/book6_23_quando_ridente_e_bella.mid	data/kdf/book6/reductions/string_quartet/book6_23_quando_ridente_e_bella.musicxml	-3	-3	2	2	0.408685	yes	yes
kdf_string_quartet	VI 23. Quando ridente e bella	23. Quando ridente e bella	data/kdf/book6/sources/book6_23_quando_ridente_e_bella.mid	data/kdf/book6/reductions/string_quartet/book6_23_quando_ridente_e_bella.musicxml	-3	-2	3	3	0.374586	yes	no
kdf_string_quartet	VI 23. Quando ridente e bella	23. Quando ridente e bella	data/kdf/book6/sources/book6_23_quando_ridente_e_bella.mid	data/kdf/book6/reductions/string_quartet/book6_23_quando_ridente_e_bella.musicxml	-3	-1	4	4	0.359785	yes	no
kdf_string_quartet	VI 23. Quando ridente e bella	23. Quando ridente e bella	data/kdf/book6/sources/book6_23_quando_ridente_e_bella.mid	data/kdf/book6/reductions/string_quartet/book6_23_quando_ridente_e_bella.musicxml	-3	0	1	1	0.412128	yes	no
kdf_string_quartet	VI 23. Quando ridente e bella	23. Quando ridente e bella	data/kdf/book6/sources/book6_23_quando_ridente_e_bella.mid	data/kdf/book6/reductions/string_quartet/book6_23_quando_ridente_e_bella.musicxml	-3	1	6	6	0.428948	yes	no
kdf_string_quartet	VI 23. Quando ridente e bella	23. Quando ridente e bella	data/kdf/book6/sources/book6_23_quando_ridente_e_bella.mid	data/kdf/book6/reductions/string_quartet/book6_23_quando_ridente_e_bella.musicxml	-3	2	1	1	0.490696	no	no
cpdl_5_voice_string_quartet	2	Ave Regina coelorum	data/cpdl/5-voices/sources/002_ave_regina_coelorum__02_gesualdo_ave_regina_coelorum.mxl	data/cpdl/5-voices/reductions/string_quartet/002_ave_regina_coelorum.musicxml	2	-3	3	3	0.872949	no	no
cpdl_5_voice_string_quartet	2	Ave Regina coelorum	data/cpdl/5-voices/sources/002_ave_regina_coelorum__02_gesualdo_ave_regina_coelorum.mxl	data/cpdl/5-voices/reductions/string_quartet/002_ave_regina_coelorum.musicxml	2	-2	2	2	0.705909	no	no
cpdl_5_voice_string_quartet	2	Ave Regina coelorum	data/cpdl/5-voices/sources/002_ave_regina_coelorum__02_gesualdo_ave_regina_coelorum.mxl	data/cpdl/5-voices/reductions/string_quartet/002_ave_regina_coelorum.musicxml	2	-1	5	5	0.539892	no	no
cpdl_5_voice_string_quartet	2	Ave Regina coelorum	data/cpdl/5-voices/sources/002_ave_regina_coelorum__02_gesualdo_ave_regina_coelorum.mxl	data/cpdl/5-voices/reductions/string_quartet/002_ave_regina_coelorum.musicxml	2	0	0	0	0.464899	no	no
cpdl_5_voice_string_quartet	2	Ave Regina coelorum	data/cpdl/5-voices/sources/002_ave_regina_coelorum__02_gesualdo_ave_regina_coelorum.mxl	data/cpdl/5-voices/reductions/string_quartet/002_ave_regina_coelorum.musicxml	2	1	5	5	0.399254	yes	no
cpdl_5_voice_string_quartet	2	Ave Regina coelorum	data/cpdl/5-voices/sources/002_ave_regina_coelorum__02_gesualdo_ave_regina_coelorum.mxl	data/cpdl/5-voices/reductions/string_quartet/002_ave_regina_coelorum.musicxml	2	2	2	2	0.38719	yes	yes
cpdl_5_voice_string_quartet	2	Ave Regina coelorum	data/cpdl/5-voices/sources/002_ave_regina_coelorum__02_gesualdo_ave_regina_coelorum.mxl	data/cpdl/5-voices/reductions/string_quartet/002_ave_regina_coelorum.musicxml	2	3	3	3	0.40089	yes	no
cpdl_5_voice_string_quartet	2	Ave Regina coelorum	data/cpdl/5-voices/sources/002_ave_regina_coelorum__02_gesualdo_ave_regina_coelorum.mxl	data/cpdl/5-voices/reductions/string_quartet/002_ave_regina_coelorum.musicxml	2	4	4	4	0.415023	yes	no
cpdl_5_voice_string_quartet	2	Ave Regina coelorum	data/cpdl/5-voices/sources/002_ave_regina_coelorum__02_gesualdo_ave_regina_coelorum.mxl	data/cpdl/5-voices/reductions/string_quartet/002_ave_regina_coelorum.musicxml	2	5	1	1	0.524268	no	no
cpdl_5_voice_string_quartet	2	Ave Regina coelorum	data/cpdl/5-voices/sources/002_ave_regina_coelorum__02_gesualdo_ave_regina_coelorum.mxl	data/cpdl/5-voices/reductions/string_quartet/002_ave_regina_coelorum.musicxml	2	6	6	6	0.612226	no	no
cpdl_5_voice_string_quartet	2	Ave Regina coelorum	data/cpdl/5-voices/sources/002_ave_regina_coelorum__02_gesualdo_ave_regina_coelorum.mxl	data/cpdl/5-voices/reductions/string_quartet/002_ave_regina_coelorum.musicxml	2	7	1	1	0.904137	no	no
cpdl_5_voice_string_quartet	3	Ave, dulcissima Maria	data/cpdl/5-voices/sources/003_ave_dulcissima_maria__02_ave_dulcissima_maria_gesualdo.mxl	data/cpdl/5-voices/reductions/string_quartet/003_ave_dulcissima_maria.musicxml	0	-5	3	3	1.10658	no	no
cpdl_5_voice_string_quartet	3	Ave, dulcissima Maria	data/cpdl/5-voices/sources/003_ave_dulcissima_maria__02_ave_dulcissima_maria_gesualdo.mxl	data/cpdl/5-voices/reductions/string_quartet/003_ave_dulcissima_maria.musicxml	0	-4	2	2	0.865344	no	no
cpdl_5_voice_string_quartet	3	Ave, dulcissima Maria	data/cpdl/5-voices/sources/003_ave_dulcissima_maria__02_ave_dulcissima_maria_gesualdo.mxl	data/cpdl/5-voices/reductions/string_quartet/003_ave_dulcissima_maria.musicxml	0	-3	5	5	0.720042	no	no
cpdl_5_voice_string_quartet	3	Ave, dulcissima Maria	data/cpdl/5-voices/sources/003_ave_dulcissima_maria__02_ave_dulcissima_maria_gesualdo.mxl	data/cpdl/5-voices/reductions/string_quartet/003_ave_dulcissima_maria.musicxml	0	-2	0	0	0.611332	no	no
cpdl_5_voice_string_quartet	3	Ave, dulcissima Maria	data/cpdl/5-voices/sources/003_ave_dulcissima_maria__02_ave_dulcissima_maria_gesualdo.mxl	data/cpdl/5-voices/reductions/string_quartet/003_ave_dulcissima_maria.musicxml	0	-1	5	5	0.491654	no	no
cpdl_5_voice_string_quartet	3	Ave, dulcissima Maria	data/cpdl/5-voices/sources/003_ave_dulcissima_maria__02_ave_dulcissima_maria_gesualdo.mxl	data/cpdl/5-voices/reductions/string_quartet/003_ave_dulcissima_maria.musicxml	0	0	2	2	0.407875	yes	yes
cpdl_5_voice_string_quartet	3	Ave, dulcissima Maria	data/cpdl/5-voices/sources/003_ave_dulcissima_maria__02_ave_dulcissima_maria_gesualdo.mxl	data/cpdl/5-voices/reductions/string_quartet/003_ave_dulcissima_maria.musicxml	0	1	3	3	0.401951	yes	no
cpdl_5_voice_string_quartet	3	Ave, dulcissima Maria	data/cpdl/5-voices/sources/003_ave_dulcissima_maria__02_ave_dulcissima_maria_gesualdo.mxl	data/cpdl/5-voices/reductions/string_quartet/003_ave_dulcissima_maria.musicxml	0	2	4	4	0.372203	yes	no
cpdl_5_voice_string_quartet	3	Ave, dulcissima Maria	data/cpdl/5-voices/sources/003_ave_dulcissima_maria__02_ave_dulcissima_maria_gesualdo.mxl	data/cpdl/5-voices/reductions/string_quartet/003_ave_dulcissima_maria.musicxml	0	3	1	1	0.446505	yes	no
cpdl_5_voice_string_quartet	3	Ave, dulcissima Maria	data/cpdl/5-voices/sources/003_ave_dulcissima_maria__02_ave_dulcissima_maria_gesualdo.mxl	data/cpdl/5-voices/reductions/string_quartet/003_ave_dulcissima_maria.musicxml	0	4	6	6	0.491577	no	no
cpdl_5_voice_string_quartet	3	Ave, dulcissima Maria	data/cpdl/5-voices/sources/003_ave_dulcissima_maria__02_ave_dulcissima_maria_gesualdo.mxl	data/cpdl/5-voices/reductions/string_quartet/003_ave_dulcissima_maria.musicxml	0	5	1	1	0.64701	no	no
cpdl_5_voice_string_quartet	4	Deus refugium et virtus	data/cpdl/5-voices/sources/004_deus_refugium_et_virtus__02_gesualdo_deus_refugium.mxl	data/cpdl/5-voices/reductions/string_quartet/004_deus_refugium_et_virtus.musicxml	0	-5	1	1	1.10905	no	no
cpdl_5_voice_string_quartet	4	Deus refugium et virtus	data/cpdl/5-voices/sources/004_deus_refugium_et_virtus__02_gesualdo_deus_refugium.mxl	data/cpdl/5-voices/reductions/string_quartet/004_deus_refugium_et_virtus.musicxml	0	-4	4	4	0.931302	no	no
cpdl_5_voice_string_quartet	4	Deus refugium et virtus	data/cpdl/5-voices/sources/004_deus_refugium_et_virtus__02_gesualdo_deus_refugium.mxl	data/cpdl/5-voices/reductions/string_quartet/004_deus_refugium_et_virtus.musicxml	0	-3	3	3	0.725828	no	no
cpdl_5_voice_string_quartet	4	Deus refugium et virtus	data/cpdl/5-voices/sources/004_deus_refugium_et_virtus__02_gesualdo_deus_refugium.mxl	data/cpdl/5-voices/reductions/string_quartet/004_deus_refugium_et_virtus.musicxml	0	-2	2	2	0.603055	no	no
cpdl_5_voice_string_quartet	4	Deus refugium et virtus	data/cpdl/5-voices/sources/004_deus_refugium_et_virtus__02_gesualdo_deus_refugium.mxl	data/cpdl/5-voices/reductions/string_quartet/004_deus_refugium_et_virtus.musicxml	0	-1	5	5	0.459577	no	no
cpdl_5_voice_string_quartet	4	Deus refugium et virtus	data/cpdl/5-voices/sources/004_deus_refugium_et_virtus__02_gesualdo_deus_refugium.mxl	data/cpdl/5-voices/reductions/string_quartet/004_deus_refugium_et_virtus.musicxml	0	0	0	0	0.384503	yes	yes
cpdl_5_voice_string_quartet	4	Deus refugium et virtus	data/cpdl/5-voices/sources/004_deus_refugium_et_virtus__02_gesualdo_deus_refugium.mxl	data/cpdl/5-voices/reductions/string_quartet/004_deus_refugium_et_virtus.musicxml	0	1	5	5	0.37789	yes	no
cpdl_5_voice_string_quartet	4	Deus refugium et virtus	data/cpdl/5-voices/sources/004_deus_refugium_et_virtus__02_gesualdo_deus_refugium.mxl	data/cpdl/5-voices/reductions/string_quartet/004_deus_refugium_et_virtus.musicxml	0	2	2	2	0.352798	yes	no
cpdl_5_voice_string_quartet	4	Deus refugium et virtus	data/cpdl/5-voices/sources/004_deus_refugium_et_virtus__02_gesualdo_deus_refugium.mxl	data/cpdl/5-voices/reductions/string_quartet/004_deus_refugium_et_virtus.musicxml	0	3	3	3	0.369096	yes	no
cpdl_5_voice_string_quartet	4	Deus refugium et virtus	data/cpdl/5-voices/sources/004_deus_refugium_et_virtus__02_gesualdo_deus_refugium.mxl	data/cpdl/5-voices/reductions/string_quartet/004_deus_refugium_et_virtus.musicxml	0	4	4	4	0.431943	yes	no
cpdl_5_voice_string_quartet	4	Deus refugium et virtus	data/cpdl/5-voices/sources/004_deus_refugium_et_virtus__02_gesualdo_deus_refugium.mxl	data/cpdl/5-voices/reductions/string_quartet/004_deus_refugium_et_virtus.musicxml	0	5	1	1	0.649968	no	no
cpdl_5_voice_string_quartet	5	Dignare me	data/cpdl/5-voices/sources/005_dignare_me__02_gesualdo_dignare_me.mxl	data/cpdl/5-voices/reductions/string_quartet/005_dignare_me.musicxml	2	-3	2	2	0.886706	no	no
cpdl_5_voice_string_quartet	5	Dignare me	data/cpdl/5-voices/sources/005_dignare_me__02_gesualdo_dignare_me.mxl	data/cpdl/5-voices/reductions/string_quartet/005_dignare_me.musicxml	2	-2	3	3	0.720267	no	no
cpdl_5_voice_string_quartet	5	Dignare me	data/cpdl/5-voices/sources/005_dignare_me__02_gesualdo_dignare_me.mxl	data/cpdl/5-voices/reductions/string_quartet/005_dignare_me.musicxml	2	-1	4	4	0.610521	no	no
cpdl_5_voice_string_quartet	5	Dignare me	data/cpdl/5-voices/sources/005_dignare_me__02_gesualdo_dignare_me.mxl	data/cpdl/5-voices/reductions/string_quartet/005_dignare_me.musicxml	2	0	1	1	0.563745	no	no
cpdl_5_voice_string_quartet	5	Dignare me	data/cpdl/5-voices/sources/005_dignare_me__02_gesualdo_dignare_me.mxl	data/cpdl/5-voices/reductions/string_quartet/005_dignare_me.musicxml	2	1	6	6	0.489121	yes	no
cpdl_5_voice_string_quartet	5	Dignare me	data/cpdl/5-voices/sources/005_dignare_me__02_gesualdo_dignare_me.mxl	data/cpdl/5-voices/reductions/string_quartet/005_dignare_me.musicxml	2	2	1	1	0.442877	yes	yes
cpdl_5_voice_string_quartet	5	Dignare me	data/cpdl/5-voices/sources/005_dignare_me__02_gesualdo_dignare_me.mxl	data/cpdl/5-voices/reductions/string_quartet/005_dignare_me.musicxml	2	3	4	4	0.461723	yes	no
cpdl_5_voice_string_quartet	5	Dignare me	data/cpdl/5-voices/sources/005_dignare_me__02_gesualdo_dignare_me.mxl	data/cpdl/5-voices/reductions/string_quartet/005_dignare_me.musicxml	2	4	3	3	0.472107	yes	no
cpdl_5_voice_string_quartet	5	Dignare me	data/cpdl/5-voices/sources/005_dignare_me__02_gesualdo_dignare_me.mxl	data/cpdl/5-voices/reductions/string_quartet/005_dignare_me.musicxml	2	5	2	2	0.582522	no	no
cpdl_5_voice_string_quartet	5	Dignare me	data/cpdl/5-voices/sources/005_dignare_me__02_gesualdo_dignare_me.mxl	data/cpdl/5-voices/reductions/string_quartet/005_dignare_me.musicxml	2	6	5	5	0.650397	no	no
cpdl_5_voice_string_quartet	5	Dignare me	data/cpdl/5-voices/sources/005_dignare_me__02_gesualdo_dignare_me.mxl	data/cpdl/5-voices/reductions/string_quartet/005_dignare_me.musicxml	2	7	0	0	0.948477	no	no
cpdl_5_voice_string_quartet	6	Domine ne despicias	data/cpdl/5-voices/sources/006_domine_ne_despicias__02_gesualdo_domine_ne_despicias.mxl	data/cpdl/5-voices/reductions/string_quartet/006_domine_ne_despicias.musicxml	2	-3	3	3	0.988479	no	no
cpdl_5_voice_string_quartet	6	Domine ne despicias	data/cpdl/5-voices/sources/006_domine_ne_despicias__02_gesualdo_domine_ne_despicias.mxl	data/cpdl/5-voices/reductions/string_quartet/006_domine_ne_despicias.musicxml	2	-2	2	2	0.825332	no	no
cpdl_5_voice_string_quartet	6	Domine ne despicias	data/cpdl/5-voices/sources/006_domine_ne_despicias__02_gesualdo_domine_ne_despicias.mxl	data/cpdl/5-voices/reductions/string_quartet/006_domine_ne_despicias.musicxml	2	-1	5	5	0.633054	no	no
cpdl_5_voice_string_quartet	6	Domine ne despicias	data/cpdl/5-voices/sources/006_domine_ne_despicias__02_gesualdo_domine_ne_despicias.mxl	data/cpdl/5-voices/reductions/string_quartet/006_domine_ne_despicias.musicxml	2	0	0	0	0.576447	no	no
cpdl_5_voice_string_quartet	6	Domine ne despicias	data/cpdl/5-voices/sources/006_domine_ne_despicias__02_gesualdo_domine_ne_despicias.mxl	data/cpdl/5-voices/reductions/string_quartet/006_domine_ne_despicias.musicxml	2	1	5	5	0.531637	no	no
cpdl_5_voice_string_quartet	6	Domine ne despicias	data/cpdl/5-voices/sources/006_domine_ne_despicias__02_gesualdo_domine_ne_despicias.mxl	data/cpdl/5-voices/reductions/string_quartet/006_domine_ne_despicias.musicxml	2	2	2	2	0.415962	yes	yes
cpdl_5_voice_string_quartet	6	Domine ne despicias	data/cpdl/5-voices/sources/006_domine_ne_despicias__02_gesualdo_domine_ne_despicias.mxl	data/cpdl/5-voices/reductions/string_quartet/006_domine_ne_despicias.musicxml	2	3	3	3	0.420482	yes	no
cpdl_5_voice_string_quartet	6	Domine ne despicias	data/cpdl/5-voices/sources/006_domine_ne_despicias__02_gesualdo_domine_ne_despicias.mxl	data/cpdl/5-voices/reductions/string_quartet/006_domine_ne_despicias.musicxml	2	4	4	4	0.484602	no	no
cpdl_5_voice_string_quartet	6	Domine ne despicias	data/cpdl/5-voices/sources/006_domine_ne_despicias__02_gesualdo_domine_ne_despicias.mxl	data/cpdl/5-voices/reductions/string_quartet/006_domine_ne_despicias.musicxml	2	5	1	1	0.71583	no	no
cpdl_5_voice_string_quartet	6	Domine ne despicias	data/cpdl/5-voices/sources/006_domine_ne_despicias__02_gesualdo_domine_ne_despicias.mxl	data/cpdl/5-voices/reductions/string_quartet/006_domine_ne_despicias.musicxml	2	6	6	6	0.792962	no	no
cpdl_5_voice_string_quartet	6	Domine ne despicias	data/cpdl/5-voices/sources/006_domine_ne_despicias__02_gesualdo_domine_ne_despicias.mxl	data/cpdl/5-voices/reductions/string_quartet/006_domine_ne_despicias.musicxml	2	7	1	1	1.06933	no	no
cpdl_5_voice_string_quartet	7	Exaudi Deus	data/cpdl/5-voices/sources/007_exaudi_deus__02_gesualdo_exaudi_deus.mxl	data/cpdl/5-voices/reductions/string_quartet/007_exaudi_deus.musicxml	2	-3	3	3	1.01345	no	no
cpdl_5_voice_string_quartet	7	Exaudi Deus	data/cpdl/5-voices/sources/007_exaudi_deus__02_gesualdo_exaudi_deus.mxl	data/cpdl/5-voices/reductions/string_quartet/007_exaudi_deus.musicxml	2	-2	2	2	0.874256	no	no
cpdl_5_voice_string_quartet	7	Exaudi Deus	data/cpdl/5-voices/sources/007_exaudi_deus__02_gesualdo_exaudi_deus.mxl	data/cpdl/5-voices/reductions/string_quartet/007_exaudi_deus.musicxml	2	-1	5	5	0.656903	no	no
cpdl_5_voice_string_quartet	7	Exaudi Deus	data/cpdl/5-voices/sources/007_exaudi_deus__02_gesualdo_exaudi_deus.mxl	data/cpdl/5-voices/reductions/string_quartet/007_exaudi_deus.musicxml	2	0	0	0	0.580647	no	no
cpdl_5_voice_string_quartet	7	Exaudi Deus	data/cpdl/5-voices/sources/007_exaudi_deus__02_gesualdo_exaudi_deus.mxl	data/cpdl/5-voices/reductions/string_quartet/007_exaudi_deus.musicxml	2	1	5	5	0.506727	no	no
cpdl_5_voice_string_quartet	7	Exaudi Deus	data/cpdl/5-voices/sources/007_exaudi_deus__02_gesualdo_exaudi_deus.mxl	data/cpdl/5-voices/reductions/string_quartet/007_exaudi_deus.musicxml	2	2	2	2	0.404391	yes	yes
cpdl_5_voice_string_quartet	7	Exaudi Deus	data/cpdl/5-voices/sources/007_exaudi_deus__02_gesualdo_exaudi_deus.mxl	data/cpdl/5-voices/reductions/string_quartet/007_exaudi_deus.musicxml	2	3	3	3	0.410209	yes	no
cpdl_5_voice_string_quartet	7	Exaudi Deus	data/cpdl/5-voices/sources/007_exaudi_deus__02_gesualdo_exaudi_deus.mxl	data/cpdl/5-voices/reductions/string_quartet/007_exaudi_deus.musicxml	2	4	4	4	0.447757	yes	no
cpdl_5_voice_string_quartet	7	Exaudi Deus	data/cpdl/5-voices/sources/007_exaudi_deus__02_gesualdo_exaudi_deus.mxl	data/cpdl/5-voices/reductions/string_quartet/007_exaudi_deus.musicxml	2	5	1	1	0.565012	no	no
cpdl_5_voice_string_quartet	7	Exaudi Deus	data/cpdl/5-voices/sources/007_exaudi_deus__02_gesualdo_exaudi_deus.mxl	data/cpdl/5-voices/reductions/string_quartet/007_exaudi_deus.musicxml	2	6	6	6	0.642118	no	no
cpdl_5_voice_string_quartet	7	Exaudi Deus	data/cpdl/5-voices/sources/007_exaudi_deus__02_gesualdo_exaudi_deus.mxl	data/cpdl/5-voices/reductions/string_quartet/007_exaudi_deus.musicxml	2	7	1	1	0.932866	no	no
cpdl_5_voice_string_quartet	8	Hei mihi, Domine	data/cpdl/5-voices/sources/008_hei_mihi_domine__02_gesu_hei.mxl	data/cpdl/5-voices/reductions/string_quartet/008_hei_mihi_domine.musicxml	2	-3	3	3	0.781031	no	no
cpdl_5_voice_string_quartet	8	Hei mihi, Domine	data/cpdl/5-voices/sources/008_hei_mihi_domine__02_gesu_hei.mxl	data/cpdl/5-voices/reductions/string_quartet/008_hei_mihi_domine.musicxml	2	-2	2	2	0.673628	no	no
cpdl_5_voice_string_quartet	8	Hei mihi, Domine	data/cpdl/5-voices/sources/008_hei_mihi_domine__02_gesu_hei.mxl	data/cpdl/5-voices/reductions/string_quartet/008_hei_mihi_domine.musicxml	2	-1	5	5	0.52278	no	no
cpdl_5_voice_string_quartet	8	Hei mihi, Domine	data/cpdl/5-voices/sources/008_hei_mihi_domine__02_gesu_hei.mxl	data/cpdl/5-voices/reductions/string_quartet/008_hei_mihi_domine.musicxml	2	0	0	0	0.452674	no	no
cpdl_5_voice_string_quartet	8	Hei mihi, Domine	data/cpdl/5-voices/sources/008_hei_mihi_domine__02_gesu_hei.mxl	data/cpdl/5-voices/reductions/string_quartet/008_hei_mihi_domine.musicxml	2	1	5	5	0.438258	no	no
cpdl_5_voice_string_quartet	8	Hei mihi, Domine	data/cpdl/5-voices/sources/008_hei_mihi_domine__02_gesu_hei.mxl	data/cpdl/5-voices/reductions/string_quartet/008_hei_mihi_domine.musicxml	2	2	2	2	0.347156	yes	yes
cpdl_5_voice_string_quartet	8	Hei mihi, Domine	data/cpdl/5-voices/sources/008_hei_mihi_domine__02_gesu_hei.mxl	data/cpdl/5-voices/reductions/string_quartet/008_hei_mihi_domine.musicxml	2	3	3	3	0.347502	yes	no
cpdl_5_voice_string_quartet	8	Hei mihi, Domine	data/cpdl/5-voices/sources/008_hei_mihi_domine__02_gesu_hei.mxl	data/cpdl/5-voices/reductions/string_quartet/008_hei_mihi_domine.musicxml	2	4	4	4	0.393045	yes	no
cpdl_5_voice_string_quartet	8	Hei mihi, Domine	data/cpdl/5-voices/sources/008_hei_mihi_domine__02_gesu_hei.mxl	data/cpdl/5-voices/reductions/string_quartet/008_hei_mihi_domine.musicxml	2	5	1	1	0.53002	no	no
cpdl_5_voice_string_quartet	8	Hei mihi, Domine	data/cpdl/5-voices/sources/008_hei_mihi_domine__02_gesu_hei.mxl	data/cpdl/5-voices/reductions/string_quartet/008_hei_mihi_domine.musicxml	2	6	6	6	0.598599	no	no
cpdl_5_voice_string_quartet	8	Hei mihi, Domine	data/cpdl/5-voices/sources/008_hei_mihi_domine__02_gesu_hei.mxl	data/cpdl/5-voices/reductions/string_quartet/008_hei_mihi_domine.musicxml	2	7	1	1	0.859162	no	no
cpdl_5_voice_string_quartet	9	Illumina faciem tuam	data/cpdl/5-voices/sources/009_illumina_faciem_tuam__02_illumina_faciem_tuam_gesualdo.mxl	data/cpdl/5-voices/reductions/string_quartet/009_illumina_faciem_tuam.musicxml	2	-3	2	2	0.752484	no	no
cpdl_5_voice_string_quartet	9	Illumina faciem tuam	data/cpdl/5-voices/sources/009_illumina_faciem_tuam__02_illumina_faciem_tuam_gesualdo.mxl	data/cpdl/5-voices/reductions/string_quartet/009_illumina_faciem_tuam.musicxml	2	-2	3	3	0.582263	no	no
cpdl_5_voice_string_quartet	9	Illumina faciem tuam	data/cpdl/5-voices/sources/009_illumina_faciem_tuam__02_illumina_faciem_tuam_gesualdo.mxl	data/cpdl/5-voices/reductions/string_quartet/009_illumina_faciem_tuam.musicxml	2	-1	4	4	0.424523	no	no
cpdl_5_voice_string_quartet	9	Illumina faciem tuam	data/cpdl/5-voices/sources/009_illumina_faciem_tuam__02_illumina_faciem_tuam_gesualdo.mxl	data/cpdl/5-voices/reductions/string_quartet/009_illumina_faciem_tuam.musicxml	2	0	1	1	0.360237	yes	no
cpdl_5_voice_string_quartet	9	Illumina faciem tuam	data/cpdl/5-voices/sources/009_illumina_faciem_tuam__02_illumina_faciem_tuam_gesualdo.mxl	data/cpdl/5-voices/reductions/string_quartet/009_illumina_faciem_tuam.musicxml	2	1	6	6	0.346889	yes	no
cpdl_5_voice_string_quartet	9	Illumina faciem tuam	data/cpdl/5-voices/sources/009_illumina_faciem_tuam__02_illumina_faciem_tuam_gesualdo.mxl	data/cpdl/5-voices/reductions/string_quartet/009_illumina_faciem_tuam.musicxml	2	2	1	1	0.341545	yes	yes
cpdl_5_voice_string_quartet	9	Illumina faciem tuam	data/cpdl/5-voices/sources/009_illumina_faciem_tuam__02_illumina_faciem_tuam_gesualdo.mxl	data/cpdl/5-voices/reductions/string_quartet/009_illumina_faciem_tuam.musicxml	2	3	4	4	0.362084	yes	no
cpdl_5_voice_string_quartet	9	Illumina faciem tuam	data/cpdl/5-voices/sources/009_illumina_faciem_tuam__02_illumina_faciem_tuam_gesualdo.mxl	data/cpdl/5-voices/reductions/string_quartet/009_illumina_faciem_tuam.musicxml	2	4	3	3	0.422564	no	no
cpdl_5_voice_string_quartet	9	Illumina faciem tuam	data/cpdl/5-voices/sources/009_illumina_faciem_tuam__02_illumina_faciem_tuam_gesualdo.mxl	data/cpdl/5-voices/reductions/string_quartet/009_illumina_faciem_tuam.musicxml	2	5	2	2	0.557386	no	no
cpdl_5_voice_string_quartet	9	Illumina faciem tuam	data/cpdl/5-voices/sources/009_illumina_faciem_tuam__02_illumina_faciem_tuam_gesualdo.mxl	data/cpdl/5-voices/reductions/string_quartet/009_illumina_faciem_tuam.musicxml	2	6	5	5	0.640261	no	no
cpdl_5_voice_string_quartet	9	Illumina faciem tuam	data/cpdl/5-voices/sources/009_illumina_faciem_tuam__02_illumina_faciem_tuam_gesualdo.mxl	data/cpdl/5-voices/reductions/string_quartet/009_illumina_faciem_tuam.musicxml	2	7	0	0	0.953748	no	no
cpdl_5_voice_string_quartet	10	Laboravi in gemitu meo	data/cpdl/5-voices/sources/010_laboravi_in_gemitu_meo__02_gesualdo_laboravi.mxl	data/cpdl/5-voices/reductions/string_quartet/010_laboravi_in_gemitu_meo.musicxml	2	-3	2	2	1.11557	no	no
cpdl_5_voice_string_quartet	10	Laboravi in gemitu meo	data/cpdl/5-voices/sources/010_laboravi_in_gemitu_meo__02_gesualdo_laboravi.mxl	data/cpdl/5-voices/reductions/string_quartet/010_laboravi_in_gemitu_meo.musicxml	2	-2	3	3	0.850806	no	no
cpdl_5_voice_string_quartet	10	Laboravi in gemitu meo	data/cpdl/5-voices/sources/010_laboravi_in_gemitu_meo__02_gesualdo_laboravi.mxl	data/cpdl/5-voices/reductions/string_quartet/010_laboravi_in_gemitu_meo.musicxml	2	-1	4	4	0.688897	no	no
cpdl_5_voice_string_quartet	10	Laboravi in gemitu meo	data/cpdl/5-voices/sources/010_laboravi_in_gemitu_meo__02_gesualdo_laboravi.mxl	data/cpdl/5-voices/reductions/string_quartet/010_laboravi_in_gemitu_meo.musicxml	2	0	1	1	0.628344	no	no
cpdl_5_voice_string_quartet	10	Laboravi in gemitu meo	data/cpdl/5-voices/sources/010_laboravi_in_gemitu_meo__02_gesualdo_laboravi.mxl	data/cpdl/5-voices/reductions/string_quartet/010_laboravi_in_gemitu_meo.musicxml	2	1	6	6	0.572123	no	no
cpdl_5_voice_string_quartet	10	Laboravi in gemitu meo	data/cpdl/5-voices/sources/010_laboravi_in_gemitu_meo__02_gesualdo_laboravi.mxl	data/cpdl/5-voices/reductions/string_quartet/010_laboravi_in_gemitu_meo.musicxml	2	2	1	1	0.460098	yes	yes
cpdl_5_voice_string_quartet	10	Laboravi in gemitu meo	data/cpdl/5-voices/sources/010_laboravi_in_gemitu_meo__02_gesualdo_laboravi.mxl	data/cpdl/5-voices/reductions/string_quartet/010_laboravi_in_gemitu_meo.musicxml	2	3	4	4	0.453427	yes	no
cpdl_5_voice_string_quartet	10	Laboravi in gemitu meo	data/cpdl/5-voices/sources/010_laboravi_in_gemitu_meo__02_gesualdo_laboravi.mxl	data/cpdl/5-voices/reductions/string_quartet/010_laboravi_in_gemitu_meo.musicxml	2	4	3	3	0.431664	yes	no
cpdl_5_voice_string_quartet	10	Laboravi in gemitu meo	data/cpdl/5-voices/sources/010_laboravi_in_gemitu_meo__02_gesualdo_laboravi.mxl	data/cpdl/5-voices/reductions/string_quartet/010_laboravi_in_gemitu_meo.musicxml	2	5	2	2	0.499981	yes	no
cpdl_5_voice_string_quartet	10	Laboravi in gemitu meo	data/cpdl/5-voices/sources/010_laboravi_in_gemitu_meo__02_gesualdo_laboravi.mxl	data/cpdl/5-voices/reductions/string_quartet/010_laboravi_in_gemitu_meo.musicxml	2	6	5	5	0.532066	no	no
cpdl_5_voice_string_quartet	10	Laboravi in gemitu meo	data/cpdl/5-voices/sources/010_laboravi_in_gemitu_meo__02_gesualdo_laboravi.mxl	data/cpdl/5-voices/reductions/string_quartet/010_laboravi_in_gemitu_meo.musicxml	2	7	0	0	0.671594	no	no
cpdl_5_voice_string_quartet	11	Maria, mater gratiae	data/cpdl/5-voices/sources/011_maria_mater_gratiae__02_gesualdo_maria_mater_gratiae.mxl	data/cpdl/5-voices/reductions/string_quartet/011_maria_mater_gratiae.musicxml	2	-3	2	2	0.985504	no	no
cpdl_5_voice_string_quartet	11	Maria, mater gratiae	data/cpdl/5-voices/sources/011_maria_mater_gratiae__02_gesualdo_maria_mater_gratiae.mxl	data/cpdl/5-voices/reductions/string_quartet/011_maria_mater_gratiae.musicxml	2	-2	3	3	0.767535	no	no
cpdl_5_voice_string_quartet	11	Maria, mater gratiae	data/cpdl/5-voices/sources/011_maria_mater_gratiae__02_gesualdo_maria_mater_gratiae.mxl	data/cpdl/5-voices/reductions/string_quartet/011_maria_mater_gratiae.musicxml	2	-1	4	4	0.597267	no	no
cpdl_5_voice_string_quartet	11	Maria, mater gratiae	data/cpdl/5-voices/sources/011_maria_mater_gratiae__02_gesualdo_maria_mater_gratiae.mxl	data/cpdl/5-voices/reductions/string_quartet/011_maria_mater_gratiae.musicxml	2	0	1	1	0.513475	no	no
cpdl_5_voice_string_quartet	11	Maria, mater gratiae	data/cpdl/5-voices/sources/011_maria_mater_gratiae__02_gesualdo_maria_mater_gratiae.mxl	data/cpdl/5-voices/reductions/string_quartet/011_maria_mater_gratiae.musicxml	2	1	6	6	0.415275	yes	no
cpdl_5_voice_string_quartet	11	Maria, mater gratiae	data/cpdl/5-voices/sources/011_maria_mater_gratiae__02_gesualdo_maria_mater_gratiae.mxl	data/cpdl/5-voices/reductions/string_quartet/011_maria_mater_gratiae.musicxml	2	2	1	1	0.378185	yes	yes
cpdl_5_voice_string_quartet	11	Maria, mater gratiae	data/cpdl/5-voices/sources/011_maria_mater_gratiae__02_gesualdo_maria_mater_gratiae.mxl	data/cpdl/5-voices/reductions/string_quartet/011_maria_mater_gratiae.musicxml	2	3	4	4	0.391654	yes	no
cpdl_5_voice_string_quartet	11	Maria, mater gratiae	data/cpdl/5-voices/sources/011_maria_mater_gratiae__02_gesualdo_maria_mater_gratiae.mxl	data/cpdl/5-voices/reductions/string_quartet/011_maria_mater_gratiae.musicxml	2	4	3	3	0.415021	yes	no
cpdl_5_voice_string_quartet	11	Maria, mater gratiae	data/cpdl/5-voices/sources/011_maria_mater_gratiae__02_gesualdo_maria_mater_gratiae.mxl	data/cpdl/5-voices/reductions/string_quartet/011_maria_mater_gratiae.musicxml	2	5	2	2	0.520726	no	no
cpdl_5_voice_string_quartet	11	Maria, mater gratiae	data/cpdl/5-voices/sources/011_maria_mater_gratiae__02_gesualdo_maria_mater_gratiae.mxl	data/cpdl/5-voices/reductions/string_quartet/011_maria_mater_gratiae.musicxml	2	6	5	5	0.592864	no	no
cpdl_5_voice_string_quartet	11	Maria, mater gratiae	data/cpdl/5-voices/sources/011_maria_mater_gratiae__02_gesualdo_maria_mater_gratiae.mxl	data/cpdl/5-voices/reductions/string_quartet/011_maria_mater_gratiae.musicxml	2	7	0	0	0.931197	no	no
cpdl_5_voice_string_quartet	12	O Crux benedicta	data/cpdl/5-voices/sources/012_o_crux_benedicta__02_gesualdo_o_crux_benedicta.mxl	data/cpdl/5-voices/reductions/string_quartet/012_o_crux_benedicta.musicxml	0	-5	1	1	0.692194	no	no
cpdl_5_voice_string_quartet	12	O Crux benedicta	data/cpdl/5-voices/sources/012_o_crux_benedicta__02_gesualdo_o_crux_benedicta.mxl	data/cpdl/5-voices/reductions/string_quartet/012_o_crux_benedicta.musicxml	0	-4	4	4	0.60011	no	no
cpdl_5_voice_string_quartet	12	O Crux benedicta	data/cpdl/5-voices/sources/012_o_crux_benedicta__02_gesualdo_o_crux_benedicta.mxl	data/cpdl/5-voices/reductions/string_quartet/012_o_crux_benedicta.musicxml	0	-3	3	3	0.456592	no	no
cpdl_5_voice_string_quartet	12	O Crux benedicta	data/cpdl/5-voices/sources/012_o_crux_benedicta__02_gesualdo_o_crux_benedicta.mxl	data/cpdl/5-voices/reductions/string_quartet/012_o_crux_benedicta.musicxml	0	-2	2	2	0.411053	no	no
cpdl_5_voice_string_quartet	12	O Crux benedicta	data/cpdl/5-voices/sources/012_o_crux_benedicta__02_gesualdo_o_crux_benedicta.mxl	data/cpdl/5-voices/reductions/string_quartet/012_o_crux_benedicta.musicxml	0	-1	5	5	0.346295	yes	no
cpdl_5_voice_string_quartet	12	O Crux benedicta	data/cpdl/5-voices/sources/012_o_crux_benedicta__02_gesualdo_o_crux_benedicta.mxl	data/cpdl/5-voices/reductions/string_quartet/012_o_crux_benedicta.musicxml	0	0	0	0	0.317269	yes	yes
cpdl_5_voice_string_quartet	12	O Crux benedicta	data/cpdl/5-voices/sources/012_o_crux_benedicta__02_gesualdo_o_crux_benedicta.mxl	data/cpdl/5-voices/reductions/string_quartet/012_o_crux_benedicta.musicxml	0	1	5	5	0.326971	yes	no
cpdl_5_voice_string_quartet	12	O Crux benedicta	data/cpdl/5-voices/sources/012_o_crux_benedicta__02_gesualdo_o_crux_benedicta.mxl	data/cpdl/5-voices/reductions/string_quartet/012_o_crux_benedicta.musicxml	0	2	2	2	0.390143	no	no
cpdl_5_voice_string_quartet	12	O Crux benedicta	data/cpdl/5-voices/sources/012_o_crux_benedicta__02_gesualdo_o_crux_benedicta.mxl	data/cpdl/5-voices/reductions/string_quartet/012_o_crux_benedicta.musicxml	0	3	3	3	0.415096	no	no
cpdl_5_voice_string_quartet	12	O Crux benedicta	data/cpdl/5-voices/sources/012_o_crux_benedicta__02_gesualdo_o_crux_benedicta.mxl	data/cpdl/5-voices/reductions/string_quartet/012_o_crux_benedicta.musicxml	0	4	4	4	0.490008	no	no
cpdl_5_voice_string_quartet	12	O Crux benedicta	data/cpdl/5-voices/sources/012_o_crux_benedicta__02_gesualdo_o_crux_benedicta.mxl	data/cpdl/5-voices/reductions/string_quartet/012_o_crux_benedicta.musicxml	0	5	1	1	0.798953	no	no
cpdl_5_voice_string_quartet	13	O vos omnes (1603)	data/cpdl/5-voices/sources/013_o_vos_omnes_1603__02_gesualdo_ovosomnes.mxl	data/cpdl/5-voices/reductions/string_quartet/013_o_vos_omnes_1603.musicxml	2	-3	2	2	0.935246	no	no
cpdl_5_voice_string_quartet	13	O vos omnes (1603)	data/cpdl/5-voices/sources/013_o_vos_omnes_1603__02_gesualdo_ovosomnes.mxl	data/cpdl/5-voices/reductions/string_quartet/013_o_vos_omnes_1603.musicxml	2	-2	3	3	0.68448	no	no
cpdl_5_voice_string_quartet	13	O vos omnes (1603)	data/cpdl/5-voices/sources/013_o_vos_omnes_1603__02_gesualdo_ovosomnes.mxl	data/cpdl/5-voices/reductions/string_quartet/013_o_vos_omnes_1603.musicxml	2	-1	4	4	0.529304	no	no
cpdl_5_voice_string_quartet	13	O vos omnes (1603)	data/cpdl/5-voices/sources/013_o_vos_omnes_1603__02_gesualdo_ovosomnes.mxl	data/cpdl/5-voices/reductions/string_quartet/013_o_vos_omnes_1603.musicxml	2	0	1	1	0.347077	yes	no
cpdl_5_voice_string_quartet	13	O vos omnes (1603)	data/cpdl/5-voices/sources/013_o_vos_omnes_1603__02_gesualdo_ovosomnes.mxl	data/cpdl/5-voices/reductions/string_quartet/013_o_vos_omnes_1603.musicxml	2	1	6	6	0.312346	yes	no
cpdl_5_voice_string_quartet	13	O vos omnes (1603)	data/cpdl/5-voices/sources/013_o_vos_omnes_1603__02_gesualdo_ovosomnes.mxl	data/cpdl/5-voices/reductions/string_quartet/013_o_vos_omnes_1603.musicxml	2	2	1	1	0.304395	yes	yes
cpdl_5_voice_string_quartet	13	O vos omnes (1603)	data/cpdl/5-voices/sources/013_o_vos_omnes_1603__02_gesualdo_ovosomnes.mxl	data/cpdl/5-voices/reductions/string_quartet/013_o_vos_omnes_1603.musicxml	2	3	4	4	0.302588	yes	no
cpdl_5_voice_string_quartet	13	O vos omnes (1603)	data/cpdl/5-voices/sources/013_o_vos_omnes_1603__02_gesualdo_ovosomnes.mxl	data/cpdl/5-voices/reductions/string_quartet/013_o_vos_omnes_1603.musicxml	2	4	3	3	0.312281	yes	no
cpdl_5_voice_string_quartet	13	O vos omnes (1603)	data/cpdl/5-voices/sources/013_o_vos_omnes_1603__02_gesualdo_ovosomnes.mxl	data/cpdl/5-voices/reductions/string_quartet/013_o_vos_omnes_1603.musicxml	2	5	2	2	0.32359	yes	no
cpdl_5_voice_string_quartet	13	O vos omnes (1603)	data/cpdl/5-voices/sources/013_o_vos_omnes_1603__02_gesualdo_ovosomnes.mxl	data/cpdl/5-voices/reductions/string_quartet/013_o_vos_omnes_1603.musicxml	2	6	5	5	0.351581	yes	no
cpdl_5_voice_string_quartet	13	O vos omnes (1603)	data/cpdl/5-voices/sources/013_o_vos_omnes_1603__02_gesualdo_ovosomnes.mxl	data/cpdl/5-voices/reductions/string_quartet/013_o_vos_omnes_1603.musicxml	2	7	0	0	0.421852	no	no
cpdl_5_voice_string_quartet	14	Peccantem me quotidie	data/cpdl/5-voices/sources/014_peccantem_me_quotidie__02_gesualdo_peccantum_me.mxl	data/cpdl/5-voices/reductions/string_quartet/014_peccantem_me_quotidie.musicxml	2	-3	2	2	0.905788	no	no
cpdl_5_voice_string_quartet	14	Peccantem me quotidie	data/cpdl/5-voices/sources/014_peccantem_me_quotidie__02_gesualdo_peccantum_me.mxl	data/cpdl/5-voices/reductions/string_quartet/014_peccantem_me_quotidie.musicxml	2	-2	3	3	0.693861	no	no
cpdl_5_voice_string_quartet	14	Peccantem me quotidie	data/cpdl/5-voices/sources/014_peccantem_me_quotidie__02_gesualdo_peccantum_me.mxl	data/cpdl/5-voices/reductions/string_quartet/014_peccantem_me_quotidie.musicxml	2	-1	4	4	0.527394	no	no
cpdl_5_voice_string_quartet	14	Peccantem me quotidie	data/cpdl/5-voices/sources/014_peccantem_me_quotidie__02_gesualdo_peccantum_me.mxl	data/cpdl/5-voices/reductions/string_quartet/014_peccantem_me_quotidie.musicxml	2	0	1	1	0.460366	no	no
cpdl_5_voice_string_quartet	14	Peccantem me quotidie	data/cpdl/5-voices/sources/014_peccantem_me_quotidie__02_gesualdo_peccantum_me.mxl	data/cpdl/5-voices/reductions/string_quartet/014_peccantem_me_quotidie.musicxml	2	1	6	6	0.427104	yes	no
cpdl_5_voice_string_quartet	14	Peccantem me quotidie	data/cpdl/5-voices/sources/014_peccantem_me_quotidie__02_gesualdo_peccantum_me.mxl	data/cpdl/5-voices/reductions/string_quartet/014_peccantem_me_quotidie.musicxml	2	2	1	1	0.381111	yes	yes
cpdl_5_voice_string_quartet	14	Peccantem me quotidie	data/cpdl/5-voices/sources/014_peccantem_me_quotidie__02_gesualdo_peccantum_me.mxl	data/cpdl/5-voices/reductions/string_quartet/014_peccantem_me_quotidie.musicxml	2	3	4	4	0.389944	yes	no
cpdl_5_voice_string_quartet	14	Peccantem me quotidie	data/cpdl/5-voices/sources/014_peccantem_me_quotidie__02_gesualdo_peccantum_me.mxl	data/cpdl/5-voices/reductions/string_quartet/014_peccantem_me_quotidie.musicxml	2	4	3	3	0.419234	yes	no
cpdl_5_voice_string_quartet	14	Peccantem me quotidie	data/cpdl/5-voices/sources/014_peccantem_me_quotidie__02_gesualdo_peccantum_me.mxl	data/cpdl/5-voices/reductions/string_quartet/014_peccantem_me_quotidie.musicxml	2	5	2	2	0.536843	no	no
cpdl_5_voice_string_quartet	14	Peccantem me quotidie	data/cpdl/5-voices/sources/014_peccantem_me_quotidie__02_gesualdo_peccantum_me.mxl	data/cpdl/5-voices/reductions/string_quartet/014_peccantem_me_quotidie.musicxml	2	6	5	5	0.623526	no	no
cpdl_5_voice_string_quartet	14	Peccantem me quotidie	data/cpdl/5-voices/sources/014_peccantem_me_quotidie__02_gesualdo_peccantum_me.mxl	data/cpdl/5-voices/reductions/string_quartet/014_peccantem_me_quotidie.musicxml	2	7	0	0	0.815124	no	no
cpdl_5_voice_string_quartet	15	Precibus et meritis	data/cpdl/5-voices/sources/015_precibus_et_meritis__02_gesualdo_precibus.mxl	data/cpdl/5-voices/reductions/string_quartet/015_precibus_et_meritis.musicxml	2	-3	3	3	0.791055	no	no
cpdl_5_voice_string_quartet	15	Precibus et meritis	data/cpdl/5-voices/sources/015_precibus_et_meritis__02_gesualdo_precibus.mxl	data/cpdl/5-voices/reductions/string_quartet/015_precibus_et_meritis.musicxml	2	-2	2	2	0.690647	no	no
cpdl_5_voice_string_quartet	15	Precibus et meritis	data/cpdl/5-voices/sources/015_precibus_et_meritis__02_gesualdo_precibus.mxl	data/cpdl/5-voices/reductions/string_quartet/015_precibus_et_meritis.musicxml	2	-1	5	5	0.517227	no	no
cpdl_5_voice_string_quartet	15	Precibus et meritis	data/cpdl/5-voices/sources/015_precibus_et_meritis__02_gesualdo_precibus.mxl	data/cpdl/5-voices/reductions/string_quartet/015_precibus_et_meritis.musicxml	2	0	0	0	0.46061	no	no
cpdl_5_voice_string_quartet	15	Precibus et meritis	data/cpdl/5-voices/sources/015_precibus_et_meritis__02_gesualdo_precibus.mxl	data/cpdl/5-voices/reductions/string_quartet/015_precibus_et_meritis.musicxml	2	1	5	5	0.4494	no	no
cpdl_5_voice_string_quartet	15	Precibus et meritis	data/cpdl/5-voices/sources/015_precibus_et_meritis__02_gesualdo_precibus.mxl	data/cpdl/5-voices/reductions/string_quartet/015_precibus_et_meritis.musicxml	2	2	2	2	0.372314	yes	yes
cpdl_5_voice_string_quartet	15	Precibus et meritis	data/cpdl/5-voices/sources/015_precibus_et_meritis__02_gesualdo_precibus.mxl	data/cpdl/5-voices/reductions/string_quartet/015_precibus_et_meritis.musicxml	2	3	3	3	0.381185	yes	no
cpdl_5_voice_string_quartet	15	Precibus et meritis	data/cpdl/5-voices/sources/015_precibus_et_meritis__02_gesualdo_precibus.mxl	data/cpdl/5-voices/reductions/string_quartet/015_precibus_et_meritis.musicxml	2	4	4	4	0.425196	no	no
cpdl_5_voice_string_quartet	15	Precibus et meritis	data/cpdl/5-voices/sources/015_precibus_et_meritis__02_gesualdo_precibus.mxl	data/cpdl/5-voices/reductions/string_quartet/015_precibus_et_meritis.musicxml	2	5	1	1	0.585961	no	no
cpdl_5_voice_string_quartet	15	Precibus et meritis	data/cpdl/5-voices/sources/015_precibus_et_meritis__02_gesualdo_precibus.mxl	data/cpdl/5-voices/reductions/string_quartet/015_precibus_et_meritis.musicxml	2	6	6	6	0.692606	no	no
cpdl_5_voice_string_quartet	15	Precibus et meritis	data/cpdl/5-voices/sources/015_precibus_et_meritis__02_gesualdo_precibus.mxl	data/cpdl/5-voices/reductions/string_quartet/015_precibus_et_meritis.musicxml	2	7	1	1	1.0714	no	no
cpdl_5_voice_string_quartet	16	Reminiscere	data/cpdl/5-voices/sources/016_reminiscere__02_gesualdo_reminiscere.mxl	data/cpdl/5-voices/reductions/string_quartet/016_reminiscere.musicxml	2	-3	2	2	0.79341	no	no
cpdl_5_voice_string_quartet	16	Reminiscere	data/cpdl/5-voices/sources/016_reminiscere__02_gesualdo_reminiscere.mxl	data/cpdl/5-voices/reductions/string_quartet/016_reminiscere.musicxml	2	-2	3	3	0.622051	no	no
cpdl_5_voice_string_quartet	16	Reminiscere	data/cpdl/5-voices/sources/016_reminiscere__02_gesualdo_reminiscere.mxl	data/cpdl/5-voices/reductions/string_quartet/016_reminiscere.musicxml	2	-1	4	4	0.435246	no	no
cpdl_5_voice_string_quartet	16	Reminiscere	data/cpdl/5-voices/sources/016_reminiscere__02_gesualdo_reminiscere.mxl	data/cpdl/5-voices/reductions/string_quartet/016_reminiscere.musicxml	2	0	1	1	0.374302	yes	no
cpdl_5_voice_string_quartet	16	Reminiscere	data/cpdl/5-voices/sources/016_reminiscere__02_gesualdo_reminiscere.mxl	data/cpdl/5-voices/reductions/string_quartet/016_reminiscere.musicxml	2	1	6	6	0.353408	yes	no
cpdl_5_voice_string_quartet	16	Reminiscere	data/cpdl/5-voices/sources/016_reminiscere__02_gesualdo_reminiscere.mxl	data/cpdl/5-voices/reductions/string_quartet/016_reminiscere.musicxml	2	2	1	1	0.355768	yes	yes
cpdl_5_voice_string_quartet	16	Reminiscere	data/cpdl/5-voices/sources/016_reminiscere__02_gesualdo_reminiscere.mxl	data/cpdl/5-voices/reductions/string_quartet/016_reminiscere.musicxml	2	3	4	4	0.376236	yes	no
cpdl_5_voice_string_quartet	16	Reminiscere	data/cpdl/5-voices/sources/016_reminiscere__02_gesualdo_reminiscere.mxl	data/cpdl/5-voices/reductions/string_quartet/016_reminiscere.musicxml	2	4	3	3	0.398155	yes	no
cpdl_5_voice_string_quartet	16	Reminiscere	data/cpdl/5-voices/sources/016_reminiscere__02_gesualdo_reminiscere.mxl	data/cpdl/5-voices/reductions/string_quartet/016_reminiscere.musicxml	2	5	2	2	0.464291	no	no
cpdl_5_voice_string_quartet	16	Reminiscere	data/cpdl/5-voices/sources/016_reminiscere__02_gesualdo_reminiscere.mxl	data/cpdl/5-voices/reductions/string_quartet/016_reminiscere.musicxml	2	6	5	5	0.5431	no	no
cpdl_5_voice_string_quartet	16	Reminiscere	data/cpdl/5-voices/sources/016_reminiscere__02_gesualdo_reminiscere.mxl	data/cpdl/5-voices/reductions/string_quartet/016_reminiscere.musicxml	2	7	0	0	0.827739	no	no
cpdl_5_voice_string_quartet	17	Sancti Spiritus Domine	data/cpdl/5-voices/sources/017_sancti_spiritus_domine__02_gesualdo_sancti_spiritus_domine.mxl	data/cpdl/5-voices/reductions/string_quartet/017_sancti_spiritus_domine.musicxml	2	-3	2	2	1.17063	no	no
cpdl_5_voice_string_quartet	17	Sancti Spiritus Domine	data/cpdl/5-voices/sources/017_sancti_spiritus_domine__02_gesualdo_sancti_spiritus_domine.mxl	data/cpdl/5-voices/reductions/string_quartet/017_sancti_spiritus_domine.musicxml	2	-2	3	3	0.908083	no	no
cpdl_5_voice_string_quartet	17	Sancti Spiritus Domine	data/cpdl/5-voices/sources/017_sancti_spiritus_domine__02_gesualdo_sancti_spiritus_domine.mxl	data/cpdl/5-voices/reductions/string_quartet/017_sancti_spiritus_domine.musicxml	2	-1	4	4	0.709733	no	no
cpdl_5_voice_string_quartet	17	Sancti Spiritus Domine	data/cpdl/5-voices/sources/017_sancti_spiritus_domine__02_gesualdo_sancti_spiritus_domine.mxl	data/cpdl/5-voices/reductions/string_quartet/017_sancti_spiritus_domine.musicxml	2	0	1	1	0.632064	no	no
cpdl_5_voice_string_quartet	17	Sancti Spiritus Domine	data/cpdl/5-voices/sources/017_sancti_spiritus_domine__02_gesualdo_sancti_spiritus_domine.mxl	data/cpdl/5-voices/reductions/string_quartet/017_sancti_spiritus_domine.musicxml	2	1	6	6	0.50167	no	no
cpdl_5_voice_string_quartet	17	Sancti Spiritus Domine	data/cpdl/5-voices/sources/017_sancti_spiritus_domine__02_gesualdo_sancti_spiritus_domine.mxl	data/cpdl/5-voices/reductions/string_quartet/017_sancti_spiritus_domine.musicxml	2	2	1	1	0.444045	yes	yes
cpdl_5_voice_string_quartet	17	Sancti Spiritus Domine	data/cpdl/5-voices/sources/017_sancti_spiritus_domine__02_gesualdo_sancti_spiritus_domine.mxl	data/cpdl/5-voices/reductions/string_quartet/017_sancti_spiritus_domine.musicxml	2	3	4	4	0.454783	yes	no
cpdl_5_voice_string_quartet	17	Sancti Spiritus Domine	data/cpdl/5-voices/sources/017_sancti_spiritus_domine__02_gesualdo_sancti_spiritus_domine.mxl	data/cpdl/5-voices/reductions/string_quartet/017_sancti_spiritus_domine.musicxml	2	4	3	3	0.428192	yes	no
cpdl_5_voice_string_quartet	17	Sancti Spiritus Domine	data/cpdl/5-voices/sources/017_sancti_spiritus_domine__02_gesualdo_sancti_spiritus_domine.mxl	data/cpdl/5-voices/reductions/string_quartet/017_sancti_spiritus_domine.musicxml	2	5	2	2	0.492612	yes	no
cpdl_5_voice_string_quartet	17	Sancti Spiritus Domine	data/cpdl/5-voices/sources/017_sancti_spiritus_domine__02_gesualdo_sancti_spiritus_domine.mxl	data/cpdl/5-voices/reductions/string_quartet/017_sancti_spiritus_domine.musicxml	2	6	5	5	0.536436	no	no
cpdl_5_voice_string_quartet	17	Sancti Spiritus Domine	data/cpdl/5-voices/sources/017_sancti_spiritus_domine__02_gesualdo_sancti_spiritus_domine.mxl	data/cpdl/5-voices/reductions/string_quartet/017_sancti_spiritus_domine.musicxml	2	7	0	0	0.764028	no	no
cpdl_5_voice_string_quartet	18	Tribularer si nescirem	data/cpdl/5-voices/sources/018_tribularer_si_nescirem__02_gesualdo_tribularer19.mxl	data/cpdl/5-voices/reductions/string_quartet/018_tribularer_si_nescirem.musicxml	0	-5	1	1	0.692733	no	no
cpdl_5_voice_string_quartet	18	Tribularer si nescirem	data/cpdl/5-voices/sources/018_tribularer_si_nescirem__02_gesualdo_tribularer19.mxl	data/cpdl/5-voices/reductions/string_quartet/018_tribularer_si_nescirem.musicxml	0	-4	4	4	0.622764	no	no
cpdl_5_voice_string_quartet	18	Tribularer si nescirem	data/cpdl/5-voices/sources/018_tribularer_si_nescirem__02_gesualdo_tribularer19.mxl	data/cpdl/5-voices/reductions/string_quartet/018_tribularer_si_nescirem.musicxml	0	-3	3	3	0.46489	no	no
cpdl_5_voice_string_quartet	18	Tribularer si nescirem	data/cpdl/5-voices/sources/018_tribularer_si_nescirem__02_gesualdo_tribularer19.mxl	data/cpdl/5-voices/reductions/string_quartet/018_tribularer_si_nescirem.musicxml	0	-2	2	2	0.414961	no	no
cpdl_5_voice_string_quartet	18	Tribularer si nescirem	data/cpdl/5-voices/sources/018_tribularer_si_nescirem__02_gesualdo_tribularer19.mxl	data/cpdl/5-voices/reductions/string_quartet/018_tribularer_si_nescirem.musicxml	0	-1	5	5	0.333711	yes	no
cpdl_5_voice_string_quartet	18	Tribularer si nescirem	data/cpdl/5-voices/sources/018_tribularer_si_nescirem__02_gesualdo_tribularer19.mxl	data/cpdl/5-voices/reductions/string_quartet/018_tribularer_si_nescirem.musicxml	0	0	0	0	0.304795	yes	yes
cpdl_5_voice_string_quartet	18	Tribularer si nescirem	data/cpdl/5-voices/sources/018_tribularer_si_nescirem__02_gesualdo_tribularer19.mxl	data/cpdl/5-voices/reductions/string_quartet/018_tribularer_si_nescirem.musicxml	0	1	5	5	0.308631	yes	no
cpdl_5_voice_string_quartet	18	Tribularer si nescirem	data/cpdl/5-voices/sources/018_tribularer_si_nescirem__02_gesualdo_tribularer19.mxl	data/cpdl/5-voices/reductions/string_quartet/018_tribularer_si_nescirem.musicxml	0	2	2	2	0.336106	yes	no
cpdl_5_voice_string_quartet	18	Tribularer si nescirem	data/cpdl/5-voices/sources/018_tribularer_si_nescirem__02_gesualdo_tribularer19.mxl	data/cpdl/5-voices/reductions/string_quartet/018_tribularer_si_nescirem.musicxml	0	3	3	3	0.38783	no	no
cpdl_5_voice_string_quartet	18	Tribularer si nescirem	data/cpdl/5-voices/sources/018_tribularer_si_nescirem__02_gesualdo_tribularer19.mxl	data/cpdl/5-voices/reductions/string_quartet/018_tribularer_si_nescirem.musicxml	0	4	4	4	0.474694	no	no
cpdl_5_voice_string_quartet	18	Tribularer si nescirem	data/cpdl/5-voices/sources/018_tribularer_si_nescirem__02_gesualdo_tribularer19.mxl	data/cpdl/5-voices/reductions/string_quartet/018_tribularer_si_nescirem.musicxml	0	5	1	1	0.703511	no	no
cpdl_5_voice_string_quartet	19	Tribulationem et dolorem	data/cpdl/5-voices/sources/019_tribulationem_et_dolorem__02_tribulationem_et_dolorem_gesualdo.mxl	data/cpdl/5-voices/reductions/string_quartet/019_tribulationem_et_dolorem.musicxml	0	-5	1	1	1.41426	no	no
cpdl_5_voice_string_quartet	19	Tribulationem et dolorem	data/cpdl/5-voices/sources/019_tribulationem_et_dolorem__02_tribulationem_et_dolorem_gesualdo.mxl	data/cpdl/5-voices/reductions/string_quartet/019_tribulationem_et_dolorem.musicxml	0	-4	4	4	1.15361	no	no
cpdl_5_voice_string_quartet	19	Tribulationem et dolorem	data/cpdl/5-voices/sources/019_tribulationem_et_dolorem__02_tribulationem_et_dolorem_gesualdo.mxl	data/cpdl/5-voices/reductions/string_quartet/019_tribulationem_et_dolorem.musicxml	0	-3	3	3	0.876048	no	no
cpdl_5_voice_string_quartet	19	Tribulationem et dolorem	data/cpdl/5-voices/sources/019_tribulationem_et_dolorem__02_tribulationem_et_dolorem_gesualdo.mxl	data/cpdl/5-voices/reductions/string_quartet/019_tribulationem_et_dolorem.musicxml	0	-2	2	2	0.694692	no	no
cpdl_5_voice_string_quartet	19	Tribulationem et dolorem	data/cpdl/5-voices/sources/019_tribulationem_et_dolorem__02_tribulationem_et_dolorem_gesualdo.mxl	data/cpdl/5-voices/reductions/string_quartet/019_tribulationem_et_dolorem.musicxml	0	-1	5	5	0.483485	no	no
cpdl_5_voice_string_quartet	19	Tribulationem et dolorem	data/cpdl/5-voices/sources/019_tribulationem_et_dolorem__02_tribulationem_et_dolorem_gesualdo.mxl	data/cpdl/5-voices/reductions/string_quartet/019_tribulationem_et_dolorem.musicxml	0	0	0	0	0.397338	yes	yes
cpdl_5_voice_string_quartet	19	Tribulationem et dolorem	data/cpdl/5-voices/sources/019_tribulationem_et_dolorem__02_tribulationem_et_dolorem_gesualdo.mxl	data/cpdl/5-voices/reductions/string_quartet/019_tribulationem_et_dolorem.musicxml	0	1	5	5	0.372359	yes	no
cpdl_5_voice_string_quartet	19	Tribulationem et dolorem	data/cpdl/5-voices/sources/019_tribulationem_et_dolorem__02_tribulationem_et_dolorem_gesualdo.mxl	data/cpdl/5-voices/reductions/string_quartet/019_tribulationem_et_dolorem.musicxml	0	2	2	2	0.370676	yes	no
cpdl_5_voice_string_quartet	19	Tribulationem et dolorem	data/cpdl/5-voices/sources/019_tribulationem_et_dolorem__02_tribulationem_et_dolorem_gesualdo.mxl	data/cpdl/5-voices/reductions/string_quartet/019_tribulationem_et_dolorem.musicxml	0	3	3	3	0.390418	yes	no
cpdl_5_voice_string_quartet	19	Tribulationem et dolorem	data/cpdl/5-voices/sources/019_tribulationem_et_dolorem__02_tribulationem_et_dolorem_gesualdo.mxl	data/cpdl/5-voices/reductions/string_quartet/019_tribulationem_et_dolorem.musicxml	0	4	4	4	0.433931	yes	no
cpdl_5_voice_string_quartet	19	Tribulationem et dolorem	data/cpdl/5-voices/sources/019_tribulationem_et_dolorem__02_tribulationem_et_dolorem_gesualdo.mxl	data/cpdl/5-voices/reductions/string_quartet/019_tribulationem_et_dolorem.musicxml	0	5	1	1	0.512962	no	no
cpdl_5_voice_string_quartet	20	Venit lumen tuum	data/cpdl/5-voices/sources/020_venit_lumen_tuum__02_gesu_ven.mxl	data/cpdl/5-voices/reductions/string_quartet/020_venit_lumen_tuum.musicxml	0	-5	3	3	1.01275	no	no
cpdl_5_voice_string_quartet	20	Venit lumen tuum	data/cpdl/5-voices/sources/020_venit_lumen_tuum__02_gesu_ven.mxl	data/cpdl/5-voices/reductions/string_quartet/020_venit_lumen_tuum.musicxml	0	-4	2	2	0.830851	no	no
cpdl_5_voice_string_quartet	20	Venit lumen tuum	data/cpdl/5-voices/sources/020_venit_lumen_tuum__02_gesu_ven.mxl	data/cpdl/5-voices/reductions/string_quartet/020_venit_lumen_tuum.musicxml	0	-3	5	5	0.647522	no	no
cpdl_5_voice_string_quartet	20	Venit lumen tuum	data/cpdl/5-voices/sources/020_venit_lumen_tuum__02_gesu_ven.mxl	data/cpdl/5-voices/reductions/string_quartet/020_venit_lumen_tuum.musicxml	0	-2	0	0	0.57087	no	no
cpdl_5_voice_string_quartet	20	Venit lumen tuum	data/cpdl/5-voices/sources/020_venit_lumen_tuum__02_gesu_ven.mxl	data/cpdl/5-voices/reductions/string_quartet/020_venit_lumen_tuum.musicxml	0	-1	5	5	0.447169	no	no
cpdl_5_voice_string_quartet	20	Venit lumen tuum	data/cpdl/5-voices/sources/020_venit_lumen_tuum__02_gesu_ven.mxl	data/cpdl/5-voices/reductions/string_quartet/020_venit_lumen_tuum.musicxml	0	0	2	2	0.374077	yes	yes
cpdl_5_voice_string_quartet	20	Venit lumen tuum	data/cpdl/5-voices/sources/020_venit_lumen_tuum__02_gesu_ven.mxl	data/cpdl/5-voices/reductions/string_quartet/020_venit_lumen_tuum.musicxml	0	1	3	3	0.379116	yes	no
cpdl_5_voice_string_quartet	20	Venit lumen tuum	data/cpdl/5-voices/sources/020_venit_lumen_tuum__02_gesu_ven.mxl	data/cpdl/5-voices/reductions/string_quartet/020_venit_lumen_tuum.musicxml	0	2	4	4	0.363667	yes	no
cpdl_5_voice_string_quartet	20	Venit lumen tuum	data/cpdl/5-voices/sources/020_venit_lumen_tuum__02_gesu_ven.mxl	data/cpdl/5-voices/reductions/string_quartet/020_venit_lumen_tuum.musicxml	0	3	1	1	0.436686	no	no
cpdl_5_voice_string_quartet	20	Venit lumen tuum	data/cpdl/5-voices/sources/020_venit_lumen_tuum__02_gesu_ven.mxl	data/cpdl/5-voices/reductions/string_quartet/020_venit_lumen_tuum.musicxml	0	4	6	6	0.498211	no	no
cpdl_5_voice_string_quartet	20	Venit lumen tuum	data/cpdl/5-voices/sources/020_venit_lumen_tuum__02_gesu_ven.mxl	data/cpdl/5-voices/reductions/string_quartet/020_venit_lumen_tuum.musicxml	0	5	1	1	0.676923	no	no
cpdl_5_voice_string_quartet	57	A voi, mentre il mio core	data/cpdl/5-voices/sources/057_a_voi_mentre_il_mio_core__02_a_voi_mentre_il_mio_core_gesualdo.mxl	data/cpdl/5-voices/reductions/string_quartet/057_a_voi_mentre_il_mio_core.musicxml	0	-5	1	1	0.732625	no	no
cpdl_5_voice_string_quartet	57	A voi, mentre il mio core	data/cpdl/5-voices/sources/057_a_voi_mentre_il_mio_core__02_a_voi_mentre_il_mio_core_gesualdo.mxl	data/cpdl/5-voices/reductions/string_quartet/057_a_voi_mentre_il_mio_core.musicxml	0	-4	4	4	0.646641	no	no
cpdl_5_voice_string_quartet	57	A voi, mentre il mio core	data/cpdl/5-voices/sources/057_a_voi_mentre_il_mio_core__02_a_voi_mentre_il_mio_core_gesualdo.mxl	data/cpdl/5-voices/reductions/string_quartet/057_a_voi_mentre_il_mio_core.musicxml	0	-3	3	3	0.456066	no	no
cpdl_5_voice_string_quartet	57	A voi, mentre il mio core	data/cpdl/5-voices/sources/057_a_voi_mentre_il_mio_core__02_a_voi_mentre_il_mio_core_gesualdo.mxl	data/cpdl/5-voices/reductions/string_quartet/057_a_voi_mentre_il_mio_core.musicxml	0	-2	2	2	0.398849	no	no
cpdl_5_voice_string_quartet	57	A voi, mentre il mio core	data/cpdl/5-voices/sources/057_a_voi_mentre_il_mio_core__02_a_voi_mentre_il_mio_core_gesualdo.mxl	data/cpdl/5-voices/reductions/string_quartet/057_a_voi_mentre_il_mio_core.musicxml	0	-1	5	5	0.338248	yes	no
cpdl_5_voice_string_quartet	57	A voi, mentre il mio core	data/cpdl/5-voices/sources/057_a_voi_mentre_il_mio_core__02_a_voi_mentre_il_mio_core_gesualdo.mxl	data/cpdl/5-voices/reductions/string_quartet/057_a_voi_mentre_il_mio_core.musicxml	0	0	0	0	0.342575	yes	yes
cpdl_5_voice_string_quartet	57	A voi, mentre il mio core	data/cpdl/5-voices/sources/057_a_voi_mentre_il_mio_core__02_a_voi_mentre_il_mio_core_gesualdo.mxl	data/cpdl/5-voices/reductions/string_quartet/057_a_voi_mentre_il_mio_core.musicxml	0	1	5	5	0.361826	yes	no
cpdl_5_voice_string_quartet	57	A voi, mentre il mio core	data/cpdl/5-voices/sources/057_a_voi_mentre_il_mio_core__02_a_voi_mentre_il_mio_core_gesualdo.mxl	data/cpdl/5-voices/reductions/string_quartet/057_a_voi_mentre_il_mio_core.musicxml	0	2	2	2	0.440465	no	no
cpdl_5_voice_string_quartet	57	A voi, mentre il mio core	data/cpdl/5-voices/sources/057_a_voi_mentre_il_mio_core__02_a_voi_mentre_il_mio_core_gesualdo.mxl	data/cpdl/5-voices/reductions/string_quartet/057_a_voi_mentre_il_mio_core.musicxml	0	3	3	3	0.528549	no	no
cpdl_5_voice_string_quartet	57	A voi, mentre il mio core	data/cpdl/5-voices/sources/057_a_voi_mentre_il_mio_core__02_a_voi_mentre_il_mio_core_gesualdo.mxl	data/cpdl/5-voices/reductions/string_quartet/057_a_voi_mentre_il_mio_core.musicxml	0	4	4	4	0.600519	no	no
cpdl_5_voice_string_quartet	57	A voi, mentre il mio core	data/cpdl/5-voices/sources/057_a_voi_mentre_il_mio_core__02_a_voi_mentre_il_mio_core_gesualdo.mxl	data/cpdl/5-voices/reductions/string_quartet/057_a_voi_mentre_il_mio_core.musicxml	0	5	1	1	0.876676	no	no
cpdl_5_voice_string_quartet	58	Ahi, disperata vita	data/cpdl/5-voices/sources/058_ahi_disperata_vita__01_gesualdo_ahi_disperata_vita.mxl	data/cpdl/5-voices/reductions/string_quartet/058_ahi_disperata_vita.musicxml	2	-3	3	3	0.704335	no	no
cpdl_5_voice_string_quartet	58	Ahi, disperata vita	data/cpdl/5-voices/sources/058_ahi_disperata_vita__01_gesualdo_ahi_disperata_vita.mxl	data/cpdl/5-voices/reductions/string_quartet/058_ahi_disperata_vita.musicxml	2	-2	2	2	0.628615	no	no
cpdl_5_voice_string_quartet	58	Ahi, disperata vita	data/cpdl/5-voices/sources/058_ahi_disperata_vita__01_gesualdo_ahi_disperata_vita.mxl	data/cpdl/5-voices/reductions/string_quartet/058_ahi_disperata_vita.musicxml	2	-1	5	5	0.521285	no	no
cpdl_5_voice_string_quartet	58	Ahi, disperata vita	data/cpdl/5-voices/sources/058_ahi_disperata_vita__01_gesualdo_ahi_disperata_vita.mxl	data/cpdl/5-voices/reductions/string_quartet/058_ahi_disperata_vita.musicxml	2	0	0	0	0.483212	no	no
cpdl_5_voice_string_quartet	58	Ahi, disperata vita	data/cpdl/5-voices/sources/058_ahi_disperata_vita__01_gesualdo_ahi_disperata_vita.mxl	data/cpdl/5-voices/reductions/string_quartet/058_ahi_disperata_vita.musicxml	2	1	5	5	0.466114	no	no
cpdl_5_voice_string_quartet	58	Ahi, disperata vita	data/cpdl/5-voices/sources/058_ahi_disperata_vita__01_gesualdo_ahi_disperata_vita.mxl	data/cpdl/5-voices/reductions/string_quartet/058_ahi_disperata_vita.musicxml	2	2	2	2	0.406426	yes	yes
cpdl_5_voice_string_quartet	58	Ahi, disperata vita	data/cpdl/5-voices/sources/058_ahi_disperata_vita__01_gesualdo_ahi_disperata_vita.mxl	data/cpdl/5-voices/reductions/string_quartet/058_ahi_disperata_vita.musicxml	2	3	3	3	0.418282	yes	no
cpdl_5_voice_string_quartet	58	Ahi, disperata vita	data/cpdl/5-voices/sources/058_ahi_disperata_vita__01_gesualdo_ahi_disperata_vita.mxl	data/cpdl/5-voices/reductions/string_quartet/058_ahi_disperata_vita.musicxml	2	4	4	4	0.501913	no	no
cpdl_5_voice_string_quartet	58	Ahi, disperata vita	data/cpdl/5-voices/sources/058_ahi_disperata_vita__01_gesualdo_ahi_disperata_vita.mxl	data/cpdl/5-voices/reductions/string_quartet/058_ahi_disperata_vita.musicxml	2	5	1	1	0.834569	no	no
cpdl_5_voice_string_quartet	58	Ahi, disperata vita	data/cpdl/5-voices/sources/058_ahi_disperata_vita__01_gesualdo_ahi_disperata_vita.mxl	data/cpdl/5-voices/reductions/string_quartet/058_ahi_disperata_vita.musicxml	2	6	6	6	0.946365	no	no
cpdl_5_voice_string_quartet	58	Ahi, disperata vita	data/cpdl/5-voices/sources/058_ahi_disperata_vita__01_gesualdo_ahi_disperata_vita.mxl	data/cpdl/5-voices/reductions/string_quartet/058_ahi_disperata_vita.musicxml	2	7	1	1	1.22895	no	no
cpdl_5_voice_string_quartet	60	Al mio gioir il ciel si fa sereno	data/cpdl/5-voices/sources/060_al_mio_gioir_il_ciel_si_fa_sereno__02_al_mio_gioir_gesualdo.mxl	data/cpdl/5-voices/reductions/string_quartet/060_al_mio_gioir_il_ciel_si_fa_sereno.musicxml	0	-5	0	0	0.732142	no	no
cpdl_5_voice_string_quartet	60	Al mio gioir il ciel si fa sereno	data/cpdl/5-voices/sources/060_al_mio_gioir_il_ciel_si_fa_sereno__02_al_mio_gioir_gesualdo.mxl	data/cpdl/5-voices/reductions/string_quartet/060_al_mio_gioir_il_ciel_si_fa_sereno.musicxml	0	-4	5	5	0.622296	no	no
cpdl_5_voice_string_quartet	60	Al mio gioir il ciel si fa sereno	data/cpdl/5-voices/sources/060_al_mio_gioir_il_ciel_si_fa_sereno__02_al_mio_gioir_gesualdo.mxl	data/cpdl/5-voices/reductions/string_quartet/060_al_mio_gioir_il_ciel_si_fa_sereno.musicxml	0	-3	2	2	0.46193	no	no
cpdl_5_voice_string_quartet	60	Al mio gioir il ciel si fa sereno	data/cpdl/5-voices/sources/060_al_mio_gioir_il_ciel_si_fa_sereno__02_al_mio_gioir_gesualdo.mxl	data/cpdl/5-voices/reductions/string_quartet/060_al_mio_gioir_il_ciel_si_fa_sereno.musicxml	0	-2	3	3	0.411804	yes	no
cpdl_5_voice_string_quartet	60	Al mio gioir il ciel si fa sereno	data/cpdl/5-voices/sources/060_al_mio_gioir_il_ciel_si_fa_sereno__02_al_mio_gioir_gesualdo.mxl	data/cpdl/5-voices/reductions/string_quartet/060_al_mio_gioir_il_ciel_si_fa_sereno.musicxml	0	-1	4	4	0.367686	yes	no
cpdl_5_voice_string_quartet	60	Al mio gioir il ciel si fa sereno	data/cpdl/5-voices/sources/060_al_mio_gioir_il_ciel_si_fa_sereno__02_al_mio_gioir_gesualdo.mxl	data/cpdl/5-voices/reductions/string_quartet/060_al_mio_gioir_il_ciel_si_fa_sereno.musicxml	0	0	1	1	0.381181	yes	yes
cpdl_5_voice_string_quartet	60	Al mio gioir il ciel si fa sereno	data/cpdl/5-voices/sources/060_al_mio_gioir_il_ciel_si_fa_sereno__02_al_mio_gioir_gesualdo.mxl	data/cpdl/5-voices/reductions/string_quartet/060_al_mio_gioir_il_ciel_si_fa_sereno.musicxml	0	1	6	6	0.389296	yes	no
cpdl_5_voice_string_quartet	60	Al mio gioir il ciel si fa sereno	data/cpdl/5-voices/sources/060_al_mio_gioir_il_ciel_si_fa_sereno__02_al_mio_gioir_gesualdo.mxl	data/cpdl/5-voices/reductions/string_quartet/060_al_mio_gioir_il_ciel_si_fa_sereno.musicxml	0	2	1	1	0.452692	no	no
cpdl_5_voice_string_quartet	60	Al mio gioir il ciel si fa sereno	data/cpdl/5-voices/sources/060_al_mio_gioir_il_ciel_si_fa_sereno__02_al_mio_gioir_gesualdo.mxl	data/cpdl/5-voices/reductions/string_quartet/060_al_mio_gioir_il_ciel_si_fa_sereno.musicxml	0	3	4	4	0.490318	no	no
cpdl_5_voice_string_quartet	60	Al mio gioir il ciel si fa sereno	data/cpdl/5-voices/sources/060_al_mio_gioir_il_ciel_si_fa_sereno__02_al_mio_gioir_gesualdo.mxl	data/cpdl/5-voices/reductions/string_quartet/060_al_mio_gioir_il_ciel_si_fa_sereno.musicxml	0	4	3	3	0.624716	no	no
cpdl_5_voice_string_quartet	60	Al mio gioir il ciel si fa sereno	data/cpdl/5-voices/sources/060_al_mio_gioir_il_ciel_si_fa_sereno__02_al_mio_gioir_gesualdo.mxl	data/cpdl/5-voices/reductions/string_quartet/060_al_mio_gioir_il_ciel_si_fa_sereno.musicxml	0	5	2	2	0.877528	no	no
cpdl_5_voice_string_quartet	61	All' ombra de gl'allori	data/cpdl/5-voices/sources/061_all_ombra_de_gl_allori__02_gesualdo_all_ombra_de_gl_allori.mxl	data/cpdl/5-voices/reductions/string_quartet/061_all_ombra_de_gl_allori.musicxml	2	-3	2	2	0.609165	no	no
cpdl_5_voice_string_quartet	61	All' ombra de gl'allori	data/cpdl/5-voices/sources/061_all_ombra_de_gl_allori__02_gesualdo_all_ombra_de_gl_allori.mxl	data/cpdl/5-voices/reductions/string_quartet/061_all_ombra_de_gl_allori.musicxml	2	-2	3	3	0.552758	no	no
cpdl_5_voice_string_quartet	61	All' ombra de gl'allori	data/cpdl/5-voices/sources/061_all_ombra_de_gl_allori__02_gesualdo_all_ombra_de_gl_allori.mxl	data/cpdl/5-voices/reductions/string_quartet/061_all_ombra_de_gl_allori.musicxml	2	-1	4	4	0.478953	no	no
cpdl_5_voice_string_quartet	61	All' ombra de gl'allori	data/cpdl/5-voices/sources/061_all_ombra_de_gl_allori__02_gesualdo_all_ombra_de_gl_allori.mxl	data/cpdl/5-voices/reductions/string_quartet/061_all_ombra_de_gl_allori.musicxml	2	0	1	1	0.471186	no	no
cpdl_5_voice_string_quartet	61	All' ombra de gl'allori	data/cpdl/5-voices/sources/061_all_ombra_de_gl_allori__02_gesualdo_all_ombra_de_gl_allori.mxl	data/cpdl/5-voices/reductions/string_quartet/061_all_ombra_de_gl_allori.musicxml	2	1	6	6	0.408336	yes	no
cpdl_5_voice_string_quartet	61	All' ombra de gl'allori	data/cpdl/5-voices/sources/061_all_ombra_de_gl_allori__02_gesualdo_all_ombra_de_gl_allori.mxl	data/cpdl/5-voices/reductions/string_quartet/061_all_ombra_de_gl_allori.musicxml	2	2	1	1	0.397841	yes	yes
cpdl_5_voice_string_quartet	61	All' ombra de gl'allori	data/cpdl/5-voices/sources/061_all_ombra_de_gl_allori__02_gesualdo_all_ombra_de_gl_allori.mxl	data/cpdl/5-voices/reductions/string_quartet/061_all_ombra_de_gl_allori.musicxml	2	3	4	4	0.441658	yes	no
cpdl_5_voice_string_quartet	61	All' ombra de gl'allori	data/cpdl/5-voices/sources/061_all_ombra_de_gl_allori__02_gesualdo_all_ombra_de_gl_allori.mxl	data/cpdl/5-voices/reductions/string_quartet/061_all_ombra_de_gl_allori.musicxml	2	4	3	3	0.472161	no	no
cpdl_5_voice_string_quartet	61	All' ombra de gl'allori	data/cpdl/5-voices/sources/061_all_ombra_de_gl_allori__02_gesualdo_all_ombra_de_gl_allori.mxl	data/cpdl/5-voices/reductions/string_quartet/061_all_ombra_de_gl_allori.musicxml	2	5	2	2	0.621855	no	no
cpdl_5_voice_string_quartet	61	All' ombra de gl'allori	data/cpdl/5-voices/sources/061_all_ombra_de_gl_allori__02_gesualdo_all_ombra_de_gl_allori.mxl	data/cpdl/5-voices/reductions/string_quartet/061_all_ombra_de_gl_allori.musicxml	2	6	5	5	0.681132	no	no
cpdl_5_voice_string_quartet	61	All' ombra de gl'allori	data/cpdl/5-voices/sources/061_all_ombra_de_gl_allori__02_gesualdo_all_ombra_de_gl_allori.mxl	data/cpdl/5-voices/reductions/string_quartet/061_all_ombra_de_gl_allori.musicxml	2	7	0	0	0.874507	no	no
cpdl_5_voice_string_quartet	62	All'apparir di quelle luci ardenti	data/cpdl/5-voices/sources/062_all_apparir_di_quelle_luci_ardenti__02_gesualdo_all_apparir_di_quelle_luci_ardenti.mxl	data/cpdl/5-voices/reductions/string_quartet/062_all_apparir_di_quelle_luci_ardenti.musicxml	0	-5	0	0	0.788268	no	no
cpdl_5_voice_string_quartet	62	All'apparir di quelle luci ardenti	data/cpdl/5-voices/sources/062_all_apparir_di_quelle_luci_ardenti__02_gesualdo_all_apparir_di_quelle_luci_ardenti.mxl	data/cpdl/5-voices/reductions/string_quartet/062_all_apparir_di_quelle_luci_ardenti.musicxml	0	-4	5	5	0.617255	no	no
cpdl_5_voice_string_quartet	62	All'apparir di quelle luci ardenti	data/cpdl/5-voices/sources/062_all_apparir_di_quelle_luci_ardenti__02_gesualdo_all_apparir_di_quelle_luci_ardenti.mxl	data/cpdl/5-voices/reductions/string_quartet/062_all_apparir_di_quelle_luci_ardenti.musicxml	0	-3	2	2	0.419909	no	no
cpdl_5_voice_string_quartet	62	All'apparir di quelle luci ardenti	data/cpdl/5-voices/sources/062_all_apparir_di_quelle_luci_ardenti__02_gesualdo_all_apparir_di_quelle_luci_ardenti.mxl	data/cpdl/5-voices/reductions/string_quartet/062_all_apparir_di_quelle_luci_ardenti.musicxml	0	-2	3	3	0.367319	no	no
cpdl_5_voice_string_quartet	62	All'apparir di quelle luci ardenti	data/cpdl/5-voices/sources/062_all_apparir_di_quelle_luci_ardenti__02_gesualdo_all_apparir_di_quelle_luci_ardenti.mxl	data/cpdl/5-voices/reductions/string_quartet/062_all_apparir_di_quelle_luci_ardenti.musicxml	0	-1	4	4	0.325301	yes	no
cpdl_5_voice_string_quartet	62	All'apparir di quelle luci ardenti	data/cpdl/5-voices/sources/062_all_apparir_di_quelle_luci_ardenti__02_gesualdo_all_apparir_di_quelle_luci_ardenti.mxl	data/cpdl/5-voices/reductions/string_quartet/062_all_apparir_di_quelle_luci_ardenti.musicxml	0	0	1	1	0.301925	yes	yes
cpdl_5_voice_string_quartet	62	All'apparir di quelle luci ardenti	data/cpdl/5-voices/sources/062_all_apparir_di_quelle_luci_ardenti__02_gesualdo_all_apparir_di_quelle_luci_ardenti.mxl	data/cpdl/5-voices/reductions/string_quartet/062_all_apparir_di_quelle_luci_ardenti.musicxml	0	1	6	6	0.316483	yes	no
cpdl_5_voice_string_quartet	62	All'apparir di quelle luci ardenti	data/cpdl/5-voices/sources/062_all_apparir_di_quelle_luci_ardenti__02_gesualdo_all_apparir_di_quelle_luci_ardenti.mxl	data/cpdl/5-voices/reductions/string_quartet/062_all_apparir_di_quelle_luci_ardenti.musicxml	0	2	1	1	0.373726	no	no
cpdl_5_voice_string_quartet	62	All'apparir di quelle luci ardenti	data/cpdl/5-voices/sources/062_all_apparir_di_quelle_luci_ardenti__02_gesualdo_all_apparir_di_quelle_luci_ardenti.mxl	data/cpdl/5-voices/reductions/string_quartet/062_all_apparir_di_quelle_luci_ardenti.musicxml	0	3	4	4	0.415476	no	no
cpdl_5_voice_string_quartet	62	All'apparir di quelle luci ardenti	data/cpdl/5-voices/sources/062_all_apparir_di_quelle_luci_ardenti__02_gesualdo_all_apparir_di_quelle_luci_ardenti.mxl	data/cpdl/5-voices/reductions/string_quartet/062_all_apparir_di_quelle_luci_ardenti.musicxml	0	4	3	3	0.591293	no	no
cpdl_5_voice_string_quartet	62	All'apparir di quelle luci ardenti	data/cpdl/5-voices/sources/062_all_apparir_di_quelle_luci_ardenti__02_gesualdo_all_apparir_di_quelle_luci_ardenti.mxl	data/cpdl/5-voices/reductions/string_quartet/062_all_apparir_di_quelle_luci_ardenti.musicxml	0	5	2	2	0.802135	no	no
cpdl_5_voice_string_quartet	63	Alme d'Amor rubelle	data/cpdl/5-voices/sources/063_alme_d_amor_rubelle__02_alme_d_amor_rubelle_gesualdo.mxl	data/cpdl/5-voices/reductions/string_quartet/063_alme_d_amor_rubelle.musicxml	0	-5	1	1	0.71991	no	no
cpdl_5_voice_string_quartet	63	Alme d'Amor rubelle	data/cpdl/5-voices/sources/063_alme_d_amor_rubelle__02_alme_d_amor_rubelle_gesualdo.mxl	data/cpdl/5-voices/reductions/string_quartet/063_alme_d_amor_rubelle.musicxml	0	-4	4	4	0.658284	no	no
cpdl_5_voice_string_quartet	63	Alme d'Amor rubelle	data/cpdl/5-voices/sources/063_alme_d_amor_rubelle__02_alme_d_amor_rubelle_gesualdo.mxl	data/cpdl/5-voices/reductions/string_quartet/063_alme_d_amor_rubelle.musicxml	0	-3	3	3	0.465803	no	no
cpdl_5_voice_string_quartet	63	Alme d'Amor rubelle	data/cpdl/5-voices/sources/063_alme_d_amor_rubelle__02_alme_d_amor_rubelle_gesualdo.mxl	data/cpdl/5-voices/reductions/string_quartet/063_alme_d_amor_rubelle.musicxml	0	-2	2	2	0.425075	yes	no
cpdl_5_voice_string_quartet	63	Alme d'Amor rubelle	data/cpdl/5-voices/sources/063_alme_d_amor_rubelle__02_alme_d_amor_rubelle_gesualdo.mxl	data/cpdl/5-voices/reductions/string_quartet/063_alme_d_amor_rubelle.musicxml	0	-1	5	5	0.382057	yes	no
cpdl_5_voice_string_quartet	63	Alme d'Amor rubelle	data/cpdl/5-voices/sources/063_alme_d_amor_rubelle__02_alme_d_amor_rubelle_gesualdo.mxl	data/cpdl/5-voices/reductions/string_quartet/063_alme_d_amor_rubelle.musicxml	0	0	0	0	0.415759	yes	yes
cpdl_5_voice_string_quartet	63	Alme d'Amor rubelle	data/cpdl/5-voices/sources/063_alme_d_amor_rubelle__02_alme_d_amor_rubelle_gesualdo.mxl	data/cpdl/5-voices/reductions/string_quartet/063_alme_d_amor_rubelle.musicxml	0	1	5	5	0.460225	yes	no
cpdl_5_voice_string_quartet	63	Alme d'Amor rubelle	data/cpdl/5-voices/sources/063_alme_d_amor_rubelle__02_alme_d_amor_rubelle_gesualdo.mxl	data/cpdl/5-voices/reductions/string_quartet/063_alme_d_amor_rubelle.musicxml	0	2	2	2	0.667651	no	no
cpdl_5_voice_string_quartet	63	Alme d'Amor rubelle	data/cpdl/5-voices/sources/063_alme_d_amor_rubelle__02_alme_d_amor_rubelle_gesualdo.mxl	data/cpdl/5-voices/reductions/string_quartet/063_alme_d_amor_rubelle.musicxml	0	3	3	3	0.77673	no	no
cpdl_5_voice_string_quartet	63	Alme d'Amor rubelle	data/cpdl/5-voices/sources/063_alme_d_amor_rubelle__02_alme_d_amor_rubelle_gesualdo.mxl	data/cpdl/5-voices/reductions/string_quartet/063_alme_d_amor_rubelle.musicxml	0	4	4	4	0.876646	no	no
cpdl_5_voice_string_quartet	63	Alme d'Amor rubelle	data/cpdl/5-voices/sources/063_alme_d_amor_rubelle__02_alme_d_amor_rubelle_gesualdo.mxl	data/cpdl/5-voices/reductions/string_quartet/063_alme_d_amor_rubelle.musicxml	0	5	1	1	1.29713	no	no
cpdl_5_voice_string_quartet	64	Amor pace non chero	data/cpdl/5-voices/sources/064_amor_pace_non_chero__01_gesualdo_amor_pace_non_chero.mxl	data/cpdl/5-voices/reductions/string_quartet/064_amor_pace_non_chero.musicxml	0	-5	1	1	0.487552	no	no
cpdl_5_voice_string_quartet	64	Amor pace non chero	data/cpdl/5-voices/sources/064_amor_pace_non_chero__01_gesualdo_amor_pace_non_chero.mxl	data/cpdl/5-voices/reductions/string_quartet/064_amor_pace_non_chero.musicxml	0	-4	4	4	0.43533	no	no
cpdl_5_voice_string_quartet	64	Amor pace non chero	data/cpdl/5-voices/sources/064_amor_pace_non_chero__01_gesualdo_amor_pace_non_chero.mxl	data/cpdl/5-voices/reductions/string_quartet/064_amor_pace_non_chero.musicxml	0	-3	3	3	0.373803	yes	no
cpdl_5_voice_string_quartet	64	Amor pace non chero	data/cpdl/5-voices/sources/064_amor_pace_non_chero__01_gesualdo_amor_pace_non_chero.mxl	data/cpdl/5-voices/reductions/string_quartet/064_amor_pace_non_chero.musicxml	0	-2	2	2	0.343993	yes	no
cpdl_5_voice_string_quartet	64	Amor pace non chero	data/cpdl/5-voices/sources/064_amor_pace_non_chero__01_gesualdo_amor_pace_non_chero.mxl	data/cpdl/5-voices/reductions/string_quartet/064_amor_pace_non_chero.musicxml	0	-1	5	5	0.32498	yes	no
cpdl_5_voice_string_quartet	64	Amor pace non chero	data/cpdl/5-voices/sources/064_amor_pace_non_chero__01_gesualdo_amor_pace_non_chero.mxl	data/cpdl/5-voices/reductions/string_quartet/064_amor_pace_non_chero.musicxml	0	0	0	0	0.350029	yes	yes
cpdl_5_voice_string_quartet	64	Amor pace non chero	data/cpdl/5-voices/sources/064_amor_pace_non_chero__01_gesualdo_amor_pace_non_chero.mxl	data/cpdl/5-voices/reductions/string_quartet/064_amor_pace_non_chero.musicxml	0	1	5	5	0.376161	yes	no
cpdl_5_voice_string_quartet	64	Amor pace non chero	data/cpdl/5-voices/sources/064_amor_pace_non_chero__01_gesualdo_amor_pace_non_chero.mxl	data/cpdl/5-voices/reductions/string_quartet/064_amor_pace_non_chero.musicxml	0	2	2	2	0.458468	no	no
cpdl_5_voice_string_quartet	64	Amor pace non chero	data/cpdl/5-voices/sources/064_amor_pace_non_chero__01_gesualdo_amor_pace_non_chero.mxl	data/cpdl/5-voices/reductions/string_quartet/064_amor_pace_non_chero.musicxml	0	3	3	3	0.507904	no	no
cpdl_5_voice_string_quartet	64	Amor pace non chero	data/cpdl/5-voices/sources/064_amor_pace_non_chero__01_gesualdo_amor_pace_non_chero.mxl	data/cpdl/5-voices/reductions/string_quartet/064_amor_pace_non_chero.musicxml	0	4	4	4	0.645243	no	no
cpdl_5_voice_string_quartet	64	Amor pace non chero	data/cpdl/5-voices/sources/064_amor_pace_non_chero__01_gesualdo_amor_pace_non_chero.mxl	data/cpdl/5-voices/reductions/string_quartet/064_amor_pace_non_chero.musicxml	0	5	1	1	1.09231	no	no
cpdl_5_voice_string_quartet	65	Ancide sol la morte	data/cpdl/5-voices/sources/065_ancide_sol_la_morte__02_ancide_sol_la_morte_gesualdo.mxl	data/cpdl/5-voices/reductions/string_quartet/065_ancide_sol_la_morte.musicxml	0	-5	1	1	0.818677	no	no
cpdl_5_voice_string_quartet	65	Ancide sol la morte	data/cpdl/5-voices/sources/065_ancide_sol_la_morte__02_ancide_sol_la_morte_gesualdo.mxl	data/cpdl/5-voices/reductions/string_quartet/065_ancide_sol_la_morte.musicxml	0	-4	4	4	0.689535	no	no
cpdl_5_voice_string_quartet	65	Ancide sol la morte	data/cpdl/5-voices/sources/065_ancide_sol_la_morte__02_ancide_sol_la_morte_gesualdo.mxl	data/cpdl/5-voices/reductions/string_quartet/065_ancide_sol_la_morte.musicxml	0	-3	3	3	0.504951	no	no
cpdl_5_voice_string_quartet	65	Ancide sol la morte	data/cpdl/5-voices/sources/065_ancide_sol_la_morte__02_ancide_sol_la_morte_gesualdo.mxl	data/cpdl/5-voices/reductions/string_quartet/065_ancide_sol_la_morte.musicxml	0	-2	2	2	0.445747	no	no
cpdl_5_voice_string_quartet	65	Ancide sol la morte	data/cpdl/5-voices/sources/065_ancide_sol_la_morte__02_ancide_sol_la_morte_gesualdo.mxl	data/cpdl/5-voices/reductions/string_quartet/065_ancide_sol_la_morte.musicxml	0	-1	5	5	0.380907	yes	no
cpdl_5_voice_string_quartet	65	Ancide sol la morte	data/cpdl/5-voices/sources/065_ancide_sol_la_morte__02_ancide_sol_la_morte_gesualdo.mxl	data/cpdl/5-voices/reductions/string_quartet/065_ancide_sol_la_morte.musicxml	0	0	0	0	0.377753	yes	yes
cpdl_5_voice_string_quartet	65	Ancide sol la morte	data/cpdl/5-voices/sources/065_ancide_sol_la_morte__02_ancide_sol_la_morte_gesualdo.mxl	data/cpdl/5-voices/reductions/string_quartet/065_ancide_sol_la_morte.musicxml	0	1	5	5	0.398006	yes	no
cpdl_5_voice_string_quartet	65	Ancide sol la morte	data/cpdl/5-voices/sources/065_ancide_sol_la_morte__02_ancide_sol_la_morte_gesualdo.mxl	data/cpdl/5-voices/reductions/string_quartet/065_ancide_sol_la_morte.musicxml	0	2	2	2	0.483958	no	no
cpdl_5_voice_string_quartet	65	Ancide sol la morte	data/cpdl/5-voices/sources/065_ancide_sol_la_morte__02_ancide_sol_la_morte_gesualdo.mxl	data/cpdl/5-voices/reductions/string_quartet/065_ancide_sol_la_morte.musicxml	0	3	3	3	0.580048	no	no
cpdl_5_voice_string_quartet	65	Ancide sol la morte	data/cpdl/5-voices/sources/065_ancide_sol_la_morte__02_ancide_sol_la_morte_gesualdo.mxl	data/cpdl/5-voices/reductions/string_quartet/065_ancide_sol_la_morte.musicxml	0	4	4	4	0.655934	no	no
cpdl_5_voice_string_quartet	65	Ancide sol la morte	data/cpdl/5-voices/sources/065_ancide_sol_la_morte__02_ancide_sol_la_morte_gesualdo.mxl	data/cpdl/5-voices/reductions/string_quartet/065_ancide_sol_la_morte.musicxml	0	5	1	1	0.930136	no	no
cpdl_5_voice_string_quartet	66	Ancidetemi pur, grievi martiri	data/cpdl/5-voices/sources/066_ancidetemi_pur_grievi_martiri__01_gesualdo_ancidetemi_pur_grievi_martiri.mxl	data/cpdl/5-voices/reductions/string_quartet/066_ancidetemi_pur_grievi_martiri.musicxml	0	-5	1	1	0.742492	no	no
cpdl_5_voice_string_quartet	66	Ancidetemi pur, grievi martiri	data/cpdl/5-voices/sources/066_ancidetemi_pur_grievi_martiri__01_gesualdo_ancidetemi_pur_grievi_martiri.mxl	data/cpdl/5-voices/reductions/string_quartet/066_ancidetemi_pur_grievi_martiri.musicxml	0	-4	4	4	0.648156	no	no
cpdl_5_voice_string_quartet	66	Ancidetemi pur, grievi martiri	data/cpdl/5-voices/sources/066_ancidetemi_pur_grievi_martiri__01_gesualdo_ancidetemi_pur_grievi_martiri.mxl	data/cpdl/5-voices/reductions/string_quartet/066_ancidetemi_pur_grievi_martiri.musicxml	0	-3	3	3	0.525364	no	no
cpdl_5_voice_string_quartet	66	Ancidetemi pur, grievi martiri	data/cpdl/5-voices/sources/066_ancidetemi_pur_grievi_martiri__01_gesualdo_ancidetemi_pur_grievi_martiri.mxl	data/cpdl/5-voices/reductions/string_quartet/066_ancidetemi_pur_grievi_martiri.musicxml	0	-2	2	2	0.467036	no	no
cpdl_5_voice_string_quartet	66	Ancidetemi pur, grievi martiri	data/cpdl/5-voices/sources/066_ancidetemi_pur_grievi_martiri__01_gesualdo_ancidetemi_pur_grievi_martiri.mxl	data/cpdl/5-voices/reductions/string_quartet/066_ancidetemi_pur_grievi_martiri.musicxml	0	-1	5	5	0.373062	yes	no
cpdl_5_voice_string_quartet	66	Ancidetemi pur, grievi martiri	data/cpdl/5-voices/sources/066_ancidetemi_pur_grievi_martiri__01_gesualdo_ancidetemi_pur_grievi_martiri.mxl	data/cpdl/5-voices/reductions/string_quartet/066_ancidetemi_pur_grievi_martiri.musicxml	0	0	0	0	0.342331	yes	yes
cpdl_5_voice_string_quartet	66	Ancidetemi pur, grievi martiri	data/cpdl/5-voices/sources/066_ancidetemi_pur_grievi_martiri__01_gesualdo_ancidetemi_pur_grievi_martiri.mxl	data/cpdl/5-voices/reductions/string_quartet/066_ancidetemi_pur_grievi_martiri.musicxml	0	1	5	5	0.371137	yes	no
cpdl_5_voice_string_quartet	66	Ancidetemi pur, grievi martiri	data/cpdl/5-voices/sources/066_ancidetemi_pur_grievi_martiri__01_gesualdo_ancidetemi_pur_grievi_martiri.mxl	data/cpdl/5-voices/reductions/string_quartet/066_ancidetemi_pur_grievi_martiri.musicxml	0	2	2	2	0.482082	no	no
cpdl_5_voice_string_quartet	66	Ancidetemi pur, grievi martiri	data/cpdl/5-voices/sources/066_ancidetemi_pur_grievi_martiri__01_gesualdo_ancidetemi_pur_grievi_martiri.mxl	data/cpdl/5-voices/reductions/string_quartet/066_ancidetemi_pur_grievi_martiri.musicxml	0	3	3	3	0.588691	no	no
cpdl_5_voice_string_quartet	66	Ancidetemi pur, grievi martiri	data/cpdl/5-voices/sources/066_ancidetemi_pur_grievi_martiri__01_gesualdo_ancidetemi_pur_grievi_martiri.mxl	data/cpdl/5-voices/reductions/string_quartet/066_ancidetemi_pur_grievi_martiri.musicxml	0	4	4	4	0.66696	no	no
cpdl_5_voice_string_quartet	66	Ancidetemi pur, grievi martiri	data/cpdl/5-voices/sources/066_ancidetemi_pur_grievi_martiri__01_gesualdo_ancidetemi_pur_grievi_martiri.mxl	data/cpdl/5-voices/reductions/string_quartet/066_ancidetemi_pur_grievi_martiri.musicxml	0	5	1	1	0.949816	no	no
cpdl_5_voice_string_quartet	67	Ancor che per amarti	data/cpdl/5-voices/sources/067_ancor_che_per_amarti__02_ancor_che_per_amarti_gesualdo.mxl	data/cpdl/5-voices/reductions/string_quartet/067_ancor_che_per_amarti.musicxml	0	-5	1	1	0.714633	no	no
cpdl_5_voice_string_quartet	67	Ancor che per amarti	data/cpdl/5-voices/sources/067_ancor_che_per_amarti__02_ancor_che_per_amarti_gesualdo.mxl	data/cpdl/5-voices/reductions/string_quartet/067_ancor_che_per_amarti.musicxml	0	-4	4	4	0.606259	no	no
cpdl_5_voice_string_quartet	67	Ancor che per amarti	data/cpdl/5-voices/sources/067_ancor_che_per_amarti__02_ancor_che_per_amarti_gesualdo.mxl	data/cpdl/5-voices/reductions/string_quartet/067_ancor_che_per_amarti.musicxml	0	-3	3	3	0.466878	no	no
cpdl_5_voice_string_quartet	67	Ancor che per amarti	data/cpdl/5-voices/sources/067_ancor_che_per_amarti__02_ancor_che_per_amarti_gesualdo.mxl	data/cpdl/5-voices/reductions/string_quartet/067_ancor_che_per_amarti.musicxml	0	-2	2	2	0.410581	no	no
cpdl_5_voice_string_quartet	67	Ancor che per amarti	data/cpdl/5-voices/sources/067_ancor_che_per_amarti__02_ancor_che_per_amarti_gesualdo.mxl	data/cpdl/5-voices/reductions/string_quartet/067_ancor_che_per_amarti.musicxml	0	-1	5	5	0.330033	yes	no
cpdl_5_voice_string_quartet	67	Ancor che per amarti	data/cpdl/5-voices/sources/067_ancor_che_per_amarti__02_ancor_che_per_amarti_gesualdo.mxl	data/cpdl/5-voices/reductions/string_quartet/067_ancor_che_per_amarti.musicxml	0	0	0	0	0.306751	yes	yes
cpdl_5_voice_string_quartet	67	Ancor che per amarti	data/cpdl/5-voices/sources/067_ancor_che_per_amarti__02_ancor_che_per_amarti_gesualdo.mxl	data/cpdl/5-voices/reductions/string_quartet/067_ancor_che_per_amarti.musicxml	0	1	5	5	0.333697	yes	no
cpdl_5_voice_string_quartet	67	Ancor che per amarti	data/cpdl/5-voices/sources/067_ancor_che_per_amarti__02_ancor_che_per_amarti_gesualdo.mxl	data/cpdl/5-voices/reductions/string_quartet/067_ancor_che_per_amarti.musicxml	0	2	2	2	0.394938	no	no
cpdl_5_voice_string_quartet	67	Ancor che per amarti	data/cpdl/5-voices/sources/067_ancor_che_per_amarti__02_ancor_che_per_amarti_gesualdo.mxl	data/cpdl/5-voices/reductions/string_quartet/067_ancor_che_per_amarti.musicxml	0	3	3	3	0.482173	no	no
cpdl_5_voice_string_quartet	67	Ancor che per amarti	data/cpdl/5-voices/sources/067_ancor_che_per_amarti__02_ancor_che_per_amarti_gesualdo.mxl	data/cpdl/5-voices/reductions/string_quartet/067_ancor_che_per_amarti.musicxml	0	4	4	4	0.56456	no	no
cpdl_5_voice_string_quartet	67	Ancor che per amarti	data/cpdl/5-voices/sources/067_ancor_che_per_amarti__02_ancor_che_per_amarti_gesualdo.mxl	data/cpdl/5-voices/reductions/string_quartet/067_ancor_che_per_amarti.musicxml	0	5	1	1	0.780082	no	no
cpdl_5_voice_string_quartet	68	Arde il mio cor	data/cpdl/5-voices/sources/068_arde_il_mio_cor__02_arde_il_mio_cor_gesualdo.mxl	data/cpdl/5-voices/reductions/string_quartet/068_arde_il_mio_cor.musicxml	0	-5	1	1	0.536892	no	no
cpdl_5_voice_string_quartet	68	Arde il mio cor	data/cpdl/5-voices/sources/068_arde_il_mio_cor__02_arde_il_mio_cor_gesualdo.mxl	data/cpdl/5-voices/reductions/string_quartet/068_arde_il_mio_cor.musicxml	0	-4	4	4	0.469982	no	no
cpdl_5_voice_string_quartet	68	Arde il mio cor	data/cpdl/5-voices/sources/068_arde_il_mio_cor__02_arde_il_mio_cor_gesualdo.mxl	data/cpdl/5-voices/reductions/string_quartet/068_arde_il_mio_cor.musicxml	0	-3	3	3	0.376227	no	no
cpdl_5_voice_string_quartet	68	Arde il mio cor	data/cpdl/5-voices/sources/068_arde_il_mio_cor__02_arde_il_mio_cor_gesualdo.mxl	data/cpdl/5-voices/reductions/string_quartet/068_arde_il_mio_cor.musicxml	0	-2	2	2	0.335821	no	no
cpdl_5_voice_string_quartet	68	Arde il mio cor	data/cpdl/5-voices/sources/068_arde_il_mio_cor__02_arde_il_mio_cor_gesualdo.mxl	data/cpdl/5-voices/reductions/string_quartet/068_arde_il_mio_cor.musicxml	0	-1	5	5	0.298164	yes	no
cpdl_5_voice_string_quartet	68	Arde il mio cor	data/cpdl/5-voices/sources/068_arde_il_mio_cor__02_arde_il_mio_cor_gesualdo.mxl	data/cpdl/5-voices/reductions/string_quartet/068_arde_il_mio_cor.musicxml	0	0	0	0	0.275964	yes	yes
cpdl_5_voice_string_quartet	68	Arde il mio cor	data/cpdl/5-voices/sources/068_arde_il_mio_cor__02_arde_il_mio_cor_gesualdo.mxl	data/cpdl/5-voices/reductions/string_quartet/068_arde_il_mio_cor.musicxml	0	1	5	5	0.296753	yes	no
cpdl_5_voice_string_quartet	68	Arde il mio cor	data/cpdl/5-voices/sources/068_arde_il_mio_cor__02_arde_il_mio_cor_gesualdo.mxl	data/cpdl/5-voices/reductions/string_quartet/068_arde_il_mio_cor.musicxml	0	2	2	2	0.389634	no	no
cpdl_5_voice_string_quartet	68	Arde il mio cor	data/cpdl/5-voices/sources/068_arde_il_mio_cor__02_arde_il_mio_cor_gesualdo.mxl	data/cpdl/5-voices/reductions/string_quartet/068_arde_il_mio_cor.musicxml	0	3	3	3	0.440314	no	no
cpdl_5_voice_string_quartet	68	Arde il mio cor	data/cpdl/5-voices/sources/068_arde_il_mio_cor__02_arde_il_mio_cor_gesualdo.mxl	data/cpdl/5-voices/reductions/string_quartet/068_arde_il_mio_cor.musicxml	0	4	4	4	0.507402	no	no
cpdl_5_voice_string_quartet	68	Arde il mio cor	data/cpdl/5-voices/sources/068_arde_il_mio_cor__02_arde_il_mio_cor_gesualdo.mxl	data/cpdl/5-voices/reductions/string_quartet/068_arde_il_mio_cor.musicxml	0	5	1	1	0.746614	no	no
cpdl_5_voice_string_quartet	69	Ardita zanzaretta	data/cpdl/5-voices/sources/069_ardita_zanzaretta__02_ardita_zanzaretta_gesualdo.mxl	data/cpdl/5-voices/reductions/string_quartet/069_ardita_zanzaretta.musicxml	0	-5	1	1	1.14283	no	no
cpdl_5_voice_string_quartet	69	Ardita zanzaretta	data/cpdl/5-voices/sources/069_ardita_zanzaretta__02_ardita_zanzaretta_gesualdo.mxl	data/cpdl/5-voices/reductions/string_quartet/069_ardita_zanzaretta.musicxml	0	-4	4	4	0.933303	no	no
cpdl_5_voice_string_quartet	69	Ardita zanzaretta	data/cpdl/5-voices/sources/069_ardita_zanzaretta__02_ardita_zanzaretta_gesualdo.mxl	data/cpdl/5-voices/reductions/string_quartet/069_ardita_zanzaretta.musicxml	0	-3	3	3	0.68493	no	no
cpdl_5_voice_string_quartet	69	Ardita zanzaretta	data/cpdl/5-voices/sources/069_ardita_zanzaretta__02_ardita_zanzaretta_gesualdo.mxl	data/cpdl/5-voices/reductions/string_quartet/069_ardita_zanzaretta.musicxml	0	-2	2	2	0.585668	no	no
cpdl_5_voice_string_quartet	69	Ardita zanzaretta	data/cpdl/5-voices/sources/069_ardita_zanzaretta__02_ardita_zanzaretta_gesualdo.mxl	data/cpdl/5-voices/reductions/string_quartet/069_ardita_zanzaretta.musicxml	0	-1	5	5	0.472137	no	no
cpdl_5_voice_string_quartet	69	Ardita zanzaretta	data/cpdl/5-voices/sources/069_ardita_zanzaretta__02_ardita_zanzaretta_gesualdo.mxl	data/cpdl/5-voices/reductions/string_quartet/069_ardita_zanzaretta.musicxml	0	0	0	0	0.370269	yes	yes
cpdl_5_voice_string_quartet	69	Ardita zanzaretta	data/cpdl/5-voices/sources/069_ardita_zanzaretta__02_ardita_zanzaretta_gesualdo.mxl	data/cpdl/5-voices/reductions/string_quartet/069_ardita_zanzaretta.musicxml	0	1	5	5	0.326902	yes	no
cpdl_5_voice_string_quartet	69	Ardita zanzaretta	data/cpdl/5-voices/sources/069_ardita_zanzaretta__02_ardita_zanzaretta_gesualdo.mxl	data/cpdl/5-voices/reductions/string_quartet/069_ardita_zanzaretta.musicxml	0	2	2	2	0.350183	yes	no
cpdl_5_voice_string_quartet	69	Ardita zanzaretta	data/cpdl/5-voices/sources/069_ardita_zanzaretta__02_ardita_zanzaretta_gesualdo.mxl	data/cpdl/5-voices/reductions/string_quartet/069_ardita_zanzaretta.musicxml	0	3	3	3	0.385969	yes	no
cpdl_5_voice_string_quartet	69	Ardita zanzaretta	data/cpdl/5-voices/sources/069_ardita_zanzaretta__02_ardita_zanzaretta_gesualdo.mxl	data/cpdl/5-voices/reductions/string_quartet/069_ardita_zanzaretta.musicxml	0	4	4	4	0.423494	no	no
cpdl_5_voice_string_quartet	69	Ardita zanzaretta	data/cpdl/5-voices/sources/069_ardita_zanzaretta__02_ardita_zanzaretta_gesualdo.mxl	data/cpdl/5-voices/reductions/string_quartet/069_ardita_zanzaretta.musicxml	0	5	1	1	0.482419	no	no
cpdl_5_voice_string_quartet	70	Ardo per te, mio bene	data/cpdl/5-voices/sources/070_ardo_per_te_mio_bene__02_ardo_per_te_mio_bene_gesualdo.mxl	data/cpdl/5-voices/reductions/string_quartet/070_ardo_per_te_mio_bene.musicxml	2	-3	3	3	0.823229	no	no
cpdl_5_voice_string_quartet	70	Ardo per te, mio bene	data/cpdl/5-voices/sources/070_ardo_per_te_mio_bene__02_ardo_per_te_mio_bene_gesualdo.mxl	data/cpdl/5-voices/reductions/string_quartet/070_ardo_per_te_mio_bene.musicxml	2	-2	2	2	0.698898	no	no
cpdl_5_voice_string_quartet	70	Ardo per te, mio bene	data/cpdl/5-voices/sources/070_ardo_per_te_mio_bene__02_ardo_per_te_mio_bene_gesualdo.mxl	data/cpdl/5-voices/reductions/string_quartet/070_ardo_per_te_mio_bene.musicxml	2	-1	5	5	0.53865	no	no
cpdl_5_voice_string_quartet	70	Ardo per te, mio bene	data/cpdl/5-voices/sources/070_ardo_per_te_mio_bene__02_ardo_per_te_mio_bene_gesualdo.mxl	data/cpdl/5-voices/reductions/string_quartet/070_ardo_per_te_mio_bene.musicxml	2	0	0	0	0.464629	no	no
cpdl_5_voice_string_quartet	70	Ardo per te, mio bene	data/cpdl/5-voices/sources/070_ardo_per_te_mio_bene__02_ardo_per_te_mio_bene_gesualdo.mxl	data/cpdl/5-voices/reductions/string_quartet/070_ardo_per_te_mio_bene.musicxml	2	1	5	5	0.432939	yes	no
cpdl_5_voice_string_quartet	70	Ardo per te, mio bene	data/cpdl/5-voices/sources/070_ardo_per_te_mio_bene__02_ardo_per_te_mio_bene_gesualdo.mxl	data/cpdl/5-voices/reductions/string_quartet/070_ardo_per_te_mio_bene.musicxml	2	2	2	2	0.400889	yes	yes
cpdl_5_voice_string_quartet	70	Ardo per te, mio bene	data/cpdl/5-voices/sources/070_ardo_per_te_mio_bene__02_ardo_per_te_mio_bene_gesualdo.mxl	data/cpdl/5-voices/reductions/string_quartet/070_ardo_per_te_mio_bene.musicxml	2	3	3	3	0.432108	yes	no
cpdl_5_voice_string_quartet	70	Ardo per te, mio bene	data/cpdl/5-voices/sources/070_ardo_per_te_mio_bene__02_ardo_per_te_mio_bene_gesualdo.mxl	data/cpdl/5-voices/reductions/string_quartet/070_ardo_per_te_mio_bene.musicxml	2	4	4	4	0.453835	no	no
cpdl_5_voice_string_quartet	70	Ardo per te, mio bene	data/cpdl/5-voices/sources/070_ardo_per_te_mio_bene__02_ardo_per_te_mio_bene_gesualdo.mxl	data/cpdl/5-voices/reductions/string_quartet/070_ardo_per_te_mio_bene.musicxml	2	5	1	1	0.547713	no	no
cpdl_5_voice_string_quartet	70	Ardo per te, mio bene	data/cpdl/5-voices/sources/070_ardo_per_te_mio_bene__02_ardo_per_te_mio_bene_gesualdo.mxl	data/cpdl/5-voices/reductions/string_quartet/070_ardo_per_te_mio_bene.musicxml	2	6	6	6	0.671108	no	no
cpdl_5_voice_string_quartet	70	Ardo per te, mio bene	data/cpdl/5-voices/sources/070_ardo_per_te_mio_bene__02_ardo_per_te_mio_bene_gesualdo.mxl	data/cpdl/5-voices/reductions/string_quartet/070_ardo_per_te_mio_bene.musicxml	2	7	1	1	1.16179	no	no
cpdl_5_voice_string_quartet	71	Asciugate i begli occhi	data/cpdl/5-voices/sources/071_asciugate_i_begli_occhi__02_gesu_14asc.mxl	data/cpdl/5-voices/reductions/string_quartet/071_asciugate_i_begli_occhi.musicxml	0	-5	0	0	1.2366	no	no
cpdl_5_voice_string_quartet	71	Asciugate i begli occhi	data/cpdl/5-voices/sources/071_asciugate_i_begli_occhi__02_gesu_14asc.mxl	data/cpdl/5-voices/reductions/string_quartet/071_asciugate_i_begli_occhi.musicxml	0	-4	5	5	0.930912	no	no
cpdl_5_voice_string_quartet	71	Asciugate i begli occhi	data/cpdl/5-voices/sources/071_asciugate_i_begli_occhi__02_gesu_14asc.mxl	data/cpdl/5-voices/reductions/string_quartet/071_asciugate_i_begli_occhi.musicxml	0	-3	2	2	0.696472	no	no
cpdl_5_voice_string_quartet	71	Asciugate i begli occhi	data/cpdl/5-voices/sources/071_asciugate_i_begli_occhi__02_gesu_14asc.mxl	data/cpdl/5-voices/reductions/string_quartet/071_asciugate_i_begli_occhi.musicxml	0	-2	3	3	0.539959	no	no
cpdl_5_voice_string_quartet	71	Asciugate i begli occhi	data/cpdl/5-voices/sources/071_asciugate_i_begli_occhi__02_gesu_14asc.mxl	data/cpdl/5-voices/reductions/string_quartet/071_asciugate_i_begli_occhi.musicxml	0	-1	4	4	0.453791	yes	no
cpdl_5_voice_string_quartet	71	Asciugate i begli occhi	data/cpdl/5-voices/sources/071_asciugate_i_begli_occhi__02_gesu_14asc.mxl	data/cpdl/5-voices/reductions/string_quartet/071_asciugate_i_begli_occhi.musicxml	0	0	1	1	0.418487	yes	yes
cpdl_5_voice_string_quartet	71	Asciugate i begli occhi	data/cpdl/5-voices/sources/071_asciugate_i_begli_occhi__02_gesu_14asc.mxl	data/cpdl/5-voices/reductions/string_quartet/071_asciugate_i_begli_occhi.musicxml	0	1	6	6	0.390395	yes	no
cpdl_5_voice_string_quartet	71	Asciugate i begli occhi	data/cpdl/5-voices/sources/071_asciugate_i_begli_occhi__02_gesu_14asc.mxl	data/cpdl/5-voices/reductions/string_quartet/071_asciugate_i_begli_occhi.musicxml	0	2	1	1	0.431145	yes	no
cpdl_5_voice_string_quartet	71	Asciugate i begli occhi	data/cpdl/5-voices/sources/071_asciugate_i_begli_occhi__02_gesu_14asc.mxl	data/cpdl/5-voices/reductions/string_quartet/071_asciugate_i_begli_occhi.musicxml	0	3	4	4	0.453138	yes	no
cpdl_5_voice_string_quartet	71	Asciugate i begli occhi	data/cpdl/5-voices/sources/071_asciugate_i_begli_occhi__02_gesu_14asc.mxl	data/cpdl/5-voices/reductions/string_quartet/071_asciugate_i_begli_occhi.musicxml	0	4	3	3	0.575722	no	no
cpdl_5_voice_string_quartet	71	Asciugate i begli occhi	data/cpdl/5-voices/sources/071_asciugate_i_begli_occhi__02_gesu_14asc.mxl	data/cpdl/5-voices/reductions/string_quartet/071_asciugate_i_begli_occhi.musicxml	0	5	2	2	0.714319	no	no
cpdl_5_voice_string_quartet	72	Baci soavi e cari	data/cpdl/5-voices/sources/072_baci_soavi_e_cari__02_gesualdo_baci_soavi_e_cari.mxl	data/cpdl/5-voices/reductions/string_quartet/072_baci_soavi_e_cari.musicxml	0	-5	0	0	0.619086	no	no
cpdl_5_voice_string_quartet	72	Baci soavi e cari	data/cpdl/5-voices/sources/072_baci_soavi_e_cari__02_gesualdo_baci_soavi_e_cari.mxl	data/cpdl/5-voices/reductions/string_quartet/072_baci_soavi_e_cari.musicxml	0	-4	5	5	0.524005	no	no
cpdl_5_voice_string_quartet	72	Baci soavi e cari	data/cpdl/5-voices/sources/072_baci_soavi_e_cari__02_gesualdo_baci_soavi_e_cari.mxl	data/cpdl/5-voices/reductions/string_quartet/072_baci_soavi_e_cari.musicxml	0	-3	2	2	0.417683	no	no
cpdl_5_voice_string_quartet	72	Baci soavi e cari	data/cpdl/5-voices/sources/072_baci_soavi_e_cari__02_gesualdo_baci_soavi_e_cari.mxl	data/cpdl/5-voices/reductions/string_quartet/072_baci_soavi_e_cari.musicxml	0	-2	3	3	0.389085	no	no
cpdl_5_voice_string_quartet	72	Baci soavi e cari	data/cpdl/5-voices/sources/072_baci_soavi_e_cari__02_gesualdo_baci_soavi_e_cari.mxl	data/cpdl/5-voices/reductions/string_quartet/072_baci_soavi_e_cari.musicxml	0	-1	4	4	0.348238	yes	no
cpdl_5_voice_string_quartet	72	Baci soavi e cari	data/cpdl/5-voices/sources/072_baci_soavi_e_cari__02_gesualdo_baci_soavi_e_cari.mxl	data/cpdl/5-voices/reductions/string_quartet/072_baci_soavi_e_cari.musicxml	0	0	1	1	0.335709	yes	yes
cpdl_5_voice_string_quartet	72	Baci soavi e cari	data/cpdl/5-voices/sources/072_baci_soavi_e_cari__02_gesualdo_baci_soavi_e_cari.mxl	data/cpdl/5-voices/reductions/string_quartet/072_baci_soavi_e_cari.musicxml	0	1	6	6	0.360511	yes	no
cpdl_5_voice_string_quartet	72	Baci soavi e cari	data/cpdl/5-voices/sources/072_baci_soavi_e_cari__02_gesualdo_baci_soavi_e_cari.mxl	data/cpdl/5-voices/reductions/string_quartet/072_baci_soavi_e_cari.musicxml	0	2	1	1	0.456869	no	no
cpdl_5_voice_string_quartet	72	Baci soavi e cari	data/cpdl/5-voices/sources/072_baci_soavi_e_cari__02_gesualdo_baci_soavi_e_cari.mxl	data/cpdl/5-voices/reductions/string_quartet/072_baci_soavi_e_cari.musicxml	0	3	4	4	0.563784	no	no
cpdl_5_voice_string_quartet	72	Baci soavi e cari	data/cpdl/5-voices/sources/072_baci_soavi_e_cari__02_gesualdo_baci_soavi_e_cari.mxl	data/cpdl/5-voices/reductions/string_quartet/072_baci_soavi_e_cari.musicxml	0	4	3	3	0.801951	no	no
cpdl_5_voice_string_quartet	72	Baci soavi e cari	data/cpdl/5-voices/sources/072_baci_soavi_e_cari__02_gesualdo_baci_soavi_e_cari.mxl	data/cpdl/5-voices/reductions/string_quartet/072_baci_soavi_e_cari.musicxml	0	5	2	2	1.1749	no	no
cpdl_5_voice_string_quartet	73	Bella Angioletta	data/cpdl/5-voices/sources/073_bella_angioletta__01_gesualdo_bella_angioletta.mxl	data/cpdl/5-voices/reductions/string_quartet/073_bella_angioletta.musicxml	0	-5	1	1	0.504897	no	no
cpdl_5_voice_string_quartet	73	Bella Angioletta	data/cpdl/5-voices/sources/073_bella_angioletta__01_gesualdo_bella_angioletta.mxl	data/cpdl/5-voices/reductions/string_quartet/073_bella_angioletta.musicxml	0	-4	4	4	0.464463	no	no
cpdl_5_voice_string_quartet	73	Bella Angioletta	data/cpdl/5-voices/sources/073_bella_angioletta__01_gesualdo_bella_angioletta.mxl	data/cpdl/5-voices/reductions/string_quartet/073_bella_angioletta.musicxml	0	-3	3	3	0.379104	no	no
cpdl_5_voice_string_quartet	73	Bella Angioletta	data/cpdl/5-voices/sources/073_bella_angioletta__01_gesualdo_bella_angioletta.mxl	data/cpdl/5-voices/reductions/string_quartet/073_bella_angioletta.musicxml	0	-2	2	2	0.348388	yes	no
cpdl_5_voice_string_quartet	73	Bella Angioletta	data/cpdl/5-voices/sources/073_bella_angioletta__01_gesualdo_bella_angioletta.mxl	data/cpdl/5-voices/reductions/string_quartet/073_bella_angioletta.musicxml	0	-1	5	5	0.321457	yes	no
cpdl_5_voice_string_quartet	73	Bella Angioletta	data/cpdl/5-voices/sources/073_bella_angioletta__01_gesualdo_bella_angioletta.mxl	data/cpdl/5-voices/reductions/string_quartet/073_bella_angioletta.musicxml	0	0	0	0	0.309285	yes	yes
cpdl_5_voice_string_quartet	73	Bella Angioletta	data/cpdl/5-voices/sources/073_bella_angioletta__01_gesualdo_bella_angioletta.mxl	data/cpdl/5-voices/reductions/string_quartet/073_bella_angioletta.musicxml	0	1	5	5	0.356209	yes	no
cpdl_5_voice_string_quartet	73	Bella Angioletta	data/cpdl/5-voices/sources/073_bella_angioletta__01_gesualdo_bella_angioletta.mxl	data/cpdl/5-voices/reductions/string_quartet/073_bella_angioletta.musicxml	0	2	2	2	0.52891	no	no
cpdl_5_voice_string_quartet	73	Bella Angioletta	data/cpdl/5-voices/sources/073_bella_angioletta__01_gesualdo_bella_angioletta.mxl	data/cpdl/5-voices/reductions/string_quartet/073_bella_angioletta.musicxml	0	3	3	3	0.643474	no	no
cpdl_5_voice_string_quartet	73	Bella Angioletta	data/cpdl/5-voices/sources/073_bella_angioletta__01_gesualdo_bella_angioletta.mxl	data/cpdl/5-voices/reductions/string_quartet/073_bella_angioletta.musicxml	0	4	4	4	0.834488	no	no
cpdl_5_voice_string_quartet	73	Bella Angioletta	data/cpdl/5-voices/sources/073_bella_angioletta__01_gesualdo_bella_angioletta.mxl	data/cpdl/5-voices/reductions/string_quartet/073_bella_angioletta.musicxml	0	5	1	1	1.25782	no	no
cpdl_5_voice_string_quartet	74	Beltà poi che t'assenti	data/cpdl/5-voices/sources/074_belta_poi_che_t_assenti__02_belta_poi_che_t_assenti.mxl	data/cpdl/5-voices/reductions/string_quartet/074_belt_poi_che_t_assenti.musicxml	0	-5	2	2	0.949021	no	no
cpdl_5_voice_string_quartet	74	Beltà poi che t'assenti	data/cpdl/5-voices/sources/074_belta_poi_che_t_assenti__02_belta_poi_che_t_assenti.mxl	data/cpdl/5-voices/reductions/string_quartet/074_belt_poi_che_t_assenti.musicxml	0	-4	5	5	0.793483	no	no
cpdl_5_voice_string_quartet	74	Beltà poi che t'assenti	data/cpdl/5-voices/sources/074_belta_poi_che_t_assenti__02_belta_poi_che_t_assenti.mxl	data/cpdl/5-voices/reductions/string_quartet/074_belt_poi_che_t_assenti.musicxml	0	-3	0	0	0.674553	no	no
cpdl_5_voice_string_quartet	74	Beltà poi che t'assenti	data/cpdl/5-voices/sources/074_belta_poi_che_t_assenti__02_belta_poi_che_t_assenti.mxl	data/cpdl/5-voices/reductions/string_quartet/074_belt_poi_che_t_assenti.musicxml	0	-2	5	5	0.568408	no	no
cpdl_5_voice_string_quartet	74	Beltà poi che t'assenti	data/cpdl/5-voices/sources/074_belta_poi_che_t_assenti__02_belta_poi_che_t_assenti.mxl	data/cpdl/5-voices/reductions/string_quartet/074_belt_poi_che_t_assenti.musicxml	0	-1	2	2	0.4619	no	no
cpdl_5_voice_string_quartet	74	Beltà poi che t'assenti	data/cpdl/5-voices/sources/074_belta_poi_che_t_assenti__02_belta_poi_che_t_assenti.mxl	data/cpdl/5-voices/reductions/string_quartet/074_belt_poi_che_t_assenti.musicxml	0	0	3	3	0.384179	yes	yes
cpdl_5_voice_string_quartet	74	Beltà poi che t'assenti	data/cpdl/5-voices/sources/074_belta_poi_che_t_assenti__02_belta_poi_che_t_assenti.mxl	data/cpdl/5-voices/reductions/string_quartet/074_belt_poi_che_t_assenti.musicxml	0	1	4	4	0.387348	yes	no
cpdl_5_voice_string_quartet	74	Beltà poi che t'assenti	data/cpdl/5-voices/sources/074_belta_poi_che_t_assenti__02_belta_poi_che_t_assenti.mxl	data/cpdl/5-voices/reductions/string_quartet/074_belt_poi_che_t_assenti.musicxml	0	2	1	1	0.434715	no	no
cpdl_5_voice_string_quartet	74	Beltà poi che t'assenti	data/cpdl/5-voices/sources/074_belta_poi_che_t_assenti__02_belta_poi_che_t_assenti.mxl	data/cpdl/5-voices/reductions/string_quartet/074_belt_poi_che_t_assenti.musicxml	0	3	6	6	0.472075	no	no
cpdl_5_voice_string_quartet	74	Beltà poi che t'assenti	data/cpdl/5-voices/sources/074_belta_poi_che_t_assenti__02_belta_poi_che_t_assenti.mxl	data/cpdl/5-voices/reductions/string_quartet/074_belt_poi_che_t_assenti.musicxml	0	4	1	1	0.605002	no	no
cpdl_5_voice_string_quartet	74	Beltà poi che t'assenti	data/cpdl/5-voices/sources/074_belta_poi_che_t_assenti__02_belta_poi_che_t_assenti.mxl	data/cpdl/5-voices/reductions/string_quartet/074_belt_poi_che_t_assenti.musicxml	0	5	4	4	0.740116	no	no
cpdl_5_voice_string_quartet	75	Candida man qual neve	data/cpdl/5-voices/sources/075_candida_man_qual_neve__02_gesualdo_candida_man_qual_neve.mxl	data/cpdl/5-voices/reductions/string_quartet/075_candida_man_qual_neve.musicxml	0	-5	1	1	0.701414	no	no
cpdl_5_voice_string_quartet	75	Candida man qual neve	data/cpdl/5-voices/sources/075_candida_man_qual_neve__02_gesualdo_candida_man_qual_neve.mxl	data/cpdl/5-voices/reductions/string_quartet/075_candida_man_qual_neve.musicxml	0	-4	4	4	0.630258	no	no
cpdl_5_voice_string_quartet	75	Candida man qual neve	data/cpdl/5-voices/sources/075_candida_man_qual_neve__02_gesualdo_candida_man_qual_neve.mxl	data/cpdl/5-voices/reductions/string_quartet/075_candida_man_qual_neve.musicxml	0	-3	3	3	0.467489	no	no
cpdl_5_voice_string_quartet	75	Candida man qual neve	data/cpdl/5-voices/sources/075_candida_man_qual_neve__02_gesualdo_candida_man_qual_neve.mxl	data/cpdl/5-voices/reductions/string_quartet/075_candida_man_qual_neve.musicxml	0	-2	2	2	0.416233	no	no
cpdl_5_voice_string_quartet	75	Candida man qual neve	data/cpdl/5-voices/sources/075_candida_man_qual_neve__02_gesualdo_candida_man_qual_neve.mxl	data/cpdl/5-voices/reductions/string_quartet/075_candida_man_qual_neve.musicxml	0	-1	5	5	0.342111	yes	no
cpdl_5_voice_string_quartet	75	Candida man qual neve	data/cpdl/5-voices/sources/075_candida_man_qual_neve__02_gesualdo_candida_man_qual_neve.mxl	data/cpdl/5-voices/reductions/string_quartet/075_candida_man_qual_neve.musicxml	0	0	0	0	0.326922	yes	yes
cpdl_5_voice_string_quartet	75	Candida man qual neve	data/cpdl/5-voices/sources/075_candida_man_qual_neve__02_gesualdo_candida_man_qual_neve.mxl	data/cpdl/5-voices/reductions/string_quartet/075_candida_man_qual_neve.musicxml	0	1	5	5	0.352047	yes	no
cpdl_5_voice_string_quartet	75	Candida man qual neve	data/cpdl/5-voices/sources/075_candida_man_qual_neve__02_gesualdo_candida_man_qual_neve.mxl	data/cpdl/5-voices/reductions/string_quartet/075_candida_man_qual_neve.musicxml	0	2	2	2	0.44183	no	no
cpdl_5_voice_string_quartet	75	Candida man qual neve	data/cpdl/5-voices/sources/075_candida_man_qual_neve__02_gesualdo_candida_man_qual_neve.mxl	data/cpdl/5-voices/reductions/string_quartet/075_candida_man_qual_neve.musicxml	0	3	3	3	0.484347	no	no
cpdl_5_voice_string_quartet	75	Candida man qual neve	data/cpdl/5-voices/sources/075_candida_man_qual_neve__02_gesualdo_candida_man_qual_neve.mxl	data/cpdl/5-voices/reductions/string_quartet/075_candida_man_qual_neve.musicxml	0	4	4	4	0.564071	no	no
cpdl_5_voice_string_quartet	75	Candida man qual neve	data/cpdl/5-voices/sources/075_candida_man_qual_neve__02_gesualdo_candida_man_qual_neve.mxl	data/cpdl/5-voices/reductions/string_quartet/075_candida_man_qual_neve.musicxml	0	5	1	1	0.851615	no	no
cpdl_5_voice_string_quartet	76	Candido e verde fiore	data/cpdl/5-voices/sources/076_candido_e_verde_fiore__02_candido_e_verde_fiore_gesualdo.mxl	data/cpdl/5-voices/reductions/string_quartet/076_candido_e_verde_fiore.musicxml	0	-5	1	1	0.568534	no	no
cpdl_5_voice_string_quartet	76	Candido e verde fiore	data/cpdl/5-voices/sources/076_candido_e_verde_fiore__02_candido_e_verde_fiore_gesualdo.mxl	data/cpdl/5-voices/reductions/string_quartet/076_candido_e_verde_fiore.musicxml	0	-4	4	4	0.505752	no	no
cpdl_5_voice_string_quartet	76	Candido e verde fiore	data/cpdl/5-voices/sources/076_candido_e_verde_fiore__02_candido_e_verde_fiore_gesualdo.mxl	data/cpdl/5-voices/reductions/string_quartet/076_candido_e_verde_fiore.musicxml	0	-3	3	3	0.438983	yes	no
cpdl_5_voice_string_quartet	76	Candido e verde fiore	data/cpdl/5-voices/sources/076_candido_e_verde_fiore__02_candido_e_verde_fiore_gesualdo.mxl	data/cpdl/5-voices/reductions/string_quartet/076_candido_e_verde_fiore.musicxml	0	-2	2	2	0.425462	yes	no
cpdl_5_voice_string_quartet	76	Candido e verde fiore	data/cpdl/5-voices/sources/076_candido_e_verde_fiore__02_candido_e_verde_fiore_gesualdo.mxl	data/cpdl/5-voices/reductions/string_quartet/076_candido_e_verde_fiore.musicxml	0	-1	5	5	0.391196	yes	no
cpdl_5_voice_string_quartet	76	Candido e verde fiore	data/cpdl/5-voices/sources/076_candido_e_verde_fiore__02_candido_e_verde_fiore_gesualdo.mxl	data/cpdl/5-voices/reductions/string_quartet/076_candido_e_verde_fiore.musicxml	0	0	0	0	0.392127	yes	yes
cpdl_5_voice_string_quartet	76	Candido e verde fiore	data/cpdl/5-voices/sources/076_candido_e_verde_fiore__02_candido_e_verde_fiore_gesualdo.mxl	data/cpdl/5-voices/reductions/string_quartet/076_candido_e_verde_fiore.musicxml	0	1	5	5	0.443518	no	no
cpdl_5_voice_string_quartet	76	Candido e verde fiore	data/cpdl/5-voices/sources/076_candido_e_verde_fiore__02_candido_e_verde_fiore_gesualdo.mxl	data/cpdl/5-voices/reductions/string_quartet/076_candido_e_verde_fiore.musicxml	0	2	2	2	0.683071	no	no
cpdl_5_voice_string_quartet	76	Candido e verde fiore	data/cpdl/5-voices/sources/076_candido_e_verde_fiore__02_candido_e_verde_fiore_gesualdo.mxl	data/cpdl/5-voices/reductions/string_quartet/076_candido_e_verde_fiore.musicxml	0	3	3	3	0.880753	no	no
cpdl_5_voice_string_quartet	76	Candido e verde fiore	data/cpdl/5-voices/sources/076_candido_e_verde_fiore__02_candido_e_verde_fiore_gesualdo.mxl	data/cpdl/5-voices/reductions/string_quartet/076_candido_e_verde_fiore.musicxml	0	4	4	4	1.00858	no	no
cpdl_5_voice_string_quartet	76	Candido e verde fiore	data/cpdl/5-voices/sources/076_candido_e_verde_fiore__02_candido_e_verde_fiore_gesualdo.mxl	data/cpdl/5-voices/reductions/string_quartet/076_candido_e_verde_fiore.musicxml	0	5	1	1	1.54875	no	no
cpdl_5_voice_string_quartet	77	Caro amoroso neo	data/cpdl/5-voices/sources/077_caro_amoroso_neo__01_gesualdo_caro_amoroso_neo.mxl	data/cpdl/5-voices/reductions/string_quartet/077_caro_amoroso_neo.musicxml	0	-5	0	0	0.688052	no	no
cpdl_5_voice_string_quartet	77	Caro amoroso neo	data/cpdl/5-voices/sources/077_caro_amoroso_neo__01_gesualdo_caro_amoroso_neo.mxl	data/cpdl/5-voices/reductions/string_quartet/077_caro_amoroso_neo.musicxml	0	-4	5	5	0.603397	no	no
cpdl_5_voice_string_quartet	77	Caro amoroso neo	data/cpdl/5-voices/sources/077_caro_amoroso_neo__01_gesualdo_caro_amoroso_neo.mxl	data/cpdl/5-voices/reductions/string_quartet/077_caro_amoroso_neo.musicxml	0	-3	2	2	0.468168	no	no
cpdl_5_voice_string_quartet	77	Caro amoroso neo	data/cpdl/5-voices/sources/077_caro_amoroso_neo__01_gesualdo_caro_amoroso_neo.mxl	data/cpdl/5-voices/reductions/string_quartet/077_caro_amoroso_neo.musicxml	0	-2	3	3	0.41792	yes	no
cpdl_5_voice_string_quartet	77	Caro amoroso neo	data/cpdl/5-voices/sources/077_caro_amoroso_neo__01_gesualdo_caro_amoroso_neo.mxl	data/cpdl/5-voices/reductions/string_quartet/077_caro_amoroso_neo.musicxml	0	-1	4	4	0.374667	yes	no
cpdl_5_voice_string_quartet	77	Caro amoroso neo	data/cpdl/5-voices/sources/077_caro_amoroso_neo__01_gesualdo_caro_amoroso_neo.mxl	data/cpdl/5-voices/reductions/string_quartet/077_caro_amoroso_neo.musicxml	0	0	1	1	0.400685	yes	yes
cpdl_5_voice_string_quartet	77	Caro amoroso neo	data/cpdl/5-voices/sources/077_caro_amoroso_neo__01_gesualdo_caro_amoroso_neo.mxl	data/cpdl/5-voices/reductions/string_quartet/077_caro_amoroso_neo.musicxml	0	1	6	6	0.446504	yes	no
cpdl_5_voice_string_quartet	77	Caro amoroso neo	data/cpdl/5-voices/sources/077_caro_amoroso_neo__01_gesualdo_caro_amoroso_neo.mxl	data/cpdl/5-voices/reductions/string_quartet/077_caro_amoroso_neo.musicxml	0	2	1	1	0.622984	no	no
cpdl_5_voice_string_quartet	77	Caro amoroso neo	data/cpdl/5-voices/sources/077_caro_amoroso_neo__01_gesualdo_caro_amoroso_neo.mxl	data/cpdl/5-voices/reductions/string_quartet/077_caro_amoroso_neo.musicxml	0	3	4	4	0.689343	no	no
cpdl_5_voice_string_quartet	77	Caro amoroso neo	data/cpdl/5-voices/sources/077_caro_amoroso_neo__01_gesualdo_caro_amoroso_neo.mxl	data/cpdl/5-voices/reductions/string_quartet/077_caro_amoroso_neo.musicxml	0	4	3	3	0.923937	no	no
cpdl_5_voice_string_quartet	77	Caro amoroso neo	data/cpdl/5-voices/sources/077_caro_amoroso_neo__01_gesualdo_caro_amoroso_neo.mxl	data/cpdl/5-voices/reductions/string_quartet/077_caro_amoroso_neo.musicxml	0	5	2	2	1.28888	no	no
cpdl_5_voice_string_quartet	78	Che fai meco	data/cpdl/5-voices/sources/078_che_fai_meco__02_che_fai_meco_gesualdo.mxl	data/cpdl/5-voices/reductions/string_quartet/078_che_fai_meco.musicxml	2	-3	2	2	0.574901	no	no
cpdl_5_voice_string_quartet	78	Che fai meco	data/cpdl/5-voices/sources/078_che_fai_meco__02_che_fai_meco_gesualdo.mxl	data/cpdl/5-voices/reductions/string_quartet/078_che_fai_meco.musicxml	2	-2	3	3	0.526335	no	no
cpdl_5_voice_string_quartet	78	Che fai meco	data/cpdl/5-voices/sources/078_che_fai_meco__02_che_fai_meco_gesualdo.mxl	data/cpdl/5-voices/reductions/string_quartet/078_che_fai_meco.musicxml	2	-1	4	4	0.45322	yes	no
cpdl_5_voice_string_quartet	78	Che fai meco	data/cpdl/5-voices/sources/078_che_fai_meco__02_che_fai_meco_gesualdo.mxl	data/cpdl/5-voices/reductions/string_quartet/078_che_fai_meco.musicxml	2	0	1	1	0.447231	yes	no
cpdl_5_voice_string_quartet	78	Che fai meco	data/cpdl/5-voices/sources/078_che_fai_meco__02_che_fai_meco_gesualdo.mxl	data/cpdl/5-voices/reductions/string_quartet/078_che_fai_meco.musicxml	2	1	6	6	0.418197	yes	no
cpdl_5_voice_string_quartet	78	Che fai meco	data/cpdl/5-voices/sources/078_che_fai_meco__02_che_fai_meco_gesualdo.mxl	data/cpdl/5-voices/reductions/string_quartet/078_che_fai_meco.musicxml	2	2	1	1	0.41914	yes	yes
cpdl_5_voice_string_quartet	78	Che fai meco	data/cpdl/5-voices/sources/078_che_fai_meco__02_che_fai_meco_gesualdo.mxl	data/cpdl/5-voices/reductions/string_quartet/078_che_fai_meco.musicxml	2	3	4	4	0.474859	no	no
cpdl_5_voice_string_quartet	78	Che fai meco	data/cpdl/5-voices/sources/078_che_fai_meco__02_che_fai_meco_gesualdo.mxl	data/cpdl/5-voices/reductions/string_quartet/078_che_fai_meco.musicxml	2	4	3	3	0.644943	no	no
cpdl_5_voice_string_quartet	78	Che fai meco	data/cpdl/5-voices/sources/078_che_fai_meco__02_che_fai_meco_gesualdo.mxl	data/cpdl/5-voices/reductions/string_quartet/078_che_fai_meco.musicxml	2	5	2	2	0.830359	no	no
cpdl_5_voice_string_quartet	78	Che fai meco	data/cpdl/5-voices/sources/078_che_fai_meco__02_che_fai_meco_gesualdo.mxl	data/cpdl/5-voices/reductions/string_quartet/078_che_fai_meco.musicxml	2	6	5	5	0.93181	no	no
cpdl_5_voice_string_quartet	78	Che fai meco	data/cpdl/5-voices/sources/078_che_fai_meco__02_che_fai_meco_gesualdo.mxl	data/cpdl/5-voices/reductions/string_quartet/078_che_fai_meco.musicxml	2	7	0	0	1.35372	no	no
cpdl_5_voice_string_quartet	79	Che sentir deve il petto mio	data/cpdl/5-voices/sources/079_che_sentir_deve_il_petto_mio__01_5_che_sentir_deve.mid	data/cpdl/5-voices/reductions/string_quartet/079_che_sentir_deve_il_petto_mio.musicxml	0	-5	0	0	0.775978	no	no
cpdl_5_voice_string_quartet	79	Che sentir deve il petto mio	data/cpdl/5-voices/sources/079_che_sentir_deve_il_petto_mio__01_5_che_sentir_deve.mid	data/cpdl/5-voices/reductions/string_quartet/079_che_sentir_deve_il_petto_mio.musicxml	0	-4	5	5	0.63918	no	no
cpdl_5_voice_string_quartet	79	Che sentir deve il petto mio	data/cpdl/5-voices/sources/079_che_sentir_deve_il_petto_mio__01_5_che_sentir_deve.mid	data/cpdl/5-voices/reductions/string_quartet/079_che_sentir_deve_il_petto_mio.musicxml	0	-3	2	2	0.506208	no	no
cpdl_5_voice_string_quartet	79	Che sentir deve il petto mio	data/cpdl/5-voices/sources/079_che_sentir_deve_il_petto_mio__01_5_che_sentir_deve.mid	data/cpdl/5-voices/reductions/string_quartet/079_che_sentir_deve_il_petto_mio.musicxml	0	-2	3	3	0.45977	no	no
cpdl_5_voice_string_quartet	79	Che sentir deve il petto mio	data/cpdl/5-voices/sources/079_che_sentir_deve_il_petto_mio__01_5_che_sentir_deve.mid	data/cpdl/5-voices/reductions/string_quartet/079_che_sentir_deve_il_petto_mio.musicxml	0	-1	4	4	0.379597	yes	no
cpdl_5_voice_string_quartet	79	Che sentir deve il petto mio	data/cpdl/5-voices/sources/079_che_sentir_deve_il_petto_mio__01_5_che_sentir_deve.mid	data/cpdl/5-voices/reductions/string_quartet/079_che_sentir_deve_il_petto_mio.musicxml	0	0	1	1	0.357337	yes	yes
cpdl_5_voice_string_quartet	79	Che sentir deve il petto mio	data/cpdl/5-voices/sources/079_che_sentir_deve_il_petto_mio__01_5_che_sentir_deve.mid	data/cpdl/5-voices/reductions/string_quartet/079_che_sentir_deve_il_petto_mio.musicxml	0	1	6	6	0.356892	yes	no
cpdl_5_voice_string_quartet	79	Che sentir deve il petto mio	data/cpdl/5-voices/sources/079_che_sentir_deve_il_petto_mio__01_5_che_sentir_deve.mid	data/cpdl/5-voices/reductions/string_quartet/079_che_sentir_deve_il_petto_mio.musicxml	0	2	1	1	0.357824	yes	no
cpdl_5_voice_string_quartet	79	Che sentir deve il petto mio	data/cpdl/5-voices/sources/079_che_sentir_deve_il_petto_mio__01_5_che_sentir_deve.mid	data/cpdl/5-voices/reductions/string_quartet/079_che_sentir_deve_il_petto_mio.musicxml	0	3	4	4	0.37701	yes	no
cpdl_5_voice_string_quartet	79	Che sentir deve il petto mio	data/cpdl/5-voices/sources/079_che_sentir_deve_il_petto_mio__01_5_che_sentir_deve.mid	data/cpdl/5-voices/reductions/string_quartet/079_che_sentir_deve_il_petto_mio.musicxml	0	4	3	3	0.442528	no	no
cpdl_5_voice_string_quartet	79	Che sentir deve il petto mio	data/cpdl/5-voices/sources/079_che_sentir_deve_il_petto_mio__01_5_che_sentir_deve.mid	data/cpdl/5-voices/reductions/string_quartet/079_che_sentir_deve_il_petto_mio.musicxml	0	5	2	2	0.598556	no	no
cpdl_5_voice_string_quartet	80	Chiaro risplender suole	data/cpdl/5-voices/sources/080_chiaro_risplender_suole__02_chiaro_risplender_suole_gesualdo.mxl	data/cpdl/5-voices/reductions/string_quartet/080_chiaro_risplender_suole.musicxml	0	-5	1	1	0.88862	no	no
cpdl_5_voice_string_quartet	80	Chiaro risplender suole	data/cpdl/5-voices/sources/080_chiaro_risplender_suole__02_chiaro_risplender_suole_gesualdo.mxl	data/cpdl/5-voices/reductions/string_quartet/080_chiaro_risplender_suole.musicxml	0	-4	4	4	0.800431	no	no
cpdl_5_voice_string_quartet	80	Chiaro risplender suole	data/cpdl/5-voices/sources/080_chiaro_risplender_suole__02_chiaro_risplender_suole_gesualdo.mxl	data/cpdl/5-voices/reductions/string_quartet/080_chiaro_risplender_suole.musicxml	0	-3	3	3	0.555494	no	no
cpdl_5_voice_string_quartet	80	Chiaro risplender suole	data/cpdl/5-voices/sources/080_chiaro_risplender_suole__02_chiaro_risplender_suole_gesualdo.mxl	data/cpdl/5-voices/reductions/string_quartet/080_chiaro_risplender_suole.musicxml	0	-2	2	2	0.491487	no	no
cpdl_5_voice_string_quartet	80	Chiaro risplender suole	data/cpdl/5-voices/sources/080_chiaro_risplender_suole__02_chiaro_risplender_suole_gesualdo.mxl	data/cpdl/5-voices/reductions/string_quartet/080_chiaro_risplender_suole.musicxml	0	-1	5	5	0.411074	no	no
cpdl_5_voice_string_quartet	80	Chiaro risplender suole	data/cpdl/5-voices/sources/080_chiaro_risplender_suole__02_chiaro_risplender_suole_gesualdo.mxl	data/cpdl/5-voices/reductions/string_quartet/080_chiaro_risplender_suole.musicxml	0	0	0	0	0.360913	yes	yes
cpdl_5_voice_string_quartet	80	Chiaro risplender suole	data/cpdl/5-voices/sources/080_chiaro_risplender_suole__02_chiaro_risplender_suole_gesualdo.mxl	data/cpdl/5-voices/reductions/string_quartet/080_chiaro_risplender_suole.musicxml	0	1	5	5	0.369132	yes	no
cpdl_5_voice_string_quartet	80	Chiaro risplender suole	data/cpdl/5-voices/sources/080_chiaro_risplender_suole__02_chiaro_risplender_suole_gesualdo.mxl	data/cpdl/5-voices/reductions/string_quartet/080_chiaro_risplender_suole.musicxml	0	2	2	2	0.41431	no	no
cpdl_5_voice_string_quartet	80	Chiaro risplender suole	data/cpdl/5-voices/sources/080_chiaro_risplender_suole__02_chiaro_risplender_suole_gesualdo.mxl	data/cpdl/5-voices/reductions/string_quartet/080_chiaro_risplender_suole.musicxml	0	3	3	3	0.452186	no	no
cpdl_5_voice_string_quartet	80	Chiaro risplender suole	data/cpdl/5-voices/sources/080_chiaro_risplender_suole__02_chiaro_risplender_suole_gesualdo.mxl	data/cpdl/5-voices/reductions/string_quartet/080_chiaro_risplender_suole.musicxml	0	4	4	4	0.49232	no	no
cpdl_5_voice_string_quartet	80	Chiaro risplender suole	data/cpdl/5-voices/sources/080_chiaro_risplender_suole__02_chiaro_risplender_suole_gesualdo.mxl	data/cpdl/5-voices/reductions/string_quartet/080_chiaro_risplender_suole.musicxml	0	5	1	1	0.712503	no	no
cpdl_5_voice_string_quartet	81	Com'esser può ch'io viva	data/cpdl/5-voices/sources/081_com_esser_puo_ch_io_viva__01_gesualdo_come_esser_puo_ch_io_viva.mxl	data/cpdl/5-voices/reductions/string_quartet/081_com_esser_pu_ch_io_viva.musicxml	0	-5	0	0	0.804479	no	no
cpdl_5_voice_string_quartet	81	Com'esser può ch'io viva	data/cpdl/5-voices/sources/081_com_esser_puo_ch_io_viva__01_gesualdo_come_esser_puo_ch_io_viva.mxl	data/cpdl/5-voices/reductions/string_quartet/081_com_esser_pu_ch_io_viva.musicxml	0	-4	5	5	0.691777	no	no
cpdl_5_voice_string_quartet	81	Com'esser può ch'io viva	data/cpdl/5-voices/sources/081_com_esser_puo_ch_io_viva__01_gesualdo_come_esser_puo_ch_io_viva.mxl	data/cpdl/5-voices/reductions/string_quartet/081_com_esser_pu_ch_io_viva.musicxml	0	-3	2	2	0.536756	no	no
cpdl_5_voice_string_quartet	81	Com'esser può ch'io viva	data/cpdl/5-voices/sources/081_com_esser_puo_ch_io_viva__01_gesualdo_come_esser_puo_ch_io_viva.mxl	data/cpdl/5-voices/reductions/string_quartet/081_com_esser_pu_ch_io_viva.musicxml	0	-2	3	3	0.493801	no	no
cpdl_5_voice_string_quartet	81	Com'esser può ch'io viva	data/cpdl/5-voices/sources/081_com_esser_puo_ch_io_viva__01_gesualdo_come_esser_puo_ch_io_viva.mxl	data/cpdl/5-voices/reductions/string_quartet/081_com_esser_pu_ch_io_viva.musicxml	0	-1	4	4	0.411723	yes	no
cpdl_5_voice_string_quartet	81	Com'esser può ch'io viva	data/cpdl/5-voices/sources/081_com_esser_puo_ch_io_viva__01_gesualdo_come_esser_puo_ch_io_viva.mxl	data/cpdl/5-voices/reductions/string_quartet/081_com_esser_pu_ch_io_viva.musicxml	0	0	1	1	0.373886	yes	yes
cpdl_5_voice_string_quartet	81	Com'esser può ch'io viva	data/cpdl/5-voices/sources/081_com_esser_puo_ch_io_viva__01_gesualdo_come_esser_puo_ch_io_viva.mxl	data/cpdl/5-voices/reductions/string_quartet/081_com_esser_pu_ch_io_viva.musicxml	0	1	6	6	0.363351	yes	no
cpdl_5_voice_string_quartet	81	Com'esser può ch'io viva	data/cpdl/5-voices/sources/081_com_esser_puo_ch_io_viva__01_gesualdo_come_esser_puo_ch_io_viva.mxl	data/cpdl/5-voices/reductions/string_quartet/081_com_esser_pu_ch_io_viva.musicxml	0	2	1	1	0.386471	yes	no
cpdl_5_voice_string_quartet	81	Com'esser può ch'io viva	data/cpdl/5-voices/sources/081_com_esser_puo_ch_io_viva__01_gesualdo_come_esser_puo_ch_io_viva.mxl	data/cpdl/5-voices/reductions/string_quartet/081_com_esser_pu_ch_io_viva.musicxml	0	3	4	4	0.43659	no	no
cpdl_5_voice_string_quartet	81	Com'esser può ch'io viva	data/cpdl/5-voices/sources/081_com_esser_puo_ch_io_viva__01_gesualdo_come_esser_puo_ch_io_viva.mxl	data/cpdl/5-voices/reductions/string_quartet/081_com_esser_pu_ch_io_viva.musicxml	0	4	3	3	0.613416	no	no
cpdl_5_voice_string_quartet	81	Com'esser può ch'io viva	data/cpdl/5-voices/sources/081_com_esser_puo_ch_io_viva__01_gesualdo_come_esser_puo_ch_io_viva.mxl	data/cpdl/5-voices/reductions/string_quartet/081_com_esser_pu_ch_io_viva.musicxml	0	5	2	2	0.930719	no	no
cpdl_5_voice_string_quartet	82	Come vivrai cor mio	data/cpdl/5-voices/sources/082_come_vivrai_cor_mio__02_gesualdo_come_vivrai_cor_mio.mxl	data/cpdl/5-voices/reductions/string_quartet/082_come_vivrai_cor_mio.musicxml	2	-3	3	3	0.563098	no	no
cpdl_5_voice_string_quartet	82	Come vivrai cor mio	data/cpdl/5-voices/sources/082_come_vivrai_cor_mio__02_gesualdo_come_vivrai_cor_mio.mxl	data/cpdl/5-voices/reductions/string_quartet/082_come_vivrai_cor_mio.musicxml	2	-2	2	2	0.506092	no	no
cpdl_5_voice_string_quartet	82	Come vivrai cor mio	data/cpdl/5-voices/sources/082_come_vivrai_cor_mio__02_gesualdo_come_vivrai_cor_mio.mxl	data/cpdl/5-voices/reductions/string_quartet/082_come_vivrai_cor_mio.musicxml	2	-1	5	5	0.432452	no	no
cpdl_5_voice_string_quartet	82	Come vivrai cor mio	data/cpdl/5-voices/sources/082_come_vivrai_cor_mio__02_gesualdo_come_vivrai_cor_mio.mxl	data/cpdl/5-voices/reductions/string_quartet/082_come_vivrai_cor_mio.musicxml	2	0	0	0	0.393776	no	no
cpdl_5_voice_string_quartet	82	Come vivrai cor mio	data/cpdl/5-voices/sources/082_come_vivrai_cor_mio__02_gesualdo_come_vivrai_cor_mio.mxl	data/cpdl/5-voices/reductions/string_quartet/082_come_vivrai_cor_mio.musicxml	2	1	5	5	0.388942	no	no
cpdl_5_voice_string_quartet	82	Come vivrai cor mio	data/cpdl/5-voices/sources/082_come_vivrai_cor_mio__02_gesualdo_come_vivrai_cor_mio.mxl	data/cpdl/5-voices/reductions/string_quartet/082_come_vivrai_cor_mio.musicxml	2	2	2	2	0.30678	yes	yes
cpdl_5_voice_string_quartet	82	Come vivrai cor mio	data/cpdl/5-voices/sources/082_come_vivrai_cor_mio__02_gesualdo_come_vivrai_cor_mio.mxl	data/cpdl/5-voices/reductions/string_quartet/082_come_vivrai_cor_mio.musicxml	2	3	3	3	0.369393	no	no
cpdl_5_voice_string_quartet	82	Come vivrai cor mio	data/cpdl/5-voices/sources/082_come_vivrai_cor_mio__02_gesualdo_come_vivrai_cor_mio.mxl	data/cpdl/5-voices/reductions/string_quartet/082_come_vivrai_cor_mio.musicxml	2	4	4	4	0.399714	no	no
cpdl_5_voice_string_quartet	82	Come vivrai cor mio	data/cpdl/5-voices/sources/082_come_vivrai_cor_mio__02_gesualdo_come_vivrai_cor_mio.mxl	data/cpdl/5-voices/reductions/string_quartet/082_come_vivrai_cor_mio.musicxml	2	5	1	1	0.463693	no	no
cpdl_5_voice_string_quartet	82	Come vivrai cor mio	data/cpdl/5-voices/sources/082_come_vivrai_cor_mio__02_gesualdo_come_vivrai_cor_mio.mxl	data/cpdl/5-voices/reductions/string_quartet/082_come_vivrai_cor_mio.musicxml	2	6	6	6	0.538681	no	no
cpdl_5_voice_string_quartet	82	Come vivrai cor mio	data/cpdl/5-voices/sources/082_come_vivrai_cor_mio__02_gesualdo_come_vivrai_cor_mio.mxl	data/cpdl/5-voices/reductions/string_quartet/082_come_vivrai_cor_mio.musicxml	2	7	1	1	0.828767	no	no
cpdl_5_voice_string_quartet	83	Cor mio, deh, non piangete	data/cpdl/5-voices/sources/083_cor_mio_deh_non_piangete__02_cor_mio_deh_gesualdo.mxl	data/cpdl/5-voices/reductions/string_quartet/083_cor_mio_deh_non_piangete.musicxml	0	-5	1	1	1.09505	no	no
cpdl_5_voice_string_quartet	83	Cor mio, deh, non piangete	data/cpdl/5-voices/sources/083_cor_mio_deh_non_piangete__02_cor_mio_deh_gesualdo.mxl	data/cpdl/5-voices/reductions/string_quartet/083_cor_mio_deh_non_piangete.musicxml	0	-4	4	4	0.817118	no	no
cpdl_5_voice_string_quartet	83	Cor mio, deh, non piangete	data/cpdl/5-voices/sources/083_cor_mio_deh_non_piangete__02_cor_mio_deh_gesualdo.mxl	data/cpdl/5-voices/reductions/string_quartet/083_cor_mio_deh_non_piangete.musicxml	0	-3	3	3	0.693635	no	no
cpdl_5_voice_string_quartet	83	Cor mio, deh, non piangete	data/cpdl/5-voices/sources/083_cor_mio_deh_non_piangete__02_cor_mio_deh_gesualdo.mxl	data/cpdl/5-voices/reductions/string_quartet/083_cor_mio_deh_non_piangete.musicxml	0	-2	2	2	0.612873	no	no
cpdl_5_voice_string_quartet	83	Cor mio, deh, non piangete	data/cpdl/5-voices/sources/083_cor_mio_deh_non_piangete__02_cor_mio_deh_gesualdo.mxl	data/cpdl/5-voices/reductions/string_quartet/083_cor_mio_deh_non_piangete.musicxml	0	-1	5	5	0.516087	no	no
cpdl_5_voice_string_quartet	83	Cor mio, deh, non piangete	data/cpdl/5-voices/sources/083_cor_mio_deh_non_piangete__02_cor_mio_deh_gesualdo.mxl	data/cpdl/5-voices/reductions/string_quartet/083_cor_mio_deh_non_piangete.musicxml	0	0	0	0	0.44595	yes	yes
cpdl_5_voice_string_quartet	83	Cor mio, deh, non piangete	data/cpdl/5-voices/sources/083_cor_mio_deh_non_piangete__02_cor_mio_deh_gesualdo.mxl	data/cpdl/5-voices/reductions/string_quartet/083_cor_mio_deh_non_piangete.musicxml	0	1	5	5	0.442808	yes	no
cpdl_5_voice_string_quartet	83	Cor mio, deh, non piangete	data/cpdl/5-voices/sources/083_cor_mio_deh_non_piangete__02_cor_mio_deh_gesualdo.mxl	data/cpdl/5-voices/reductions/string_quartet/083_cor_mio_deh_non_piangete.musicxml	0	2	2	2	0.470513	yes	no
cpdl_5_voice_string_quartet	83	Cor mio, deh, non piangete	data/cpdl/5-voices/sources/083_cor_mio_deh_non_piangete__02_cor_mio_deh_gesualdo.mxl	data/cpdl/5-voices/reductions/string_quartet/083_cor_mio_deh_non_piangete.musicxml	0	3	3	3	0.520527	no	no
cpdl_5_voice_string_quartet	83	Cor mio, deh, non piangete	data/cpdl/5-voices/sources/083_cor_mio_deh_non_piangete__02_cor_mio_deh_gesualdo.mxl	data/cpdl/5-voices/reductions/string_quartet/083_cor_mio_deh_non_piangete.musicxml	0	4	4	4	0.559081	no	no
cpdl_5_voice_string_quartet	83	Cor mio, deh, non piangete	data/cpdl/5-voices/sources/083_cor_mio_deh_non_piangete__02_cor_mio_deh_gesualdo.mxl	data/cpdl/5-voices/reductions/string_quartet/083_cor_mio_deh_non_piangete.musicxml	0	5	1	1	0.793378	no	no
cpdl_5_voice_string_quartet	84	Correte, amanti, a prova	data/cpdl/5-voices/sources/084_correte_amanti_a_prova__02_gesu_13cor.mxl	data/cpdl/5-voices/reductions/string_quartet/084_correte_amanti_a_prova.musicxml	0	-5	1	1	0.603632	no	no
cpdl_5_voice_string_quartet	84	Correte, amanti, a prova	data/cpdl/5-voices/sources/084_correte_amanti_a_prova__02_gesu_13cor.mxl	data/cpdl/5-voices/reductions/string_quartet/084_correte_amanti_a_prova.musicxml	0	-4	4	4	0.527566	no	no
cpdl_5_voice_string_quartet	84	Correte, amanti, a prova	data/cpdl/5-voices/sources/084_correte_amanti_a_prova__02_gesu_13cor.mxl	data/cpdl/5-voices/reductions/string_quartet/084_correte_amanti_a_prova.musicxml	0	-3	3	3	0.47347	no	no
cpdl_5_voice_string_quartet	84	Correte, amanti, a prova	data/cpdl/5-voices/sources/084_correte_amanti_a_prova__02_gesu_13cor.mxl	data/cpdl/5-voices/reductions/string_quartet/084_correte_amanti_a_prova.musicxml	0	-2	2	2	0.44989	no	no
cpdl_5_voice_string_quartet	84	Correte, amanti, a prova	data/cpdl/5-voices/sources/084_correte_amanti_a_prova__02_gesu_13cor.mxl	data/cpdl/5-voices/reductions/string_quartet/084_correte_amanti_a_prova.musicxml	0	-1	5	5	0.366253	yes	no
cpdl_5_voice_string_quartet	84	Correte, amanti, a prova	data/cpdl/5-voices/sources/084_correte_amanti_a_prova__02_gesu_13cor.mxl	data/cpdl/5-voices/reductions/string_quartet/084_correte_amanti_a_prova.musicxml	0	0	0	0	0.36848	yes	yes
cpdl_5_voice_string_quartet	84	Correte, amanti, a prova	data/cpdl/5-voices/sources/084_correte_amanti_a_prova__02_gesu_13cor.mxl	data/cpdl/5-voices/reductions/string_quartet/084_correte_amanti_a_prova.musicxml	0	1	5	5	0.417847	yes	no
cpdl_5_voice_string_quartet	84	Correte, amanti, a prova	data/cpdl/5-voices/sources/084_correte_amanti_a_prova__02_gesu_13cor.mxl	data/cpdl/5-voices/reductions/string_quartet/084_correte_amanti_a_prova.musicxml	0	2	2	2	0.644984	no	no
cpdl_5_voice_string_quartet	84	Correte, amanti, a prova	data/cpdl/5-voices/sources/084_correte_amanti_a_prova__02_gesu_13cor.mxl	data/cpdl/5-voices/reductions/string_quartet/084_correte_amanti_a_prova.musicxml	0	3	3	3	0.792298	no	no
cpdl_5_voice_string_quartet	84	Correte, amanti, a prova	data/cpdl/5-voices/sources/084_correte_amanti_a_prova__02_gesu_13cor.mxl	data/cpdl/5-voices/reductions/string_quartet/084_correte_amanti_a_prova.musicxml	0	4	4	4	0.897753	no	no
cpdl_5_voice_string_quartet	84	Correte, amanti, a prova	data/cpdl/5-voices/sources/084_correte_amanti_a_prova__02_gesu_13cor.mxl	data/cpdl/5-voices/reductions/string_quartet/084_correte_amanti_a_prova.musicxml	0	5	1	1	1.28025	no	no
cpdl_5_voice_string_quartet	86	Dalle odorate spoglie	data/cpdl/5-voices/sources/086_dalle_odorate_spoglie__02_dalle_odorate_spoglie_gesualdo.mxl	data/cpdl/5-voices/reductions/string_quartet/086_dalle_odorate_spoglie.musicxml	0	-5	1	1	0.79793	no	no
cpdl_5_voice_string_quartet	86	Dalle odorate spoglie	data/cpdl/5-voices/sources/086_dalle_odorate_spoglie__02_dalle_odorate_spoglie_gesualdo.mxl	data/cpdl/5-voices/reductions/string_quartet/086_dalle_odorate_spoglie.musicxml	0	-4	4	4	0.736128	no	no
cpdl_5_voice_string_quartet	86	Dalle odorate spoglie	data/cpdl/5-voices/sources/086_dalle_odorate_spoglie__02_dalle_odorate_spoglie_gesualdo.mxl	data/cpdl/5-voices/reductions/string_quartet/086_dalle_odorate_spoglie.musicxml	0	-3	3	3	0.499552	no	no
cpdl_5_voice_string_quartet	86	Dalle odorate spoglie	data/cpdl/5-voices/sources/086_dalle_odorate_spoglie__02_dalle_odorate_spoglie_gesualdo.mxl	data/cpdl/5-voices/reductions/string_quartet/086_dalle_odorate_spoglie.musicxml	0	-2	2	2	0.44013	no	no
cpdl_5_voice_string_quartet	86	Dalle odorate spoglie	data/cpdl/5-voices/sources/086_dalle_odorate_spoglie__02_dalle_odorate_spoglie_gesualdo.mxl	data/cpdl/5-voices/reductions/string_quartet/086_dalle_odorate_spoglie.musicxml	0	-1	5	5	0.37388	yes	no
cpdl_5_voice_string_quartet	86	Dalle odorate spoglie	data/cpdl/5-voices/sources/086_dalle_odorate_spoglie__02_dalle_odorate_spoglie_gesualdo.mxl	data/cpdl/5-voices/reductions/string_quartet/086_dalle_odorate_spoglie.musicxml	0	0	0	0	0.383206	yes	yes
cpdl_5_voice_string_quartet	86	Dalle odorate spoglie	data/cpdl/5-voices/sources/086_dalle_odorate_spoglie__02_dalle_odorate_spoglie_gesualdo.mxl	data/cpdl/5-voices/reductions/string_quartet/086_dalle_odorate_spoglie.musicxml	0	1	5	5	0.417157	yes	no
cpdl_5_voice_string_quartet	86	Dalle odorate spoglie	data/cpdl/5-voices/sources/086_dalle_odorate_spoglie__02_dalle_odorate_spoglie_gesualdo.mxl	data/cpdl/5-voices/reductions/string_quartet/086_dalle_odorate_spoglie.musicxml	0	2	2	2	0.59434	no	no
cpdl_5_voice_string_quartet	86	Dalle odorate spoglie	data/cpdl/5-voices/sources/086_dalle_odorate_spoglie__02_dalle_odorate_spoglie_gesualdo.mxl	data/cpdl/5-voices/reductions/string_quartet/086_dalle_odorate_spoglie.musicxml	0	3	3	3	0.702368	no	no
cpdl_5_voice_string_quartet	86	Dalle odorate spoglie	data/cpdl/5-voices/sources/086_dalle_odorate_spoglie__02_dalle_odorate_spoglie_gesualdo.mxl	data/cpdl/5-voices/reductions/string_quartet/086_dalle_odorate_spoglie.musicxml	0	4	4	4	0.822579	no	no
cpdl_5_voice_string_quartet	86	Dalle odorate spoglie	data/cpdl/5-voices/sources/086_dalle_odorate_spoglie__02_dalle_odorate_spoglie_gesualdo.mxl	data/cpdl/5-voices/reductions/string_quartet/086_dalle_odorate_spoglie.musicxml	0	5	1	1	1.23982	no	no
cpdl_5_voice_string_quartet	87	Deh coprite il bel seno	data/cpdl/5-voices/sources/087_deh_coprite_il_bel_seno__02_gesu_16de.mxl	data/cpdl/5-voices/reductions/string_quartet/087_deh_coprite_il_bel_seno.musicxml	0	-5	1	1	0.7956	no	no
cpdl_5_voice_string_quartet	87	Deh coprite il bel seno	data/cpdl/5-voices/sources/087_deh_coprite_il_bel_seno__02_gesu_16de.mxl	data/cpdl/5-voices/reductions/string_quartet/087_deh_coprite_il_bel_seno.musicxml	0	-4	4	4	0.628135	no	no
cpdl_5_voice_string_quartet	87	Deh coprite il bel seno	data/cpdl/5-voices/sources/087_deh_coprite_il_bel_seno__02_gesu_16de.mxl	data/cpdl/5-voices/reductions/string_quartet/087_deh_coprite_il_bel_seno.musicxml	0	-3	3	3	0.524351	no	no
cpdl_5_voice_string_quartet	87	Deh coprite il bel seno	data/cpdl/5-voices/sources/087_deh_coprite_il_bel_seno__02_gesu_16de.mxl	data/cpdl/5-voices/reductions/string_quartet/087_deh_coprite_il_bel_seno.musicxml	0	-2	2	2	0.433449	no	no
cpdl_5_voice_string_quartet	87	Deh coprite il bel seno	data/cpdl/5-voices/sources/087_deh_coprite_il_bel_seno__02_gesu_16de.mxl	data/cpdl/5-voices/reductions/string_quartet/087_deh_coprite_il_bel_seno.musicxml	0	-1	5	5	0.366686	yes	no
cpdl_5_voice_string_quartet	87	Deh coprite il bel seno	data/cpdl/5-voices/sources/087_deh_coprite_il_bel_seno__02_gesu_16de.mxl	data/cpdl/5-voices/reductions/string_quartet/087_deh_coprite_il_bel_seno.musicxml	0	0	0	0	0.339271	yes	yes
cpdl_5_voice_string_quartet	87	Deh coprite il bel seno	data/cpdl/5-voices/sources/087_deh_coprite_il_bel_seno__02_gesu_16de.mxl	data/cpdl/5-voices/reductions/string_quartet/087_deh_coprite_il_bel_seno.musicxml	0	1	5	5	0.355119	yes	no
cpdl_5_voice_string_quartet	87	Deh coprite il bel seno	data/cpdl/5-voices/sources/087_deh_coprite_il_bel_seno__02_gesu_16de.mxl	data/cpdl/5-voices/reductions/string_quartet/087_deh_coprite_il_bel_seno.musicxml	0	2	2	2	0.4145	no	no
cpdl_5_voice_string_quartet	87	Deh coprite il bel seno	data/cpdl/5-voices/sources/087_deh_coprite_il_bel_seno__02_gesu_16de.mxl	data/cpdl/5-voices/reductions/string_quartet/087_deh_coprite_il_bel_seno.musicxml	0	3	3	3	0.456063	no	no
cpdl_5_voice_string_quartet	87	Deh coprite il bel seno	data/cpdl/5-voices/sources/087_deh_coprite_il_bel_seno__02_gesu_16de.mxl	data/cpdl/5-voices/reductions/string_quartet/087_deh_coprite_il_bel_seno.musicxml	0	4	4	4	0.546794	no	no
cpdl_5_voice_string_quartet	87	Deh coprite il bel seno	data/cpdl/5-voices/sources/087_deh_coprite_il_bel_seno__02_gesu_16de.mxl	data/cpdl/5-voices/reductions/string_quartet/087_deh_coprite_il_bel_seno.musicxml	0	5	1	1	0.829286	no	no
cpdl_5_voice_string_quartet	88	Deh, come invan sospiro	data/cpdl/5-voices/sources/088_deh_come_invan_sospiro__02_deh_come_invan_gesualdo.mxl	data/cpdl/5-voices/reductions/string_quartet/088_deh_come_invan_sospiro.musicxml	0	-5	1	1	0.842119	no	no
cpdl_5_voice_string_quartet	88	Deh, come invan sospiro	data/cpdl/5-voices/sources/088_deh_come_invan_sospiro__02_deh_come_invan_gesualdo.mxl	data/cpdl/5-voices/reductions/string_quartet/088_deh_come_invan_sospiro.musicxml	0	-4	4	4	0.666466	no	no
cpdl_5_voice_string_quartet	88	Deh, come invan sospiro	data/cpdl/5-voices/sources/088_deh_come_invan_sospiro__02_deh_come_invan_gesualdo.mxl	data/cpdl/5-voices/reductions/string_quartet/088_deh_come_invan_sospiro.musicxml	0	-3	3	3	0.504453	no	no
cpdl_5_voice_string_quartet	88	Deh, come invan sospiro	data/cpdl/5-voices/sources/088_deh_come_invan_sospiro__02_deh_come_invan_gesualdo.mxl	data/cpdl/5-voices/reductions/string_quartet/088_deh_come_invan_sospiro.musicxml	0	-2	2	2	0.400079	no	no
cpdl_5_voice_string_quartet	88	Deh, come invan sospiro	data/cpdl/5-voices/sources/088_deh_come_invan_sospiro__02_deh_come_invan_gesualdo.mxl	data/cpdl/5-voices/reductions/string_quartet/088_deh_come_invan_sospiro.musicxml	0	-1	5	5	0.345766	yes	no
cpdl_5_voice_string_quartet	88	Deh, come invan sospiro	data/cpdl/5-voices/sources/088_deh_come_invan_sospiro__02_deh_come_invan_gesualdo.mxl	data/cpdl/5-voices/reductions/string_quartet/088_deh_come_invan_sospiro.musicxml	0	0	0	0	0.306735	yes	yes
cpdl_5_voice_string_quartet	88	Deh, come invan sospiro	data/cpdl/5-voices/sources/088_deh_come_invan_sospiro__02_deh_come_invan_gesualdo.mxl	data/cpdl/5-voices/reductions/string_quartet/088_deh_come_invan_sospiro.musicxml	0	1	5	5	0.311147	yes	no
cpdl_5_voice_string_quartet	88	Deh, come invan sospiro	data/cpdl/5-voices/sources/088_deh_come_invan_sospiro__02_deh_come_invan_gesualdo.mxl	data/cpdl/5-voices/reductions/string_quartet/088_deh_come_invan_sospiro.musicxml	0	2	2	2	0.340754	yes	no
cpdl_5_voice_string_quartet	88	Deh, come invan sospiro	data/cpdl/5-voices/sources/088_deh_come_invan_sospiro__02_deh_come_invan_gesualdo.mxl	data/cpdl/5-voices/reductions/string_quartet/088_deh_come_invan_sospiro.musicxml	0	3	3	3	0.407731	no	no
cpdl_5_voice_string_quartet	88	Deh, come invan sospiro	data/cpdl/5-voices/sources/088_deh_come_invan_sospiro__02_deh_come_invan_gesualdo.mxl	data/cpdl/5-voices/reductions/string_quartet/088_deh_come_invan_sospiro.musicxml	0	4	4	4	0.451869	no	no
cpdl_5_voice_string_quartet	88	Deh, come invan sospiro	data/cpdl/5-voices/sources/088_deh_come_invan_sospiro__02_deh_come_invan_gesualdo.mxl	data/cpdl/5-voices/reductions/string_quartet/088_deh_come_invan_sospiro.musicxml	0	5	1	1	0.595742	no	no
cpdl_5_voice_string_quartet	90	Del bel de bei vostri occhi	data/cpdl/5-voices/sources/090_del_bel_de_bei_vostri_occhi__01_gesualdo_del_bel_de_bei_vostri_occhi.mxl	data/cpdl/5-voices/reductions/string_quartet/090_del_bel_de_bei_vostri_occhi.musicxml	0	-5	1	1	0.780204	no	no
cpdl_5_voice_string_quartet	90	Del bel de bei vostri occhi	data/cpdl/5-voices/sources/090_del_bel_de_bei_vostri_occhi__01_gesualdo_del_bel_de_bei_vostri_occhi.mxl	data/cpdl/5-voices/reductions/string_quartet/090_del_bel_de_bei_vostri_occhi.musicxml	0	-4	4	4	0.620259	no	no
cpdl_5_voice_string_quartet	90	Del bel de bei vostri occhi	data/cpdl/5-voices/sources/090_del_bel_de_bei_vostri_occhi__01_gesualdo_del_bel_de_bei_vostri_occhi.mxl	data/cpdl/5-voices/reductions/string_quartet/090_del_bel_de_bei_vostri_occhi.musicxml	0	-3	3	3	0.492362	no	no
cpdl_5_voice_string_quartet	90	Del bel de bei vostri occhi	data/cpdl/5-voices/sources/090_del_bel_de_bei_vostri_occhi__01_gesualdo_del_bel_de_bei_vostri_occhi.mxl	data/cpdl/5-voices/reductions/string_quartet/090_del_bel_de_bei_vostri_occhi.musicxml	0	-2	2	2	0.425729	no	no
cpdl_5_voice_string_quartet	90	Del bel de bei vostri occhi	data/cpdl/5-voices/sources/090_del_bel_de_bei_vostri_occhi__01_gesualdo_del_bel_de_bei_vostri_occhi.mxl	data/cpdl/5-voices/reductions/string_quartet/090_del_bel_de_bei_vostri_occhi.musicxml	0	-1	5	5	0.341037	yes	no
cpdl_5_voice_string_quartet	90	Del bel de bei vostri occhi	data/cpdl/5-voices/sources/090_del_bel_de_bei_vostri_occhi__01_gesualdo_del_bel_de_bei_vostri_occhi.mxl	data/cpdl/5-voices/reductions/string_quartet/090_del_bel_de_bei_vostri_occhi.musicxml	0	0	0	0	0.30393	yes	yes
cpdl_5_voice_string_quartet	90	Del bel de bei vostri occhi	data/cpdl/5-voices/sources/090_del_bel_de_bei_vostri_occhi__01_gesualdo_del_bel_de_bei_vostri_occhi.mxl	data/cpdl/5-voices/reductions/string_quartet/090_del_bel_de_bei_vostri_occhi.musicxml	0	1	5	5	0.312677	yes	no
cpdl_5_voice_string_quartet	90	Del bel de bei vostri occhi	data/cpdl/5-voices/sources/090_del_bel_de_bei_vostri_occhi__01_gesualdo_del_bel_de_bei_vostri_occhi.mxl	data/cpdl/5-voices/reductions/string_quartet/090_del_bel_de_bei_vostri_occhi.musicxml	0	2	2	2	0.352528	yes	no
cpdl_5_voice_string_quartet	90	Del bel de bei vostri occhi	data/cpdl/5-voices/sources/090_del_bel_de_bei_vostri_occhi__01_gesualdo_del_bel_de_bei_vostri_occhi.mxl	data/cpdl/5-voices/reductions/string_quartet/090_del_bel_de_bei_vostri_occhi.musicxml	0	3	3	3	0.398915	no	no
cpdl_5_voice_string_quartet	90	Del bel de bei vostri occhi	data/cpdl/5-voices/sources/090_del_bel_de_bei_vostri_occhi__01_gesualdo_del_bel_de_bei_vostri_occhi.mxl	data/cpdl/5-voices/reductions/string_quartet/090_del_bel_de_bei_vostri_occhi.musicxml	0	4	4	4	0.460795	no	no
cpdl_5_voice_string_quartet	90	Del bel de bei vostri occhi	data/cpdl/5-voices/sources/090_del_bel_de_bei_vostri_occhi__01_gesualdo_del_bel_de_bei_vostri_occhi.mxl	data/cpdl/5-voices/reductions/string_quartet/090_del_bel_de_bei_vostri_occhi.musicxml	0	5	1	1	0.695371	no	no
cpdl_5_voice_string_quartet	91	Dolce spirto d'amore	data/cpdl/5-voices/sources/091_dolce_spirto_d_amore__01_gesualdo_dolce_spirto_d_amore.mxl	data/cpdl/5-voices/reductions/string_quartet/091_dolce_spirto_d_amore.musicxml	0	-5	0	0	0.851495	no	no
cpdl_5_voice_string_quartet	91	Dolce spirto d'amore	data/cpdl/5-voices/sources/091_dolce_spirto_d_amore__01_gesualdo_dolce_spirto_d_amore.mxl	data/cpdl/5-voices/reductions/string_quartet/091_dolce_spirto_d_amore.musicxml	0	-4	5	5	0.708409	no	no
cpdl_5_voice_string_quartet	91	Dolce spirto d'amore	data/cpdl/5-voices/sources/091_dolce_spirto_d_amore__01_gesualdo_dolce_spirto_d_amore.mxl	data/cpdl/5-voices/reductions/string_quartet/091_dolce_spirto_d_amore.musicxml	0	-3	2	2	0.488643	no	no
cpdl_5_voice_string_quartet	91	Dolce spirto d'amore	data/cpdl/5-voices/sources/091_dolce_spirto_d_amore__01_gesualdo_dolce_spirto_d_amore.mxl	data/cpdl/5-voices/reductions/string_quartet/091_dolce_spirto_d_amore.musicxml	0	-2	3	3	0.427806	no	no
cpdl_5_voice_string_quartet	91	Dolce spirto d'amore	data/cpdl/5-voices/sources/091_dolce_spirto_d_amore__01_gesualdo_dolce_spirto_d_amore.mxl	data/cpdl/5-voices/reductions/string_quartet/091_dolce_spirto_d_amore.musicxml	0	-1	4	4	0.347658	yes	no
cpdl_5_voice_string_quartet	91	Dolce spirto d'amore	data/cpdl/5-voices/sources/091_dolce_spirto_d_amore__01_gesualdo_dolce_spirto_d_amore.mxl	data/cpdl/5-voices/reductions/string_quartet/091_dolce_spirto_d_amore.musicxml	0	0	1	1	0.329321	yes	yes
cpdl_5_voice_string_quartet	91	Dolce spirto d'amore	data/cpdl/5-voices/sources/091_dolce_spirto_d_amore__01_gesualdo_dolce_spirto_d_amore.mxl	data/cpdl/5-voices/reductions/string_quartet/091_dolce_spirto_d_amore.musicxml	0	1	6	6	0.344005	yes	no
cpdl_5_voice_string_quartet	91	Dolce spirto d'amore	data/cpdl/5-voices/sources/091_dolce_spirto_d_amore__01_gesualdo_dolce_spirto_d_amore.mxl	data/cpdl/5-voices/reductions/string_quartet/091_dolce_spirto_d_amore.musicxml	0	2	1	1	0.396148	no	no
cpdl_5_voice_string_quartet	91	Dolce spirto d'amore	data/cpdl/5-voices/sources/091_dolce_spirto_d_amore__01_gesualdo_dolce_spirto_d_amore.mxl	data/cpdl/5-voices/reductions/string_quartet/091_dolce_spirto_d_amore.musicxml	0	3	4	4	0.439025	no	no
cpdl_5_voice_string_quartet	91	Dolce spirto d'amore	data/cpdl/5-voices/sources/091_dolce_spirto_d_amore__01_gesualdo_dolce_spirto_d_amore.mxl	data/cpdl/5-voices/reductions/string_quartet/091_dolce_spirto_d_amore.musicxml	0	4	3	3	0.605779	no	no
cpdl_5_voice_string_quartet	91	Dolce spirto d'amore	data/cpdl/5-voices/sources/091_dolce_spirto_d_amore__01_gesualdo_dolce_spirto_d_amore.mxl	data/cpdl/5-voices/reductions/string_quartet/091_dolce_spirto_d_amore.musicxml	0	5	2	2	0.847363	no	no
cpdl_5_voice_string_quartet	92	Dolcissima mia vita	data/cpdl/5-voices/sources/092_dolcissima_mia_vita__02_dolcissima_mia_vita_gesualdo.mxl	data/cpdl/5-voices/reductions/string_quartet/092_dolcissima_mia_vita.musicxml	0	-5	0	0	0.848456	no	no
cpdl_5_voice_string_quartet	92	Dolcissima mia vita	data/cpdl/5-voices/sources/092_dolcissima_mia_vita__02_dolcissima_mia_vita_gesualdo.mxl	data/cpdl/5-voices/reductions/string_quartet/092_dolcissima_mia_vita.musicxml	0	-4	5	5	0.685974	no	no
cpdl_5_voice_string_quartet	92	Dolcissima mia vita	data/cpdl/5-voices/sources/092_dolcissima_mia_vita__02_dolcissima_mia_vita_gesualdo.mxl	data/cpdl/5-voices/reductions/string_quartet/092_dolcissima_mia_vita.musicxml	0	-3	2	2	0.486905	no	no
cpdl_5_voice_string_quartet	92	Dolcissima mia vita	data/cpdl/5-voices/sources/092_dolcissima_mia_vita__02_dolcissima_mia_vita_gesualdo.mxl	data/cpdl/5-voices/reductions/string_quartet/092_dolcissima_mia_vita.musicxml	0	-2	3	3	0.430562	no	no
cpdl_5_voice_string_quartet	92	Dolcissima mia vita	data/cpdl/5-voices/sources/092_dolcissima_mia_vita__02_dolcissima_mia_vita_gesualdo.mxl	data/cpdl/5-voices/reductions/string_quartet/092_dolcissima_mia_vita.musicxml	0	-1	4	4	0.356058	yes	no
cpdl_5_voice_string_quartet	92	Dolcissima mia vita	data/cpdl/5-voices/sources/092_dolcissima_mia_vita__02_dolcissima_mia_vita_gesualdo.mxl	data/cpdl/5-voices/reductions/string_quartet/092_dolcissima_mia_vita.musicxml	0	0	1	1	0.340678	yes	yes
cpdl_5_voice_string_quartet	92	Dolcissima mia vita	data/cpdl/5-voices/sources/092_dolcissima_mia_vita__02_dolcissima_mia_vita_gesualdo.mxl	data/cpdl/5-voices/reductions/string_quartet/092_dolcissima_mia_vita.musicxml	0	1	6	6	0.332651	yes	no
cpdl_5_voice_string_quartet	92	Dolcissima mia vita	data/cpdl/5-voices/sources/092_dolcissima_mia_vita__02_dolcissima_mia_vita_gesualdo.mxl	data/cpdl/5-voices/reductions/string_quartet/092_dolcissima_mia_vita.musicxml	0	2	1	1	0.361607	yes	no
cpdl_5_voice_string_quartet	92	Dolcissima mia vita	data/cpdl/5-voices/sources/092_dolcissima_mia_vita__02_dolcissima_mia_vita_gesualdo.mxl	data/cpdl/5-voices/reductions/string_quartet/092_dolcissima_mia_vita.musicxml	0	3	4	4	0.399334	no	no
cpdl_5_voice_string_quartet	92	Dolcissima mia vita	data/cpdl/5-voices/sources/092_dolcissima_mia_vita__02_dolcissima_mia_vita_gesualdo.mxl	data/cpdl/5-voices/reductions/string_quartet/092_dolcissima_mia_vita.musicxml	0	4	3	3	0.53254	no	no
cpdl_5_voice_string_quartet	92	Dolcissima mia vita	data/cpdl/5-voices/sources/092_dolcissima_mia_vita__02_dolcissima_mia_vita_gesualdo.mxl	data/cpdl/5-voices/reductions/string_quartet/092_dolcissima_mia_vita.musicxml	0	5	2	2	0.678732	no	no
cpdl_5_voice_string_quartet	93	Dolcissimo sospiro	data/cpdl/5-voices/sources/093_dolcissimo_sospiro__01_gesualdo_dolcissimo_sospiro.mxl	data/cpdl/5-voices/reductions/string_quartet/093_dolcissimo_sospiro.musicxml	0	-5	0	0	0.882268	no	no
cpdl_5_voice_string_quartet	93	Dolcissimo sospiro	data/cpdl/5-voices/sources/093_dolcissimo_sospiro__01_gesualdo_dolcissimo_sospiro.mxl	data/cpdl/5-voices/reductions/string_quartet/093_dolcissimo_sospiro.musicxml	0	-4	5	5	0.692923	no	no
cpdl_5_voice_string_quartet	93	Dolcissimo sospiro	data/cpdl/5-voices/sources/093_dolcissimo_sospiro__01_gesualdo_dolcissimo_sospiro.mxl	data/cpdl/5-voices/reductions/string_quartet/093_dolcissimo_sospiro.musicxml	0	-3	2	2	0.507293	no	no
cpdl_5_voice_string_quartet	93	Dolcissimo sospiro	data/cpdl/5-voices/sources/093_dolcissimo_sospiro__01_gesualdo_dolcissimo_sospiro.mxl	data/cpdl/5-voices/reductions/string_quartet/093_dolcissimo_sospiro.musicxml	0	-2	3	3	0.441102	no	no
cpdl_5_voice_string_quartet	93	Dolcissimo sospiro	data/cpdl/5-voices/sources/093_dolcissimo_sospiro__01_gesualdo_dolcissimo_sospiro.mxl	data/cpdl/5-voices/reductions/string_quartet/093_dolcissimo_sospiro.musicxml	0	-1	4	4	0.365507	yes	no
cpdl_5_voice_string_quartet	93	Dolcissimo sospiro	data/cpdl/5-voices/sources/093_dolcissimo_sospiro__01_gesualdo_dolcissimo_sospiro.mxl	data/cpdl/5-voices/reductions/string_quartet/093_dolcissimo_sospiro.musicxml	0	0	1	1	0.376366	yes	yes
cpdl_5_voice_string_quartet	93	Dolcissimo sospiro	data/cpdl/5-voices/sources/093_dolcissimo_sospiro__01_gesualdo_dolcissimo_sospiro.mxl	data/cpdl/5-voices/reductions/string_quartet/093_dolcissimo_sospiro.musicxml	0	1	6	6	0.391424	yes	no
cpdl_5_voice_string_quartet	93	Dolcissimo sospiro	data/cpdl/5-voices/sources/093_dolcissimo_sospiro__01_gesualdo_dolcissimo_sospiro.mxl	data/cpdl/5-voices/reductions/string_quartet/093_dolcissimo_sospiro.musicxml	0	2	1	1	0.429824	no	no
cpdl_5_voice_string_quartet	93	Dolcissimo sospiro	data/cpdl/5-voices/sources/093_dolcissimo_sospiro__01_gesualdo_dolcissimo_sospiro.mxl	data/cpdl/5-voices/reductions/string_quartet/093_dolcissimo_sospiro.musicxml	0	3	4	4	0.479902	no	no
cpdl_5_voice_string_quartet	93	Dolcissimo sospiro	data/cpdl/5-voices/sources/093_dolcissimo_sospiro__01_gesualdo_dolcissimo_sospiro.mxl	data/cpdl/5-voices/reductions/string_quartet/093_dolcissimo_sospiro.musicxml	0	4	3	3	0.657204	no	no
cpdl_5_voice_string_quartet	93	Dolcissimo sospiro	data/cpdl/5-voices/sources/093_dolcissimo_sospiro__01_gesualdo_dolcissimo_sospiro.mxl	data/cpdl/5-voices/reductions/string_quartet/093_dolcissimo_sospiro.musicxml	0	5	2	2	0.877826	no	no
cpdl_5_voice_string_quartet	95	Ecco, morirò dunque	data/cpdl/5-voices/sources/095_ecco_moriro_dunque__02_ecco_moriro_dunque_gesualdo.mxl	data/cpdl/5-voices/reductions/string_quartet/095_ecco_morir_dunque.musicxml	0	-5	1	1	0.701653	no	no
cpdl_5_voice_string_quartet	95	Ecco, morirò dunque	data/cpdl/5-voices/sources/095_ecco_moriro_dunque__02_ecco_moriro_dunque_gesualdo.mxl	data/cpdl/5-voices/reductions/string_quartet/095_ecco_morir_dunque.musicxml	0	-4	4	4	0.594929	no	no
cpdl_5_voice_string_quartet	95	Ecco, morirò dunque	data/cpdl/5-voices/sources/095_ecco_moriro_dunque__02_ecco_moriro_dunque_gesualdo.mxl	data/cpdl/5-voices/reductions/string_quartet/095_ecco_morir_dunque.musicxml	0	-3	3	3	0.453844	no	no
cpdl_5_voice_string_quartet	95	Ecco, morirò dunque	data/cpdl/5-voices/sources/095_ecco_moriro_dunque__02_ecco_moriro_dunque_gesualdo.mxl	data/cpdl/5-voices/reductions/string_quartet/095_ecco_morir_dunque.musicxml	0	-2	2	2	0.399462	no	no
cpdl_5_voice_string_quartet	95	Ecco, morirò dunque	data/cpdl/5-voices/sources/095_ecco_moriro_dunque__02_ecco_moriro_dunque_gesualdo.mxl	data/cpdl/5-voices/reductions/string_quartet/095_ecco_morir_dunque.musicxml	0	-1	5	5	0.364904	yes	no
cpdl_5_voice_string_quartet	95	Ecco, morirò dunque	data/cpdl/5-voices/sources/095_ecco_moriro_dunque__02_ecco_moriro_dunque_gesualdo.mxl	data/cpdl/5-voices/reductions/string_quartet/095_ecco_morir_dunque.musicxml	0	0	0	0	0.341776	yes	yes
cpdl_5_voice_string_quartet	95	Ecco, morirò dunque	data/cpdl/5-voices/sources/095_ecco_moriro_dunque__02_ecco_moriro_dunque_gesualdo.mxl	data/cpdl/5-voices/reductions/string_quartet/095_ecco_morir_dunque.musicxml	0	1	5	5	0.35875	yes	no
cpdl_5_voice_string_quartet	95	Ecco, morirò dunque	data/cpdl/5-voices/sources/095_ecco_moriro_dunque__02_ecco_moriro_dunque_gesualdo.mxl	data/cpdl/5-voices/reductions/string_quartet/095_ecco_morir_dunque.musicxml	0	2	2	2	0.451116	no	no
cpdl_5_voice_string_quartet	95	Ecco, morirò dunque	data/cpdl/5-voices/sources/095_ecco_moriro_dunque__02_ecco_moriro_dunque_gesualdo.mxl	data/cpdl/5-voices/reductions/string_quartet/095_ecco_morir_dunque.musicxml	0	3	3	3	0.546563	no	no
cpdl_5_voice_string_quartet	95	Ecco, morirò dunque	data/cpdl/5-voices/sources/095_ecco_moriro_dunque__02_ecco_moriro_dunque_gesualdo.mxl	data/cpdl/5-voices/reductions/string_quartet/095_ecco_morir_dunque.musicxml	0	4	4	4	0.606735	no	no
cpdl_5_voice_string_quartet	95	Ecco, morirò dunque	data/cpdl/5-voices/sources/095_ecco_moriro_dunque__02_ecco_moriro_dunque_gesualdo.mxl	data/cpdl/5-voices/reductions/string_quartet/095_ecco_morir_dunque.musicxml	0	5	1	1	0.803027	no	no
cpdl_5_voice_string_quartet	96	Felice primavera	data/cpdl/5-voices/sources/096_felice_primavera__02_gesualdo_felice_primavera.mxl	data/cpdl/5-voices/reductions/string_quartet/096_felice_primavera.musicxml	0	-5	0	0	0.577751	no	no
cpdl_5_voice_string_quartet	96	Felice primavera	data/cpdl/5-voices/sources/096_felice_primavera__02_gesualdo_felice_primavera.mxl	data/cpdl/5-voices/reductions/string_quartet/096_felice_primavera.musicxml	0	-4	5	5	0.501625	no	no
cpdl_5_voice_string_quartet	96	Felice primavera	data/cpdl/5-voices/sources/096_felice_primavera__02_gesualdo_felice_primavera.mxl	data/cpdl/5-voices/reductions/string_quartet/096_felice_primavera.musicxml	0	-3	2	2	0.412138	no	no
cpdl_5_voice_string_quartet	96	Felice primavera	data/cpdl/5-voices/sources/096_felice_primavera__02_gesualdo_felice_primavera.mxl	data/cpdl/5-voices/reductions/string_quartet/096_felice_primavera.musicxml	0	-2	3	3	0.368378	no	no
cpdl_5_voice_string_quartet	96	Felice primavera	data/cpdl/5-voices/sources/096_felice_primavera__02_gesualdo_felice_primavera.mxl	data/cpdl/5-voices/reductions/string_quartet/096_felice_primavera.musicxml	0	-1	4	4	0.313531	yes	no
cpdl_5_voice_string_quartet	96	Felice primavera	data/cpdl/5-voices/sources/096_felice_primavera__02_gesualdo_felice_primavera.mxl	data/cpdl/5-voices/reductions/string_quartet/096_felice_primavera.musicxml	0	0	1	1	0.297823	yes	yes
cpdl_5_voice_string_quartet	96	Felice primavera	data/cpdl/5-voices/sources/096_felice_primavera__02_gesualdo_felice_primavera.mxl	data/cpdl/5-voices/reductions/string_quartet/096_felice_primavera.musicxml	0	1	6	6	0.300709	yes	no
cpdl_5_voice_string_quartet	96	Felice primavera	data/cpdl/5-voices/sources/096_felice_primavera__02_gesualdo_felice_primavera.mxl	data/cpdl/5-voices/reductions/string_quartet/096_felice_primavera.musicxml	0	2	1	1	0.32041	yes	no
cpdl_5_voice_string_quartet	96	Felice primavera	data/cpdl/5-voices/sources/096_felice_primavera__02_gesualdo_felice_primavera.mxl	data/cpdl/5-voices/reductions/string_quartet/096_felice_primavera.musicxml	0	3	4	4	0.345687	yes	no
cpdl_5_voice_string_quartet	96	Felice primavera	data/cpdl/5-voices/sources/096_felice_primavera__02_gesualdo_felice_primavera.mxl	data/cpdl/5-voices/reductions/string_quartet/096_felice_primavera.musicxml	0	4	3	3	0.428992	no	no
cpdl_5_voice_string_quartet	96	Felice primavera	data/cpdl/5-voices/sources/096_felice_primavera__02_gesualdo_felice_primavera.mxl	data/cpdl/5-voices/reductions/string_quartet/096_felice_primavera.musicxml	0	5	2	2	0.584072	no	no
cpdl_5_voice_string_quartet	97	Felicissimo sonno	data/cpdl/5-voices/sources/097_felicissimo_sonno__02_gesu_7fel.mxl	data/cpdl/5-voices/reductions/string_quartet/097_felicissimo_sonno.musicxml	2	-3	3	3	0.691035	no	no
cpdl_5_voice_string_quartet	97	Felicissimo sonno	data/cpdl/5-voices/sources/097_felicissimo_sonno__02_gesu_7fel.mxl	data/cpdl/5-voices/reductions/string_quartet/097_felicissimo_sonno.musicxml	2	-2	2	2	0.5831	no	no
cpdl_5_voice_string_quartet	97	Felicissimo sonno	data/cpdl/5-voices/sources/097_felicissimo_sonno__02_gesu_7fel.mxl	data/cpdl/5-voices/reductions/string_quartet/097_felicissimo_sonno.musicxml	2	-1	5	5	0.492364	no	no
cpdl_5_voice_string_quartet	97	Felicissimo sonno	data/cpdl/5-voices/sources/097_felicissimo_sonno__02_gesu_7fel.mxl	data/cpdl/5-voices/reductions/string_quartet/097_felicissimo_sonno.musicxml	2	0	0	0	0.436662	no	no
cpdl_5_voice_string_quartet	97	Felicissimo sonno	data/cpdl/5-voices/sources/097_felicissimo_sonno__02_gesu_7fel.mxl	data/cpdl/5-voices/reductions/string_quartet/097_felicissimo_sonno.musicxml	2	1	5	5	0.388196	yes	no
cpdl_5_voice_string_quartet	97	Felicissimo sonno	data/cpdl/5-voices/sources/097_felicissimo_sonno__02_gesu_7fel.mxl	data/cpdl/5-voices/reductions/string_quartet/097_felicissimo_sonno.musicxml	2	2	2	2	0.380197	yes	yes
cpdl_5_voice_string_quartet	97	Felicissimo sonno	data/cpdl/5-voices/sources/097_felicissimo_sonno__02_gesu_7fel.mxl	data/cpdl/5-voices/reductions/string_quartet/097_felicissimo_sonno.musicxml	2	3	3	3	0.408931	yes	no
cpdl_5_voice_string_quartet	97	Felicissimo sonno	data/cpdl/5-voices/sources/097_felicissimo_sonno__02_gesu_7fel.mxl	data/cpdl/5-voices/reductions/string_quartet/097_felicissimo_sonno.musicxml	2	4	4	4	0.482681	no	no
cpdl_5_voice_string_quartet	97	Felicissimo sonno	data/cpdl/5-voices/sources/097_felicissimo_sonno__02_gesu_7fel.mxl	data/cpdl/5-voices/reductions/string_quartet/097_felicissimo_sonno.musicxml	2	5	1	1	0.663327	no	no
cpdl_5_voice_string_quartet	97	Felicissimo sonno	data/cpdl/5-voices/sources/097_felicissimo_sonno__02_gesu_7fel.mxl	data/cpdl/5-voices/reductions/string_quartet/097_felicissimo_sonno.musicxml	2	6	6	6	0.778415	no	no
cpdl_5_voice_string_quartet	97	Felicissimo sonno	data/cpdl/5-voices/sources/097_felicissimo_sonno__02_gesu_7fel.mxl	data/cpdl/5-voices/reductions/string_quartet/097_felicissimo_sonno.musicxml	2	7	1	1	1.09922	no	no
cpdl_5_voice_string_quartet	98	Gelo ha madonna il seno	data/cpdl/5-voices/sources/098_gelo_ha_madonna_il_seno__01_gesualdo_gelo.mxl	data/cpdl/5-voices/reductions/string_quartet/098_gelo_ha_madonna_il_seno.musicxml	2	-3	2	2	1.02659	no	no
cpdl_5_voice_string_quartet	98	Gelo ha madonna il seno	data/cpdl/5-voices/sources/098_gelo_ha_madonna_il_seno__01_gesualdo_gelo.mxl	data/cpdl/5-voices/reductions/string_quartet/098_gelo_ha_madonna_il_seno.musicxml	2	-2	3	3	0.784846	no	no
cpdl_5_voice_string_quartet	98	Gelo ha madonna il seno	data/cpdl/5-voices/sources/098_gelo_ha_madonna_il_seno__01_gesualdo_gelo.mxl	data/cpdl/5-voices/reductions/string_quartet/098_gelo_ha_madonna_il_seno.musicxml	2	-1	4	4	0.580057	no	no
cpdl_5_voice_string_quartet	98	Gelo ha madonna il seno	data/cpdl/5-voices/sources/098_gelo_ha_madonna_il_seno__01_gesualdo_gelo.mxl	data/cpdl/5-voices/reductions/string_quartet/098_gelo_ha_madonna_il_seno.musicxml	2	0	1	1	0.505705	no	no
cpdl_5_voice_string_quartet	98	Gelo ha madonna il seno	data/cpdl/5-voices/sources/098_gelo_ha_madonna_il_seno__01_gesualdo_gelo.mxl	data/cpdl/5-voices/reductions/string_quartet/098_gelo_ha_madonna_il_seno.musicxml	2	1	6	6	0.389469	yes	no
cpdl_5_voice_string_quartet	98	Gelo ha madonna il seno	data/cpdl/5-voices/sources/098_gelo_ha_madonna_il_seno__01_gesualdo_gelo.mxl	data/cpdl/5-voices/reductions/string_quartet/098_gelo_ha_madonna_il_seno.musicxml	2	2	1	1	0.375795	yes	yes
cpdl_5_voice_string_quartet	98	Gelo ha madonna il seno	data/cpdl/5-voices/sources/098_gelo_ha_madonna_il_seno__01_gesualdo_gelo.mxl	data/cpdl/5-voices/reductions/string_quartet/098_gelo_ha_madonna_il_seno.musicxml	2	3	4	4	0.409083	yes	no
cpdl_5_voice_string_quartet	98	Gelo ha madonna il seno	data/cpdl/5-voices/sources/098_gelo_ha_madonna_il_seno__01_gesualdo_gelo.mxl	data/cpdl/5-voices/reductions/string_quartet/098_gelo_ha_madonna_il_seno.musicxml	2	4	3	3	0.505898	no	no
cpdl_5_voice_string_quartet	98	Gelo ha madonna il seno	data/cpdl/5-voices/sources/098_gelo_ha_madonna_il_seno__01_gesualdo_gelo.mxl	data/cpdl/5-voices/reductions/string_quartet/098_gelo_ha_madonna_il_seno.musicxml	2	5	2	2	0.636314	no	no
cpdl_5_voice_string_quartet	98	Gelo ha madonna il seno	data/cpdl/5-voices/sources/098_gelo_ha_madonna_il_seno__01_gesualdo_gelo.mxl	data/cpdl/5-voices/reductions/string_quartet/098_gelo_ha_madonna_il_seno.musicxml	2	6	5	5	0.718364	no	no
cpdl_5_voice_string_quartet	98	Gelo ha madonna il seno	data/cpdl/5-voices/sources/098_gelo_ha_madonna_il_seno__01_gesualdo_gelo.mxl	data/cpdl/5-voices/reductions/string_quartet/098_gelo_ha_madonna_il_seno.musicxml	2	7	0	0	1.03574	no	no
cpdl_5_voice_string_quartet	99	Gioite voi col canto	data/cpdl/5-voices/sources/099_gioite_voi_col_canto__02_gioite_voi_gesualdo.mxl	data/cpdl/5-voices/reductions/string_quartet/099_gioite_voi_col_canto.musicxml	0	-5	0	0	0.711763	no	no
cpdl_5_voice_string_quartet	99	Gioite voi col canto	data/cpdl/5-voices/sources/099_gioite_voi_col_canto__02_gioite_voi_gesualdo.mxl	data/cpdl/5-voices/reductions/string_quartet/099_gioite_voi_col_canto.musicxml	0	-4	5	5	0.624248	no	no
cpdl_5_voice_string_quartet	99	Gioite voi col canto	data/cpdl/5-voices/sources/099_gioite_voi_col_canto__02_gioite_voi_gesualdo.mxl	data/cpdl/5-voices/reductions/string_quartet/099_gioite_voi_col_canto.musicxml	0	-3	2	2	0.468608	no	no
cpdl_5_voice_string_quartet	99	Gioite voi col canto	data/cpdl/5-voices/sources/099_gioite_voi_col_canto__02_gioite_voi_gesualdo.mxl	data/cpdl/5-voices/reductions/string_quartet/099_gioite_voi_col_canto.musicxml	0	-2	3	3	0.419835	no	no
cpdl_5_voice_string_quartet	99	Gioite voi col canto	data/cpdl/5-voices/sources/099_gioite_voi_col_canto__02_gioite_voi_gesualdo.mxl	data/cpdl/5-voices/reductions/string_quartet/099_gioite_voi_col_canto.musicxml	0	-1	4	4	0.357128	yes	no
cpdl_5_voice_string_quartet	99	Gioite voi col canto	data/cpdl/5-voices/sources/099_gioite_voi_col_canto__02_gioite_voi_gesualdo.mxl	data/cpdl/5-voices/reductions/string_quartet/099_gioite_voi_col_canto.musicxml	0	0	1	1	0.348426	yes	yes
cpdl_5_voice_string_quartet	99	Gioite voi col canto	data/cpdl/5-voices/sources/099_gioite_voi_col_canto__02_gioite_voi_gesualdo.mxl	data/cpdl/5-voices/reductions/string_quartet/099_gioite_voi_col_canto.musicxml	0	1	6	6	0.351889	yes	no
cpdl_5_voice_string_quartet	99	Gioite voi col canto	data/cpdl/5-voices/sources/099_gioite_voi_col_canto__02_gioite_voi_gesualdo.mxl	data/cpdl/5-voices/reductions/string_quartet/099_gioite_voi_col_canto.musicxml	0	2	1	1	0.423291	no	no
cpdl_5_voice_string_quartet	99	Gioite voi col canto	data/cpdl/5-voices/sources/099_gioite_voi_col_canto__02_gioite_voi_gesualdo.mxl	data/cpdl/5-voices/reductions/string_quartet/099_gioite_voi_col_canto.musicxml	0	3	4	4	0.468551	no	no
cpdl_5_voice_string_quartet	99	Gioite voi col canto	data/cpdl/5-voices/sources/099_gioite_voi_col_canto__02_gioite_voi_gesualdo.mxl	data/cpdl/5-voices/reductions/string_quartet/099_gioite_voi_col_canto.musicxml	0	4	3	3	0.587977	no	no
cpdl_5_voice_string_quartet	99	Gioite voi col canto	data/cpdl/5-voices/sources/099_gioite_voi_col_canto__02_gioite_voi_gesualdo.mxl	data/cpdl/5-voices/reductions/string_quartet/099_gioite_voi_col_canto.musicxml	0	5	2	2	0.857753	no	no
cpdl_5_voice_string_quartet	100	Già piansi nel dolore	data/cpdl/5-voices/sources/100_gia_piansi_nel_dolore__02_gia_piansi_nel_dolore_gesualdo.mxl	data/cpdl/5-voices/reductions/string_quartet/100_gi_piansi_nel_dolore.musicxml	0	-5	1	1	0.768796	no	no
cpdl_5_voice_string_quartet	100	Già piansi nel dolore	data/cpdl/5-voices/sources/100_gia_piansi_nel_dolore__02_gia_piansi_nel_dolore_gesualdo.mxl	data/cpdl/5-voices/reductions/string_quartet/100_gi_piansi_nel_dolore.musicxml	0	-4	4	4	0.654778	no	no
cpdl_5_voice_string_quartet	100	Già piansi nel dolore	data/cpdl/5-voices/sources/100_gia_piansi_nel_dolore__02_gia_piansi_nel_dolore_gesualdo.mxl	data/cpdl/5-voices/reductions/string_quartet/100_gi_piansi_nel_dolore.musicxml	0	-3	3	3	0.533226	no	no
cpdl_5_voice_string_quartet	100	Già piansi nel dolore	data/cpdl/5-voices/sources/100_gia_piansi_nel_dolore__02_gia_piansi_nel_dolore_gesualdo.mxl	data/cpdl/5-voices/reductions/string_quartet/100_gi_piansi_nel_dolore.musicxml	0	-2	2	2	0.461596	no	no
cpdl_5_voice_string_quartet	100	Già piansi nel dolore	data/cpdl/5-voices/sources/100_gia_piansi_nel_dolore__02_gia_piansi_nel_dolore_gesualdo.mxl	data/cpdl/5-voices/reductions/string_quartet/100_gi_piansi_nel_dolore.musicxml	0	-1	5	5	0.360045	yes	no
cpdl_5_voice_string_quartet	100	Già piansi nel dolore	data/cpdl/5-voices/sources/100_gia_piansi_nel_dolore__02_gia_piansi_nel_dolore_gesualdo.mxl	data/cpdl/5-voices/reductions/string_quartet/100_gi_piansi_nel_dolore.musicxml	0	0	0	0	0.33185	yes	yes
cpdl_5_voice_string_quartet	100	Già piansi nel dolore	data/cpdl/5-voices/sources/100_gia_piansi_nel_dolore__02_gia_piansi_nel_dolore_gesualdo.mxl	data/cpdl/5-voices/reductions/string_quartet/100_gi_piansi_nel_dolore.musicxml	0	1	5	5	0.353313	yes	no
cpdl_5_voice_string_quartet	100	Già piansi nel dolore	data/cpdl/5-voices/sources/100_gia_piansi_nel_dolore__02_gia_piansi_nel_dolore_gesualdo.mxl	data/cpdl/5-voices/reductions/string_quartet/100_gi_piansi_nel_dolore.musicxml	0	2	2	2	0.432409	no	no
cpdl_5_voice_string_quartet	100	Già piansi nel dolore	data/cpdl/5-voices/sources/100_gia_piansi_nel_dolore__02_gia_piansi_nel_dolore_gesualdo.mxl	data/cpdl/5-voices/reductions/string_quartet/100_gi_piansi_nel_dolore.musicxml	0	3	3	3	0.530475	no	no
cpdl_5_voice_string_quartet	100	Già piansi nel dolore	data/cpdl/5-voices/sources/100_gia_piansi_nel_dolore__02_gia_piansi_nel_dolore_gesualdo.mxl	data/cpdl/5-voices/reductions/string_quartet/100_gi_piansi_nel_dolore.musicxml	0	4	4	4	0.58	no	no
cpdl_5_voice_string_quartet	100	Già piansi nel dolore	data/cpdl/5-voices/sources/100_gia_piansi_nel_dolore__02_gia_piansi_nel_dolore_gesualdo.mxl	data/cpdl/5-voices/reductions/string_quartet/100_gi_piansi_nel_dolore.musicxml	0	5	1	1	0.722861	no	no
cpdl_5_voice_string_quartet	101	Hai rotto e sciolto e spento	data/cpdl/5-voices/sources/101_hai_rotto_e_sciolto_e_spento__02_hai_rotto_gesualdo.mxl	data/cpdl/5-voices/reductions/string_quartet/101_hai_rotto_e_sciolto_e_spento.musicxml	1	-4	5	5	0.904481	no	no
cpdl_5_voice_string_quartet	101	Hai rotto e sciolto e spento	data/cpdl/5-voices/sources/101_hai_rotto_e_sciolto_e_spento__02_hai_rotto_gesualdo.mxl	data/cpdl/5-voices/reductions/string_quartet/101_hai_rotto_e_sciolto_e_spento.musicxml	1	-3	0	0	0.758221	no	no
cpdl_5_voice_string_quartet	101	Hai rotto e sciolto e spento	data/cpdl/5-voices/sources/101_hai_rotto_e_sciolto_e_spento__02_hai_rotto_gesualdo.mxl	data/cpdl/5-voices/reductions/string_quartet/101_hai_rotto_e_sciolto_e_spento.musicxml	1	-2	5	5	0.677827	no	no
cpdl_5_voice_string_quartet	101	Hai rotto e sciolto e spento	data/cpdl/5-voices/sources/101_hai_rotto_e_sciolto_e_spento__02_hai_rotto_gesualdo.mxl	data/cpdl/5-voices/reductions/string_quartet/101_hai_rotto_e_sciolto_e_spento.musicxml	1	-1	2	2	0.532812	no	no
cpdl_5_voice_string_quartet	101	Hai rotto e sciolto e spento	data/cpdl/5-voices/sources/101_hai_rotto_e_sciolto_e_spento__02_hai_rotto_gesualdo.mxl	data/cpdl/5-voices/reductions/string_quartet/101_hai_rotto_e_sciolto_e_spento.musicxml	1	0	3	3	0.50135	no	no
cpdl_5_voice_string_quartet	101	Hai rotto e sciolto e spento	data/cpdl/5-voices/sources/101_hai_rotto_e_sciolto_e_spento__02_hai_rotto_gesualdo.mxl	data/cpdl/5-voices/reductions/string_quartet/101_hai_rotto_e_sciolto_e_spento.musicxml	1	1	4	4	0.446195	yes	yes
cpdl_5_voice_string_quartet	101	Hai rotto e sciolto e spento	data/cpdl/5-voices/sources/101_hai_rotto_e_sciolto_e_spento__02_hai_rotto_gesualdo.mxl	data/cpdl/5-voices/reductions/string_quartet/101_hai_rotto_e_sciolto_e_spento.musicxml	1	2	1	1	0.519842	no	no
cpdl_5_voice_string_quartet	101	Hai rotto e sciolto e spento	data/cpdl/5-voices/sources/101_hai_rotto_e_sciolto_e_spento__02_hai_rotto_gesualdo.mxl	data/cpdl/5-voices/reductions/string_quartet/101_hai_rotto_e_sciolto_e_spento.musicxml	1	3	6	6	0.558032	no	no
cpdl_5_voice_string_quartet	101	Hai rotto e sciolto e spento	data/cpdl/5-voices/sources/101_hai_rotto_e_sciolto_e_spento__02_hai_rotto_gesualdo.mxl	data/cpdl/5-voices/reductions/string_quartet/101_hai_rotto_e_sciolto_e_spento.musicxml	1	4	1	1	0.745473	no	no
cpdl_5_voice_string_quartet	101	Hai rotto e sciolto e spento	data/cpdl/5-voices/sources/101_hai_rotto_e_sciolto_e_spento__02_hai_rotto_gesualdo.mxl	data/cpdl/5-voices/reductions/string_quartet/101_hai_rotto_e_sciolto_e_spento.musicxml	1	5	4	4	0.826534	no	no
cpdl_5_voice_string_quartet	101	Hai rotto e sciolto e spento	data/cpdl/5-voices/sources/101_hai_rotto_e_sciolto_e_spento__02_hai_rotto_gesualdo.mxl	data/cpdl/5-voices/reductions/string_quartet/101_hai_rotto_e_sciolto_e_spento.musicxml	1	6	3	3	1.0689	no	no
cpdl_5_voice_string_quartet	102	In più leggiadro velo	data/cpdl/5-voices/sources/102_in_piu_leggiadro_velo__01_gesualdo_in_piu_leggiadro_velo.mxl	data/cpdl/5-voices/reductions/string_quartet/102_in_pi_leggiadro_velo.musicxml	0	-5	0	0	0.695759	no	no
cpdl_5_voice_string_quartet	102	In più leggiadro velo	data/cpdl/5-voices/sources/102_in_piu_leggiadro_velo__01_gesualdo_in_piu_leggiadro_velo.mxl	data/cpdl/5-voices/reductions/string_quartet/102_in_pi_leggiadro_velo.musicxml	0	-4	5	5	0.581543	no	no
cpdl_5_voice_string_quartet	102	In più leggiadro velo	data/cpdl/5-voices/sources/102_in_piu_leggiadro_velo__01_gesualdo_in_piu_leggiadro_velo.mxl	data/cpdl/5-voices/reductions/string_quartet/102_in_pi_leggiadro_velo.musicxml	0	-3	2	2	0.436301	no	no
cpdl_5_voice_string_quartet	102	In più leggiadro velo	data/cpdl/5-voices/sources/102_in_piu_leggiadro_velo__01_gesualdo_in_piu_leggiadro_velo.mxl	data/cpdl/5-voices/reductions/string_quartet/102_in_pi_leggiadro_velo.musicxml	0	-2	3	3	0.394225	yes	no
cpdl_5_voice_string_quartet	102	In più leggiadro velo	data/cpdl/5-voices/sources/102_in_piu_leggiadro_velo__01_gesualdo_in_piu_leggiadro_velo.mxl	data/cpdl/5-voices/reductions/string_quartet/102_in_pi_leggiadro_velo.musicxml	0	-1	4	4	0.346915	yes	no
cpdl_5_voice_string_quartet	102	In più leggiadro velo	data/cpdl/5-voices/sources/102_in_piu_leggiadro_velo__01_gesualdo_in_piu_leggiadro_velo.mxl	data/cpdl/5-voices/reductions/string_quartet/102_in_pi_leggiadro_velo.musicxml	0	0	1	1	0.344482	yes	yes
cpdl_5_voice_string_quartet	102	In più leggiadro velo	data/cpdl/5-voices/sources/102_in_piu_leggiadro_velo__01_gesualdo_in_piu_leggiadro_velo.mxl	data/cpdl/5-voices/reductions/string_quartet/102_in_pi_leggiadro_velo.musicxml	0	1	6	6	0.368694	yes	no
cpdl_5_voice_string_quartet	102	In più leggiadro velo	data/cpdl/5-voices/sources/102_in_piu_leggiadro_velo__01_gesualdo_in_piu_leggiadro_velo.mxl	data/cpdl/5-voices/reductions/string_quartet/102_in_pi_leggiadro_velo.musicxml	0	2	1	1	0.487919	no	no
cpdl_5_voice_string_quartet	102	In più leggiadro velo	data/cpdl/5-voices/sources/102_in_piu_leggiadro_velo__01_gesualdo_in_piu_leggiadro_velo.mxl	data/cpdl/5-voices/reductions/string_quartet/102_in_pi_leggiadro_velo.musicxml	0	3	4	4	0.529299	no	no
cpdl_5_voice_string_quartet	102	In più leggiadro velo	data/cpdl/5-voices/sources/102_in_piu_leggiadro_velo__01_gesualdo_in_piu_leggiadro_velo.mxl	data/cpdl/5-voices/reductions/string_quartet/102_in_pi_leggiadro_velo.musicxml	0	4	3	3	0.686967	no	no
cpdl_5_voice_string_quartet	102	In più leggiadro velo	data/cpdl/5-voices/sources/102_in_piu_leggiadro_velo__01_gesualdo_in_piu_leggiadro_velo.mxl	data/cpdl/5-voices/reductions/string_quartet/102_in_pi_leggiadro_velo.musicxml	0	5	2	2	0.885759	no	no
cpdl_5_voice_string_quartet	103	Io parto, e non più dissi	data/cpdl/5-voices/sources/103_io_parto_e_non_piu_dissi__02_io_parto_gesualdo.mxl	data/cpdl/5-voices/reductions/string_quartet/103_io_parto_e_non_pi_dissi.musicxml	0	-5	1	1	1.13069	no	no
cpdl_5_voice_string_quartet	103	Io parto, e non più dissi	data/cpdl/5-voices/sources/103_io_parto_e_non_piu_dissi__02_io_parto_gesualdo.mxl	data/cpdl/5-voices/reductions/string_quartet/103_io_parto_e_non_pi_dissi.musicxml	0	-4	4	4	0.856991	no	no
cpdl_5_voice_string_quartet	103	Io parto, e non più dissi	data/cpdl/5-voices/sources/103_io_parto_e_non_piu_dissi__02_io_parto_gesualdo.mxl	data/cpdl/5-voices/reductions/string_quartet/103_io_parto_e_non_pi_dissi.musicxml	0	-3	3	3	0.699268	no	no
cpdl_5_voice_string_quartet	103	Io parto, e non più dissi	data/cpdl/5-voices/sources/103_io_parto_e_non_piu_dissi__02_io_parto_gesualdo.mxl	data/cpdl/5-voices/reductions/string_quartet/103_io_parto_e_non_pi_dissi.musicxml	0	-2	2	2	0.591668	no	no
cpdl_5_voice_string_quartet	103	Io parto, e non più dissi	data/cpdl/5-voices/sources/103_io_parto_e_non_piu_dissi__02_io_parto_gesualdo.mxl	data/cpdl/5-voices/reductions/string_quartet/103_io_parto_e_non_pi_dissi.musicxml	0	-1	5	5	0.483121	no	no
cpdl_5_voice_string_quartet	103	Io parto, e non più dissi	data/cpdl/5-voices/sources/103_io_parto_e_non_piu_dissi__02_io_parto_gesualdo.mxl	data/cpdl/5-voices/reductions/string_quartet/103_io_parto_e_non_pi_dissi.musicxml	0	0	0	0	0.405896	yes	yes
cpdl_5_voice_string_quartet	103	Io parto, e non più dissi	data/cpdl/5-voices/sources/103_io_parto_e_non_piu_dissi__02_io_parto_gesualdo.mxl	data/cpdl/5-voices/reductions/string_quartet/103_io_parto_e_non_pi_dissi.musicxml	0	1	5	5	0.409703	yes	no
cpdl_5_voice_string_quartet	103	Io parto, e non più dissi	data/cpdl/5-voices/sources/103_io_parto_e_non_piu_dissi__02_io_parto_gesualdo.mxl	data/cpdl/5-voices/reductions/string_quartet/103_io_parto_e_non_pi_dissi.musicxml	0	2	2	2	0.454227	yes	no
cpdl_5_voice_string_quartet	103	Io parto, e non più dissi	data/cpdl/5-voices/sources/103_io_parto_e_non_piu_dissi__02_io_parto_gesualdo.mxl	data/cpdl/5-voices/reductions/string_quartet/103_io_parto_e_non_pi_dissi.musicxml	0	3	3	3	0.53141	no	no
cpdl_5_voice_string_quartet	103	Io parto, e non più dissi	data/cpdl/5-voices/sources/103_io_parto_e_non_piu_dissi__02_io_parto_gesualdo.mxl	data/cpdl/5-voices/reductions/string_quartet/103_io_parto_e_non_pi_dissi.musicxml	0	4	4	4	0.593411	no	no
cpdl_5_voice_string_quartet	103	Io parto, e non più dissi	data/cpdl/5-voices/sources/103_io_parto_e_non_piu_dissi__02_io_parto_gesualdo.mxl	data/cpdl/5-voices/reductions/string_quartet/103_io_parto_e_non_pi_dissi.musicxml	0	5	1	1	0.810992	no	no
cpdl_5_voice_string_quartet	104	Io pur respiro in così gran dolore	data/cpdl/5-voices/sources/104_io_pur_respiro_in_cosi_gran_dolore__02_io_pur_respiro_gesualdo.mxl	data/cpdl/5-voices/reductions/string_quartet/104_io_pur_respiro_in_cos_gran_dolore.musicxml	0	-5	1	1	0.54746	no	no
cpdl_5_voice_string_quartet	104	Io pur respiro in così gran dolore	data/cpdl/5-voices/sources/104_io_pur_respiro_in_cosi_gran_dolore__02_io_pur_respiro_gesualdo.mxl	data/cpdl/5-voices/reductions/string_quartet/104_io_pur_respiro_in_cos_gran_dolore.musicxml	0	-4	4	4	0.48682	no	no
cpdl_5_voice_string_quartet	104	Io pur respiro in così gran dolore	data/cpdl/5-voices/sources/104_io_pur_respiro_in_cosi_gran_dolore__02_io_pur_respiro_gesualdo.mxl	data/cpdl/5-voices/reductions/string_quartet/104_io_pur_respiro_in_cos_gran_dolore.musicxml	0	-3	3	3	0.404949	no	no
cpdl_5_voice_string_quartet	104	Io pur respiro in così gran dolore	data/cpdl/5-voices/sources/104_io_pur_respiro_in_cosi_gran_dolore__02_io_pur_respiro_gesualdo.mxl	data/cpdl/5-voices/reductions/string_quartet/104_io_pur_respiro_in_cos_gran_dolore.musicxml	0	-2	2	2	0.363089	no	no
cpdl_5_voice_string_quartet	104	Io pur respiro in così gran dolore	data/cpdl/5-voices/sources/104_io_pur_respiro_in_cosi_gran_dolore__02_io_pur_respiro_gesualdo.mxl	data/cpdl/5-voices/reductions/string_quartet/104_io_pur_respiro_in_cos_gran_dolore.musicxml	0	-1	5	5	0.297373	yes	no
cpdl_5_voice_string_quartet	104	Io pur respiro in così gran dolore	data/cpdl/5-voices/sources/104_io_pur_respiro_in_cosi_gran_dolore__02_io_pur_respiro_gesualdo.mxl	data/cpdl/5-voices/reductions/string_quartet/104_io_pur_respiro_in_cos_gran_dolore.musicxml	0	0	0	0	0.280893	yes	yes
cpdl_5_voice_string_quartet	104	Io pur respiro in così gran dolore	data/cpdl/5-voices/sources/104_io_pur_respiro_in_cosi_gran_dolore__02_io_pur_respiro_gesualdo.mxl	data/cpdl/5-voices/reductions/string_quartet/104_io_pur_respiro_in_cos_gran_dolore.musicxml	0	1	5	5	0.305085	yes	no
cpdl_5_voice_string_quartet	104	Io pur respiro in così gran dolore	data/cpdl/5-voices/sources/104_io_pur_respiro_in_cosi_gran_dolore__02_io_pur_respiro_gesualdo.mxl	data/cpdl/5-voices/reductions/string_quartet/104_io_pur_respiro_in_cos_gran_dolore.musicxml	0	2	2	2	0.370915	no	no
cpdl_5_voice_string_quartet	104	Io pur respiro in così gran dolore	data/cpdl/5-voices/sources/104_io_pur_respiro_in_cosi_gran_dolore__02_io_pur_respiro_gesualdo.mxl	data/cpdl/5-voices/reductions/string_quartet/104_io_pur_respiro_in_cos_gran_dolore.musicxml	0	3	3	3	0.484084	no	no
cpdl_5_voice_string_quartet	104	Io pur respiro in così gran dolore	data/cpdl/5-voices/sources/104_io_pur_respiro_in_cosi_gran_dolore__02_io_pur_respiro_gesualdo.mxl	data/cpdl/5-voices/reductions/string_quartet/104_io_pur_respiro_in_cos_gran_dolore.musicxml	0	4	4	4	0.638173	no	no
cpdl_5_voice_string_quartet	104	Io pur respiro in così gran dolore	data/cpdl/5-voices/sources/104_io_pur_respiro_in_cosi_gran_dolore__02_io_pur_respiro_gesualdo.mxl	data/cpdl/5-voices/reductions/string_quartet/104_io_pur_respiro_in_cos_gran_dolore.musicxml	0	5	1	1	0.866116	no	no
cpdl_5_voice_string_quartet	105	Io tacerò	data/cpdl/5-voices/sources/105_io_tacero__02_io_tacero_gesualdo.mxl	data/cpdl/5-voices/reductions/string_quartet/105_io_tacer.musicxml	2	-3	2	2	0.690682	no	no
cpdl_5_voice_string_quartet	105	Io tacerò	data/cpdl/5-voices/sources/105_io_tacero__02_io_tacero_gesualdo.mxl	data/cpdl/5-voices/reductions/string_quartet/105_io_tacer.musicxml	2	-2	3	3	0.599613	no	no
cpdl_5_voice_string_quartet	105	Io tacerò	data/cpdl/5-voices/sources/105_io_tacero__02_io_tacero_gesualdo.mxl	data/cpdl/5-voices/reductions/string_quartet/105_io_tacer.musicxml	2	-1	4	4	0.486349	yes	no
cpdl_5_voice_string_quartet	105	Io tacerò	data/cpdl/5-voices/sources/105_io_tacero__02_io_tacero_gesualdo.mxl	data/cpdl/5-voices/reductions/string_quartet/105_io_tacer.musicxml	2	0	1	1	0.456149	yes	no
cpdl_5_voice_string_quartet	105	Io tacerò	data/cpdl/5-voices/sources/105_io_tacero__02_io_tacero_gesualdo.mxl	data/cpdl/5-voices/reductions/string_quartet/105_io_tacer.musicxml	2	1	6	6	0.403716	yes	no
cpdl_5_voice_string_quartet	105	Io tacerò	data/cpdl/5-voices/sources/105_io_tacero__02_io_tacero_gesualdo.mxl	data/cpdl/5-voices/reductions/string_quartet/105_io_tacer.musicxml	2	2	1	1	0.448495	yes	yes
cpdl_5_voice_string_quartet	105	Io tacerò	data/cpdl/5-voices/sources/105_io_tacero__02_io_tacero_gesualdo.mxl	data/cpdl/5-voices/reductions/string_quartet/105_io_tacer.musicxml	2	3	4	4	0.474567	yes	no
cpdl_5_voice_string_quartet	105	Io tacerò	data/cpdl/5-voices/sources/105_io_tacero__02_io_tacero_gesualdo.mxl	data/cpdl/5-voices/reductions/string_quartet/105_io_tacer.musicxml	2	4	3	3	0.565942	no	no
cpdl_5_voice_string_quartet	105	Io tacerò	data/cpdl/5-voices/sources/105_io_tacero__02_io_tacero_gesualdo.mxl	data/cpdl/5-voices/reductions/string_quartet/105_io_tacer.musicxml	2	5	2	2	0.713383	no	no
cpdl_5_voice_string_quartet	105	Io tacerò	data/cpdl/5-voices/sources/105_io_tacero__02_io_tacero_gesualdo.mxl	data/cpdl/5-voices/reductions/string_quartet/105_io_tacer.musicxml	2	6	5	5	0.815461	no	no
cpdl_5_voice_string_quartet	105	Io tacerò	data/cpdl/5-voices/sources/105_io_tacero__02_io_tacero_gesualdo.mxl	data/cpdl/5-voices/reductions/string_quartet/105_io_tacer.musicxml	2	7	0	0	1.21986	no	no
cpdl_5_voice_string_quartet	106	Itene o miei sospiri	data/cpdl/5-voices/sources/106_itene_o_miei_sospiri__02_gesu_3ite.mxl	data/cpdl/5-voices/reductions/string_quartet/106_itene_o_miei_sospiri.musicxml	0	-5	0	0	0.760987	no	no
cpdl_5_voice_string_quartet	106	Itene o miei sospiri	data/cpdl/5-voices/sources/106_itene_o_miei_sospiri__02_gesu_3ite.mxl	data/cpdl/5-voices/reductions/string_quartet/106_itene_o_miei_sospiri.musicxml	0	-4	5	5	0.640843	no	no
cpdl_5_voice_string_quartet	106	Itene o miei sospiri	data/cpdl/5-voices/sources/106_itene_o_miei_sospiri__02_gesu_3ite.mxl	data/cpdl/5-voices/reductions/string_quartet/106_itene_o_miei_sospiri.musicxml	0	-3	2	2	0.498341	no	no
cpdl_5_voice_string_quartet	106	Itene o miei sospiri	data/cpdl/5-voices/sources/106_itene_o_miei_sospiri__02_gesu_3ite.mxl	data/cpdl/5-voices/reductions/string_quartet/106_itene_o_miei_sospiri.musicxml	0	-2	3	3	0.430006	yes	no
cpdl_5_voice_string_quartet	106	Itene o miei sospiri	data/cpdl/5-voices/sources/106_itene_o_miei_sospiri__02_gesu_3ite.mxl	data/cpdl/5-voices/reductions/string_quartet/106_itene_o_miei_sospiri.musicxml	0	-1	4	4	0.374487	yes	no
cpdl_5_voice_string_quartet	106	Itene o miei sospiri	data/cpdl/5-voices/sources/106_itene_o_miei_sospiri__02_gesu_3ite.mxl	data/cpdl/5-voices/reductions/string_quartet/106_itene_o_miei_sospiri.musicxml	0	0	1	1	0.381092	yes	yes
cpdl_5_voice_string_quartet	106	Itene o miei sospiri	data/cpdl/5-voices/sources/106_itene_o_miei_sospiri__02_gesu_3ite.mxl	data/cpdl/5-voices/reductions/string_quartet/106_itene_o_miei_sospiri.musicxml	0	1	6	6	0.376162	yes	no
cpdl_5_voice_string_quartet	106	Itene o miei sospiri	data/cpdl/5-voices/sources/106_itene_o_miei_sospiri__02_gesu_3ite.mxl	data/cpdl/5-voices/reductions/string_quartet/106_itene_o_miei_sospiri.musicxml	0	2	1	1	0.428621	yes	no
cpdl_5_voice_string_quartet	106	Itene o miei sospiri	data/cpdl/5-voices/sources/106_itene_o_miei_sospiri__02_gesu_3ite.mxl	data/cpdl/5-voices/reductions/string_quartet/106_itene_o_miei_sospiri.musicxml	0	3	4	4	0.497619	no	no
cpdl_5_voice_string_quartet	106	Itene o miei sospiri	data/cpdl/5-voices/sources/106_itene_o_miei_sospiri__02_gesu_3ite.mxl	data/cpdl/5-voices/reductions/string_quartet/106_itene_o_miei_sospiri.musicxml	0	4	3	3	0.62179	no	no
cpdl_5_voice_string_quartet	106	Itene o miei sospiri	data/cpdl/5-voices/sources/106_itene_o_miei_sospiri__02_gesu_3ite.mxl	data/cpdl/5-voices/reductions/string_quartet/106_itene_o_miei_sospiri.musicxml	0	5	2	2	0.796076	no	no
cpdl_5_voice_string_quartet	107	Languisce al fin chi da la vita parte	data/cpdl/5-voices/sources/107_languisce_al_fin_chi_da_la_vita_parte__02_gesu_10la.mxl	data/cpdl/5-voices/reductions/string_quartet/107_languisce_al_fin_chi_da_la_vita_parte.musicxml	0	-5	1	1	0.873008	no	no
cpdl_5_voice_string_quartet	107	Languisce al fin chi da la vita parte	data/cpdl/5-voices/sources/107_languisce_al_fin_chi_da_la_vita_parte__02_gesu_10la.mxl	data/cpdl/5-voices/reductions/string_quartet/107_languisce_al_fin_chi_da_la_vita_parte.musicxml	0	-4	4	4	0.732405	no	no
cpdl_5_voice_string_quartet	107	Languisce al fin chi da la vita parte	data/cpdl/5-voices/sources/107_languisce_al_fin_chi_da_la_vita_parte__02_gesu_10la.mxl	data/cpdl/5-voices/reductions/string_quartet/107_languisce_al_fin_chi_da_la_vita_parte.musicxml	0	-3	3	3	0.568389	no	no
cpdl_5_voice_string_quartet	107	Languisce al fin chi da la vita parte	data/cpdl/5-voices/sources/107_languisce_al_fin_chi_da_la_vita_parte__02_gesu_10la.mxl	data/cpdl/5-voices/reductions/string_quartet/107_languisce_al_fin_chi_da_la_vita_parte.musicxml	0	-2	2	2	0.481786	no	no
cpdl_5_voice_string_quartet	107	Languisce al fin chi da la vita parte	data/cpdl/5-voices/sources/107_languisce_al_fin_chi_da_la_vita_parte__02_gesu_10la.mxl	data/cpdl/5-voices/reductions/string_quartet/107_languisce_al_fin_chi_da_la_vita_parte.musicxml	0	-1	5	5	0.403462	no	no
cpdl_5_voice_string_quartet	107	Languisce al fin chi da la vita parte	data/cpdl/5-voices/sources/107_languisce_al_fin_chi_da_la_vita_parte__02_gesu_10la.mxl	data/cpdl/5-voices/reductions/string_quartet/107_languisce_al_fin_chi_da_la_vita_parte.musicxml	0	0	0	0	0.351049	yes	yes
cpdl_5_voice_string_quartet	107	Languisce al fin chi da la vita parte	data/cpdl/5-voices/sources/107_languisce_al_fin_chi_da_la_vita_parte__02_gesu_10la.mxl	data/cpdl/5-voices/reductions/string_quartet/107_languisce_al_fin_chi_da_la_vita_parte.musicxml	0	1	5	5	0.362496	yes	no
cpdl_5_voice_string_quartet	107	Languisce al fin chi da la vita parte	data/cpdl/5-voices/sources/107_languisce_al_fin_chi_da_la_vita_parte__02_gesu_10la.mxl	data/cpdl/5-voices/reductions/string_quartet/107_languisce_al_fin_chi_da_la_vita_parte.musicxml	0	2	2	2	0.444606	no	no
cpdl_5_voice_string_quartet	107	Languisce al fin chi da la vita parte	data/cpdl/5-voices/sources/107_languisce_al_fin_chi_da_la_vita_parte__02_gesu_10la.mxl	data/cpdl/5-voices/reductions/string_quartet/107_languisce_al_fin_chi_da_la_vita_parte.musicxml	0	3	3	3	0.5669	no	no
cpdl_5_voice_string_quartet	107	Languisce al fin chi da la vita parte	data/cpdl/5-voices/sources/107_languisce_al_fin_chi_da_la_vita_parte__02_gesu_10la.mxl	data/cpdl/5-voices/reductions/string_quartet/107_languisce_al_fin_chi_da_la_vita_parte.musicxml	0	4	4	4	0.637373	no	no
cpdl_5_voice_string_quartet	107	Languisce al fin chi da la vita parte	data/cpdl/5-voices/sources/107_languisce_al_fin_chi_da_la_vita_parte__02_gesu_10la.mxl	data/cpdl/5-voices/reductions/string_quartet/107_languisce_al_fin_chi_da_la_vita_parte.musicxml	0	5	1	1	0.936699	no	no
cpdl_5_voice_string_quartet	109	Luci serene e chiare	data/cpdl/5-voices/sources/109_luci_serene_e_chiare__01_gesualdo_luciserene.mxl	data/cpdl/5-voices/reductions/string_quartet/109_luci_serene_e_chiare.musicxml	0	-5	2	2	0.858257	no	no
cpdl_5_voice_string_quartet	109	Luci serene e chiare	data/cpdl/5-voices/sources/109_luci_serene_e_chiare__01_gesualdo_luciserene.mxl	data/cpdl/5-voices/reductions/string_quartet/109_luci_serene_e_chiare.musicxml	0	-4	5	5	0.604547	no	no
cpdl_5_voice_string_quartet	109	Luci serene e chiare	data/cpdl/5-voices/sources/109_luci_serene_e_chiare__01_gesualdo_luciserene.mxl	data/cpdl/5-voices/reductions/string_quartet/109_luci_serene_e_chiare.musicxml	0	-3	0	0	0.482341	no	no
cpdl_5_voice_string_quartet	109	Luci serene e chiare	data/cpdl/5-voices/sources/109_luci_serene_e_chiare__01_gesualdo_luciserene.mxl	data/cpdl/5-voices/reductions/string_quartet/109_luci_serene_e_chiare.musicxml	0	-2	5	5	0.440134	no	no
cpdl_5_voice_string_quartet	109	Luci serene e chiare	data/cpdl/5-voices/sources/109_luci_serene_e_chiare__01_gesualdo_luciserene.mxl	data/cpdl/5-voices/reductions/string_quartet/109_luci_serene_e_chiare.musicxml	0	-1	2	2	0.368626	yes	no
cpdl_5_voice_string_quartet	109	Luci serene e chiare	data/cpdl/5-voices/sources/109_luci_serene_e_chiare__01_gesualdo_luciserene.mxl	data/cpdl/5-voices/reductions/string_quartet/109_luci_serene_e_chiare.musicxml	0	0	3	3	0.357362	yes	yes
cpdl_5_voice_string_quartet	109	Luci serene e chiare	data/cpdl/5-voices/sources/109_luci_serene_e_chiare__01_gesualdo_luciserene.mxl	data/cpdl/5-voices/reductions/string_quartet/109_luci_serene_e_chiare.musicxml	0	1	4	4	0.389623	yes	no
cpdl_5_voice_string_quartet	109	Luci serene e chiare	data/cpdl/5-voices/sources/109_luci_serene_e_chiare__01_gesualdo_luciserene.mxl	data/cpdl/5-voices/reductions/string_quartet/109_luci_serene_e_chiare.musicxml	0	2	1	1	0.50317	no	no
cpdl_5_voice_string_quartet	109	Luci serene e chiare	data/cpdl/5-voices/sources/109_luci_serene_e_chiare__01_gesualdo_luciserene.mxl	data/cpdl/5-voices/reductions/string_quartet/109_luci_serene_e_chiare.musicxml	0	3	6	6	0.596447	no	no
cpdl_5_voice_string_quartet	109	Luci serene e chiare	data/cpdl/5-voices/sources/109_luci_serene_e_chiare__01_gesualdo_luciserene.mxl	data/cpdl/5-voices/reductions/string_quartet/109_luci_serene_e_chiare.musicxml	0	4	1	1	0.900949	no	no
cpdl_5_voice_string_quartet	109	Luci serene e chiare	data/cpdl/5-voices/sources/109_luci_serene_e_chiare__01_gesualdo_luciserene.mxl	data/cpdl/5-voices/reductions/string_quartet/109_luci_serene_e_chiare.musicxml	0	5	4	4	1.00318	no	no
cpdl_5_voice_string_quartet	110	Ma se avverrà ch'io moia	data/cpdl/5-voices/sources/110_ma_se_avverra_ch_io_moia__01_8_ma_se_averra.mid	data/cpdl/5-voices/reductions/string_quartet/110_ma_se_avverr_ch_io_moia.musicxml	2	-3	2	2	1.33802	no	no
cpdl_5_voice_string_quartet	110	Ma se avverrà ch'io moia	data/cpdl/5-voices/sources/110_ma_se_avverra_ch_io_moia__01_8_ma_se_averra.mid	data/cpdl/5-voices/reductions/string_quartet/110_ma_se_avverr_ch_io_moia.musicxml	2	-2	3	3	0.906745	no	no
cpdl_5_voice_string_quartet	110	Ma se avverrà ch'io moia	data/cpdl/5-voices/sources/110_ma_se_avverra_ch_io_moia__01_8_ma_se_averra.mid	data/cpdl/5-voices/reductions/string_quartet/110_ma_se_avverr_ch_io_moia.musicxml	2	-1	4	4	0.721125	no	no
cpdl_5_voice_string_quartet	110	Ma se avverrà ch'io moia	data/cpdl/5-voices/sources/110_ma_se_avverra_ch_io_moia__01_8_ma_se_averra.mid	data/cpdl/5-voices/reductions/string_quartet/110_ma_se_avverr_ch_io_moia.musicxml	2	0	1	1	0.600098	no	no
cpdl_5_voice_string_quartet	110	Ma se avverrà ch'io moia	data/cpdl/5-voices/sources/110_ma_se_avverra_ch_io_moia__01_8_ma_se_averra.mid	data/cpdl/5-voices/reductions/string_quartet/110_ma_se_avverr_ch_io_moia.musicxml	2	1	6	6	0.475473	yes	no
cpdl_5_voice_string_quartet	110	Ma se avverrà ch'io moia	data/cpdl/5-voices/sources/110_ma_se_avverra_ch_io_moia__01_8_ma_se_averra.mid	data/cpdl/5-voices/reductions/string_quartet/110_ma_se_avverr_ch_io_moia.musicxml	2	2	1	1	0.444029	yes	yes
cpdl_5_voice_string_quartet	110	Ma se avverrà ch'io moia	data/cpdl/5-voices/sources/110_ma_se_avverra_ch_io_moia__01_8_ma_se_averra.mid	data/cpdl/5-voices/reductions/string_quartet/110_ma_se_avverr_ch_io_moia.musicxml	2	3	4	4	0.456657	yes	no
cpdl_5_voice_string_quartet	110	Ma se avverrà ch'io moia	data/cpdl/5-voices/sources/110_ma_se_avverra_ch_io_moia__01_8_ma_se_averra.mid	data/cpdl/5-voices/reductions/string_quartet/110_ma_se_avverr_ch_io_moia.musicxml	2	4	3	3	0.443676	yes	no
cpdl_5_voice_string_quartet	110	Ma se avverrà ch'io moia	data/cpdl/5-voices/sources/110_ma_se_avverra_ch_io_moia__01_8_ma_se_averra.mid	data/cpdl/5-voices/reductions/string_quartet/110_ma_se_avverr_ch_io_moia.musicxml	2	5	2	2	0.491836	yes	no
cpdl_5_voice_string_quartet	110	Ma se avverrà ch'io moia	data/cpdl/5-voices/sources/110_ma_se_avverra_ch_io_moia__01_8_ma_se_averra.mid	data/cpdl/5-voices/reductions/string_quartet/110_ma_se_avverr_ch_io_moia.musicxml	2	6	5	5	0.52492	no	no
cpdl_5_voice_string_quartet	110	Ma se avverrà ch'io moia	data/cpdl/5-voices/sources/110_ma_se_avverra_ch_io_moia__01_8_ma_se_averra.mid	data/cpdl/5-voices/reductions/string_quartet/110_ma_se_avverr_ch_io_moia.musicxml	2	7	0	0	0.723476	no	no
cpdl_5_voice_string_quartet	111	Ma se tale ha costei	data/cpdl/5-voices/sources/111_ma_se_tale_ha_costei__01_ma_se_tale_ha_costei.mid	data/cpdl/5-voices/reductions/string_quartet/111_ma_se_tale_ha_costei.musicxml	0	-5	0	0	0.683151	no	no
cpdl_5_voice_string_quartet	111	Ma se tale ha costei	data/cpdl/5-voices/sources/111_ma_se_tale_ha_costei__01_ma_se_tale_ha_costei.mid	data/cpdl/5-voices/reductions/string_quartet/111_ma_se_tale_ha_costei.musicxml	0	-4	5	5	0.625302	no	no
cpdl_5_voice_string_quartet	111	Ma se tale ha costei	data/cpdl/5-voices/sources/111_ma_se_tale_ha_costei__01_ma_se_tale_ha_costei.mid	data/cpdl/5-voices/reductions/string_quartet/111_ma_se_tale_ha_costei.musicxml	0	-3	2	2	0.479738	no	no
cpdl_5_voice_string_quartet	111	Ma se tale ha costei	data/cpdl/5-voices/sources/111_ma_se_tale_ha_costei__01_ma_se_tale_ha_costei.mid	data/cpdl/5-voices/reductions/string_quartet/111_ma_se_tale_ha_costei.musicxml	0	-2	3	3	0.411815	yes	no
cpdl_5_voice_string_quartet	111	Ma se tale ha costei	data/cpdl/5-voices/sources/111_ma_se_tale_ha_costei__01_ma_se_tale_ha_costei.mid	data/cpdl/5-voices/reductions/string_quartet/111_ma_se_tale_ha_costei.musicxml	0	-1	4	4	0.377517	yes	no
cpdl_5_voice_string_quartet	111	Ma se tale ha costei	data/cpdl/5-voices/sources/111_ma_se_tale_ha_costei__01_ma_se_tale_ha_costei.mid	data/cpdl/5-voices/reductions/string_quartet/111_ma_se_tale_ha_costei.musicxml	0	0	1	1	0.414577	yes	yes
cpdl_5_voice_string_quartet	111	Ma se tale ha costei	data/cpdl/5-voices/sources/111_ma_se_tale_ha_costei__01_ma_se_tale_ha_costei.mid	data/cpdl/5-voices/reductions/string_quartet/111_ma_se_tale_ha_costei.musicxml	0	1	6	6	0.445898	yes	no
cpdl_5_voice_string_quartet	111	Ma se tale ha costei	data/cpdl/5-voices/sources/111_ma_se_tale_ha_costei__01_ma_se_tale_ha_costei.mid	data/cpdl/5-voices/reductions/string_quartet/111_ma_se_tale_ha_costei.musicxml	0	2	1	1	0.53508	no	no
cpdl_5_voice_string_quartet	111	Ma se tale ha costei	data/cpdl/5-voices/sources/111_ma_se_tale_ha_costei__01_ma_se_tale_ha_costei.mid	data/cpdl/5-voices/reductions/string_quartet/111_ma_se_tale_ha_costei.musicxml	0	3	4	4	0.597507	no	no
cpdl_5_voice_string_quartet	111	Ma se tale ha costei	data/cpdl/5-voices/sources/111_ma_se_tale_ha_costei__01_ma_se_tale_ha_costei.mid	data/cpdl/5-voices/reductions/string_quartet/111_ma_se_tale_ha_costei.musicxml	0	4	3	3	0.877354	no	no
cpdl_5_voice_string_quartet	111	Ma se tale ha costei	data/cpdl/5-voices/sources/111_ma_se_tale_ha_costei__01_ma_se_tale_ha_costei.mid	data/cpdl/5-voices/reductions/string_quartet/111_ma_se_tale_ha_costei.musicxml	0	5	2	2	1.21641	no	no
cpdl_5_voice_string_quartet	112	Ma tu, cagion di quella atroce pena	data/cpdl/5-voices/sources/112_ma_tu_cagion_di_quella_atroce_pena__02_gesu_18ma.mxl	data/cpdl/5-voices/reductions/string_quartet/112_ma_tu_cagion_di_quella_atroce_pena.musicxml	2	-3	3	3	0.777593	no	no
cpdl_5_voice_string_quartet	112	Ma tu, cagion di quella atroce pena	data/cpdl/5-voices/sources/112_ma_tu_cagion_di_quella_atroce_pena__02_gesu_18ma.mxl	data/cpdl/5-voices/reductions/string_quartet/112_ma_tu_cagion_di_quella_atroce_pena.musicxml	2	-2	2	2	0.671647	no	no
cpdl_5_voice_string_quartet	112	Ma tu, cagion di quella atroce pena	data/cpdl/5-voices/sources/112_ma_tu_cagion_di_quella_atroce_pena__02_gesu_18ma.mxl	data/cpdl/5-voices/reductions/string_quartet/112_ma_tu_cagion_di_quella_atroce_pena.musicxml	2	-1	5	5	0.586338	no	no
cpdl_5_voice_string_quartet	112	Ma tu, cagion di quella atroce pena	data/cpdl/5-voices/sources/112_ma_tu_cagion_di_quella_atroce_pena__02_gesu_18ma.mxl	data/cpdl/5-voices/reductions/string_quartet/112_ma_tu_cagion_di_quella_atroce_pena.musicxml	2	0	0	0	0.514882	no	no
cpdl_5_voice_string_quartet	112	Ma tu, cagion di quella atroce pena	data/cpdl/5-voices/sources/112_ma_tu_cagion_di_quella_atroce_pena__02_gesu_18ma.mxl	data/cpdl/5-voices/reductions/string_quartet/112_ma_tu_cagion_di_quella_atroce_pena.musicxml	2	1	5	5	0.463969	no	no
cpdl_5_voice_string_quartet	112	Ma tu, cagion di quella atroce pena	data/cpdl/5-voices/sources/112_ma_tu_cagion_di_quella_atroce_pena__02_gesu_18ma.mxl	data/cpdl/5-voices/reductions/string_quartet/112_ma_tu_cagion_di_quella_atroce_pena.musicxml	2	2	2	2	0.385887	yes	yes
cpdl_5_voice_string_quartet	112	Ma tu, cagion di quella atroce pena	data/cpdl/5-voices/sources/112_ma_tu_cagion_di_quella_atroce_pena__02_gesu_18ma.mxl	data/cpdl/5-voices/reductions/string_quartet/112_ma_tu_cagion_di_quella_atroce_pena.musicxml	2	3	3	3	0.387031	yes	no
cpdl_5_voice_string_quartet	112	Ma tu, cagion di quella atroce pena	data/cpdl/5-voices/sources/112_ma_tu_cagion_di_quella_atroce_pena__02_gesu_18ma.mxl	data/cpdl/5-voices/reductions/string_quartet/112_ma_tu_cagion_di_quella_atroce_pena.musicxml	2	4	4	4	0.429624	yes	no
cpdl_5_voice_string_quartet	112	Ma tu, cagion di quella atroce pena	data/cpdl/5-voices/sources/112_ma_tu_cagion_di_quella_atroce_pena__02_gesu_18ma.mxl	data/cpdl/5-voices/reductions/string_quartet/112_ma_tu_cagion_di_quella_atroce_pena.musicxml	2	5	1	1	0.64332	no	no
cpdl_5_voice_string_quartet	112	Ma tu, cagion di quella atroce pena	data/cpdl/5-voices/sources/112_ma_tu_cagion_di_quella_atroce_pena__02_gesu_18ma.mxl	data/cpdl/5-voices/reductions/string_quartet/112_ma_tu_cagion_di_quella_atroce_pena.musicxml	2	6	6	6	0.743378	no	no
cpdl_5_voice_string_quartet	112	Ma tu, cagion di quella atroce pena	data/cpdl/5-voices/sources/112_ma_tu_cagion_di_quella_atroce_pena__02_gesu_18ma.mxl	data/cpdl/5-voices/reductions/string_quartet/112_ma_tu_cagion_di_quella_atroce_pena.musicxml	2	7	1	1	0.996803	no	no
cpdl_5_voice_string_quartet	113	Madonna, io ben vorrei	data/cpdl/5-voices/sources/113_madonna_io_ben_vorrei__02_gesualdo_madonna_io_ben_vorrei.mxl	data/cpdl/5-voices/reductions/string_quartet/113_madonna_io_ben_vorrei.musicxml	2	-3	2	2	0.550376	no	no
cpdl_5_voice_string_quartet	113	Madonna, io ben vorrei	data/cpdl/5-voices/sources/113_madonna_io_ben_vorrei__02_gesualdo_madonna_io_ben_vorrei.mxl	data/cpdl/5-voices/reductions/string_quartet/113_madonna_io_ben_vorrei.musicxml	2	-2	3	3	0.462883	no	no
cpdl_5_voice_string_quartet	113	Madonna, io ben vorrei	data/cpdl/5-voices/sources/113_madonna_io_ben_vorrei__02_gesualdo_madonna_io_ben_vorrei.mxl	data/cpdl/5-voices/reductions/string_quartet/113_madonna_io_ben_vorrei.musicxml	2	-1	4	4	0.383094	no	no
cpdl_5_voice_string_quartet	113	Madonna, io ben vorrei	data/cpdl/5-voices/sources/113_madonna_io_ben_vorrei__02_gesualdo_madonna_io_ben_vorrei.mxl	data/cpdl/5-voices/reductions/string_quartet/113_madonna_io_ben_vorrei.musicxml	2	0	1	1	0.34423	no	no
cpdl_5_voice_string_quartet	113	Madonna, io ben vorrei	data/cpdl/5-voices/sources/113_madonna_io_ben_vorrei__02_gesualdo_madonna_io_ben_vorrei.mxl	data/cpdl/5-voices/reductions/string_quartet/113_madonna_io_ben_vorrei.musicxml	2	1	6	6	0.292856	yes	no
cpdl_5_voice_string_quartet	113	Madonna, io ben vorrei	data/cpdl/5-voices/sources/113_madonna_io_ben_vorrei__02_gesualdo_madonna_io_ben_vorrei.mxl	data/cpdl/5-voices/reductions/string_quartet/113_madonna_io_ben_vorrei.musicxml	2	2	1	1	0.286906	yes	yes
cpdl_5_voice_string_quartet	113	Madonna, io ben vorrei	data/cpdl/5-voices/sources/113_madonna_io_ben_vorrei__02_gesualdo_madonna_io_ben_vorrei.mxl	data/cpdl/5-voices/reductions/string_quartet/113_madonna_io_ben_vorrei.musicxml	2	3	4	4	0.300948	yes	no
cpdl_5_voice_string_quartet	113	Madonna, io ben vorrei	data/cpdl/5-voices/sources/113_madonna_io_ben_vorrei__02_gesualdo_madonna_io_ben_vorrei.mxl	data/cpdl/5-voices/reductions/string_quartet/113_madonna_io_ben_vorrei.musicxml	2	4	3	3	0.343228	no	no
cpdl_5_voice_string_quartet	113	Madonna, io ben vorrei	data/cpdl/5-voices/sources/113_madonna_io_ben_vorrei__02_gesualdo_madonna_io_ben_vorrei.mxl	data/cpdl/5-voices/reductions/string_quartet/113_madonna_io_ben_vorrei.musicxml	2	5	2	2	0.406773	no	no
cpdl_5_voice_string_quartet	113	Madonna, io ben vorrei	data/cpdl/5-voices/sources/113_madonna_io_ben_vorrei__02_gesualdo_madonna_io_ben_vorrei.mxl	data/cpdl/5-voices/reductions/string_quartet/113_madonna_io_ben_vorrei.musicxml	2	6	5	5	0.463899	no	no
cpdl_5_voice_string_quartet	113	Madonna, io ben vorrei	data/cpdl/5-voices/sources/113_madonna_io_ben_vorrei__02_gesualdo_madonna_io_ben_vorrei.mxl	data/cpdl/5-voices/reductions/string_quartet/113_madonna_io_ben_vorrei.musicxml	2	7	0	0	0.645281	no	no
cpdl_5_voice_string_quartet	114	Mentre gira costei	data/cpdl/5-voices/sources/114_mentre_gira_costei__02_mentre_gira_costei_gesualdo.mxl	data/cpdl/5-voices/reductions/string_quartet/114_mentre_gira_costei.musicxml	0	-5	1	1	0.591225	no	no
cpdl_5_voice_string_quartet	114	Mentre gira costei	data/cpdl/5-voices/sources/114_mentre_gira_costei__02_mentre_gira_costei_gesualdo.mxl	data/cpdl/5-voices/reductions/string_quartet/114_mentre_gira_costei.musicxml	0	-4	4	4	0.527861	no	no
cpdl_5_voice_string_quartet	114	Mentre gira costei	data/cpdl/5-voices/sources/114_mentre_gira_costei__02_mentre_gira_costei_gesualdo.mxl	data/cpdl/5-voices/reductions/string_quartet/114_mentre_gira_costei.musicxml	0	-3	3	3	0.441088	no	no
cpdl_5_voice_string_quartet	114	Mentre gira costei	data/cpdl/5-voices/sources/114_mentre_gira_costei__02_mentre_gira_costei_gesualdo.mxl	data/cpdl/5-voices/reductions/string_quartet/114_mentre_gira_costei.musicxml	0	-2	2	2	0.409098	no	no
cpdl_5_voice_string_quartet	114	Mentre gira costei	data/cpdl/5-voices/sources/114_mentre_gira_costei__02_mentre_gira_costei_gesualdo.mxl	data/cpdl/5-voices/reductions/string_quartet/114_mentre_gira_costei.musicxml	0	-1	5	5	0.356548	yes	no
cpdl_5_voice_string_quartet	114	Mentre gira costei	data/cpdl/5-voices/sources/114_mentre_gira_costei__02_mentre_gira_costei_gesualdo.mxl	data/cpdl/5-voices/reductions/string_quartet/114_mentre_gira_costei.musicxml	0	0	0	0	0.354195	yes	yes
cpdl_5_voice_string_quartet	114	Mentre gira costei	data/cpdl/5-voices/sources/114_mentre_gira_costei__02_mentre_gira_costei_gesualdo.mxl	data/cpdl/5-voices/reductions/string_quartet/114_mentre_gira_costei.musicxml	0	1	5	5	0.397233	yes	no
cpdl_5_voice_string_quartet	114	Mentre gira costei	data/cpdl/5-voices/sources/114_mentre_gira_costei__02_mentre_gira_costei_gesualdo.mxl	data/cpdl/5-voices/reductions/string_quartet/114_mentre_gira_costei.musicxml	0	2	2	2	0.576656	no	no
cpdl_5_voice_string_quartet	114	Mentre gira costei	data/cpdl/5-voices/sources/114_mentre_gira_costei__02_mentre_gira_costei_gesualdo.mxl	data/cpdl/5-voices/reductions/string_quartet/114_mentre_gira_costei.musicxml	0	3	3	3	0.699723	no	no
cpdl_5_voice_string_quartet	114	Mentre gira costei	data/cpdl/5-voices/sources/114_mentre_gira_costei__02_mentre_gira_costei_gesualdo.mxl	data/cpdl/5-voices/reductions/string_quartet/114_mentre_gira_costei.musicxml	0	4	4	4	0.766607	no	no
cpdl_5_voice_string_quartet	114	Mentre gira costei	data/cpdl/5-voices/sources/114_mentre_gira_costei__02_mentre_gira_costei_gesualdo.mxl	data/cpdl/5-voices/reductions/string_quartet/114_mentre_gira_costei.musicxml	0	5	1	1	1.05888	no	no
cpdl_5_voice_string_quartet	115	Mentre madonna il lasso fianco posa	data/cpdl/5-voices/sources/115_mentre_madonna_il_lasso_fianco_posa__02_gesualdo_mentre_madonna_il_lasso_fianco_posa.mxl	data/cpdl/5-voices/reductions/string_quartet/115_mentre_madonna_il_lasso_fianco_posa.musicxml	0	-5	1	1	0.750447	no	no
cpdl_5_voice_string_quartet	115	Mentre madonna il lasso fianco posa	data/cpdl/5-voices/sources/115_mentre_madonna_il_lasso_fianco_posa__02_gesualdo_mentre_madonna_il_lasso_fianco_posa.mxl	data/cpdl/5-voices/reductions/string_quartet/115_mentre_madonna_il_lasso_fianco_posa.musicxml	0	-4	4	4	0.679487	no	no
cpdl_5_voice_string_quartet	115	Mentre madonna il lasso fianco posa	data/cpdl/5-voices/sources/115_mentre_madonna_il_lasso_fianco_posa__02_gesualdo_mentre_madonna_il_lasso_fianco_posa.mxl	data/cpdl/5-voices/reductions/string_quartet/115_mentre_madonna_il_lasso_fianco_posa.musicxml	0	-3	3	3	0.533481	no	no
cpdl_5_voice_string_quartet	115	Mentre madonna il lasso fianco posa	data/cpdl/5-voices/sources/115_mentre_madonna_il_lasso_fianco_posa__02_gesualdo_mentre_madonna_il_lasso_fianco_posa.mxl	data/cpdl/5-voices/reductions/string_quartet/115_mentre_madonna_il_lasso_fianco_posa.musicxml	0	-2	2	2	0.4889	no	no
cpdl_5_voice_string_quartet	115	Mentre madonna il lasso fianco posa	data/cpdl/5-voices/sources/115_mentre_madonna_il_lasso_fianco_posa__02_gesualdo_mentre_madonna_il_lasso_fianco_posa.mxl	data/cpdl/5-voices/reductions/string_quartet/115_mentre_madonna_il_lasso_fianco_posa.musicxml	0	-1	5	5	0.405106	yes	no
cpdl_5_voice_string_quartet	115	Mentre madonna il lasso fianco posa	data/cpdl/5-voices/sources/115_mentre_madonna_il_lasso_fianco_posa__02_gesualdo_mentre_madonna_il_lasso_fianco_posa.mxl	data/cpdl/5-voices/reductions/string_quartet/115_mentre_madonna_il_lasso_fianco_posa.musicxml	0	0	0	0	0.388908	yes	yes
cpdl_5_voice_string_quartet	115	Mentre madonna il lasso fianco posa	data/cpdl/5-voices/sources/115_mentre_madonna_il_lasso_fianco_posa__02_gesualdo_mentre_madonna_il_lasso_fianco_posa.mxl	data/cpdl/5-voices/reductions/string_quartet/115_mentre_madonna_il_lasso_fianco_posa.musicxml	0	1	5	5	0.412097	yes	no
cpdl_5_voice_string_quartet	115	Mentre madonna il lasso fianco posa	data/cpdl/5-voices/sources/115_mentre_madonna_il_lasso_fianco_posa__02_gesualdo_mentre_madonna_il_lasso_fianco_posa.mxl	data/cpdl/5-voices/reductions/string_quartet/115_mentre_madonna_il_lasso_fianco_posa.musicxml	0	2	2	2	0.517029	no	no
cpdl_5_voice_string_quartet	115	Mentre madonna il lasso fianco posa	data/cpdl/5-voices/sources/115_mentre_madonna_il_lasso_fianco_posa__02_gesualdo_mentre_madonna_il_lasso_fianco_posa.mxl	data/cpdl/5-voices/reductions/string_quartet/115_mentre_madonna_il_lasso_fianco_posa.musicxml	0	3	3	3	0.586479	no	no
cpdl_5_voice_string_quartet	115	Mentre madonna il lasso fianco posa	data/cpdl/5-voices/sources/115_mentre_madonna_il_lasso_fianco_posa__02_gesualdo_mentre_madonna_il_lasso_fianco_posa.mxl	data/cpdl/5-voices/reductions/string_quartet/115_mentre_madonna_il_lasso_fianco_posa.musicxml	0	4	4	4	0.676854	no	no
cpdl_5_voice_string_quartet	115	Mentre madonna il lasso fianco posa	data/cpdl/5-voices/sources/115_mentre_madonna_il_lasso_fianco_posa__02_gesualdo_mentre_madonna_il_lasso_fianco_posa.mxl	data/cpdl/5-voices/reductions/string_quartet/115_mentre_madonna_il_lasso_fianco_posa.musicxml	0	5	1	1	0.98936	no	no
cpdl_5_voice_string_quartet	116	Mentre, mia stella, miri	data/cpdl/5-voices/sources/116_mentre_mia_stella_miri__01_gesualdo_mentre_mia_stella_miri.mxl	data/cpdl/5-voices/reductions/string_quartet/116_mentre_mia_stella_miri.musicxml	0	-5	1	1	0.449625	no	no
cpdl_5_voice_string_quartet	116	Mentre, mia stella, miri	data/cpdl/5-voices/sources/116_mentre_mia_stella_miri__01_gesualdo_mentre_mia_stella_miri.mxl	data/cpdl/5-voices/reductions/string_quartet/116_mentre_mia_stella_miri.musicxml	0	-4	4	4	0.398555	no	no
cpdl_5_voice_string_quartet	116	Mentre, mia stella, miri	data/cpdl/5-voices/sources/116_mentre_mia_stella_miri__01_gesualdo_mentre_mia_stella_miri.mxl	data/cpdl/5-voices/reductions/string_quartet/116_mentre_mia_stella_miri.musicxml	0	-3	3	3	0.351052	yes	no
cpdl_5_voice_string_quartet	116	Mentre, mia stella, miri	data/cpdl/5-voices/sources/116_mentre_mia_stella_miri__01_gesualdo_mentre_mia_stella_miri.mxl	data/cpdl/5-voices/reductions/string_quartet/116_mentre_mia_stella_miri.musicxml	0	-2	2	2	0.32475	yes	no
cpdl_5_voice_string_quartet	116	Mentre, mia stella, miri	data/cpdl/5-voices/sources/116_mentre_mia_stella_miri__01_gesualdo_mentre_mia_stella_miri.mxl	data/cpdl/5-voices/reductions/string_quartet/116_mentre_mia_stella_miri.musicxml	0	-1	5	5	0.307672	yes	no
cpdl_5_voice_string_quartet	116	Mentre, mia stella, miri	data/cpdl/5-voices/sources/116_mentre_mia_stella_miri__01_gesualdo_mentre_mia_stella_miri.mxl	data/cpdl/5-voices/reductions/string_quartet/116_mentre_mia_stella_miri.musicxml	0	0	0	0	0.30647	yes	yes
cpdl_5_voice_string_quartet	116	Mentre, mia stella, miri	data/cpdl/5-voices/sources/116_mentre_mia_stella_miri__01_gesualdo_mentre_mia_stella_miri.mxl	data/cpdl/5-voices/reductions/string_quartet/116_mentre_mia_stella_miri.musicxml	0	1	5	5	0.327785	yes	no
cpdl_5_voice_string_quartet	116	Mentre, mia stella, miri	data/cpdl/5-voices/sources/116_mentre_mia_stella_miri__01_gesualdo_mentre_mia_stella_miri.mxl	data/cpdl/5-voices/reductions/string_quartet/116_mentre_mia_stella_miri.musicxml	0	2	2	2	0.389017	no	no
cpdl_5_voice_string_quartet	116	Mentre, mia stella, miri	data/cpdl/5-voices/sources/116_mentre_mia_stella_miri__01_gesualdo_mentre_mia_stella_miri.mxl	data/cpdl/5-voices/reductions/string_quartet/116_mentre_mia_stella_miri.musicxml	0	3	3	3	0.453013	no	no
cpdl_5_voice_string_quartet	116	Mentre, mia stella, miri	data/cpdl/5-voices/sources/116_mentre_mia_stella_miri__01_gesualdo_mentre_mia_stella_miri.mxl	data/cpdl/5-voices/reductions/string_quartet/116_mentre_mia_stella_miri.musicxml	0	4	4	4	0.556008	no	no
cpdl_5_voice_string_quartet	116	Mentre, mia stella, miri	data/cpdl/5-voices/sources/116_mentre_mia_stella_miri__01_gesualdo_mentre_mia_stella_miri.mxl	data/cpdl/5-voices/reductions/string_quartet/116_mentre_mia_stella_miri.musicxml	0	5	1	1	0.916398	no	no
cpdl_5_voice_string_quartet	117	Meraviglia d'Amore	data/cpdl/5-voices/sources/117_meraviglia_d_amore__01_gesualdo_meraviglia_d_amore.mxl	data/cpdl/5-voices/reductions/string_quartet/117_meraviglia_d_amore.musicxml	0	-5	1	1	0.568101	no	no
cpdl_5_voice_string_quartet	117	Meraviglia d'Amore	data/cpdl/5-voices/sources/117_meraviglia_d_amore__01_gesualdo_meraviglia_d_amore.mxl	data/cpdl/5-voices/reductions/string_quartet/117_meraviglia_d_amore.musicxml	0	-4	4	4	0.513383	no	no
cpdl_5_voice_string_quartet	117	Meraviglia d'Amore	data/cpdl/5-voices/sources/117_meraviglia_d_amore__01_gesualdo_meraviglia_d_amore.mxl	data/cpdl/5-voices/reductions/string_quartet/117_meraviglia_d_amore.musicxml	0	-3	3	3	0.439945	no	no
cpdl_5_voice_string_quartet	117	Meraviglia d'Amore	data/cpdl/5-voices/sources/117_meraviglia_d_amore__01_gesualdo_meraviglia_d_amore.mxl	data/cpdl/5-voices/reductions/string_quartet/117_meraviglia_d_amore.musicxml	0	-2	2	2	0.404464	no	no
cpdl_5_voice_string_quartet	117	Meraviglia d'Amore	data/cpdl/5-voices/sources/117_meraviglia_d_amore__01_gesualdo_meraviglia_d_amore.mxl	data/cpdl/5-voices/reductions/string_quartet/117_meraviglia_d_amore.musicxml	0	-1	5	5	0.34477	yes	no
cpdl_5_voice_string_quartet	117	Meraviglia d'Amore	data/cpdl/5-voices/sources/117_meraviglia_d_amore__01_gesualdo_meraviglia_d_amore.mxl	data/cpdl/5-voices/reductions/string_quartet/117_meraviglia_d_amore.musicxml	0	0	0	0	0.322949	yes	yes
cpdl_5_voice_string_quartet	117	Meraviglia d'Amore	data/cpdl/5-voices/sources/117_meraviglia_d_amore__01_gesualdo_meraviglia_d_amore.mxl	data/cpdl/5-voices/reductions/string_quartet/117_meraviglia_d_amore.musicxml	0	1	5	5	0.35253	yes	no
cpdl_5_voice_string_quartet	117	Meraviglia d'Amore	data/cpdl/5-voices/sources/117_meraviglia_d_amore__01_gesualdo_meraviglia_d_amore.mxl	data/cpdl/5-voices/reductions/string_quartet/117_meraviglia_d_amore.musicxml	0	2	2	2	0.4957	no	no
cpdl_5_voice_string_quartet	117	Meraviglia d'Amore	data/cpdl/5-voices/sources/117_meraviglia_d_amore__01_gesualdo_meraviglia_d_amore.mxl	data/cpdl/5-voices/reductions/string_quartet/117_meraviglia_d_amore.musicxml	0	3	3	3	0.637801	no	no
cpdl_5_voice_string_quartet	117	Meraviglia d'Amore	data/cpdl/5-voices/sources/117_meraviglia_d_amore__01_gesualdo_meraviglia_d_amore.mxl	data/cpdl/5-voices/reductions/string_quartet/117_meraviglia_d_amore.musicxml	0	4	4	4	0.719216	no	no
cpdl_5_voice_string_quartet	117	Meraviglia d'Amore	data/cpdl/5-voices/sources/117_meraviglia_d_amore__01_gesualdo_meraviglia_d_amore.mxl	data/cpdl/5-voices/reductions/string_quartet/117_meraviglia_d_amore.musicxml	0	5	1	1	1.00528	no	no
cpdl_5_voice_string_quartet	118	Mercè grido piangendo	data/cpdl/5-voices/sources/118_merce_grido_piangendo__02_gesu_11me.mxl	data/cpdl/5-voices/reductions/string_quartet/118_merc_grido_piangendo.musicxml	0	-5	1	1	0.63769	no	no
cpdl_5_voice_string_quartet	118	Mercè grido piangendo	data/cpdl/5-voices/sources/118_merce_grido_piangendo__02_gesu_11me.mxl	data/cpdl/5-voices/reductions/string_quartet/118_merc_grido_piangendo.musicxml	0	-4	4	4	0.475719	no	no
cpdl_5_voice_string_quartet	118	Mercè grido piangendo	data/cpdl/5-voices/sources/118_merce_grido_piangendo__02_gesu_11me.mxl	data/cpdl/5-voices/reductions/string_quartet/118_merc_grido_piangendo.musicxml	0	-3	3	3	0.40373	no	no
cpdl_5_voice_string_quartet	118	Mercè grido piangendo	data/cpdl/5-voices/sources/118_merce_grido_piangendo__02_gesu_11me.mxl	data/cpdl/5-voices/reductions/string_quartet/118_merc_grido_piangendo.musicxml	0	-2	2	2	0.369885	no	no
cpdl_5_voice_string_quartet	118	Mercè grido piangendo	data/cpdl/5-voices/sources/118_merce_grido_piangendo__02_gesu_11me.mxl	data/cpdl/5-voices/reductions/string_quartet/118_merc_grido_piangendo.musicxml	0	-1	5	5	0.330678	yes	no
cpdl_5_voice_string_quartet	118	Mercè grido piangendo	data/cpdl/5-voices/sources/118_merce_grido_piangendo__02_gesu_11me.mxl	data/cpdl/5-voices/reductions/string_quartet/118_merc_grido_piangendo.musicxml	0	0	0	0	0.311154	yes	yes
cpdl_5_voice_string_quartet	118	Mercè grido piangendo	data/cpdl/5-voices/sources/118_merce_grido_piangendo__02_gesu_11me.mxl	data/cpdl/5-voices/reductions/string_quartet/118_merc_grido_piangendo.musicxml	0	1	5	5	0.360045	yes	no
cpdl_5_voice_string_quartet	118	Mercè grido piangendo	data/cpdl/5-voices/sources/118_merce_grido_piangendo__02_gesu_11me.mxl	data/cpdl/5-voices/reductions/string_quartet/118_merc_grido_piangendo.musicxml	0	2	2	2	0.447011	no	no
cpdl_5_voice_string_quartet	118	Mercè grido piangendo	data/cpdl/5-voices/sources/118_merce_grido_piangendo__02_gesu_11me.mxl	data/cpdl/5-voices/reductions/string_quartet/118_merc_grido_piangendo.musicxml	0	3	3	3	0.56553	no	no
cpdl_5_voice_string_quartet	118	Mercè grido piangendo	data/cpdl/5-voices/sources/118_merce_grido_piangendo__02_gesu_11me.mxl	data/cpdl/5-voices/reductions/string_quartet/118_merc_grido_piangendo.musicxml	0	4	4	4	0.638386	no	no
cpdl_5_voice_string_quartet	118	Mercè grido piangendo	data/cpdl/5-voices/sources/118_merce_grido_piangendo__02_gesu_11me.mxl	data/cpdl/5-voices/reductions/string_quartet/118_merc_grido_piangendo.musicxml	0	5	1	1	0.85468	no	no
cpdl_5_voice_string_quartet	119	Mille volte il di	data/cpdl/5-voices/sources/119_mille_volte_il_di__02_mille_volte_il_di_gesualdo.mxl	data/cpdl/5-voices/reductions/string_quartet/119_mille_volte_il_di.musicxml	2	-3	3	3	0.99547	no	no
cpdl_5_voice_string_quartet	119	Mille volte il di	data/cpdl/5-voices/sources/119_mille_volte_il_di__02_mille_volte_il_di_gesualdo.mxl	data/cpdl/5-voices/reductions/string_quartet/119_mille_volte_il_di.musicxml	2	-2	2	2	0.773789	no	no
cpdl_5_voice_string_quartet	119	Mille volte il di	data/cpdl/5-voices/sources/119_mille_volte_il_di__02_mille_volte_il_di_gesualdo.mxl	data/cpdl/5-voices/reductions/string_quartet/119_mille_volte_il_di.musicxml	2	-1	5	5	0.602399	no	no
cpdl_5_voice_string_quartet	119	Mille volte il di	data/cpdl/5-voices/sources/119_mille_volte_il_di__02_mille_volte_il_di_gesualdo.mxl	data/cpdl/5-voices/reductions/string_quartet/119_mille_volte_il_di.musicxml	2	0	0	0	0.473828	no	no
cpdl_5_voice_string_quartet	119	Mille volte il di	data/cpdl/5-voices/sources/119_mille_volte_il_di__02_mille_volte_il_di_gesualdo.mxl	data/cpdl/5-voices/reductions/string_quartet/119_mille_volte_il_di.musicxml	2	1	5	5	0.401126	yes	no
cpdl_5_voice_string_quartet	119	Mille volte il di	data/cpdl/5-voices/sources/119_mille_volte_il_di__02_mille_volte_il_di_gesualdo.mxl	data/cpdl/5-voices/reductions/string_quartet/119_mille_volte_il_di.musicxml	2	2	2	2	0.3783	yes	yes
cpdl_5_voice_string_quartet	119	Mille volte il di	data/cpdl/5-voices/sources/119_mille_volte_il_di__02_mille_volte_il_di_gesualdo.mxl	data/cpdl/5-voices/reductions/string_quartet/119_mille_volte_il_di.musicxml	2	3	3	3	0.41759	yes	no
cpdl_5_voice_string_quartet	119	Mille volte il di	data/cpdl/5-voices/sources/119_mille_volte_il_di__02_mille_volte_il_di_gesualdo.mxl	data/cpdl/5-voices/reductions/string_quartet/119_mille_volte_il_di.musicxml	2	4	4	4	0.44056	no	no
cpdl_5_voice_string_quartet	119	Mille volte il di	data/cpdl/5-voices/sources/119_mille_volte_il_di__02_mille_volte_il_di_gesualdo.mxl	data/cpdl/5-voices/reductions/string_quartet/119_mille_volte_il_di.musicxml	2	5	1	1	0.515584	no	no
cpdl_5_voice_string_quartet	119	Mille volte il di	data/cpdl/5-voices/sources/119_mille_volte_il_di__02_mille_volte_il_di_gesualdo.mxl	data/cpdl/5-voices/reductions/string_quartet/119_mille_volte_il_di.musicxml	2	6	6	6	0.59371	no	no
cpdl_5_voice_string_quartet	119	Mille volte il di	data/cpdl/5-voices/sources/119_mille_volte_il_di__02_mille_volte_il_di_gesualdo.mxl	data/cpdl/5-voices/reductions/string_quartet/119_mille_volte_il_di.musicxml	2	7	1	1	0.732535	no	no
cpdl_5_voice_string_quartet	120	Moro, e mentre sospiro	data/cpdl/5-voices/sources/120_moro_e_mentre_sospiro__02_moro_e_mentre_sospiro_gesualdo.mxl	data/cpdl/5-voices/reductions/string_quartet/120_moro_e_mentre_sospiro.musicxml	2	-3	2	2	0.894222	no	no
cpdl_5_voice_string_quartet	120	Moro, e mentre sospiro	data/cpdl/5-voices/sources/120_moro_e_mentre_sospiro__02_moro_e_mentre_sospiro_gesualdo.mxl	data/cpdl/5-voices/reductions/string_quartet/120_moro_e_mentre_sospiro.musicxml	2	-2	3	3	0.733863	no	no
cpdl_5_voice_string_quartet	120	Moro, e mentre sospiro	data/cpdl/5-voices/sources/120_moro_e_mentre_sospiro__02_moro_e_mentre_sospiro_gesualdo.mxl	data/cpdl/5-voices/reductions/string_quartet/120_moro_e_mentre_sospiro.musicxml	2	-1	4	4	0.634247	no	no
cpdl_5_voice_string_quartet	120	Moro, e mentre sospiro	data/cpdl/5-voices/sources/120_moro_e_mentre_sospiro__02_moro_e_mentre_sospiro_gesualdo.mxl	data/cpdl/5-voices/reductions/string_quartet/120_moro_e_mentre_sospiro.musicxml	2	0	1	1	0.582679	no	no
cpdl_5_voice_string_quartet	120	Moro, e mentre sospiro	data/cpdl/5-voices/sources/120_moro_e_mentre_sospiro__02_moro_e_mentre_sospiro_gesualdo.mxl	data/cpdl/5-voices/reductions/string_quartet/120_moro_e_mentre_sospiro.musicxml	2	1	6	6	0.513986	yes	no
cpdl_5_voice_string_quartet	120	Moro, e mentre sospiro	data/cpdl/5-voices/sources/120_moro_e_mentre_sospiro__02_moro_e_mentre_sospiro_gesualdo.mxl	data/cpdl/5-voices/reductions/string_quartet/120_moro_e_mentre_sospiro.musicxml	2	2	1	1	0.493598	yes	yes
cpdl_5_voice_string_quartet	120	Moro, e mentre sospiro	data/cpdl/5-voices/sources/120_moro_e_mentre_sospiro__02_moro_e_mentre_sospiro_gesualdo.mxl	data/cpdl/5-voices/reductions/string_quartet/120_moro_e_mentre_sospiro.musicxml	2	3	4	4	0.521167	yes	no
cpdl_5_voice_string_quartet	120	Moro, e mentre sospiro	data/cpdl/5-voices/sources/120_moro_e_mentre_sospiro__02_moro_e_mentre_sospiro_gesualdo.mxl	data/cpdl/5-voices/reductions/string_quartet/120_moro_e_mentre_sospiro.musicxml	2	4	3	3	0.594638	no	no
cpdl_5_voice_string_quartet	120	Moro, e mentre sospiro	data/cpdl/5-voices/sources/120_moro_e_mentre_sospiro__02_moro_e_mentre_sospiro_gesualdo.mxl	data/cpdl/5-voices/reductions/string_quartet/120_moro_e_mentre_sospiro.musicxml	2	5	2	2	0.758516	no	no
cpdl_5_voice_string_quartet	120	Moro, e mentre sospiro	data/cpdl/5-voices/sources/120_moro_e_mentre_sospiro__02_moro_e_mentre_sospiro_gesualdo.mxl	data/cpdl/5-voices/reductions/string_quartet/120_moro_e_mentre_sospiro.musicxml	2	6	5	5	0.835303	no	no
cpdl_5_voice_string_quartet	120	Moro, e mentre sospiro	data/cpdl/5-voices/sources/120_moro_e_mentre_sospiro__02_moro_e_mentre_sospiro_gesualdo.mxl	data/cpdl/5-voices/reductions/string_quartet/120_moro_e_mentre_sospiro.musicxml	2	7	0	0	1.15331	no	no
cpdl_5_voice_string_quartet	121	Moro, lasso, al mio duolo	data/cpdl/5-voices/sources/121_moro_lasso_al_mio_duolo__02_moro_lasso_gesualdo.mxl	data/cpdl/5-voices/reductions/string_quartet/121_moro_lasso_al_mio_duolo.musicxml	0	-5	1	1	0.790183	no	no
cpdl_5_voice_string_quartet	121	Moro, lasso, al mio duolo	data/cpdl/5-voices/sources/121_moro_lasso_al_mio_duolo__02_moro_lasso_gesualdo.mxl	data/cpdl/5-voices/reductions/string_quartet/121_moro_lasso_al_mio_duolo.musicxml	0	-4	4	4	0.618735	no	no
cpdl_5_voice_string_quartet	121	Moro, lasso, al mio duolo	data/cpdl/5-voices/sources/121_moro_lasso_al_mio_duolo__02_moro_lasso_gesualdo.mxl	data/cpdl/5-voices/reductions/string_quartet/121_moro_lasso_al_mio_duolo.musicxml	0	-3	3	3	0.507576	no	no
cpdl_5_voice_string_quartet	121	Moro, lasso, al mio duolo	data/cpdl/5-voices/sources/121_moro_lasso_al_mio_duolo__02_moro_lasso_gesualdo.mxl	data/cpdl/5-voices/reductions/string_quartet/121_moro_lasso_al_mio_duolo.musicxml	0	-2	2	2	0.429489	no	no
cpdl_5_voice_string_quartet	121	Moro, lasso, al mio duolo	data/cpdl/5-voices/sources/121_moro_lasso_al_mio_duolo__02_moro_lasso_gesualdo.mxl	data/cpdl/5-voices/reductions/string_quartet/121_moro_lasso_al_mio_duolo.musicxml	0	-1	5	5	0.346666	yes	no
cpdl_5_voice_string_quartet	121	Moro, lasso, al mio duolo	data/cpdl/5-voices/sources/121_moro_lasso_al_mio_duolo__02_moro_lasso_gesualdo.mxl	data/cpdl/5-voices/reductions/string_quartet/121_moro_lasso_al_mio_duolo.musicxml	0	0	0	0	0.298922	yes	yes
cpdl_5_voice_string_quartet	121	Moro, lasso, al mio duolo	data/cpdl/5-voices/sources/121_moro_lasso_al_mio_duolo__02_moro_lasso_gesualdo.mxl	data/cpdl/5-voices/reductions/string_quartet/121_moro_lasso_al_mio_duolo.musicxml	0	1	5	5	0.303539	yes	no
cpdl_5_voice_string_quartet	121	Moro, lasso, al mio duolo	data/cpdl/5-voices/sources/121_moro_lasso_al_mio_duolo__02_moro_lasso_gesualdo.mxl	data/cpdl/5-voices/reductions/string_quartet/121_moro_lasso_al_mio_duolo.musicxml	0	2	2	2	0.392487	no	no
cpdl_5_voice_string_quartet	121	Moro, lasso, al mio duolo	data/cpdl/5-voices/sources/121_moro_lasso_al_mio_duolo__02_moro_lasso_gesualdo.mxl	data/cpdl/5-voices/reductions/string_quartet/121_moro_lasso_al_mio_duolo.musicxml	0	3	3	3	0.443636	no	no
cpdl_5_voice_string_quartet	121	Moro, lasso, al mio duolo	data/cpdl/5-voices/sources/121_moro_lasso_al_mio_duolo__02_moro_lasso_gesualdo.mxl	data/cpdl/5-voices/reductions/string_quartet/121_moro_lasso_al_mio_duolo.musicxml	0	4	4	4	0.5296	no	no
cpdl_5_voice_string_quartet	121	Moro, lasso, al mio duolo	data/cpdl/5-voices/sources/121_moro_lasso_al_mio_duolo__02_moro_lasso_gesualdo.mxl	data/cpdl/5-voices/reductions/string_quartet/121_moro_lasso_al_mio_duolo.musicxml	0	5	1	1	0.711227	no	no
cpdl_5_voice_string_quartet	123	Non mai non cangerò stato	data/cpdl/5-voices/sources/123_non_mai_non_cangero_stato__02_gesualdo_non_mai_non_cangero.mxl	data/cpdl/5-voices/reductions/string_quartet/123_non_mai_non_canger_stato.musicxml	2	-3	2	2	0.494969	no	no
cpdl_5_voice_string_quartet	123	Non mai non cangerò stato	data/cpdl/5-voices/sources/123_non_mai_non_cangero_stato__02_gesualdo_non_mai_non_cangero.mxl	data/cpdl/5-voices/reductions/string_quartet/123_non_mai_non_canger_stato.musicxml	2	-2	3	3	0.434249	no	no
cpdl_5_voice_string_quartet	123	Non mai non cangerò stato	data/cpdl/5-voices/sources/123_non_mai_non_cangero_stato__02_gesualdo_non_mai_non_cangero.mxl	data/cpdl/5-voices/reductions/string_quartet/123_non_mai_non_canger_stato.musicxml	2	-1	4	4	0.365346	yes	no
cpdl_5_voice_string_quartet	123	Non mai non cangerò stato	data/cpdl/5-voices/sources/123_non_mai_non_cangero_stato__02_gesualdo_non_mai_non_cangero.mxl	data/cpdl/5-voices/reductions/string_quartet/123_non_mai_non_canger_stato.musicxml	2	0	1	1	0.346266	yes	no
cpdl_5_voice_string_quartet	123	Non mai non cangerò stato	data/cpdl/5-voices/sources/123_non_mai_non_cangero_stato__02_gesualdo_non_mai_non_cangero.mxl	data/cpdl/5-voices/reductions/string_quartet/123_non_mai_non_canger_stato.musicxml	2	1	6	6	0.327837	yes	no
cpdl_5_voice_string_quartet	123	Non mai non cangerò stato	data/cpdl/5-voices/sources/123_non_mai_non_cangero_stato__02_gesualdo_non_mai_non_cangero.mxl	data/cpdl/5-voices/reductions/string_quartet/123_non_mai_non_canger_stato.musicxml	2	2	1	1	0.333364	yes	yes
cpdl_5_voice_string_quartet	123	Non mai non cangerò stato	data/cpdl/5-voices/sources/123_non_mai_non_cangero_stato__02_gesualdo_non_mai_non_cangero.mxl	data/cpdl/5-voices/reductions/string_quartet/123_non_mai_non_canger_stato.musicxml	2	3	4	4	0.359865	yes	no
cpdl_5_voice_string_quartet	123	Non mai non cangerò stato	data/cpdl/5-voices/sources/123_non_mai_non_cangero_stato__02_gesualdo_non_mai_non_cangero.mxl	data/cpdl/5-voices/reductions/string_quartet/123_non_mai_non_canger_stato.musicxml	2	4	3	3	0.457821	no	no
cpdl_5_voice_string_quartet	123	Non mai non cangerò stato	data/cpdl/5-voices/sources/123_non_mai_non_cangero_stato__02_gesualdo_non_mai_non_cangero.mxl	data/cpdl/5-voices/reductions/string_quartet/123_non_mai_non_canger_stato.musicxml	2	5	2	2	0.584741	no	no
cpdl_5_voice_string_quartet	123	Non mai non cangerò stato	data/cpdl/5-voices/sources/123_non_mai_non_cangero_stato__02_gesualdo_non_mai_non_cangero.mxl	data/cpdl/5-voices/reductions/string_quartet/123_non_mai_non_canger_stato.musicxml	2	6	5	5	0.654229	no	no
cpdl_5_voice_string_quartet	123	Non mai non cangerò stato	data/cpdl/5-voices/sources/123_non_mai_non_cangero_stato__02_gesualdo_non_mai_non_cangero.mxl	data/cpdl/5-voices/reductions/string_quartet/123_non_mai_non_canger_stato.musicxml	2	7	0	0	0.894511	no	no
cpdl_5_voice_string_quartet	124	Non mi toglia il ben mio	data/cpdl/5-voices/sources/124_non_mi_toglia_il_ben_mio__01_gesualdo_nonmitoglia.mxl	data/cpdl/5-voices/reductions/string_quartet/124_non_mi_toglia_il_ben_mio.musicxml	0	-5	0	0	0.704273	no	no
cpdl_5_voice_string_quartet	124	Non mi toglia il ben mio	data/cpdl/5-voices/sources/124_non_mi_toglia_il_ben_mio__01_gesualdo_nonmitoglia.mxl	data/cpdl/5-voices/reductions/string_quartet/124_non_mi_toglia_il_ben_mio.musicxml	0	-4	5	5	0.641587	no	no
cpdl_5_voice_string_quartet	124	Non mi toglia il ben mio	data/cpdl/5-voices/sources/124_non_mi_toglia_il_ben_mio__01_gesualdo_nonmitoglia.mxl	data/cpdl/5-voices/reductions/string_quartet/124_non_mi_toglia_il_ben_mio.musicxml	0	-3	2	2	0.466461	yes	no
cpdl_5_voice_string_quartet	124	Non mi toglia il ben mio	data/cpdl/5-voices/sources/124_non_mi_toglia_il_ben_mio__01_gesualdo_nonmitoglia.mxl	data/cpdl/5-voices/reductions/string_quartet/124_non_mi_toglia_il_ben_mio.musicxml	0	-2	3	3	0.421136	yes	no
cpdl_5_voice_string_quartet	124	Non mi toglia il ben mio	data/cpdl/5-voices/sources/124_non_mi_toglia_il_ben_mio__01_gesualdo_nonmitoglia.mxl	data/cpdl/5-voices/reductions/string_quartet/124_non_mi_toglia_il_ben_mio.musicxml	0	-1	4	4	0.394096	yes	no
cpdl_5_voice_string_quartet	124	Non mi toglia il ben mio	data/cpdl/5-voices/sources/124_non_mi_toglia_il_ben_mio__01_gesualdo_nonmitoglia.mxl	data/cpdl/5-voices/reductions/string_quartet/124_non_mi_toglia_il_ben_mio.musicxml	0	0	1	1	0.440743	yes	yes
cpdl_5_voice_string_quartet	124	Non mi toglia il ben mio	data/cpdl/5-voices/sources/124_non_mi_toglia_il_ben_mio__01_gesualdo_nonmitoglia.mxl	data/cpdl/5-voices/reductions/string_quartet/124_non_mi_toglia_il_ben_mio.musicxml	0	1	6	6	0.459075	yes	no
cpdl_5_voice_string_quartet	124	Non mi toglia il ben mio	data/cpdl/5-voices/sources/124_non_mi_toglia_il_ben_mio__01_gesualdo_nonmitoglia.mxl	data/cpdl/5-voices/reductions/string_quartet/124_non_mi_toglia_il_ben_mio.musicxml	0	2	1	1	0.583989	no	no
cpdl_5_voice_string_quartet	124	Non mi toglia il ben mio	data/cpdl/5-voices/sources/124_non_mi_toglia_il_ben_mio__01_gesualdo_nonmitoglia.mxl	data/cpdl/5-voices/reductions/string_quartet/124_non_mi_toglia_il_ben_mio.musicxml	0	3	4	4	0.641624	no	no
cpdl_5_voice_string_quartet	124	Non mi toglia il ben mio	data/cpdl/5-voices/sources/124_non_mi_toglia_il_ben_mio__01_gesualdo_nonmitoglia.mxl	data/cpdl/5-voices/reductions/string_quartet/124_non_mi_toglia_il_ben_mio.musicxml	0	4	3	3	0.90331	no	no
cpdl_5_voice_string_quartet	124	Non mi toglia il ben mio	data/cpdl/5-voices/sources/124_non_mi_toglia_il_ben_mio__01_gesualdo_nonmitoglia.mxl	data/cpdl/5-voices/reductions/string_quartet/124_non_mi_toglia_il_ben_mio.musicxml	0	5	2	2	1.25622	no	no
cpdl_5_voice_string_quartet	125	Non mirar, non mirare	data/cpdl/5-voices/sources/125_non_mirar_non_mirare__01_gesualdo_non_mirar_non_mirare.mxl	data/cpdl/5-voices/reductions/string_quartet/125_non_mirar_non_mirare.musicxml	0	-5	1	1	1.22503	no	no
cpdl_5_voice_string_quartet	125	Non mirar, non mirare	data/cpdl/5-voices/sources/125_non_mirar_non_mirare__01_gesualdo_non_mirar_non_mirare.mxl	data/cpdl/5-voices/reductions/string_quartet/125_non_mirar_non_mirare.musicxml	0	-4	4	4	0.957892	no	no
cpdl_5_voice_string_quartet	125	Non mirar, non mirare	data/cpdl/5-voices/sources/125_non_mirar_non_mirare__01_gesualdo_non_mirar_non_mirare.mxl	data/cpdl/5-voices/reductions/string_quartet/125_non_mirar_non_mirare.musicxml	0	-3	3	3	0.682695	no	no
cpdl_5_voice_string_quartet	125	Non mirar, non mirare	data/cpdl/5-voices/sources/125_non_mirar_non_mirare__01_gesualdo_non_mirar_non_mirare.mxl	data/cpdl/5-voices/reductions/string_quartet/125_non_mirar_non_mirare.musicxml	0	-2	2	2	0.540422	no	no
cpdl_5_voice_string_quartet	125	Non mirar, non mirare	data/cpdl/5-voices/sources/125_non_mirar_non_mirare__01_gesualdo_non_mirar_non_mirare.mxl	data/cpdl/5-voices/reductions/string_quartet/125_non_mirar_non_mirare.musicxml	0	-1	5	5	0.433248	no	no
cpdl_5_voice_string_quartet	125	Non mirar, non mirare	data/cpdl/5-voices/sources/125_non_mirar_non_mirare__01_gesualdo_non_mirar_non_mirare.mxl	data/cpdl/5-voices/reductions/string_quartet/125_non_mirar_non_mirare.musicxml	0	0	0	0	0.378737	yes	yes
cpdl_5_voice_string_quartet	125	Non mirar, non mirare	data/cpdl/5-voices/sources/125_non_mirar_non_mirare__01_gesualdo_non_mirar_non_mirare.mxl	data/cpdl/5-voices/reductions/string_quartet/125_non_mirar_non_mirare.musicxml	0	1	5	5	0.364815	yes	no
cpdl_5_voice_string_quartet	125	Non mirar, non mirare	data/cpdl/5-voices/sources/125_non_mirar_non_mirare__01_gesualdo_non_mirar_non_mirare.mxl	data/cpdl/5-voices/reductions/string_quartet/125_non_mirar_non_mirare.musicxml	0	2	2	2	0.405043	yes	no
cpdl_5_voice_string_quartet	125	Non mirar, non mirare	data/cpdl/5-voices/sources/125_non_mirar_non_mirare__01_gesualdo_non_mirar_non_mirare.mxl	data/cpdl/5-voices/reductions/string_quartet/125_non_mirar_non_mirare.musicxml	0	3	3	3	0.468971	no	no
cpdl_5_voice_string_quartet	125	Non mirar, non mirare	data/cpdl/5-voices/sources/125_non_mirar_non_mirare__01_gesualdo_non_mirar_non_mirare.mxl	data/cpdl/5-voices/reductions/string_quartet/125_non_mirar_non_mirare.musicxml	0	4	4	4	0.517766	no	no
cpdl_5_voice_string_quartet	125	Non mirar, non mirare	data/cpdl/5-voices/sources/125_non_mirar_non_mirare__01_gesualdo_non_mirar_non_mirare.mxl	data/cpdl/5-voices/reductions/string_quartet/125_non_mirar_non_mirare.musicxml	0	5	1	1	0.721337	no	no
cpdl_5_voice_string_quartet	127	Non è questa la mano	data/cpdl/5-voices/sources/127_non_e_questa_la_mano__01_gesualdo_non_e_questa_la_mano.mxl	data/cpdl/5-voices/reductions/string_quartet/127_non_questa_la_mano.musicxml	0	-5	1	1	0.442643	no	no
cpdl_5_voice_string_quartet	127	Non è questa la mano	data/cpdl/5-voices/sources/127_non_e_questa_la_mano__01_gesualdo_non_e_questa_la_mano.mxl	data/cpdl/5-voices/reductions/string_quartet/127_non_questa_la_mano.musicxml	0	-4	4	4	0.383913	no	no
cpdl_5_voice_string_quartet	127	Non è questa la mano	data/cpdl/5-voices/sources/127_non_e_questa_la_mano__01_gesualdo_non_e_questa_la_mano.mxl	data/cpdl/5-voices/reductions/string_quartet/127_non_questa_la_mano.musicxml	0	-3	3	3	0.34097	yes	no
cpdl_5_voice_string_quartet	127	Non è questa la mano	data/cpdl/5-voices/sources/127_non_e_questa_la_mano__01_gesualdo_non_e_questa_la_mano.mxl	data/cpdl/5-voices/reductions/string_quartet/127_non_questa_la_mano.musicxml	0	-2	2	2	0.312551	yes	no
cpdl_5_voice_string_quartet	127	Non è questa la mano	data/cpdl/5-voices/sources/127_non_e_questa_la_mano__01_gesualdo_non_e_questa_la_mano.mxl	data/cpdl/5-voices/reductions/string_quartet/127_non_questa_la_mano.musicxml	0	-1	5	5	0.303997	yes	no
cpdl_5_voice_string_quartet	127	Non è questa la mano	data/cpdl/5-voices/sources/127_non_e_questa_la_mano__01_gesualdo_non_e_questa_la_mano.mxl	data/cpdl/5-voices/reductions/string_quartet/127_non_questa_la_mano.musicxml	0	0	0	0	0.302449	yes	yes
cpdl_5_voice_string_quartet	127	Non è questa la mano	data/cpdl/5-voices/sources/127_non_e_questa_la_mano__01_gesualdo_non_e_questa_la_mano.mxl	data/cpdl/5-voices/reductions/string_quartet/127_non_questa_la_mano.musicxml	0	1	5	5	0.338328	yes	no
cpdl_5_voice_string_quartet	127	Non è questa la mano	data/cpdl/5-voices/sources/127_non_e_questa_la_mano__01_gesualdo_non_e_questa_la_mano.mxl	data/cpdl/5-voices/reductions/string_quartet/127_non_questa_la_mano.musicxml	0	2	2	2	0.47583	no	no
cpdl_5_voice_string_quartet	127	Non è questa la mano	data/cpdl/5-voices/sources/127_non_e_questa_la_mano__01_gesualdo_non_e_questa_la_mano.mxl	data/cpdl/5-voices/reductions/string_quartet/127_non_questa_la_mano.musicxml	0	3	3	3	0.578347	no	no
cpdl_5_voice_string_quartet	127	Non è questa la mano	data/cpdl/5-voices/sources/127_non_e_questa_la_mano__01_gesualdo_non_e_questa_la_mano.mxl	data/cpdl/5-voices/reductions/string_quartet/127_non_questa_la_mano.musicxml	0	4	4	4	0.696921	no	no
cpdl_5_voice_string_quartet	127	Non è questa la mano	data/cpdl/5-voices/sources/127_non_e_questa_la_mano__01_gesualdo_non_e_questa_la_mano.mxl	data/cpdl/5-voices/reductions/string_quartet/127_non_questa_la_mano.musicxml	0	5	1	1	1.04171	no	no
cpdl_5_voice_string_quartet	128	O com'è gran martire	data/cpdl/5-voices/sources/128_o_com_e_gran_martire__01_gesualdo_o_com_e_gran_martire.mxl	data/cpdl/5-voices/reductions/string_quartet/128_o_com_gran_martire.musicxml	0	-5	1	1	1.00494	no	no
cpdl_5_voice_string_quartet	128	O com'è gran martire	data/cpdl/5-voices/sources/128_o_com_e_gran_martire__01_gesualdo_o_com_e_gran_martire.mxl	data/cpdl/5-voices/reductions/string_quartet/128_o_com_gran_martire.musicxml	0	-4	4	4	0.834321	no	no
cpdl_5_voice_string_quartet	128	O com'è gran martire	data/cpdl/5-voices/sources/128_o_com_e_gran_martire__01_gesualdo_o_com_e_gran_martire.mxl	data/cpdl/5-voices/reductions/string_quartet/128_o_com_gran_martire.musicxml	0	-3	3	3	0.60104	no	no
cpdl_5_voice_string_quartet	128	O com'è gran martire	data/cpdl/5-voices/sources/128_o_com_e_gran_martire__01_gesualdo_o_com_e_gran_martire.mxl	data/cpdl/5-voices/reductions/string_quartet/128_o_com_gran_martire.musicxml	0	-2	2	2	0.502117	no	no
cpdl_5_voice_string_quartet	128	O com'è gran martire	data/cpdl/5-voices/sources/128_o_com_e_gran_martire__01_gesualdo_o_com_e_gran_martire.mxl	data/cpdl/5-voices/reductions/string_quartet/128_o_com_gran_martire.musicxml	0	-1	5	5	0.400935	yes	no
cpdl_5_voice_string_quartet	128	O com'è gran martire	data/cpdl/5-voices/sources/128_o_com_e_gran_martire__01_gesualdo_o_com_e_gran_martire.mxl	data/cpdl/5-voices/reductions/string_quartet/128_o_com_gran_martire.musicxml	0	0	0	0	0.360927	yes	yes
cpdl_5_voice_string_quartet	128	O com'è gran martire	data/cpdl/5-voices/sources/128_o_com_e_gran_martire__01_gesualdo_o_com_e_gran_martire.mxl	data/cpdl/5-voices/reductions/string_quartet/128_o_com_gran_martire.musicxml	0	1	5	5	0.371697	yes	no
cpdl_5_voice_string_quartet	128	O com'è gran martire	data/cpdl/5-voices/sources/128_o_com_e_gran_martire__01_gesualdo_o_com_e_gran_martire.mxl	data/cpdl/5-voices/reductions/string_quartet/128_o_com_gran_martire.musicxml	0	2	2	2	0.365669	yes	no
cpdl_5_voice_string_quartet	128	O com'è gran martire	data/cpdl/5-voices/sources/128_o_com_e_gran_martire__01_gesualdo_o_com_e_gran_martire.mxl	data/cpdl/5-voices/reductions/string_quartet/128_o_com_gran_martire.musicxml	0	3	3	3	0.399993	yes	no
cpdl_5_voice_string_quartet	128	O com'è gran martire	data/cpdl/5-voices/sources/128_o_com_e_gran_martire__01_gesualdo_o_com_e_gran_martire.mxl	data/cpdl/5-voices/reductions/string_quartet/128_o_com_gran_martire.musicxml	0	4	4	4	0.468042	no	no
cpdl_5_voice_string_quartet	128	O com'è gran martire	data/cpdl/5-voices/sources/128_o_com_e_gran_martire__01_gesualdo_o_com_e_gran_martire.mxl	data/cpdl/5-voices/reductions/string_quartet/128_o_com_gran_martire.musicxml	0	5	1	1	0.720617	no	no
cpdl_5_voice_string_quartet	129	O dolce mio martire	data/cpdl/5-voices/sources/129_o_dolce_mio_martire__01_gesualdo_o_dolce_mio_martire.mxl	data/cpdl/5-voices/reductions/string_quartet/129_o_dolce_mio_martire.musicxml	0	-5	1	1	1.30593	no	no
cpdl_5_voice_string_quartet	129	O dolce mio martire	data/cpdl/5-voices/sources/129_o_dolce_mio_martire__01_gesualdo_o_dolce_mio_martire.mxl	data/cpdl/5-voices/reductions/string_quartet/129_o_dolce_mio_martire.musicxml	0	-4	4	4	1.14753	no	no
cpdl_5_voice_string_quartet	129	O dolce mio martire	data/cpdl/5-voices/sources/129_o_dolce_mio_martire__01_gesualdo_o_dolce_mio_martire.mxl	data/cpdl/5-voices/reductions/string_quartet/129_o_dolce_mio_martire.musicxml	0	-3	3	3	0.910916	no	no
cpdl_5_voice_string_quartet	129	O dolce mio martire	data/cpdl/5-voices/sources/129_o_dolce_mio_martire__01_gesualdo_o_dolce_mio_martire.mxl	data/cpdl/5-voices/reductions/string_quartet/129_o_dolce_mio_martire.musicxml	0	-2	2	2	0.608949	no	no
cpdl_5_voice_string_quartet	129	O dolce mio martire	data/cpdl/5-voices/sources/129_o_dolce_mio_martire__01_gesualdo_o_dolce_mio_martire.mxl	data/cpdl/5-voices/reductions/string_quartet/129_o_dolce_mio_martire.musicxml	0	-1	5	5	0.477668	no	no
cpdl_5_voice_string_quartet	129	O dolce mio martire	data/cpdl/5-voices/sources/129_o_dolce_mio_martire__01_gesualdo_o_dolce_mio_martire.mxl	data/cpdl/5-voices/reductions/string_quartet/129_o_dolce_mio_martire.musicxml	0	0	0	0	0.416714	yes	yes
cpdl_5_voice_string_quartet	129	O dolce mio martire	data/cpdl/5-voices/sources/129_o_dolce_mio_martire__01_gesualdo_o_dolce_mio_martire.mxl	data/cpdl/5-voices/reductions/string_quartet/129_o_dolce_mio_martire.musicxml	0	1	5	5	0.412142	yes	no
cpdl_5_voice_string_quartet	129	O dolce mio martire	data/cpdl/5-voices/sources/129_o_dolce_mio_martire__01_gesualdo_o_dolce_mio_martire.mxl	data/cpdl/5-voices/reductions/string_quartet/129_o_dolce_mio_martire.musicxml	0	2	2	2	0.404301	yes	no
cpdl_5_voice_string_quartet	129	O dolce mio martire	data/cpdl/5-voices/sources/129_o_dolce_mio_martire__01_gesualdo_o_dolce_mio_martire.mxl	data/cpdl/5-voices/reductions/string_quartet/129_o_dolce_mio_martire.musicxml	0	3	3	3	0.421295	yes	no
cpdl_5_voice_string_quartet	129	O dolce mio martire	data/cpdl/5-voices/sources/129_o_dolce_mio_martire__01_gesualdo_o_dolce_mio_martire.mxl	data/cpdl/5-voices/reductions/string_quartet/129_o_dolce_mio_martire.musicxml	0	4	4	4	0.432342	yes	no
cpdl_5_voice_string_quartet	129	O dolce mio martire	data/cpdl/5-voices/sources/129_o_dolce_mio_martire__01_gesualdo_o_dolce_mio_martire.mxl	data/cpdl/5-voices/reductions/string_quartet/129_o_dolce_mio_martire.musicxml	0	5	1	1	0.563625	no	no
cpdl_5_voice_string_quartet	130	O dolce mio tesoro	data/cpdl/5-voices/sources/130_o_dolce_mio_tesoro__02_o_dolce_mio_tesoro_gesualdo.mxl	data/cpdl/5-voices/reductions/string_quartet/130_o_dolce_mio_tesoro.musicxml	0	-5	1	1	0.65981	no	no
cpdl_5_voice_string_quartet	130	O dolce mio tesoro	data/cpdl/5-voices/sources/130_o_dolce_mio_tesoro__02_o_dolce_mio_tesoro_gesualdo.mxl	data/cpdl/5-voices/reductions/string_quartet/130_o_dolce_mio_tesoro.musicxml	0	-4	4	4	0.589558	no	no
cpdl_5_voice_string_quartet	130	O dolce mio tesoro	data/cpdl/5-voices/sources/130_o_dolce_mio_tesoro__02_o_dolce_mio_tesoro_gesualdo.mxl	data/cpdl/5-voices/reductions/string_quartet/130_o_dolce_mio_tesoro.musicxml	0	-3	3	3	0.457497	no	no
cpdl_5_voice_string_quartet	130	O dolce mio tesoro	data/cpdl/5-voices/sources/130_o_dolce_mio_tesoro__02_o_dolce_mio_tesoro_gesualdo.mxl	data/cpdl/5-voices/reductions/string_quartet/130_o_dolce_mio_tesoro.musicxml	0	-2	2	2	0.414344	no	no
cpdl_5_voice_string_quartet	130	O dolce mio tesoro	data/cpdl/5-voices/sources/130_o_dolce_mio_tesoro__02_o_dolce_mio_tesoro_gesualdo.mxl	data/cpdl/5-voices/reductions/string_quartet/130_o_dolce_mio_tesoro.musicxml	0	-1	5	5	0.369993	yes	no
cpdl_5_voice_string_quartet	130	O dolce mio tesoro	data/cpdl/5-voices/sources/130_o_dolce_mio_tesoro__02_o_dolce_mio_tesoro_gesualdo.mxl	data/cpdl/5-voices/reductions/string_quartet/130_o_dolce_mio_tesoro.musicxml	0	0	0	0	0.355757	yes	yes
cpdl_5_voice_string_quartet	130	O dolce mio tesoro	data/cpdl/5-voices/sources/130_o_dolce_mio_tesoro__02_o_dolce_mio_tesoro_gesualdo.mxl	data/cpdl/5-voices/reductions/string_quartet/130_o_dolce_mio_tesoro.musicxml	0	1	5	5	0.384608	yes	no
cpdl_5_voice_string_quartet	130	O dolce mio tesoro	data/cpdl/5-voices/sources/130_o_dolce_mio_tesoro__02_o_dolce_mio_tesoro_gesualdo.mxl	data/cpdl/5-voices/reductions/string_quartet/130_o_dolce_mio_tesoro.musicxml	0	2	2	2	0.483607	no	no
cpdl_5_voice_string_quartet	130	O dolce mio tesoro	data/cpdl/5-voices/sources/130_o_dolce_mio_tesoro__02_o_dolce_mio_tesoro_gesualdo.mxl	data/cpdl/5-voices/reductions/string_quartet/130_o_dolce_mio_tesoro.musicxml	0	3	3	3	0.62232	no	no
cpdl_5_voice_string_quartet	130	O dolce mio tesoro	data/cpdl/5-voices/sources/130_o_dolce_mio_tesoro__02_o_dolce_mio_tesoro_gesualdo.mxl	data/cpdl/5-voices/reductions/string_quartet/130_o_dolce_mio_tesoro.musicxml	0	4	4	4	0.69188	no	no
cpdl_5_voice_string_quartet	130	O dolce mio tesoro	data/cpdl/5-voices/sources/130_o_dolce_mio_tesoro__02_o_dolce_mio_tesoro_gesualdo.mxl	data/cpdl/5-voices/reductions/string_quartet/130_o_dolce_mio_tesoro.musicxml	0	5	1	1	0.907085	no	no
cpdl_5_voice_string_quartet	131	O dolorosa gioia	data/cpdl/5-voices/sources/131_o_dolorosa_gioia__02_gesu_5odo.mxl	data/cpdl/5-voices/reductions/string_quartet/131_o_dolorosa_gioia.musicxml	2	-3	2	2	0.850569	no	no
cpdl_5_voice_string_quartet	131	O dolorosa gioia	data/cpdl/5-voices/sources/131_o_dolorosa_gioia__02_gesu_5odo.mxl	data/cpdl/5-voices/reductions/string_quartet/131_o_dolorosa_gioia.musicxml	2	-2	3	3	0.672613	no	no
cpdl_5_voice_string_quartet	131	O dolorosa gioia	data/cpdl/5-voices/sources/131_o_dolorosa_gioia__02_gesu_5odo.mxl	data/cpdl/5-voices/reductions/string_quartet/131_o_dolorosa_gioia.musicxml	2	-1	4	4	0.559475	no	no
cpdl_5_voice_string_quartet	131	O dolorosa gioia	data/cpdl/5-voices/sources/131_o_dolorosa_gioia__02_gesu_5odo.mxl	data/cpdl/5-voices/reductions/string_quartet/131_o_dolorosa_gioia.musicxml	2	0	1	1	0.523226	no	no
cpdl_5_voice_string_quartet	131	O dolorosa gioia	data/cpdl/5-voices/sources/131_o_dolorosa_gioia__02_gesu_5odo.mxl	data/cpdl/5-voices/reductions/string_quartet/131_o_dolorosa_gioia.musicxml	2	1	6	6	0.452598	yes	no
cpdl_5_voice_string_quartet	131	O dolorosa gioia	data/cpdl/5-voices/sources/131_o_dolorosa_gioia__02_gesu_5odo.mxl	data/cpdl/5-voices/reductions/string_quartet/131_o_dolorosa_gioia.musicxml	2	2	1	1	0.455283	yes	yes
cpdl_5_voice_string_quartet	131	O dolorosa gioia	data/cpdl/5-voices/sources/131_o_dolorosa_gioia__02_gesu_5odo.mxl	data/cpdl/5-voices/reductions/string_quartet/131_o_dolorosa_gioia.musicxml	2	3	4	4	0.483021	yes	no
cpdl_5_voice_string_quartet	131	O dolorosa gioia	data/cpdl/5-voices/sources/131_o_dolorosa_gioia__02_gesu_5odo.mxl	data/cpdl/5-voices/reductions/string_quartet/131_o_dolorosa_gioia.musicxml	2	4	3	3	0.615983	no	no
cpdl_5_voice_string_quartet	131	O dolorosa gioia	data/cpdl/5-voices/sources/131_o_dolorosa_gioia__02_gesu_5odo.mxl	data/cpdl/5-voices/reductions/string_quartet/131_o_dolorosa_gioia.musicxml	2	5	2	2	0.839732	no	no
cpdl_5_voice_string_quartet	131	O dolorosa gioia	data/cpdl/5-voices/sources/131_o_dolorosa_gioia__02_gesu_5odo.mxl	data/cpdl/5-voices/reductions/string_quartet/131_o_dolorosa_gioia.musicxml	2	6	5	5	0.935542	no	no
cpdl_5_voice_string_quartet	131	O dolorosa gioia	data/cpdl/5-voices/sources/131_o_dolorosa_gioia__02_gesu_5odo.mxl	data/cpdl/5-voices/reductions/string_quartet/131_o_dolorosa_gioia.musicxml	2	7	0	0	1.27569	no	no
cpdl_5_voice_string_quartet	132	O mal nati messagi	data/cpdl/5-voices/sources/132_o_mal_nati_messagi__02_o_mal_nati_messagi_gesualdo.mxl	data/cpdl/5-voices/reductions/string_quartet/132_o_mal_nati_messagi.musicxml	0	-5	1	1	1.02459	no	no
cpdl_5_voice_string_quartet	132	O mal nati messagi	data/cpdl/5-voices/sources/132_o_mal_nati_messagi__02_o_mal_nati_messagi_gesualdo.mxl	data/cpdl/5-voices/reductions/string_quartet/132_o_mal_nati_messagi.musicxml	0	-4	4	4	0.875212	no	no
cpdl_5_voice_string_quartet	132	O mal nati messagi	data/cpdl/5-voices/sources/132_o_mal_nati_messagi__02_o_mal_nati_messagi_gesualdo.mxl	data/cpdl/5-voices/reductions/string_quartet/132_o_mal_nati_messagi.musicxml	0	-3	3	3	0.660859	no	no
cpdl_5_voice_string_quartet	132	O mal nati messagi	data/cpdl/5-voices/sources/132_o_mal_nati_messagi__02_o_mal_nati_messagi_gesualdo.mxl	data/cpdl/5-voices/reductions/string_quartet/132_o_mal_nati_messagi.musicxml	0	-2	2	2	0.481232	yes	no
cpdl_5_voice_string_quartet	132	O mal nati messagi	data/cpdl/5-voices/sources/132_o_mal_nati_messagi__02_o_mal_nati_messagi_gesualdo.mxl	data/cpdl/5-voices/reductions/string_quartet/132_o_mal_nati_messagi.musicxml	0	-1	5	5	0.434664	yes	no
cpdl_5_voice_string_quartet	132	O mal nati messagi	data/cpdl/5-voices/sources/132_o_mal_nati_messagi__02_o_mal_nati_messagi_gesualdo.mxl	data/cpdl/5-voices/reductions/string_quartet/132_o_mal_nati_messagi.musicxml	0	0	0	0	0.477723	yes	yes
cpdl_5_voice_string_quartet	132	O mal nati messagi	data/cpdl/5-voices/sources/132_o_mal_nati_messagi__02_o_mal_nati_messagi_gesualdo.mxl	data/cpdl/5-voices/reductions/string_quartet/132_o_mal_nati_messagi.musicxml	0	1	5	5	0.501709	yes	no
cpdl_5_voice_string_quartet	132	O mal nati messagi	data/cpdl/5-voices/sources/132_o_mal_nati_messagi__02_o_mal_nati_messagi_gesualdo.mxl	data/cpdl/5-voices/reductions/string_quartet/132_o_mal_nati_messagi.musicxml	0	2	2	2	0.53332	no	no
cpdl_5_voice_string_quartet	132	O mal nati messagi	data/cpdl/5-voices/sources/132_o_mal_nati_messagi__02_o_mal_nati_messagi_gesualdo.mxl	data/cpdl/5-voices/reductions/string_quartet/132_o_mal_nati_messagi.musicxml	0	3	3	3	0.58383	no	no
cpdl_5_voice_string_quartet	132	O mal nati messagi	data/cpdl/5-voices/sources/132_o_mal_nati_messagi__02_o_mal_nati_messagi_gesualdo.mxl	data/cpdl/5-voices/reductions/string_quartet/132_o_mal_nati_messagi.musicxml	0	4	4	4	0.677661	no	no
cpdl_5_voice_string_quartet	132	O mal nati messagi	data/cpdl/5-voices/sources/132_o_mal_nati_messagi__02_o_mal_nati_messagi_gesualdo.mxl	data/cpdl/5-voices/reductions/string_quartet/132_o_mal_nati_messagi.musicxml	0	5	1	1	0.987207	no	no
cpdl_5_voice_string_quartet	134	O tenebroso giorno	data/cpdl/5-voices/sources/134_o_tenebroso_giorno__02_gesu_19ote.mxl	data/cpdl/5-voices/reductions/string_quartet/134_o_tenebroso_giorno.musicxml	2	-3	3	3	0.807117	no	no
cpdl_5_voice_string_quartet	134	O tenebroso giorno	data/cpdl/5-voices/sources/134_o_tenebroso_giorno__02_gesu_19ote.mxl	data/cpdl/5-voices/reductions/string_quartet/134_o_tenebroso_giorno.musicxml	2	-2	2	2	0.67561	no	no
cpdl_5_voice_string_quartet	134	O tenebroso giorno	data/cpdl/5-voices/sources/134_o_tenebroso_giorno__02_gesu_19ote.mxl	data/cpdl/5-voices/reductions/string_quartet/134_o_tenebroso_giorno.musicxml	2	-1	5	5	0.566061	no	no
cpdl_5_voice_string_quartet	134	O tenebroso giorno	data/cpdl/5-voices/sources/134_o_tenebroso_giorno__02_gesu_19ote.mxl	data/cpdl/5-voices/reductions/string_quartet/134_o_tenebroso_giorno.musicxml	2	0	0	0	0.53262	no	no
cpdl_5_voice_string_quartet	134	O tenebroso giorno	data/cpdl/5-voices/sources/134_o_tenebroso_giorno__02_gesu_19ote.mxl	data/cpdl/5-voices/reductions/string_quartet/134_o_tenebroso_giorno.musicxml	2	1	5	5	0.471961	no	no
cpdl_5_voice_string_quartet	134	O tenebroso giorno	data/cpdl/5-voices/sources/134_o_tenebroso_giorno__02_gesu_19ote.mxl	data/cpdl/5-voices/reductions/string_quartet/134_o_tenebroso_giorno.musicxml	2	2	2	2	0.402085	yes	yes
cpdl_5_voice_string_quartet	134	O tenebroso giorno	data/cpdl/5-voices/sources/134_o_tenebroso_giorno__02_gesu_19ote.mxl	data/cpdl/5-voices/reductions/string_quartet/134_o_tenebroso_giorno.musicxml	2	3	3	3	0.410736	yes	no
cpdl_5_voice_string_quartet	134	O tenebroso giorno	data/cpdl/5-voices/sources/134_o_tenebroso_giorno__02_gesu_19ote.mxl	data/cpdl/5-voices/reductions/string_quartet/134_o_tenebroso_giorno.musicxml	2	4	4	4	0.483825	no	no
cpdl_5_voice_string_quartet	134	O tenebroso giorno	data/cpdl/5-voices/sources/134_o_tenebroso_giorno__02_gesu_19ote.mxl	data/cpdl/5-voices/reductions/string_quartet/134_o_tenebroso_giorno.musicxml	2	5	1	1	0.694007	no	no
cpdl_5_voice_string_quartet	134	O tenebroso giorno	data/cpdl/5-voices/sources/134_o_tenebroso_giorno__02_gesu_19ote.mxl	data/cpdl/5-voices/reductions/string_quartet/134_o_tenebroso_giorno.musicxml	2	6	6	6	0.763869	no	no
cpdl_5_voice_string_quartet	134	O tenebroso giorno	data/cpdl/5-voices/sources/134_o_tenebroso_giorno__02_gesu_19ote.mxl	data/cpdl/5-voices/reductions/string_quartet/134_o_tenebroso_giorno.musicxml	2	7	1	1	1.04996	no	no
cpdl_5_voice_string_quartet	135	O voi troppo felici	data/cpdl/5-voices/sources/135_o_voi_troppo_felici__02_gesu_12ovoi.mxl	data/cpdl/5-voices/reductions/string_quartet/135_o_voi_troppo_felici.musicxml	0	-5	1	1	0.528218	no	no
cpdl_5_voice_string_quartet	135	O voi troppo felici	data/cpdl/5-voices/sources/135_o_voi_troppo_felici__02_gesu_12ovoi.mxl	data/cpdl/5-voices/reductions/string_quartet/135_o_voi_troppo_felici.musicxml	0	-4	4	4	0.470051	no	no
cpdl_5_voice_string_quartet	135	O voi troppo felici	data/cpdl/5-voices/sources/135_o_voi_troppo_felici__02_gesu_12ovoi.mxl	data/cpdl/5-voices/reductions/string_quartet/135_o_voi_troppo_felici.musicxml	0	-3	3	3	0.379781	no	no
cpdl_5_voice_string_quartet	135	O voi troppo felici	data/cpdl/5-voices/sources/135_o_voi_troppo_felici__02_gesu_12ovoi.mxl	data/cpdl/5-voices/reductions/string_quartet/135_o_voi_troppo_felici.musicxml	0	-2	2	2	0.332248	yes	no
cpdl_5_voice_string_quartet	135	O voi troppo felici	data/cpdl/5-voices/sources/135_o_voi_troppo_felici__02_gesu_12ovoi.mxl	data/cpdl/5-voices/reductions/string_quartet/135_o_voi_troppo_felici.musicxml	0	-1	5	5	0.321246	yes	no
cpdl_5_voice_string_quartet	135	O voi troppo felici	data/cpdl/5-voices/sources/135_o_voi_troppo_felici__02_gesu_12ovoi.mxl	data/cpdl/5-voices/reductions/string_quartet/135_o_voi_troppo_felici.musicxml	0	0	0	0	0.319977	yes	yes
cpdl_5_voice_string_quartet	135	O voi troppo felici	data/cpdl/5-voices/sources/135_o_voi_troppo_felici__02_gesu_12ovoi.mxl	data/cpdl/5-voices/reductions/string_quartet/135_o_voi_troppo_felici.musicxml	0	1	5	5	0.349077	yes	no
cpdl_5_voice_string_quartet	135	O voi troppo felici	data/cpdl/5-voices/sources/135_o_voi_troppo_felici__02_gesu_12ovoi.mxl	data/cpdl/5-voices/reductions/string_quartet/135_o_voi_troppo_felici.musicxml	0	2	2	2	0.474948	no	no
cpdl_5_voice_string_quartet	135	O voi troppo felici	data/cpdl/5-voices/sources/135_o_voi_troppo_felici__02_gesu_12ovoi.mxl	data/cpdl/5-voices/reductions/string_quartet/135_o_voi_troppo_felici.musicxml	0	3	3	3	0.608436	no	no
cpdl_5_voice_string_quartet	135	O voi troppo felici	data/cpdl/5-voices/sources/135_o_voi_troppo_felici__02_gesu_12ovoi.mxl	data/cpdl/5-voices/reductions/string_quartet/135_o_voi_troppo_felici.musicxml	0	4	4	4	0.699102	no	no
cpdl_5_voice_string_quartet	135	O voi troppo felici	data/cpdl/5-voices/sources/135_o_voi_troppo_felici__02_gesu_12ovoi.mxl	data/cpdl/5-voices/reductions/string_quartet/135_o_voi_troppo_felici.musicxml	0	5	1	1	0.986944	no	no
cpdl_5_voice_string_quartet	136	Occhi del mio cor vita	data/cpdl/5-voices/sources/136_occhi_del_mio_cor_vita__02_gesu_9occhisattb.mxl	data/cpdl/5-voices/reductions/string_quartet/136_occhi_del_mio_cor_vita.musicxml	0	-5	1	1	1.16463	no	no
cpdl_5_voice_string_quartet	136	Occhi del mio cor vita	data/cpdl/5-voices/sources/136_occhi_del_mio_cor_vita__02_gesu_9occhisattb.mxl	data/cpdl/5-voices/reductions/string_quartet/136_occhi_del_mio_cor_vita.musicxml	0	-4	4	4	0.919118	no	no
cpdl_5_voice_string_quartet	136	Occhi del mio cor vita	data/cpdl/5-voices/sources/136_occhi_del_mio_cor_vita__02_gesu_9occhisattb.mxl	data/cpdl/5-voices/reductions/string_quartet/136_occhi_del_mio_cor_vita.musicxml	0	-3	3	3	0.716413	no	no
cpdl_5_voice_string_quartet	136	Occhi del mio cor vita	data/cpdl/5-voices/sources/136_occhi_del_mio_cor_vita__02_gesu_9occhisattb.mxl	data/cpdl/5-voices/reductions/string_quartet/136_occhi_del_mio_cor_vita.musicxml	0	-2	2	2	0.553701	no	no
cpdl_5_voice_string_quartet	136	Occhi del mio cor vita	data/cpdl/5-voices/sources/136_occhi_del_mio_cor_vita__02_gesu_9occhisattb.mxl	data/cpdl/5-voices/reductions/string_quartet/136_occhi_del_mio_cor_vita.musicxml	0	-1	5	5	0.458357	yes	no
cpdl_5_voice_string_quartet	136	Occhi del mio cor vita	data/cpdl/5-voices/sources/136_occhi_del_mio_cor_vita__02_gesu_9occhisattb.mxl	data/cpdl/5-voices/reductions/string_quartet/136_occhi_del_mio_cor_vita.musicxml	0	0	0	0	0.411129	yes	yes
cpdl_5_voice_string_quartet	136	Occhi del mio cor vita	data/cpdl/5-voices/sources/136_occhi_del_mio_cor_vita__02_gesu_9occhisattb.mxl	data/cpdl/5-voices/reductions/string_quartet/136_occhi_del_mio_cor_vita.musicxml	0	1	5	5	0.354009	yes	no
cpdl_5_voice_string_quartet	136	Occhi del mio cor vita	data/cpdl/5-voices/sources/136_occhi_del_mio_cor_vita__02_gesu_9occhisattb.mxl	data/cpdl/5-voices/reductions/string_quartet/136_occhi_del_mio_cor_vita.musicxml	0	2	2	2	0.377313	yes	no
cpdl_5_voice_string_quartet	136	Occhi del mio cor vita	data/cpdl/5-voices/sources/136_occhi_del_mio_cor_vita__02_gesu_9occhisattb.mxl	data/cpdl/5-voices/reductions/string_quartet/136_occhi_del_mio_cor_vita.musicxml	0	3	3	3	0.446384	yes	no
cpdl_5_voice_string_quartet	136	Occhi del mio cor vita	data/cpdl/5-voices/sources/136_occhi_del_mio_cor_vita__02_gesu_9occhisattb.mxl	data/cpdl/5-voices/reductions/string_quartet/136_occhi_del_mio_cor_vita.musicxml	0	4	4	4	0.517005	no	no
cpdl_5_voice_string_quartet	136	Occhi del mio cor vita	data/cpdl/5-voices/sources/136_occhi_del_mio_cor_vita__02_gesu_9occhisattb.mxl	data/cpdl/5-voices/reductions/string_quartet/136_occhi_del_mio_cor_vita.musicxml	0	5	1	1	0.714927	no	no
cpdl_5_voice_string_quartet	137	Or, che in gioia	data/cpdl/5-voices/sources/137_or_che_in_gioia__02_or_che_in_gioia_gesualdo.mxl	data/cpdl/5-voices/reductions/string_quartet/137_or_che_in_gioia.musicxml	0	-5	0	0	0.876699	no	no
cpdl_5_voice_string_quartet	137	Or, che in gioia	data/cpdl/5-voices/sources/137_or_che_in_gioia__02_or_che_in_gioia_gesualdo.mxl	data/cpdl/5-voices/reductions/string_quartet/137_or_che_in_gioia.musicxml	0	-4	5	5	0.71177	no	no
cpdl_5_voice_string_quartet	137	Or, che in gioia	data/cpdl/5-voices/sources/137_or_che_in_gioia__02_or_che_in_gioia_gesualdo.mxl	data/cpdl/5-voices/reductions/string_quartet/137_or_che_in_gioia.musicxml	0	-3	2	2	0.4862	no	no
cpdl_5_voice_string_quartet	137	Or, che in gioia	data/cpdl/5-voices/sources/137_or_che_in_gioia__02_or_che_in_gioia_gesualdo.mxl	data/cpdl/5-voices/reductions/string_quartet/137_or_che_in_gioia.musicxml	0	-2	3	3	0.429316	no	no
cpdl_5_voice_string_quartet	137	Or, che in gioia	data/cpdl/5-voices/sources/137_or_che_in_gioia__02_or_che_in_gioia_gesualdo.mxl	data/cpdl/5-voices/reductions/string_quartet/137_or_che_in_gioia.musicxml	0	-1	4	4	0.357012	yes	no
cpdl_5_voice_string_quartet	137	Or, che in gioia	data/cpdl/5-voices/sources/137_or_che_in_gioia__02_or_che_in_gioia_gesualdo.mxl	data/cpdl/5-voices/reductions/string_quartet/137_or_che_in_gioia.musicxml	0	0	1	1	0.367761	yes	yes
cpdl_5_voice_string_quartet	137	Or, che in gioia	data/cpdl/5-voices/sources/137_or_che_in_gioia__02_or_che_in_gioia_gesualdo.mxl	data/cpdl/5-voices/reductions/string_quartet/137_or_che_in_gioia.musicxml	0	1	6	6	0.381866	yes	no
cpdl_5_voice_string_quartet	137	Or, che in gioia	data/cpdl/5-voices/sources/137_or_che_in_gioia__02_or_che_in_gioia_gesualdo.mxl	data/cpdl/5-voices/reductions/string_quartet/137_or_che_in_gioia.musicxml	0	2	1	1	0.431817	no	no
cpdl_5_voice_string_quartet	137	Or, che in gioia	data/cpdl/5-voices/sources/137_or_che_in_gioia__02_or_che_in_gioia_gesualdo.mxl	data/cpdl/5-voices/reductions/string_quartet/137_or_che_in_gioia.musicxml	0	3	4	4	0.471167	no	no
cpdl_5_voice_string_quartet	137	Or, che in gioia	data/cpdl/5-voices/sources/137_or_che_in_gioia__02_or_che_in_gioia_gesualdo.mxl	data/cpdl/5-voices/reductions/string_quartet/137_or_che_in_gioia.musicxml	0	4	3	3	0.632589	no	no
cpdl_5_voice_string_quartet	137	Or, che in gioia	data/cpdl/5-voices/sources/137_or_che_in_gioia__02_or_che_in_gioia_gesualdo.mxl	data/cpdl/5-voices/reductions/string_quartet/137_or_che_in_gioia.musicxml	0	5	2	2	0.816556	no	no
cpdl_5_voice_string_quartet	138	Poichè l'avida sete	data/cpdl/5-voices/sources/138_poiche_l_avida_sete__02_gesu_17poi.mxl	data/cpdl/5-voices/reductions/string_quartet/138_poich_l_avida_sete.musicxml	2	-3	3	3	0.739824	no	no
cpdl_5_voice_string_quartet	138	Poichè l'avida sete	data/cpdl/5-voices/sources/138_poiche_l_avida_sete__02_gesu_17poi.mxl	data/cpdl/5-voices/reductions/string_quartet/138_poich_l_avida_sete.musicxml	2	-2	2	2	0.659963	no	no
cpdl_5_voice_string_quartet	138	Poichè l'avida sete	data/cpdl/5-voices/sources/138_poiche_l_avida_sete__02_gesu_17poi.mxl	data/cpdl/5-voices/reductions/string_quartet/138_poich_l_avida_sete.musicxml	2	-1	5	5	0.534253	no	no
cpdl_5_voice_string_quartet	138	Poichè l'avida sete	data/cpdl/5-voices/sources/138_poiche_l_avida_sete__02_gesu_17poi.mxl	data/cpdl/5-voices/reductions/string_quartet/138_poich_l_avida_sete.musicxml	2	0	0	0	0.456519	no	no
cpdl_5_voice_string_quartet	138	Poichè l'avida sete	data/cpdl/5-voices/sources/138_poiche_l_avida_sete__02_gesu_17poi.mxl	data/cpdl/5-voices/reductions/string_quartet/138_poich_l_avida_sete.musicxml	2	1	5	5	0.449077	yes	no
cpdl_5_voice_string_quartet	138	Poichè l'avida sete	data/cpdl/5-voices/sources/138_poiche_l_avida_sete__02_gesu_17poi.mxl	data/cpdl/5-voices/reductions/string_quartet/138_poich_l_avida_sete.musicxml	2	2	2	2	0.401778	yes	yes
cpdl_5_voice_string_quartet	138	Poichè l'avida sete	data/cpdl/5-voices/sources/138_poiche_l_avida_sete__02_gesu_17poi.mxl	data/cpdl/5-voices/reductions/string_quartet/138_poich_l_avida_sete.musicxml	2	3	3	3	0.406592	yes	no
cpdl_5_voice_string_quartet	138	Poichè l'avida sete	data/cpdl/5-voices/sources/138_poiche_l_avida_sete__02_gesu_17poi.mxl	data/cpdl/5-voices/reductions/string_quartet/138_poich_l_avida_sete.musicxml	2	4	4	4	0.419037	yes	no
cpdl_5_voice_string_quartet	138	Poichè l'avida sete	data/cpdl/5-voices/sources/138_poiche_l_avida_sete__02_gesu_17poi.mxl	data/cpdl/5-voices/reductions/string_quartet/138_poich_l_avida_sete.musicxml	2	5	1	1	0.573299	no	no
cpdl_5_voice_string_quartet	138	Poichè l'avida sete	data/cpdl/5-voices/sources/138_poiche_l_avida_sete__02_gesu_17poi.mxl	data/cpdl/5-voices/reductions/string_quartet/138_poich_l_avida_sete.musicxml	2	6	6	6	0.672492	no	no
cpdl_5_voice_string_quartet	138	Poichè l'avida sete	data/cpdl/5-voices/sources/138_poiche_l_avida_sete__02_gesu_17poi.mxl	data/cpdl/5-voices/reductions/string_quartet/138_poich_l_avida_sete.musicxml	2	7	1	1	0.930299	no	no
cpdl_5_voice_string_quartet	139	Qual fora, donna	data/cpdl/5-voices/sources/139_qual_fora_donna__02_gesu_6qu.mxl	data/cpdl/5-voices/reductions/string_quartet/139_qual_fora_donna.musicxml	0	-5	0	0	1.04009	no	no
cpdl_5_voice_string_quartet	139	Qual fora, donna	data/cpdl/5-voices/sources/139_qual_fora_donna__02_gesu_6qu.mxl	data/cpdl/5-voices/reductions/string_quartet/139_qual_fora_donna.musicxml	0	-4	5	5	0.80925	no	no
cpdl_5_voice_string_quartet	139	Qual fora, donna	data/cpdl/5-voices/sources/139_qual_fora_donna__02_gesu_6qu.mxl	data/cpdl/5-voices/reductions/string_quartet/139_qual_fora_donna.musicxml	0	-3	2	2	0.539602	no	no
cpdl_5_voice_string_quartet	139	Qual fora, donna	data/cpdl/5-voices/sources/139_qual_fora_donna__02_gesu_6qu.mxl	data/cpdl/5-voices/reductions/string_quartet/139_qual_fora_donna.musicxml	0	-2	3	3	0.416503	no	no
cpdl_5_voice_string_quartet	139	Qual fora, donna	data/cpdl/5-voices/sources/139_qual_fora_donna__02_gesu_6qu.mxl	data/cpdl/5-voices/reductions/string_quartet/139_qual_fora_donna.musicxml	0	-1	4	4	0.3625	yes	no
cpdl_5_voice_string_quartet	139	Qual fora, donna	data/cpdl/5-voices/sources/139_qual_fora_donna__02_gesu_6qu.mxl	data/cpdl/5-voices/reductions/string_quartet/139_qual_fora_donna.musicxml	0	0	1	1	0.339225	yes	yes
cpdl_5_voice_string_quartet	139	Qual fora, donna	data/cpdl/5-voices/sources/139_qual_fora_donna__02_gesu_6qu.mxl	data/cpdl/5-voices/reductions/string_quartet/139_qual_fora_donna.musicxml	0	1	6	6	0.338147	yes	no
cpdl_5_voice_string_quartet	139	Qual fora, donna	data/cpdl/5-voices/sources/139_qual_fora_donna__02_gesu_6qu.mxl	data/cpdl/5-voices/reductions/string_quartet/139_qual_fora_donna.musicxml	0	2	1	1	0.381053	yes	no
cpdl_5_voice_string_quartet	139	Qual fora, donna	data/cpdl/5-voices/sources/139_qual_fora_donna__02_gesu_6qu.mxl	data/cpdl/5-voices/reductions/string_quartet/139_qual_fora_donna.musicxml	0	3	4	4	0.416801	no	no
cpdl_5_voice_string_quartet	139	Qual fora, donna	data/cpdl/5-voices/sources/139_qual_fora_donna__02_gesu_6qu.mxl	data/cpdl/5-voices/reductions/string_quartet/139_qual_fora_donna.musicxml	0	4	3	3	0.528633	no	no
cpdl_5_voice_string_quartet	139	Qual fora, donna	data/cpdl/5-voices/sources/139_qual_fora_donna__02_gesu_6qu.mxl	data/cpdl/5-voices/reductions/string_quartet/139_qual_fora_donna.musicxml	0	5	2	2	0.711451	no	no
cpdl_5_voice_string_quartet	140	Quando l'alba novella	data/cpdl/5-voices/sources/140_quando_l_alba_novella__02_gesualdo_quando_l_alba_novella.mxl	data/cpdl/5-voices/reductions/string_quartet/140_quando_l_alba_novella.musicxml	2	-3	2	2	0.548771	no	no
cpdl_5_voice_string_quartet	140	Quando l'alba novella	data/cpdl/5-voices/sources/140_quando_l_alba_novella__02_gesualdo_quando_l_alba_novella.mxl	data/cpdl/5-voices/reductions/string_quartet/140_quando_l_alba_novella.musicxml	2	-2	3	3	0.450692	no	no
cpdl_5_voice_string_quartet	140	Quando l'alba novella	data/cpdl/5-voices/sources/140_quando_l_alba_novella__02_gesualdo_quando_l_alba_novella.mxl	data/cpdl/5-voices/reductions/string_quartet/140_quando_l_alba_novella.musicxml	2	-1	4	4	0.386849	no	no
cpdl_5_voice_string_quartet	140	Quando l'alba novella	data/cpdl/5-voices/sources/140_quando_l_alba_novella__02_gesualdo_quando_l_alba_novella.mxl	data/cpdl/5-voices/reductions/string_quartet/140_quando_l_alba_novella.musicxml	2	0	1	1	0.348017	yes	no
cpdl_5_voice_string_quartet	140	Quando l'alba novella	data/cpdl/5-voices/sources/140_quando_l_alba_novella__02_gesualdo_quando_l_alba_novella.mxl	data/cpdl/5-voices/reductions/string_quartet/140_quando_l_alba_novella.musicxml	2	1	6	6	0.33651	yes	no
cpdl_5_voice_string_quartet	140	Quando l'alba novella	data/cpdl/5-voices/sources/140_quando_l_alba_novella__02_gesualdo_quando_l_alba_novella.mxl	data/cpdl/5-voices/reductions/string_quartet/140_quando_l_alba_novella.musicxml	2	2	1	1	0.330048	yes	yes
cpdl_5_voice_string_quartet	140	Quando l'alba novella	data/cpdl/5-voices/sources/140_quando_l_alba_novella__02_gesualdo_quando_l_alba_novella.mxl	data/cpdl/5-voices/reductions/string_quartet/140_quando_l_alba_novella.musicxml	2	3	4	4	0.334577	yes	no
cpdl_5_voice_string_quartet	140	Quando l'alba novella	data/cpdl/5-voices/sources/140_quando_l_alba_novella__02_gesualdo_quando_l_alba_novella.mxl	data/cpdl/5-voices/reductions/string_quartet/140_quando_l_alba_novella.musicxml	2	4	3	3	0.360615	yes	no
cpdl_5_voice_string_quartet	140	Quando l'alba novella	data/cpdl/5-voices/sources/140_quando_l_alba_novella__02_gesualdo_quando_l_alba_novella.mxl	data/cpdl/5-voices/reductions/string_quartet/140_quando_l_alba_novella.musicxml	2	5	2	2	0.531163	no	no
cpdl_5_voice_string_quartet	140	Quando l'alba novella	data/cpdl/5-voices/sources/140_quando_l_alba_novella__02_gesualdo_quando_l_alba_novella.mxl	data/cpdl/5-voices/reductions/string_quartet/140_quando_l_alba_novella.musicxml	2	6	5	5	0.570083	no	no
cpdl_5_voice_string_quartet	140	Quando l'alba novella	data/cpdl/5-voices/sources/140_quando_l_alba_novella__02_gesualdo_quando_l_alba_novella.mxl	data/cpdl/5-voices/reductions/string_quartet/140_quando_l_alba_novella.musicxml	2	7	0	0	0.676906	no	no
cpdl_5_voice_string_quartet	141	Quando ridente e bella	data/cpdl/5-voices/sources/141_quando_ridente_e_bella__02_quando_ridente_e_bella_gesualdo.mxl	data/cpdl/5-voices/reductions/string_quartet/141_quando_ridente_e_bella.musicxml	0	-5	0	0	0.624513	no	no
cpdl_5_voice_string_quartet	141	Quando ridente e bella	data/cpdl/5-voices/sources/141_quando_ridente_e_bella__02_quando_ridente_e_bella_gesualdo.mxl	data/cpdl/5-voices/reductions/string_quartet/141_quando_ridente_e_bella.musicxml	0	-4	5	5	0.502129	no	no
cpdl_5_voice_string_quartet	141	Quando ridente e bella	data/cpdl/5-voices/sources/141_quando_ridente_e_bella__02_quando_ridente_e_bella_gesualdo.mxl	data/cpdl/5-voices/reductions/string_quartet/141_quando_ridente_e_bella.musicxml	0	-3	2	2	0.414327	yes	no
cpdl_5_voice_string_quartet	141	Quando ridente e bella	data/cpdl/5-voices/sources/141_quando_ridente_e_bella__02_quando_ridente_e_bella_gesualdo.mxl	data/cpdl/5-voices/reductions/string_quartet/141_quando_ridente_e_bella.musicxml	0	-2	3	3	0.380589	yes	no
cpdl_5_voice_string_quartet	141	Quando ridente e bella	data/cpdl/5-voices/sources/141_quando_ridente_e_bella__02_quando_ridente_e_bella_gesualdo.mxl	data/cpdl/5-voices/reductions/string_quartet/141_quando_ridente_e_bella.musicxml	0	-1	4	4	0.361075	yes	no
cpdl_5_voice_string_quartet	141	Quando ridente e bella	data/cpdl/5-voices/sources/141_quando_ridente_e_bella__02_quando_ridente_e_bella_gesualdo.mxl	data/cpdl/5-voices/reductions/string_quartet/141_quando_ridente_e_bella.musicxml	0	0	1	1	0.405936	yes	yes
cpdl_5_voice_string_quartet	141	Quando ridente e bella	data/cpdl/5-voices/sources/141_quando_ridente_e_bella__02_quando_ridente_e_bella_gesualdo.mxl	data/cpdl/5-voices/reductions/string_quartet/141_quando_ridente_e_bella.musicxml	0	1	6	6	0.42314	yes	no
cpdl_5_voice_string_quartet	141	Quando ridente e bella	data/cpdl/5-voices/sources/141_quando_ridente_e_bella__02_quando_ridente_e_bella_gesualdo.mxl	data/cpdl/5-voices/reductions/string_quartet/141_quando_ridente_e_bella.musicxml	0	2	1	1	0.496388	no	no
cpdl_5_voice_string_quartet	141	Quando ridente e bella	data/cpdl/5-voices/sources/141_quando_ridente_e_bella__02_quando_ridente_e_bella_gesualdo.mxl	data/cpdl/5-voices/reductions/string_quartet/141_quando_ridente_e_bella.musicxml	0	3	4	4	0.54826	no	no
cpdl_5_voice_string_quartet	141	Quando ridente e bella	data/cpdl/5-voices/sources/141_quando_ridente_e_bella__02_quando_ridente_e_bella_gesualdo.mxl	data/cpdl/5-voices/reductions/string_quartet/141_quando_ridente_e_bella.musicxml	0	4	3	3	0.752902	no	no
cpdl_5_voice_string_quartet	141	Quando ridente e bella	data/cpdl/5-voices/sources/141_quando_ridente_e_bella__02_quando_ridente_e_bella_gesualdo.mxl	data/cpdl/5-voices/reductions/string_quartet/141_quando_ridente_e_bella.musicxml	0	5	2	2	1.04643	no	no
cpdl_5_voice_string_quartet	143	Quel 'no' crudel che la mia speme ancise	data/cpdl/5-voices/sources/143_quel_no_crudel_che_la_mia_speme_ancise__02_quel_no_crudel_gesualdo.mxl	data/cpdl/5-voices/reductions/string_quartet/143_quel_no_crudel_che_la_mia_speme_ancise.musicxml	0	-5	1	1	0.786609	no	no
cpdl_5_voice_string_quartet	143	Quel 'no' crudel che la mia speme ancise	data/cpdl/5-voices/sources/143_quel_no_crudel_che_la_mia_speme_ancise__02_quel_no_crudel_gesualdo.mxl	data/cpdl/5-voices/reductions/string_quartet/143_quel_no_crudel_che_la_mia_speme_ancise.musicxml	0	-4	4	4	0.673532	no	no
cpdl_5_voice_string_quartet	143	Quel 'no' crudel che la mia speme ancise	data/cpdl/5-voices/sources/143_quel_no_crudel_che_la_mia_speme_ancise__02_quel_no_crudel_gesualdo.mxl	data/cpdl/5-voices/reductions/string_quartet/143_quel_no_crudel_che_la_mia_speme_ancise.musicxml	0	-3	3	3	0.531322	no	no
cpdl_5_voice_string_quartet	143	Quel 'no' crudel che la mia speme ancise	data/cpdl/5-voices/sources/143_quel_no_crudel_che_la_mia_speme_ancise__02_quel_no_crudel_gesualdo.mxl	data/cpdl/5-voices/reductions/string_quartet/143_quel_no_crudel_che_la_mia_speme_ancise.musicxml	0	-2	2	2	0.469541	no	no
cpdl_5_voice_string_quartet	143	Quel 'no' crudel che la mia speme ancise	data/cpdl/5-voices/sources/143_quel_no_crudel_che_la_mia_speme_ancise__02_quel_no_crudel_gesualdo.mxl	data/cpdl/5-voices/reductions/string_quartet/143_quel_no_crudel_che_la_mia_speme_ancise.musicxml	0	-1	5	5	0.424297	yes	no
cpdl_5_voice_string_quartet	143	Quel 'no' crudel che la mia speme ancise	data/cpdl/5-voices/sources/143_quel_no_crudel_che_la_mia_speme_ancise__02_quel_no_crudel_gesualdo.mxl	data/cpdl/5-voices/reductions/string_quartet/143_quel_no_crudel_che_la_mia_speme_ancise.musicxml	0	0	0	0	0.394022	yes	yes
cpdl_5_voice_string_quartet	143	Quel 'no' crudel che la mia speme ancise	data/cpdl/5-voices/sources/143_quel_no_crudel_che_la_mia_speme_ancise__02_quel_no_crudel_gesualdo.mxl	data/cpdl/5-voices/reductions/string_quartet/143_quel_no_crudel_che_la_mia_speme_ancise.musicxml	0	1	5	5	0.405781	yes	no
cpdl_5_voice_string_quartet	143	Quel 'no' crudel che la mia speme ancise	data/cpdl/5-voices/sources/143_quel_no_crudel_che_la_mia_speme_ancise__02_quel_no_crudel_gesualdo.mxl	data/cpdl/5-voices/reductions/string_quartet/143_quel_no_crudel_che_la_mia_speme_ancise.musicxml	0	2	2	2	0.475475	no	no
cpdl_5_voice_string_quartet	143	Quel 'no' crudel che la mia speme ancise	data/cpdl/5-voices/sources/143_quel_no_crudel_che_la_mia_speme_ancise__02_quel_no_crudel_gesualdo.mxl	data/cpdl/5-voices/reductions/string_quartet/143_quel_no_crudel_che_la_mia_speme_ancise.musicxml	0	3	3	3	0.584806	no	no
cpdl_5_voice_string_quartet	143	Quel 'no' crudel che la mia speme ancise	data/cpdl/5-voices/sources/143_quel_no_crudel_che_la_mia_speme_ancise__02_quel_no_crudel_gesualdo.mxl	data/cpdl/5-voices/reductions/string_quartet/143_quel_no_crudel_che_la_mia_speme_ancise.musicxml	0	4	4	4	0.685383	no	no
cpdl_5_voice_string_quartet	143	Quel 'no' crudel che la mia speme ancise	data/cpdl/5-voices/sources/143_quel_no_crudel_che_la_mia_speme_ancise__02_quel_no_crudel_gesualdo.mxl	data/cpdl/5-voices/reductions/string_quartet/143_quel_no_crudel_che_la_mia_speme_ancise.musicxml	0	5	1	1	1.00334	no	no
cpdl_5_voice_string_quartet	144	Questa crudele e pia	data/cpdl/5-voices/sources/144_questa_crudele_e_pia__02_questa_crudele_et_pia_gesualdo.mxl	data/cpdl/5-voices/reductions/string_quartet/144_questa_crudele_e_pia.musicxml	0	-5	0	0	0.942077	no	no
cpdl_5_voice_string_quartet	144	Questa crudele e pia	data/cpdl/5-voices/sources/144_questa_crudele_e_pia__02_questa_crudele_et_pia_gesualdo.mxl	data/cpdl/5-voices/reductions/string_quartet/144_questa_crudele_e_pia.musicxml	0	-4	5	5	0.741733	no	no
cpdl_5_voice_string_quartet	144	Questa crudele e pia	data/cpdl/5-voices/sources/144_questa_crudele_e_pia__02_questa_crudele_et_pia_gesualdo.mxl	data/cpdl/5-voices/reductions/string_quartet/144_questa_crudele_e_pia.musicxml	0	-3	2	2	0.474488	no	no
cpdl_5_voice_string_quartet	144	Questa crudele e pia	data/cpdl/5-voices/sources/144_questa_crudele_e_pia__02_questa_crudele_et_pia_gesualdo.mxl	data/cpdl/5-voices/reductions/string_quartet/144_questa_crudele_e_pia.musicxml	0	-2	3	3	0.411525	no	no
cpdl_5_voice_string_quartet	144	Questa crudele e pia	data/cpdl/5-voices/sources/144_questa_crudele_e_pia__02_questa_crudele_et_pia_gesualdo.mxl	data/cpdl/5-voices/reductions/string_quartet/144_questa_crudele_e_pia.musicxml	0	-1	4	4	0.359553	yes	no
cpdl_5_voice_string_quartet	144	Questa crudele e pia	data/cpdl/5-voices/sources/144_questa_crudele_e_pia__02_questa_crudele_et_pia_gesualdo.mxl	data/cpdl/5-voices/reductions/string_quartet/144_questa_crudele_e_pia.musicxml	0	0	1	1	0.336546	yes	yes
cpdl_5_voice_string_quartet	144	Questa crudele e pia	data/cpdl/5-voices/sources/144_questa_crudele_e_pia__02_questa_crudele_et_pia_gesualdo.mxl	data/cpdl/5-voices/reductions/string_quartet/144_questa_crudele_e_pia.musicxml	0	1	6	6	0.328955	yes	no
cpdl_5_voice_string_quartet	144	Questa crudele e pia	data/cpdl/5-voices/sources/144_questa_crudele_e_pia__02_questa_crudele_et_pia_gesualdo.mxl	data/cpdl/5-voices/reductions/string_quartet/144_questa_crudele_e_pia.musicxml	0	2	1	1	0.348893	yes	no
cpdl_5_voice_string_quartet	144	Questa crudele e pia	data/cpdl/5-voices/sources/144_questa_crudele_e_pia__02_questa_crudele_et_pia_gesualdo.mxl	data/cpdl/5-voices/reductions/string_quartet/144_questa_crudele_e_pia.musicxml	0	3	4	4	0.406391	no	no
cpdl_5_voice_string_quartet	144	Questa crudele e pia	data/cpdl/5-voices/sources/144_questa_crudele_e_pia__02_questa_crudele_et_pia_gesualdo.mxl	data/cpdl/5-voices/reductions/string_quartet/144_questa_crudele_e_pia.musicxml	0	4	3	3	0.586877	no	no
cpdl_5_voice_string_quartet	144	Questa crudele e pia	data/cpdl/5-voices/sources/144_questa_crudele_e_pia__02_questa_crudele_et_pia_gesualdo.mxl	data/cpdl/5-voices/reductions/string_quartet/144_questa_crudele_e_pia.musicxml	0	5	2	2	0.792682	no	no
cpdl_5_voice_string_quartet	145	Questi leggiadri odorosetti fiori	data/cpdl/5-voices/sources/145_questi_leggiadri_odorosetti_fiori__02_gesualdo_questi_cpdl.mxl	data/cpdl/5-voices/reductions/string_quartet/145_questi_leggiadri_odorosetti_fiori.musicxml	2	-3	3	3	0.944213	no	no
cpdl_5_voice_string_quartet	145	Questi leggiadri odorosetti fiori	data/cpdl/5-voices/sources/145_questi_leggiadri_odorosetti_fiori__02_gesualdo_questi_cpdl.mxl	data/cpdl/5-voices/reductions/string_quartet/145_questi_leggiadri_odorosetti_fiori.musicxml	2	-2	2	2	0.791863	no	no
cpdl_5_voice_string_quartet	145	Questi leggiadri odorosetti fiori	data/cpdl/5-voices/sources/145_questi_leggiadri_odorosetti_fiori__02_gesualdo_questi_cpdl.mxl	data/cpdl/5-voices/reductions/string_quartet/145_questi_leggiadri_odorosetti_fiori.musicxml	2	-1	5	5	0.642457	no	no
cpdl_5_voice_string_quartet	145	Questi leggiadri odorosetti fiori	data/cpdl/5-voices/sources/145_questi_leggiadri_odorosetti_fiori__02_gesualdo_questi_cpdl.mxl	data/cpdl/5-voices/reductions/string_quartet/145_questi_leggiadri_odorosetti_fiori.musicxml	2	0	0	0	0.567405	no	no
cpdl_5_voice_string_quartet	145	Questi leggiadri odorosetti fiori	data/cpdl/5-voices/sources/145_questi_leggiadri_odorosetti_fiori__02_gesualdo_questi_cpdl.mxl	data/cpdl/5-voices/reductions/string_quartet/145_questi_leggiadri_odorosetti_fiori.musicxml	2	1	5	5	0.532636	no	no
cpdl_5_voice_string_quartet	145	Questi leggiadri odorosetti fiori	data/cpdl/5-voices/sources/145_questi_leggiadri_odorosetti_fiori__02_gesualdo_questi_cpdl.mxl	data/cpdl/5-voices/reductions/string_quartet/145_questi_leggiadri_odorosetti_fiori.musicxml	2	2	2	2	0.427783	yes	yes
cpdl_5_voice_string_quartet	145	Questi leggiadri odorosetti fiori	data/cpdl/5-voices/sources/145_questi_leggiadri_odorosetti_fiori__02_gesualdo_questi_cpdl.mxl	data/cpdl/5-voices/reductions/string_quartet/145_questi_leggiadri_odorosetti_fiori.musicxml	2	3	3	3	0.432026	yes	no
cpdl_5_voice_string_quartet	145	Questi leggiadri odorosetti fiori	data/cpdl/5-voices/sources/145_questi_leggiadri_odorosetti_fiori__02_gesualdo_questi_cpdl.mxl	data/cpdl/5-voices/reductions/string_quartet/145_questi_leggiadri_odorosetti_fiori.musicxml	2	4	4	4	0.477683	yes	no
cpdl_5_voice_string_quartet	145	Questi leggiadri odorosetti fiori	data/cpdl/5-voices/sources/145_questi_leggiadri_odorosetti_fiori__02_gesualdo_questi_cpdl.mxl	data/cpdl/5-voices/reductions/string_quartet/145_questi_leggiadri_odorosetti_fiori.musicxml	2	5	1	1	0.656706	no	no
cpdl_5_voice_string_quartet	145	Questi leggiadri odorosetti fiori	data/cpdl/5-voices/sources/145_questi_leggiadri_odorosetti_fiori__02_gesualdo_questi_cpdl.mxl	data/cpdl/5-voices/reductions/string_quartet/145_questi_leggiadri_odorosetti_fiori.musicxml	2	6	6	6	0.705722	no	no
cpdl_5_voice_string_quartet	145	Questi leggiadri odorosetti fiori	data/cpdl/5-voices/sources/145_questi_leggiadri_odorosetti_fiori__02_gesualdo_questi_cpdl.mxl	data/cpdl/5-voices/reductions/string_quartet/145_questi_leggiadri_odorosetti_fiori.musicxml	2	7	1	1	0.94551	no	no
cpdl_5_voice_string_quartet	146	Resta di darmi noia	data/cpdl/5-voices/sources/146_resta_di_darmi_noia__02_resta_di_darmi_noia_gesualdo.mxl	data/cpdl/5-voices/reductions/string_quartet/146_resta_di_darmi_noia.musicxml	0	-5	1	1	0.721272	no	no
cpdl_5_voice_string_quartet	146	Resta di darmi noia	data/cpdl/5-voices/sources/146_resta_di_darmi_noia__02_resta_di_darmi_noia_gesualdo.mxl	data/cpdl/5-voices/reductions/string_quartet/146_resta_di_darmi_noia.musicxml	0	-4	4	4	0.636888	no	no
cpdl_5_voice_string_quartet	146	Resta di darmi noia	data/cpdl/5-voices/sources/146_resta_di_darmi_noia__02_resta_di_darmi_noia_gesualdo.mxl	data/cpdl/5-voices/reductions/string_quartet/146_resta_di_darmi_noia.musicxml	0	-3	3	3	0.519765	no	no
cpdl_5_voice_string_quartet	146	Resta di darmi noia	data/cpdl/5-voices/sources/146_resta_di_darmi_noia__02_resta_di_darmi_noia_gesualdo.mxl	data/cpdl/5-voices/reductions/string_quartet/146_resta_di_darmi_noia.musicxml	0	-2	2	2	0.482867	yes	no
cpdl_5_voice_string_quartet	146	Resta di darmi noia	data/cpdl/5-voices/sources/146_resta_di_darmi_noia__02_resta_di_darmi_noia_gesualdo.mxl	data/cpdl/5-voices/reductions/string_quartet/146_resta_di_darmi_noia.musicxml	0	-1	5	5	0.432431	yes	no
cpdl_5_voice_string_quartet	146	Resta di darmi noia	data/cpdl/5-voices/sources/146_resta_di_darmi_noia__02_resta_di_darmi_noia_gesualdo.mxl	data/cpdl/5-voices/reductions/string_quartet/146_resta_di_darmi_noia.musicxml	0	0	0	0	0.438988	yes	yes
cpdl_5_voice_string_quartet	146	Resta di darmi noia	data/cpdl/5-voices/sources/146_resta_di_darmi_noia__02_resta_di_darmi_noia_gesualdo.mxl	data/cpdl/5-voices/reductions/string_quartet/146_resta_di_darmi_noia.musicxml	0	1	5	5	0.430658	yes	no
cpdl_5_voice_string_quartet	146	Resta di darmi noia	data/cpdl/5-voices/sources/146_resta_di_darmi_noia__02_resta_di_darmi_noia_gesualdo.mxl	data/cpdl/5-voices/reductions/string_quartet/146_resta_di_darmi_noia.musicxml	0	2	2	2	0.513592	no	no
cpdl_5_voice_string_quartet	146	Resta di darmi noia	data/cpdl/5-voices/sources/146_resta_di_darmi_noia__02_resta_di_darmi_noia_gesualdo.mxl	data/cpdl/5-voices/reductions/string_quartet/146_resta_di_darmi_noia.musicxml	0	3	3	3	0.57749	no	no
cpdl_5_voice_string_quartet	146	Resta di darmi noia	data/cpdl/5-voices/sources/146_resta_di_darmi_noia__02_resta_di_darmi_noia_gesualdo.mxl	data/cpdl/5-voices/reductions/string_quartet/146_resta_di_darmi_noia.musicxml	0	4	4	4	0.72418	no	no
cpdl_5_voice_string_quartet	146	Resta di darmi noia	data/cpdl/5-voices/sources/146_resta_di_darmi_noia__02_resta_di_darmi_noia_gesualdo.mxl	data/cpdl/5-voices/reductions/string_quartet/146_resta_di_darmi_noia.musicxml	0	5	1	1	1.08295	no	no
cpdl_5_voice_string_quartet	147	S'io non miro non moro	data/cpdl/5-voices/sources/147_s_io_non_miro_non_moro__02_sio_non_miro_gesualdo.mxl	data/cpdl/5-voices/reductions/string_quartet/147_s_io_non_miro_non_moro.musicxml	0	-5	0	0	0.821679	no	no
cpdl_5_voice_string_quartet	147	S'io non miro non moro	data/cpdl/5-voices/sources/147_s_io_non_miro_non_moro__02_sio_non_miro_gesualdo.mxl	data/cpdl/5-voices/reductions/string_quartet/147_s_io_non_miro_non_moro.musicxml	0	-4	5	5	0.634321	no	no
cpdl_5_voice_string_quartet	147	S'io non miro non moro	data/cpdl/5-voices/sources/147_s_io_non_miro_non_moro__02_sio_non_miro_gesualdo.mxl	data/cpdl/5-voices/reductions/string_quartet/147_s_io_non_miro_non_moro.musicxml	0	-3	2	2	0.42857	no	no
cpdl_5_voice_string_quartet	147	S'io non miro non moro	data/cpdl/5-voices/sources/147_s_io_non_miro_non_moro__02_sio_non_miro_gesualdo.mxl	data/cpdl/5-voices/reductions/string_quartet/147_s_io_non_miro_non_moro.musicxml	0	-2	3	3	0.37184	no	no
cpdl_5_voice_string_quartet	147	S'io non miro non moro	data/cpdl/5-voices/sources/147_s_io_non_miro_non_moro__02_sio_non_miro_gesualdo.mxl	data/cpdl/5-voices/reductions/string_quartet/147_s_io_non_miro_non_moro.musicxml	0	-1	4	4	0.327332	yes	no
cpdl_5_voice_string_quartet	147	S'io non miro non moro	data/cpdl/5-voices/sources/147_s_io_non_miro_non_moro__02_sio_non_miro_gesualdo.mxl	data/cpdl/5-voices/reductions/string_quartet/147_s_io_non_miro_non_moro.musicxml	0	0	1	1	0.309367	yes	yes
cpdl_5_voice_string_quartet	147	S'io non miro non moro	data/cpdl/5-voices/sources/147_s_io_non_miro_non_moro__02_sio_non_miro_gesualdo.mxl	data/cpdl/5-voices/reductions/string_quartet/147_s_io_non_miro_non_moro.musicxml	0	1	6	6	0.329227	yes	no
cpdl_5_voice_string_quartet	147	S'io non miro non moro	data/cpdl/5-voices/sources/147_s_io_non_miro_non_moro__02_sio_non_miro_gesualdo.mxl	data/cpdl/5-voices/reductions/string_quartet/147_s_io_non_miro_non_moro.musicxml	0	2	1	1	0.406066	no	no
cpdl_5_voice_string_quartet	147	S'io non miro non moro	data/cpdl/5-voices/sources/147_s_io_non_miro_non_moro__02_sio_non_miro_gesualdo.mxl	data/cpdl/5-voices/reductions/string_quartet/147_s_io_non_miro_non_moro.musicxml	0	3	4	4	0.471702	no	no
cpdl_5_voice_string_quartet	147	S'io non miro non moro	data/cpdl/5-voices/sources/147_s_io_non_miro_non_moro__02_sio_non_miro_gesualdo.mxl	data/cpdl/5-voices/reductions/string_quartet/147_s_io_non_miro_non_moro.musicxml	0	4	3	3	0.62911	no	no
cpdl_5_voice_string_quartet	147	S'io non miro non moro	data/cpdl/5-voices/sources/147_s_io_non_miro_non_moro__02_sio_non_miro_gesualdo.mxl	data/cpdl/5-voices/reductions/string_quartet/147_s_io_non_miro_non_moro.musicxml	0	5	2	2	0.864775	no	no
cpdl_5_voice_string_quartet	148	Se chiudete nel core	data/cpdl/5-voices/sources/148_se_chiudete_nel_core__02_se_chiudete_nel_core_gesualdo.mxl	data/cpdl/5-voices/reductions/string_quartet/148_se_chiudete_nel_core.musicxml	0	-5	1	1	0.618221	no	no
cpdl_5_voice_string_quartet	148	Se chiudete nel core	data/cpdl/5-voices/sources/148_se_chiudete_nel_core__02_se_chiudete_nel_core_gesualdo.mxl	data/cpdl/5-voices/reductions/string_quartet/148_se_chiudete_nel_core.musicxml	0	-4	4	4	0.555313	no	no
cpdl_5_voice_string_quartet	148	Se chiudete nel core	data/cpdl/5-voices/sources/148_se_chiudete_nel_core__02_se_chiudete_nel_core_gesualdo.mxl	data/cpdl/5-voices/reductions/string_quartet/148_se_chiudete_nel_core.musicxml	0	-3	3	3	0.428934	no	no
cpdl_5_voice_string_quartet	148	Se chiudete nel core	data/cpdl/5-voices/sources/148_se_chiudete_nel_core__02_se_chiudete_nel_core_gesualdo.mxl	data/cpdl/5-voices/reductions/string_quartet/148_se_chiudete_nel_core.musicxml	0	-2	2	2	0.385793	no	no
cpdl_5_voice_string_quartet	148	Se chiudete nel core	data/cpdl/5-voices/sources/148_se_chiudete_nel_core__02_se_chiudete_nel_core_gesualdo.mxl	data/cpdl/5-voices/reductions/string_quartet/148_se_chiudete_nel_core.musicxml	0	-1	5	5	0.333739	yes	no
cpdl_5_voice_string_quartet	148	Se chiudete nel core	data/cpdl/5-voices/sources/148_se_chiudete_nel_core__02_se_chiudete_nel_core_gesualdo.mxl	data/cpdl/5-voices/reductions/string_quartet/148_se_chiudete_nel_core.musicxml	0	0	0	0	0.3044	yes	yes
cpdl_5_voice_string_quartet	148	Se chiudete nel core	data/cpdl/5-voices/sources/148_se_chiudete_nel_core__02_se_chiudete_nel_core_gesualdo.mxl	data/cpdl/5-voices/reductions/string_quartet/148_se_chiudete_nel_core.musicxml	0	1	5	5	0.331009	yes	no
cpdl_5_voice_string_quartet	148	Se chiudete nel core	data/cpdl/5-voices/sources/148_se_chiudete_nel_core__02_se_chiudete_nel_core_gesualdo.mxl	data/cpdl/5-voices/reductions/string_quartet/148_se_chiudete_nel_core.musicxml	0	2	2	2	0.457228	no	no
cpdl_5_voice_string_quartet	148	Se chiudete nel core	data/cpdl/5-voices/sources/148_se_chiudete_nel_core__02_se_chiudete_nel_core_gesualdo.mxl	data/cpdl/5-voices/reductions/string_quartet/148_se_chiudete_nel_core.musicxml	0	3	3	3	0.512719	no	no
cpdl_5_voice_string_quartet	148	Se chiudete nel core	data/cpdl/5-voices/sources/148_se_chiudete_nel_core__02_se_chiudete_nel_core_gesualdo.mxl	data/cpdl/5-voices/reductions/string_quartet/148_se_chiudete_nel_core.musicxml	0	4	4	4	0.597983	no	no
cpdl_5_voice_string_quartet	148	Se chiudete nel core	data/cpdl/5-voices/sources/148_se_chiudete_nel_core__02_se_chiudete_nel_core_gesualdo.mxl	data/cpdl/5-voices/reductions/string_quartet/148_se_chiudete_nel_core.musicxml	0	5	1	1	0.862479	no	no
cpdl_5_voice_string_quartet	149	Se così dolce è il duolo	data/cpdl/5-voices/sources/149_se_cosi_dolce_e_il_duolo__01_gesualdo_se_cosi_dolce_e_il_duolo.mxl	data/cpdl/5-voices/reductions/string_quartet/149_se_cos_dolce_il_duolo.musicxml	2	-3	2	2	1.16815	no	no
cpdl_5_voice_string_quartet	149	Se così dolce è il duolo	data/cpdl/5-voices/sources/149_se_cosi_dolce_e_il_duolo__01_gesualdo_se_cosi_dolce_e_il_duolo.mxl	data/cpdl/5-voices/reductions/string_quartet/149_se_cos_dolce_il_duolo.musicxml	2	-2	3	3	0.82771	no	no
cpdl_5_voice_string_quartet	149	Se così dolce è il duolo	data/cpdl/5-voices/sources/149_se_cosi_dolce_e_il_duolo__01_gesualdo_se_cosi_dolce_e_il_duolo.mxl	data/cpdl/5-voices/reductions/string_quartet/149_se_cos_dolce_il_duolo.musicxml	2	-1	4	4	0.605083	no	no
cpdl_5_voice_string_quartet	149	Se così dolce è il duolo	data/cpdl/5-voices/sources/149_se_cosi_dolce_e_il_duolo__01_gesualdo_se_cosi_dolce_e_il_duolo.mxl	data/cpdl/5-voices/reductions/string_quartet/149_se_cos_dolce_il_duolo.musicxml	2	0	1	1	0.499362	no	no
cpdl_5_voice_string_quartet	149	Se così dolce è il duolo	data/cpdl/5-voices/sources/149_se_cosi_dolce_e_il_duolo__01_gesualdo_se_cosi_dolce_e_il_duolo.mxl	data/cpdl/5-voices/reductions/string_quartet/149_se_cos_dolce_il_duolo.musicxml	2	1	6	6	0.417541	yes	no
cpdl_5_voice_string_quartet	149	Se così dolce è il duolo	data/cpdl/5-voices/sources/149_se_cosi_dolce_e_il_duolo__01_gesualdo_se_cosi_dolce_e_il_duolo.mxl	data/cpdl/5-voices/reductions/string_quartet/149_se_cos_dolce_il_duolo.musicxml	2	2	1	1	0.39522	yes	yes
cpdl_5_voice_string_quartet	149	Se così dolce è il duolo	data/cpdl/5-voices/sources/149_se_cosi_dolce_e_il_duolo__01_gesualdo_se_cosi_dolce_e_il_duolo.mxl	data/cpdl/5-voices/reductions/string_quartet/149_se_cos_dolce_il_duolo.musicxml	2	3	4	4	0.415229	yes	no
cpdl_5_voice_string_quartet	149	Se così dolce è il duolo	data/cpdl/5-voices/sources/149_se_cosi_dolce_e_il_duolo__01_gesualdo_se_cosi_dolce_e_il_duolo.mxl	data/cpdl/5-voices/reductions/string_quartet/149_se_cos_dolce_il_duolo.musicxml	2	4	3	3	0.446121	no	no
cpdl_5_voice_string_quartet	149	Se così dolce è il duolo	data/cpdl/5-voices/sources/149_se_cosi_dolce_e_il_duolo__01_gesualdo_se_cosi_dolce_e_il_duolo.mxl	data/cpdl/5-voices/reductions/string_quartet/149_se_cos_dolce_il_duolo.musicxml	2	5	2	2	0.510523	no	no
cpdl_5_voice_string_quartet	149	Se così dolce è il duolo	data/cpdl/5-voices/sources/149_se_cosi_dolce_e_il_duolo__01_gesualdo_se_cosi_dolce_e_il_duolo.mxl	data/cpdl/5-voices/reductions/string_quartet/149_se_cos_dolce_il_duolo.musicxml	2	6	5	5	0.552536	no	no
cpdl_5_voice_string_quartet	149	Se così dolce è il duolo	data/cpdl/5-voices/sources/149_se_cosi_dolce_e_il_duolo__01_gesualdo_se_cosi_dolce_e_il_duolo.mxl	data/cpdl/5-voices/reductions/string_quartet/149_se_cos_dolce_il_duolo.musicxml	2	7	0	0	0.726837	no	no
cpdl_5_voice_string_quartet	150	Se da sì nobil mano	data/cpdl/5-voices/sources/150_se_da_si_nobil_mano__01_gesualdo_se_da_si_nobil_mano.mxl	data/cpdl/5-voices/reductions/string_quartet/150_se_da_s_nobil_mano.musicxml	0	-5	1	1	0.606584	no	no
cpdl_5_voice_string_quartet	150	Se da sì nobil mano	data/cpdl/5-voices/sources/150_se_da_si_nobil_mano__01_gesualdo_se_da_si_nobil_mano.mxl	data/cpdl/5-voices/reductions/string_quartet/150_se_da_s_nobil_mano.musicxml	0	-4	4	4	0.554888	no	no
cpdl_5_voice_string_quartet	150	Se da sì nobil mano	data/cpdl/5-voices/sources/150_se_da_si_nobil_mano__01_gesualdo_se_da_si_nobil_mano.mxl	data/cpdl/5-voices/reductions/string_quartet/150_se_da_s_nobil_mano.musicxml	0	-3	3	3	0.405689	no	no
cpdl_5_voice_string_quartet	150	Se da sì nobil mano	data/cpdl/5-voices/sources/150_se_da_si_nobil_mano__01_gesualdo_se_da_si_nobil_mano.mxl	data/cpdl/5-voices/reductions/string_quartet/150_se_da_s_nobil_mano.musicxml	0	-2	2	2	0.356234	no	no
cpdl_5_voice_string_quartet	150	Se da sì nobil mano	data/cpdl/5-voices/sources/150_se_da_si_nobil_mano__01_gesualdo_se_da_si_nobil_mano.mxl	data/cpdl/5-voices/reductions/string_quartet/150_se_da_s_nobil_mano.musicxml	0	-1	5	5	0.312158	yes	no
cpdl_5_voice_string_quartet	150	Se da sì nobil mano	data/cpdl/5-voices/sources/150_se_da_si_nobil_mano__01_gesualdo_se_da_si_nobil_mano.mxl	data/cpdl/5-voices/reductions/string_quartet/150_se_da_s_nobil_mano.musicxml	0	0	0	0	0.293371	yes	yes
cpdl_5_voice_string_quartet	150	Se da sì nobil mano	data/cpdl/5-voices/sources/150_se_da_si_nobil_mano__01_gesualdo_se_da_si_nobil_mano.mxl	data/cpdl/5-voices/reductions/string_quartet/150_se_da_s_nobil_mano.musicxml	0	1	5	5	0.313489	yes	no
cpdl_5_voice_string_quartet	150	Se da sì nobil mano	data/cpdl/5-voices/sources/150_se_da_si_nobil_mano__01_gesualdo_se_da_si_nobil_mano.mxl	data/cpdl/5-voices/reductions/string_quartet/150_se_da_s_nobil_mano.musicxml	0	2	2	2	0.388822	no	no
cpdl_5_voice_string_quartet	150	Se da sì nobil mano	data/cpdl/5-voices/sources/150_se_da_si_nobil_mano__01_gesualdo_se_da_si_nobil_mano.mxl	data/cpdl/5-voices/reductions/string_quartet/150_se_da_s_nobil_mano.musicxml	0	3	3	3	0.443259	no	no
cpdl_5_voice_string_quartet	150	Se da sì nobil mano	data/cpdl/5-voices/sources/150_se_da_si_nobil_mano__01_gesualdo_se_da_si_nobil_mano.mxl	data/cpdl/5-voices/reductions/string_quartet/150_se_da_s_nobil_mano.musicxml	0	4	4	4	0.529059	no	no
cpdl_5_voice_string_quartet	150	Se da sì nobil mano	data/cpdl/5-voices/sources/150_se_da_si_nobil_mano__01_gesualdo_se_da_si_nobil_mano.mxl	data/cpdl/5-voices/reductions/string_quartet/150_se_da_s_nobil_mano.musicxml	0	5	1	1	0.736673	no	no
cpdl_5_voice_string_quartet	151	Se la mia morte brami	data/cpdl/5-voices/sources/151_se_la_mia_morte_brami__02_gesualdo_se_la_mia_morte_brami.mxl	data/cpdl/5-voices/reductions/string_quartet/151_se_la_mia_morte_brami.musicxml	0	-5	0.0608108	1	0.887156	no	no
cpdl_5_voice_string_quartet	151	Se la mia morte brami	data/cpdl/5-voices/sources/151_se_la_mia_morte_brami__02_gesualdo_se_la_mia_morte_brami.mxl	data/cpdl/5-voices/reductions/string_quartet/151_se_la_mia_morte_brami.musicxml	0	-4	5.06081	6	0.731539	no	no
cpdl_5_voice_string_quartet	151	Se la mia morte brami	data/cpdl/5-voices/sources/151_se_la_mia_morte_brami__02_gesualdo_se_la_mia_morte_brami.mxl	data/cpdl/5-voices/reductions/string_quartet/151_se_la_mia_morte_brami.musicxml	0	-3	1.93919	2	0.52993	no	no
cpdl_5_voice_string_quartet	151	Se la mia morte brami	data/cpdl/5-voices/sources/151_se_la_mia_morte_brami__02_gesualdo_se_la_mia_morte_brami.mxl	data/cpdl/5-voices/reductions/string_quartet/151_se_la_mia_morte_brami.musicxml	0	-2	3.06081	4	0.446259	no	no
cpdl_5_voice_string_quartet	151	Se la mia morte brami	data/cpdl/5-voices/sources/151_se_la_mia_morte_brami__02_gesualdo_se_la_mia_morte_brami.mxl	data/cpdl/5-voices/reductions/string_quartet/151_se_la_mia_morte_brami.musicxml	0	-1	3.93919	4	0.36139	yes	no
cpdl_5_voice_string_quartet	151	Se la mia morte brami	data/cpdl/5-voices/sources/151_se_la_mia_morte_brami__02_gesualdo_se_la_mia_morte_brami.mxl	data/cpdl/5-voices/reductions/string_quartet/151_se_la_mia_morte_brami.musicxml	0	0	1.06081	2	0.332578	yes	yes
cpdl_5_voice_string_quartet	151	Se la mia morte brami	data/cpdl/5-voices/sources/151_se_la_mia_morte_brami__02_gesualdo_se_la_mia_morte_brami.mxl	data/cpdl/5-voices/reductions/string_quartet/151_se_la_mia_morte_brami.musicxml	0	1	5.93919	6	0.335402	yes	no
cpdl_5_voice_string_quartet	151	Se la mia morte brami	data/cpdl/5-voices/sources/151_se_la_mia_morte_brami__02_gesualdo_se_la_mia_morte_brami.mxl	data/cpdl/5-voices/reductions/string_quartet/151_se_la_mia_morte_brami.musicxml	0	2	0.939189	1	0.388117	no	no
cpdl_5_voice_string_quartet	151	Se la mia morte brami	data/cpdl/5-voices/sources/151_se_la_mia_morte_brami__02_gesualdo_se_la_mia_morte_brami.mxl	data/cpdl/5-voices/reductions/string_quartet/151_se_la_mia_morte_brami.musicxml	0	3	4.06081	5	0.428945	no	no
cpdl_5_voice_string_quartet	151	Se la mia morte brami	data/cpdl/5-voices/sources/151_se_la_mia_morte_brami__02_gesualdo_se_la_mia_morte_brami.mxl	data/cpdl/5-voices/reductions/string_quartet/151_se_la_mia_morte_brami.musicxml	0	4	2.93919	3	0.605466	no	no
cpdl_5_voice_string_quartet	151	Se la mia morte brami	data/cpdl/5-voices/sources/151_se_la_mia_morte_brami__02_gesualdo_se_la_mia_morte_brami.mxl	data/cpdl/5-voices/reductions/string_quartet/151_se_la_mia_morte_brami.musicxml	0	5	2.06081	3	0.796334	no	no
cpdl_5_voice_string_quartet	152	Se per lieve ferita	data/cpdl/5-voices/sources/152_se_per_lieve_ferita__02_4_se_per_lieve_ferita.mid	data/cpdl/5-voices/reductions/string_quartet/152_se_per_lieve_ferita.musicxml	0	-5	0	0	0.644481	no	no
cpdl_5_voice_string_quartet	152	Se per lieve ferita	data/cpdl/5-voices/sources/152_se_per_lieve_ferita__02_4_se_per_lieve_ferita.mid	data/cpdl/5-voices/reductions/string_quartet/152_se_per_lieve_ferita.musicxml	0	-4	5	5	0.510278	no	no
cpdl_5_voice_string_quartet	152	Se per lieve ferita	data/cpdl/5-voices/sources/152_se_per_lieve_ferita__02_4_se_per_lieve_ferita.mid	data/cpdl/5-voices/reductions/string_quartet/152_se_per_lieve_ferita.musicxml	0	-3	2	2	0.396673	no	no
cpdl_5_voice_string_quartet	152	Se per lieve ferita	data/cpdl/5-voices/sources/152_se_per_lieve_ferita__02_4_se_per_lieve_ferita.mid	data/cpdl/5-voices/reductions/string_quartet/152_se_per_lieve_ferita.musicxml	0	-2	3	3	0.365581	yes	no
cpdl_5_voice_string_quartet	152	Se per lieve ferita	data/cpdl/5-voices/sources/152_se_per_lieve_ferita__02_4_se_per_lieve_ferita.mid	data/cpdl/5-voices/reductions/string_quartet/152_se_per_lieve_ferita.musicxml	0	-1	4	4	0.339042	yes	no
cpdl_5_voice_string_quartet	152	Se per lieve ferita	data/cpdl/5-voices/sources/152_se_per_lieve_ferita__02_4_se_per_lieve_ferita.mid	data/cpdl/5-voices/reductions/string_quartet/152_se_per_lieve_ferita.musicxml	0	0	1	1	0.336421	yes	yes
cpdl_5_voice_string_quartet	152	Se per lieve ferita	data/cpdl/5-voices/sources/152_se_per_lieve_ferita__02_4_se_per_lieve_ferita.mid	data/cpdl/5-voices/reductions/string_quartet/152_se_per_lieve_ferita.musicxml	0	1	6	6	0.357602	yes	no
cpdl_5_voice_string_quartet	152	Se per lieve ferita	data/cpdl/5-voices/sources/152_se_per_lieve_ferita__02_4_se_per_lieve_ferita.mid	data/cpdl/5-voices/reductions/string_quartet/152_se_per_lieve_ferita.musicxml	0	2	1	1	0.453955	no	no
cpdl_5_voice_string_quartet	152	Se per lieve ferita	data/cpdl/5-voices/sources/152_se_per_lieve_ferita__02_4_se_per_lieve_ferita.mid	data/cpdl/5-voices/reductions/string_quartet/152_se_per_lieve_ferita.musicxml	0	3	4	4	0.541084	no	no
cpdl_5_voice_string_quartet	152	Se per lieve ferita	data/cpdl/5-voices/sources/152_se_per_lieve_ferita__02_4_se_per_lieve_ferita.mid	data/cpdl/5-voices/reductions/string_quartet/152_se_per_lieve_ferita.musicxml	0	4	3	3	0.803229	no	no
cpdl_5_voice_string_quartet	152	Se per lieve ferita	data/cpdl/5-voices/sources/152_se_per_lieve_ferita__02_4_se_per_lieve_ferita.mid	data/cpdl/5-voices/reductions/string_quartet/152_se_per_lieve_ferita.musicxml	0	5	2	2	1.09311	no	no
cpdl_5_voice_string_quartet	153	Se piange, ahimè, la donna del mio core	data/cpdl/5-voices/sources/153_se_piange_ahime_la_donna_del_mio_core__01_gesualdo_se_piange_oime_la_donna_del_mio_core.mxl	data/cpdl/5-voices/reductions/string_quartet/153_se_piange_ahim_la_donna_del_mio_core.musicxml	2	-3	2	2	0.607558	no	no
cpdl_5_voice_string_quartet	153	Se piange, ahimè, la donna del mio core	data/cpdl/5-voices/sources/153_se_piange_ahime_la_donna_del_mio_core__01_gesualdo_se_piange_oime_la_donna_del_mio_core.mxl	data/cpdl/5-voices/reductions/string_quartet/153_se_piange_ahim_la_donna_del_mio_core.musicxml	2	-2	3	3	0.509422	no	no
cpdl_5_voice_string_quartet	153	Se piange, ahimè, la donna del mio core	data/cpdl/5-voices/sources/153_se_piange_ahime_la_donna_del_mio_core__01_gesualdo_se_piange_oime_la_donna_del_mio_core.mxl	data/cpdl/5-voices/reductions/string_quartet/153_se_piange_ahim_la_donna_del_mio_core.musicxml	2	-1	4	4	0.415942	no	no
cpdl_5_voice_string_quartet	153	Se piange, ahimè, la donna del mio core	data/cpdl/5-voices/sources/153_se_piange_ahime_la_donna_del_mio_core__01_gesualdo_se_piange_oime_la_donna_del_mio_core.mxl	data/cpdl/5-voices/reductions/string_quartet/153_se_piange_ahim_la_donna_del_mio_core.musicxml	2	0	1	1	0.389256	yes	no
cpdl_5_voice_string_quartet	153	Se piange, ahimè, la donna del mio core	data/cpdl/5-voices/sources/153_se_piange_ahime_la_donna_del_mio_core__01_gesualdo_se_piange_oime_la_donna_del_mio_core.mxl	data/cpdl/5-voices/reductions/string_quartet/153_se_piange_ahim_la_donna_del_mio_core.musicxml	2	1	6	6	0.346299	yes	no
cpdl_5_voice_string_quartet	153	Se piange, ahimè, la donna del mio core	data/cpdl/5-voices/sources/153_se_piange_ahime_la_donna_del_mio_core__01_gesualdo_se_piange_oime_la_donna_del_mio_core.mxl	data/cpdl/5-voices/reductions/string_quartet/153_se_piange_ahim_la_donna_del_mio_core.musicxml	2	2	1	1	0.348016	yes	yes
cpdl_5_voice_string_quartet	153	Se piange, ahimè, la donna del mio core	data/cpdl/5-voices/sources/153_se_piange_ahime_la_donna_del_mio_core__01_gesualdo_se_piange_oime_la_donna_del_mio_core.mxl	data/cpdl/5-voices/reductions/string_quartet/153_se_piange_ahim_la_donna_del_mio_core.musicxml	2	3	4	4	0.373346	yes	no
cpdl_5_voice_string_quartet	153	Se piange, ahimè, la donna del mio core	data/cpdl/5-voices/sources/153_se_piange_ahime_la_donna_del_mio_core__01_gesualdo_se_piange_oime_la_donna_del_mio_core.mxl	data/cpdl/5-voices/reductions/string_quartet/153_se_piange_ahim_la_donna_del_mio_core.musicxml	2	4	3	3	0.474038	no	no
cpdl_5_voice_string_quartet	153	Se piange, ahimè, la donna del mio core	data/cpdl/5-voices/sources/153_se_piange_ahime_la_donna_del_mio_core__01_gesualdo_se_piange_oime_la_donna_del_mio_core.mxl	data/cpdl/5-voices/reductions/string_quartet/153_se_piange_ahim_la_donna_del_mio_core.musicxml	2	5	2	2	0.620387	no	no
cpdl_5_voice_string_quartet	153	Se piange, ahimè, la donna del mio core	data/cpdl/5-voices/sources/153_se_piange_ahime_la_donna_del_mio_core__01_gesualdo_se_piange_oime_la_donna_del_mio_core.mxl	data/cpdl/5-voices/reductions/string_quartet/153_se_piange_ahim_la_donna_del_mio_core.musicxml	2	6	5	5	0.693175	no	no
cpdl_5_voice_string_quartet	153	Se piange, ahimè, la donna del mio core	data/cpdl/5-voices/sources/153_se_piange_ahime_la_donna_del_mio_core__01_gesualdo_se_piange_oime_la_donna_del_mio_core.mxl	data/cpdl/5-voices/reductions/string_quartet/153_se_piange_ahim_la_donna_del_mio_core.musicxml	2	7	0	0	0.975373	no	no
cpdl_5_voice_string_quartet	154	Se taccio, il duol s'avanza	data/cpdl/5-voices/sources/154_se_taccio_il_duol_s_avanza__02_gesualdo_se_taccio_il_duol_s_avanza.mxl	data/cpdl/5-voices/reductions/string_quartet/154_se_taccio_il_duol_s_avanza.musicxml	2	-3	3	3	0.829517	no	no
cpdl_5_voice_string_quartet	154	Se taccio, il duol s'avanza	data/cpdl/5-voices/sources/154_se_taccio_il_duol_s_avanza__02_gesualdo_se_taccio_il_duol_s_avanza.mxl	data/cpdl/5-voices/reductions/string_quartet/154_se_taccio_il_duol_s_avanza.musicxml	2	-2	2	2	0.642033	no	no
cpdl_5_voice_string_quartet	154	Se taccio, il duol s'avanza	data/cpdl/5-voices/sources/154_se_taccio_il_duol_s_avanza__02_gesualdo_se_taccio_il_duol_s_avanza.mxl	data/cpdl/5-voices/reductions/string_quartet/154_se_taccio_il_duol_s_avanza.musicxml	2	-1	5	5	0.50878	no	no
cpdl_5_voice_string_quartet	154	Se taccio, il duol s'avanza	data/cpdl/5-voices/sources/154_se_taccio_il_duol_s_avanza__02_gesualdo_se_taccio_il_duol_s_avanza.mxl	data/cpdl/5-voices/reductions/string_quartet/154_se_taccio_il_duol_s_avanza.musicxml	2	0	0	0	0.433511	no	no
cpdl_5_voice_string_quartet	154	Se taccio, il duol s'avanza	data/cpdl/5-voices/sources/154_se_taccio_il_duol_s_avanza__02_gesualdo_se_taccio_il_duol_s_avanza.mxl	data/cpdl/5-voices/reductions/string_quartet/154_se_taccio_il_duol_s_avanza.musicxml	2	1	5	5	0.390374	yes	no
cpdl_5_voice_string_quartet	154	Se taccio, il duol s'avanza	data/cpdl/5-voices/sources/154_se_taccio_il_duol_s_avanza__02_gesualdo_se_taccio_il_duol_s_avanza.mxl	data/cpdl/5-voices/reductions/string_quartet/154_se_taccio_il_duol_s_avanza.musicxml	2	2	2	2	0.355134	yes	yes
cpdl_5_voice_string_quartet	154	Se taccio, il duol s'avanza	data/cpdl/5-voices/sources/154_se_taccio_il_duol_s_avanza__02_gesualdo_se_taccio_il_duol_s_avanza.mxl	data/cpdl/5-voices/reductions/string_quartet/154_se_taccio_il_duol_s_avanza.musicxml	2	3	3	3	0.370336	yes	no
cpdl_5_voice_string_quartet	154	Se taccio, il duol s'avanza	data/cpdl/5-voices/sources/154_se_taccio_il_duol_s_avanza__02_gesualdo_se_taccio_il_duol_s_avanza.mxl	data/cpdl/5-voices/reductions/string_quartet/154_se_taccio_il_duol_s_avanza.musicxml	2	4	4	4	0.421671	no	no
cpdl_5_voice_string_quartet	154	Se taccio, il duol s'avanza	data/cpdl/5-voices/sources/154_se_taccio_il_duol_s_avanza__02_gesualdo_se_taccio_il_duol_s_avanza.mxl	data/cpdl/5-voices/reductions/string_quartet/154_se_taccio_il_duol_s_avanza.musicxml	2	5	1	1	0.559207	no	no
cpdl_5_voice_string_quartet	154	Se taccio, il duol s'avanza	data/cpdl/5-voices/sources/154_se_taccio_il_duol_s_avanza__02_gesualdo_se_taccio_il_duol_s_avanza.mxl	data/cpdl/5-voices/reductions/string_quartet/154_se_taccio_il_duol_s_avanza.musicxml	2	6	6	6	0.667216	no	no
cpdl_5_voice_string_quartet	154	Se taccio, il duol s'avanza	data/cpdl/5-voices/sources/154_se_taccio_il_duol_s_avanza__02_gesualdo_se_taccio_il_duol_s_avanza.mxl	data/cpdl/5-voices/reductions/string_quartet/154_se_taccio_il_duol_s_avanza.musicxml	2	7	1	1	0.951697	no	no
cpdl_5_voice_string_quartet	155	Se tu fuggi	data/cpdl/5-voices/sources/155_se_tu_fuggi__02_gesu_20se.mxl	data/cpdl/5-voices/reductions/string_quartet/155_se_tu_fuggi.musicxml	0	-5	0	0	0.652128	no	no
cpdl_5_voice_string_quartet	155	Se tu fuggi	data/cpdl/5-voices/sources/155_se_tu_fuggi__02_gesu_20se.mxl	data/cpdl/5-voices/reductions/string_quartet/155_se_tu_fuggi.musicxml	0	-4	5	5	0.560754	no	no
cpdl_5_voice_string_quartet	155	Se tu fuggi	data/cpdl/5-voices/sources/155_se_tu_fuggi__02_gesu_20se.mxl	data/cpdl/5-voices/reductions/string_quartet/155_se_tu_fuggi.musicxml	0	-3	2	2	0.447073	no	no
cpdl_5_voice_string_quartet	155	Se tu fuggi	data/cpdl/5-voices/sources/155_se_tu_fuggi__02_gesu_20se.mxl	data/cpdl/5-voices/reductions/string_quartet/155_se_tu_fuggi.musicxml	0	-2	3	3	0.399181	yes	no
cpdl_5_voice_string_quartet	155	Se tu fuggi	data/cpdl/5-voices/sources/155_se_tu_fuggi__02_gesu_20se.mxl	data/cpdl/5-voices/reductions/string_quartet/155_se_tu_fuggi.musicxml	0	-1	4	4	0.351887	yes	no
cpdl_5_voice_string_quartet	155	Se tu fuggi	data/cpdl/5-voices/sources/155_se_tu_fuggi__02_gesu_20se.mxl	data/cpdl/5-voices/reductions/string_quartet/155_se_tu_fuggi.musicxml	0	0	1	1	0.356228	yes	yes
cpdl_5_voice_string_quartet	155	Se tu fuggi	data/cpdl/5-voices/sources/155_se_tu_fuggi__02_gesu_20se.mxl	data/cpdl/5-voices/reductions/string_quartet/155_se_tu_fuggi.musicxml	0	1	6	6	0.410587	no	no
cpdl_5_voice_string_quartet	155	Se tu fuggi	data/cpdl/5-voices/sources/155_se_tu_fuggi__02_gesu_20se.mxl	data/cpdl/5-voices/reductions/string_quartet/155_se_tu_fuggi.musicxml	0	2	1	1	0.597359	no	no
cpdl_5_voice_string_quartet	155	Se tu fuggi	data/cpdl/5-voices/sources/155_se_tu_fuggi__02_gesu_20se.mxl	data/cpdl/5-voices/reductions/string_quartet/155_se_tu_fuggi.musicxml	0	3	4	4	0.640294	no	no
cpdl_5_voice_string_quartet	155	Se tu fuggi	data/cpdl/5-voices/sources/155_se_tu_fuggi__02_gesu_20se.mxl	data/cpdl/5-voices/reductions/string_quartet/155_se_tu_fuggi.musicxml	0	4	3	3	0.835291	no	no
cpdl_5_voice_string_quartet	155	Se tu fuggi	data/cpdl/5-voices/sources/155_se_tu_fuggi__02_gesu_20se.mxl	data/cpdl/5-voices/reductions/string_quartet/155_se_tu_fuggi.musicxml	0	5	2	2	1.14881	no	no
cpdl_5_voice_string_quartet	156	Se vi duol il mio duolo	data/cpdl/5-voices/sources/156_se_vi_duol_il_mio_duolo__02_gesu_8se.mxl	data/cpdl/5-voices/reductions/string_quartet/156_se_vi_duol_il_mio_duolo.musicxml	3	-2	2	2	0.731071	no	no
cpdl_5_voice_string_quartet	156	Se vi duol il mio duolo	data/cpdl/5-voices/sources/156_se_vi_duol_il_mio_duolo__02_gesu_8se.mxl	data/cpdl/5-voices/reductions/string_quartet/156_se_vi_duol_il_mio_duolo.musicxml	3	-1	5	5	0.574149	no	no
cpdl_5_voice_string_quartet	156	Se vi duol il mio duolo	data/cpdl/5-voices/sources/156_se_vi_duol_il_mio_duolo__02_gesu_8se.mxl	data/cpdl/5-voices/reductions/string_quartet/156_se_vi_duol_il_mio_duolo.musicxml	3	0	0	0	0.499773	no	no
cpdl_5_voice_string_quartet	156	Se vi duol il mio duolo	data/cpdl/5-voices/sources/156_se_vi_duol_il_mio_duolo__02_gesu_8se.mxl	data/cpdl/5-voices/reductions/string_quartet/156_se_vi_duol_il_mio_duolo.musicxml	3	1	5	5	0.462492	no	no
cpdl_5_voice_string_quartet	156	Se vi duol il mio duolo	data/cpdl/5-voices/sources/156_se_vi_duol_il_mio_duolo__02_gesu_8se.mxl	data/cpdl/5-voices/reductions/string_quartet/156_se_vi_duol_il_mio_duolo.musicxml	3	2	2	2	0.40388	yes	no
cpdl_5_voice_string_quartet	156	Se vi duol il mio duolo	data/cpdl/5-voices/sources/156_se_vi_duol_il_mio_duolo__02_gesu_8se.mxl	data/cpdl/5-voices/reductions/string_quartet/156_se_vi_duol_il_mio_duolo.musicxml	3	3	3	3	0.398143	yes	yes
cpdl_5_voice_string_quartet	156	Se vi duol il mio duolo	data/cpdl/5-voices/sources/156_se_vi_duol_il_mio_duolo__02_gesu_8se.mxl	data/cpdl/5-voices/reductions/string_quartet/156_se_vi_duol_il_mio_duolo.musicxml	3	4	4	4	0.432733	yes	no
cpdl_5_voice_string_quartet	156	Se vi duol il mio duolo	data/cpdl/5-voices/sources/156_se_vi_duol_il_mio_duolo__02_gesu_8se.mxl	data/cpdl/5-voices/reductions/string_quartet/156_se_vi_duol_il_mio_duolo.musicxml	3	5	1	1	0.567646	no	no
cpdl_5_voice_string_quartet	156	Se vi duol il mio duolo	data/cpdl/5-voices/sources/156_se_vi_duol_il_mio_duolo__02_gesu_8se.mxl	data/cpdl/5-voices/reductions/string_quartet/156_se_vi_duol_il_mio_duolo.musicxml	3	6	6	6	0.656932	no	no
cpdl_5_voice_string_quartet	156	Se vi duol il mio duolo	data/cpdl/5-voices/sources/156_se_vi_duol_il_mio_duolo__02_gesu_8se.mxl	data/cpdl/5-voices/reductions/string_quartet/156_se_vi_duol_il_mio_duolo.musicxml	3	7	1	1	1.0283	no	no
cpdl_5_voice_string_quartet	156	Se vi duol il mio duolo	data/cpdl/5-voices/sources/156_se_vi_duol_il_mio_duolo__02_gesu_8se.mxl	data/cpdl/5-voices/reductions/string_quartet/156_se_vi_duol_il_mio_duolo.musicxml	3	8	4	4	1.20084	no	no
cpdl_5_voice_string_quartet	158	Sento che nel partire	data/cpdl/5-voices/sources/158_sento_che_nel_partire__01_gesualdo_sento_che_nel_partire.mid	data/cpdl/5-voices/reductions/string_quartet/158_sento_che_nel_partire.musicxml	3	-2	2	2	0.824061	no	no
cpdl_5_voice_string_quartet	158	Sento che nel partire	data/cpdl/5-voices/sources/158_sento_che_nel_partire__01_gesualdo_sento_che_nel_partire.mid	data/cpdl/5-voices/reductions/string_quartet/158_sento_che_nel_partire.musicxml	3	-1	5	5	0.634458	no	no
cpdl_5_voice_string_quartet	158	Sento che nel partire	data/cpdl/5-voices/sources/158_sento_che_nel_partire__01_gesualdo_sento_che_nel_partire.mid	data/cpdl/5-voices/reductions/string_quartet/158_sento_che_nel_partire.musicxml	3	0	0	0	0.53851	no	no
cpdl_5_voice_string_quartet	158	Sento che nel partire	data/cpdl/5-voices/sources/158_sento_che_nel_partire__01_gesualdo_sento_che_nel_partire.mid	data/cpdl/5-voices/reductions/string_quartet/158_sento_che_nel_partire.musicxml	3	1	5	5	0.51915	no	no
cpdl_5_voice_string_quartet	158	Sento che nel partire	data/cpdl/5-voices/sources/158_sento_che_nel_partire__01_gesualdo_sento_che_nel_partire.mid	data/cpdl/5-voices/reductions/string_quartet/158_sento_che_nel_partire.musicxml	3	2	2	2	0.384723	yes	no
cpdl_5_voice_string_quartet	158	Sento che nel partire	data/cpdl/5-voices/sources/158_sento_che_nel_partire__01_gesualdo_sento_che_nel_partire.mid	data/cpdl/5-voices/reductions/string_quartet/158_sento_che_nel_partire.musicxml	3	3	3	3	0.372056	yes	yes
cpdl_5_voice_string_quartet	158	Sento che nel partire	data/cpdl/5-voices/sources/158_sento_che_nel_partire__01_gesualdo_sento_che_nel_partire.mid	data/cpdl/5-voices/reductions/string_quartet/158_sento_che_nel_partire.musicxml	3	4	4	4	0.388158	yes	no
cpdl_5_voice_string_quartet	158	Sento che nel partire	data/cpdl/5-voices/sources/158_sento_che_nel_partire__01_gesualdo_sento_che_nel_partire.mid	data/cpdl/5-voices/reductions/string_quartet/158_sento_che_nel_partire.musicxml	3	5	1	1	0.477052	no	no
cpdl_5_voice_string_quartet	158	Sento che nel partire	data/cpdl/5-voices/sources/158_sento_che_nel_partire__01_gesualdo_sento_che_nel_partire.mid	data/cpdl/5-voices/reductions/string_quartet/158_sento_che_nel_partire.musicxml	3	6	6	6	0.557028	no	no
cpdl_5_voice_string_quartet	158	Sento che nel partire	data/cpdl/5-voices/sources/158_sento_che_nel_partire__01_gesualdo_sento_che_nel_partire.mid	data/cpdl/5-voices/reductions/string_quartet/158_sento_che_nel_partire.musicxml	3	7	1	1	0.890397	no	no
cpdl_5_voice_string_quartet	158	Sento che nel partire	data/cpdl/5-voices/sources/158_sento_che_nel_partire__01_gesualdo_sento_che_nel_partire.mid	data/cpdl/5-voices/reductions/string_quartet/158_sento_che_nel_partire.musicxml	3	8	4	4	1.02773	no	no
cpdl_5_voice_string_quartet	159	Son sì belle le rose	data/cpdl/5-voices/sources/159_son_si_belle_le_rose__01_gesualdo_son_si_belle_le_rose.mxl	data/cpdl/5-voices/reductions/string_quartet/159_son_s_belle_le_rose.musicxml	0	-5	1	1	0.527903	no	no
cpdl_5_voice_string_quartet	159	Son sì belle le rose	data/cpdl/5-voices/sources/159_son_si_belle_le_rose__01_gesualdo_son_si_belle_le_rose.mxl	data/cpdl/5-voices/reductions/string_quartet/159_son_s_belle_le_rose.musicxml	0	-4	4	4	0.46512	no	no
cpdl_5_voice_string_quartet	159	Son sì belle le rose	data/cpdl/5-voices/sources/159_son_si_belle_le_rose__01_gesualdo_son_si_belle_le_rose.mxl	data/cpdl/5-voices/reductions/string_quartet/159_son_s_belle_le_rose.musicxml	0	-3	3	3	0.403456	no	no
cpdl_5_voice_string_quartet	159	Son sì belle le rose	data/cpdl/5-voices/sources/159_son_si_belle_le_rose__01_gesualdo_son_si_belle_le_rose.mxl	data/cpdl/5-voices/reductions/string_quartet/159_son_s_belle_le_rose.musicxml	0	-2	2	2	0.369944	no	no
cpdl_5_voice_string_quartet	159	Son sì belle le rose	data/cpdl/5-voices/sources/159_son_si_belle_le_rose__01_gesualdo_son_si_belle_le_rose.mxl	data/cpdl/5-voices/reductions/string_quartet/159_son_s_belle_le_rose.musicxml	0	-1	5	5	0.325765	yes	no
cpdl_5_voice_string_quartet	159	Son sì belle le rose	data/cpdl/5-voices/sources/159_son_si_belle_le_rose__01_gesualdo_son_si_belle_le_rose.mxl	data/cpdl/5-voices/reductions/string_quartet/159_son_s_belle_le_rose.musicxml	0	0	0	0	0.306474	yes	yes
cpdl_5_voice_string_quartet	159	Son sì belle le rose	data/cpdl/5-voices/sources/159_son_si_belle_le_rose__01_gesualdo_son_si_belle_le_rose.mxl	data/cpdl/5-voices/reductions/string_quartet/159_son_s_belle_le_rose.musicxml	0	1	5	5	0.345645	yes	no
cpdl_5_voice_string_quartet	159	Son sì belle le rose	data/cpdl/5-voices/sources/159_son_si_belle_le_rose__01_gesualdo_son_si_belle_le_rose.mxl	data/cpdl/5-voices/reductions/string_quartet/159_son_s_belle_le_rose.musicxml	0	2	2	2	0.485584	no	no
cpdl_5_voice_string_quartet	159	Son sì belle le rose	data/cpdl/5-voices/sources/159_son_si_belle_le_rose__01_gesualdo_son_si_belle_le_rose.mxl	data/cpdl/5-voices/reductions/string_quartet/159_son_s_belle_le_rose.musicxml	0	3	3	3	0.540104	no	no
cpdl_5_voice_string_quartet	159	Son sì belle le rose	data/cpdl/5-voices/sources/159_son_si_belle_le_rose__01_gesualdo_son_si_belle_le_rose.mxl	data/cpdl/5-voices/reductions/string_quartet/159_son_s_belle_le_rose.musicxml	0	4	4	4	0.612095	no	no
cpdl_5_voice_string_quartet	159	Son sì belle le rose	data/cpdl/5-voices/sources/159_son_si_belle_le_rose__01_gesualdo_son_si_belle_le_rose.mxl	data/cpdl/5-voices/reductions/string_quartet/159_son_s_belle_le_rose.musicxml	0	5	1	1	0.862879	no	no
cpdl_5_voice_string_quartet	160	Sospirava	data/cpdl/5-voices/sources/160_sospirava__02_sospirava_gesualdo.mxl	data/cpdl/5-voices/reductions/string_quartet/160_sospirava.musicxml	0	-5	1	1	0.917983	no	no
cpdl_5_voice_string_quartet	160	Sospirava	data/cpdl/5-voices/sources/160_sospirava__02_sospirava_gesualdo.mxl	data/cpdl/5-voices/reductions/string_quartet/160_sospirava.musicxml	0	-4	4	4	0.787605	no	no
cpdl_5_voice_string_quartet	160	Sospirava	data/cpdl/5-voices/sources/160_sospirava__02_sospirava_gesualdo.mxl	data/cpdl/5-voices/reductions/string_quartet/160_sospirava.musicxml	0	-3	3	3	0.56377	no	no
cpdl_5_voice_string_quartet	160	Sospirava	data/cpdl/5-voices/sources/160_sospirava__02_sospirava_gesualdo.mxl	data/cpdl/5-voices/reductions/string_quartet/160_sospirava.musicxml	0	-2	2	2	0.50343	no	no
cpdl_5_voice_string_quartet	160	Sospirava	data/cpdl/5-voices/sources/160_sospirava__02_sospirava_gesualdo.mxl	data/cpdl/5-voices/reductions/string_quartet/160_sospirava.musicxml	0	-1	5	5	0.378112	yes	no
cpdl_5_voice_string_quartet	160	Sospirava	data/cpdl/5-voices/sources/160_sospirava__02_sospirava_gesualdo.mxl	data/cpdl/5-voices/reductions/string_quartet/160_sospirava.musicxml	0	0	0	0	0.333338	yes	yes
cpdl_5_voice_string_quartet	160	Sospirava	data/cpdl/5-voices/sources/160_sospirava__02_sospirava_gesualdo.mxl	data/cpdl/5-voices/reductions/string_quartet/160_sospirava.musicxml	0	1	5	5	0.336498	yes	no
cpdl_5_voice_string_quartet	160	Sospirava	data/cpdl/5-voices/sources/160_sospirava__02_sospirava_gesualdo.mxl	data/cpdl/5-voices/reductions/string_quartet/160_sospirava.musicxml	0	2	2	2	0.38677	no	no
cpdl_5_voice_string_quartet	160	Sospirava	data/cpdl/5-voices/sources/160_sospirava__02_sospirava_gesualdo.mxl	data/cpdl/5-voices/reductions/string_quartet/160_sospirava.musicxml	0	3	3	3	0.470377	no	no
cpdl_5_voice_string_quartet	160	Sospirava	data/cpdl/5-voices/sources/160_sospirava__02_sospirava_gesualdo.mxl	data/cpdl/5-voices/reductions/string_quartet/160_sospirava.musicxml	0	4	4	4	0.525764	no	no
cpdl_5_voice_string_quartet	160	Sospirava	data/cpdl/5-voices/sources/160_sospirava__02_sospirava_gesualdo.mxl	data/cpdl/5-voices/reductions/string_quartet/160_sospirava.musicxml	0	5	1	1	0.681271	no	no
cpdl_5_voice_string_quartet	161	Sparge la morte	data/cpdl/5-voices/sources/161_sparge_la_morte__02_sparge_la_morte_gesualdo.mxl	data/cpdl/5-voices/reductions/string_quartet/161_sparge_la_morte.musicxml	5	0	0	0	0.595914	no	no
cpdl_5_voice_string_quartet	161	Sparge la morte	data/cpdl/5-voices/sources/161_sparge_la_morte__02_sparge_la_morte_gesualdo.mxl	data/cpdl/5-voices/reductions/string_quartet/161_sparge_la_morte.musicxml	5	1	5	5	0.509074	no	no
cpdl_5_voice_string_quartet	161	Sparge la morte	data/cpdl/5-voices/sources/161_sparge_la_morte__02_sparge_la_morte_gesualdo.mxl	data/cpdl/5-voices/reductions/string_quartet/161_sparge_la_morte.musicxml	5	2	2	2	0.358744	yes	no
cpdl_5_voice_string_quartet	161	Sparge la morte	data/cpdl/5-voices/sources/161_sparge_la_morte__02_sparge_la_morte_gesualdo.mxl	data/cpdl/5-voices/reductions/string_quartet/161_sparge_la_morte.musicxml	5	3	3	3	0.341712	yes	no
cpdl_5_voice_string_quartet	161	Sparge la morte	data/cpdl/5-voices/sources/161_sparge_la_morte__02_sparge_la_morte_gesualdo.mxl	data/cpdl/5-voices/reductions/string_quartet/161_sparge_la_morte.musicxml	5	4	4	4	0.346319	yes	no
cpdl_5_voice_string_quartet	161	Sparge la morte	data/cpdl/5-voices/sources/161_sparge_la_morte__02_sparge_la_morte_gesualdo.mxl	data/cpdl/5-voices/reductions/string_quartet/161_sparge_la_morte.musicxml	5	5	1	1	0.373087	yes	yes
cpdl_5_voice_string_quartet	161	Sparge la morte	data/cpdl/5-voices/sources/161_sparge_la_morte__02_sparge_la_morte_gesualdo.mxl	data/cpdl/5-voices/reductions/string_quartet/161_sparge_la_morte.musicxml	5	6	6	6	0.412876	yes	no
cpdl_5_voice_string_quartet	161	Sparge la morte	data/cpdl/5-voices/sources/161_sparge_la_morte__02_sparge_la_morte_gesualdo.mxl	data/cpdl/5-voices/reductions/string_quartet/161_sparge_la_morte.musicxml	5	7	1	1	0.525101	no	no
cpdl_5_voice_string_quartet	161	Sparge la morte	data/cpdl/5-voices/sources/161_sparge_la_morte__02_sparge_la_morte_gesualdo.mxl	data/cpdl/5-voices/reductions/string_quartet/161_sparge_la_morte.musicxml	5	8	4	4	0.625692	no	no
cpdl_5_voice_string_quartet	161	Sparge la morte	data/cpdl/5-voices/sources/161_sparge_la_morte__02_sparge_la_morte_gesualdo.mxl	data/cpdl/5-voices/reductions/string_quartet/161_sparge_la_morte.musicxml	5	9	3	3	0.783973	no	no
cpdl_5_voice_string_quartet	161	Sparge la morte	data/cpdl/5-voices/sources/161_sparge_la_morte__02_sparge_la_morte_gesualdo.mxl	data/cpdl/5-voices/reductions/string_quartet/161_sparge_la_morte.musicxml	5	10	2	2	1.21995	no	no
cpdl_5_voice_string_quartet	162	Sì gioioso mi fanno i dolor miei	data/cpdl/5-voices/sources/162_si_gioioso_mi_fanno_i_dolor_miei__01_gesualdo_si_gioioso_mi_fanno_i_dolor_miei.mxl	data/cpdl/5-voices/reductions/string_quartet/162_s_gioioso_mi_fanno_i_dolor_miei.musicxml	0	-5	1	1	1.02929	no	no
cpdl_5_voice_string_quartet	162	Sì gioioso mi fanno i dolor miei	data/cpdl/5-voices/sources/162_si_gioioso_mi_fanno_i_dolor_miei__01_gesualdo_si_gioioso_mi_fanno_i_dolor_miei.mxl	data/cpdl/5-voices/reductions/string_quartet/162_s_gioioso_mi_fanno_i_dolor_miei.musicxml	0	-4	4	4	0.842289	no	no
cpdl_5_voice_string_quartet	162	Sì gioioso mi fanno i dolor miei	data/cpdl/5-voices/sources/162_si_gioioso_mi_fanno_i_dolor_miei__01_gesualdo_si_gioioso_mi_fanno_i_dolor_miei.mxl	data/cpdl/5-voices/reductions/string_quartet/162_s_gioioso_mi_fanno_i_dolor_miei.musicxml	0	-3	3	3	0.683304	no	no
cpdl_5_voice_string_quartet	162	Sì gioioso mi fanno i dolor miei	data/cpdl/5-voices/sources/162_si_gioioso_mi_fanno_i_dolor_miei__01_gesualdo_si_gioioso_mi_fanno_i_dolor_miei.mxl	data/cpdl/5-voices/reductions/string_quartet/162_s_gioioso_mi_fanno_i_dolor_miei.musicxml	0	-2	2	2	0.598851	no	no
cpdl_5_voice_string_quartet	162	Sì gioioso mi fanno i dolor miei	data/cpdl/5-voices/sources/162_si_gioioso_mi_fanno_i_dolor_miei__01_gesualdo_si_gioioso_mi_fanno_i_dolor_miei.mxl	data/cpdl/5-voices/reductions/string_quartet/162_s_gioioso_mi_fanno_i_dolor_miei.musicxml	0	-1	5	5	0.447463	yes	no
cpdl_5_voice_string_quartet	162	Sì gioioso mi fanno i dolor miei	data/cpdl/5-voices/sources/162_si_gioioso_mi_fanno_i_dolor_miei__01_gesualdo_si_gioioso_mi_fanno_i_dolor_miei.mxl	data/cpdl/5-voices/reductions/string_quartet/162_s_gioioso_mi_fanno_i_dolor_miei.musicxml	0	0	0	0	0.414039	yes	yes
cpdl_5_voice_string_quartet	162	Sì gioioso mi fanno i dolor miei	data/cpdl/5-voices/sources/162_si_gioioso_mi_fanno_i_dolor_miei__01_gesualdo_si_gioioso_mi_fanno_i_dolor_miei.mxl	data/cpdl/5-voices/reductions/string_quartet/162_s_gioioso_mi_fanno_i_dolor_miei.musicxml	0	1	5	5	0.425454	yes	no
cpdl_5_voice_string_quartet	162	Sì gioioso mi fanno i dolor miei	data/cpdl/5-voices/sources/162_si_gioioso_mi_fanno_i_dolor_miei__01_gesualdo_si_gioioso_mi_fanno_i_dolor_miei.mxl	data/cpdl/5-voices/reductions/string_quartet/162_s_gioioso_mi_fanno_i_dolor_miei.musicxml	0	2	2	2	0.443426	yes	no
cpdl_5_voice_string_quartet	162	Sì gioioso mi fanno i dolor miei	data/cpdl/5-voices/sources/162_si_gioioso_mi_fanno_i_dolor_miei__01_gesualdo_si_gioioso_mi_fanno_i_dolor_miei.mxl	data/cpdl/5-voices/reductions/string_quartet/162_s_gioioso_mi_fanno_i_dolor_miei.musicxml	0	3	3	3	0.52671	no	no
cpdl_5_voice_string_quartet	162	Sì gioioso mi fanno i dolor miei	data/cpdl/5-voices/sources/162_si_gioioso_mi_fanno_i_dolor_miei__01_gesualdo_si_gioioso_mi_fanno_i_dolor_miei.mxl	data/cpdl/5-voices/reductions/string_quartet/162_s_gioioso_mi_fanno_i_dolor_miei.musicxml	0	4	4	4	0.579717	no	no
cpdl_5_voice_string_quartet	162	Sì gioioso mi fanno i dolor miei	data/cpdl/5-voices/sources/162_si_gioioso_mi_fanno_i_dolor_miei__01_gesualdo_si_gioioso_mi_fanno_i_dolor_miei.mxl	data/cpdl/5-voices/reductions/string_quartet/162_s_gioioso_mi_fanno_i_dolor_miei.musicxml	0	5	1	1	0.781813	no	no
cpdl_5_voice_string_quartet	163	T'amo, mia vita	data/cpdl/5-voices/sources/163_t_amo_mia_vita__02_t_amo_mia_vita_gesualdo.mxl	data/cpdl/5-voices/reductions/string_quartet/163_t_amo_mia_vita.musicxml	0	-5	0	0	0.655784	no	no
cpdl_5_voice_string_quartet	163	T'amo, mia vita	data/cpdl/5-voices/sources/163_t_amo_mia_vita__02_t_amo_mia_vita_gesualdo.mxl	data/cpdl/5-voices/reductions/string_quartet/163_t_amo_mia_vita.musicxml	0	-4	5	5	0.534537	no	no
cpdl_5_voice_string_quartet	163	T'amo, mia vita	data/cpdl/5-voices/sources/163_t_amo_mia_vita__02_t_amo_mia_vita_gesualdo.mxl	data/cpdl/5-voices/reductions/string_quartet/163_t_amo_mia_vita.musicxml	0	-3	2	2	0.434885	no	no
cpdl_5_voice_string_quartet	163	T'amo, mia vita	data/cpdl/5-voices/sources/163_t_amo_mia_vita__02_t_amo_mia_vita_gesualdo.mxl	data/cpdl/5-voices/reductions/string_quartet/163_t_amo_mia_vita.musicxml	0	-2	3	3	0.397447	yes	no
cpdl_5_voice_string_quartet	163	T'amo, mia vita	data/cpdl/5-voices/sources/163_t_amo_mia_vita__02_t_amo_mia_vita_gesualdo.mxl	data/cpdl/5-voices/reductions/string_quartet/163_t_amo_mia_vita.musicxml	0	-1	4	4	0.336721	yes	no
cpdl_5_voice_string_quartet	163	T'amo, mia vita	data/cpdl/5-voices/sources/163_t_amo_mia_vita__02_t_amo_mia_vita_gesualdo.mxl	data/cpdl/5-voices/reductions/string_quartet/163_t_amo_mia_vita.musicxml	0	0	1	1	0.349741	yes	yes
cpdl_5_voice_string_quartet	163	T'amo, mia vita	data/cpdl/5-voices/sources/163_t_amo_mia_vita__02_t_amo_mia_vita_gesualdo.mxl	data/cpdl/5-voices/reductions/string_quartet/163_t_amo_mia_vita.musicxml	0	1	6	6	0.37634	yes	no
cpdl_5_voice_string_quartet	163	T'amo, mia vita	data/cpdl/5-voices/sources/163_t_amo_mia_vita__02_t_amo_mia_vita_gesualdo.mxl	data/cpdl/5-voices/reductions/string_quartet/163_t_amo_mia_vita.musicxml	0	2	1	1	0.472871	no	no
cpdl_5_voice_string_quartet	163	T'amo, mia vita	data/cpdl/5-voices/sources/163_t_amo_mia_vita__02_t_amo_mia_vita_gesualdo.mxl	data/cpdl/5-voices/reductions/string_quartet/163_t_amo_mia_vita.musicxml	0	3	4	4	0.515509	no	no
cpdl_5_voice_string_quartet	163	T'amo, mia vita	data/cpdl/5-voices/sources/163_t_amo_mia_vita__02_t_amo_mia_vita_gesualdo.mxl	data/cpdl/5-voices/reductions/string_quartet/163_t_amo_mia_vita.musicxml	0	4	3	3	0.702918	no	no
cpdl_5_voice_string_quartet	163	T'amo, mia vita	data/cpdl/5-voices/sources/163_t_amo_mia_vita__02_t_amo_mia_vita_gesualdo.mxl	data/cpdl/5-voices/reductions/string_quartet/163_t_amo_mia_vita.musicxml	0	5	2	2	0.961596	no	no
cpdl_5_voice_string_quartet	164	Tall'or sano desio	data/cpdl/5-voices/sources/164_tall_or_sano_desio__02_tall_or_sano_desio_gesualdo.mxl	data/cpdl/5-voices/reductions/string_quartet/164_tall_or_sano_desio.musicxml	0	-5	0	0	0.77508	no	no
cpdl_5_voice_string_quartet	164	Tall'or sano desio	data/cpdl/5-voices/sources/164_tall_or_sano_desio__02_tall_or_sano_desio_gesualdo.mxl	data/cpdl/5-voices/reductions/string_quartet/164_tall_or_sano_desio.musicxml	0	-4	5	5	0.601215	no	no
cpdl_5_voice_string_quartet	164	Tall'or sano desio	data/cpdl/5-voices/sources/164_tall_or_sano_desio__02_tall_or_sano_desio_gesualdo.mxl	data/cpdl/5-voices/reductions/string_quartet/164_tall_or_sano_desio.musicxml	0	-3	2	2	0.426762	yes	no
cpdl_5_voice_string_quartet	164	Tall'or sano desio	data/cpdl/5-voices/sources/164_tall_or_sano_desio__02_tall_or_sano_desio_gesualdo.mxl	data/cpdl/5-voices/reductions/string_quartet/164_tall_or_sano_desio.musicxml	0	-2	3	3	0.38268	yes	no
cpdl_5_voice_string_quartet	164	Tall'or sano desio	data/cpdl/5-voices/sources/164_tall_or_sano_desio__02_tall_or_sano_desio_gesualdo.mxl	data/cpdl/5-voices/reductions/string_quartet/164_tall_or_sano_desio.musicxml	0	-1	4	4	0.362074	yes	no
cpdl_5_voice_string_quartet	164	Tall'or sano desio	data/cpdl/5-voices/sources/164_tall_or_sano_desio__02_tall_or_sano_desio_gesualdo.mxl	data/cpdl/5-voices/reductions/string_quartet/164_tall_or_sano_desio.musicxml	0	0	1	1	0.404268	yes	yes
cpdl_5_voice_string_quartet	164	Tall'or sano desio	data/cpdl/5-voices/sources/164_tall_or_sano_desio__02_tall_or_sano_desio_gesualdo.mxl	data/cpdl/5-voices/reductions/string_quartet/164_tall_or_sano_desio.musicxml	0	1	6	6	0.433449	yes	no
cpdl_5_voice_string_quartet	164	Tall'or sano desio	data/cpdl/5-voices/sources/164_tall_or_sano_desio__02_tall_or_sano_desio_gesualdo.mxl	data/cpdl/5-voices/reductions/string_quartet/164_tall_or_sano_desio.musicxml	0	2	1	1	0.551134	no	no
cpdl_5_voice_string_quartet	164	Tall'or sano desio	data/cpdl/5-voices/sources/164_tall_or_sano_desio__02_tall_or_sano_desio_gesualdo.mxl	data/cpdl/5-voices/reductions/string_quartet/164_tall_or_sano_desio.musicxml	0	3	4	4	0.595788	no	no
cpdl_5_voice_string_quartet	164	Tall'or sano desio	data/cpdl/5-voices/sources/164_tall_or_sano_desio__02_tall_or_sano_desio_gesualdo.mxl	data/cpdl/5-voices/reductions/string_quartet/164_tall_or_sano_desio.musicxml	0	4	3	3	0.769949	no	no
cpdl_5_voice_string_quartet	164	Tall'or sano desio	data/cpdl/5-voices/sources/164_tall_or_sano_desio__02_tall_or_sano_desio_gesualdo.mxl	data/cpdl/5-voices/reductions/string_quartet/164_tall_or_sano_desio.musicxml	0	5	2	2	1.00321	no	no
cpdl_5_voice_string_quartet	165	Tirsi morir volea	data/cpdl/5-voices/sources/165_tirsi_morir_volea__01_gesualdo_tirsi_morir_volea.mxl	data/cpdl/5-voices/reductions/string_quartet/165_tirsi_morir_volea.musicxml	0	-5	1	1	0.691416	no	no
cpdl_5_voice_string_quartet	165	Tirsi morir volea	data/cpdl/5-voices/sources/165_tirsi_morir_volea__01_gesualdo_tirsi_morir_volea.mxl	data/cpdl/5-voices/reductions/string_quartet/165_tirsi_morir_volea.musicxml	0	-4	4	4	0.603554	no	no
cpdl_5_voice_string_quartet	165	Tirsi morir volea	data/cpdl/5-voices/sources/165_tirsi_morir_volea__01_gesualdo_tirsi_morir_volea.mxl	data/cpdl/5-voices/reductions/string_quartet/165_tirsi_morir_volea.musicxml	0	-3	3	3	0.476023	no	no
cpdl_5_voice_string_quartet	165	Tirsi morir volea	data/cpdl/5-voices/sources/165_tirsi_morir_volea__01_gesualdo_tirsi_morir_volea.mxl	data/cpdl/5-voices/reductions/string_quartet/165_tirsi_morir_volea.musicxml	0	-2	2	2	0.441424	no	no
cpdl_5_voice_string_quartet	165	Tirsi morir volea	data/cpdl/5-voices/sources/165_tirsi_morir_volea__01_gesualdo_tirsi_morir_volea.mxl	data/cpdl/5-voices/reductions/string_quartet/165_tirsi_morir_volea.musicxml	0	-1	5	5	0.362257	yes	no
cpdl_5_voice_string_quartet	165	Tirsi morir volea	data/cpdl/5-voices/sources/165_tirsi_morir_volea__01_gesualdo_tirsi_morir_volea.mxl	data/cpdl/5-voices/reductions/string_quartet/165_tirsi_morir_volea.musicxml	0	0	0	0	0.352	yes	yes
cpdl_5_voice_string_quartet	165	Tirsi morir volea	data/cpdl/5-voices/sources/165_tirsi_morir_volea__01_gesualdo_tirsi_morir_volea.mxl	data/cpdl/5-voices/reductions/string_quartet/165_tirsi_morir_volea.musicxml	0	1	5	5	0.392032	yes	no
cpdl_5_voice_string_quartet	165	Tirsi morir volea	data/cpdl/5-voices/sources/165_tirsi_morir_volea__01_gesualdo_tirsi_morir_volea.mxl	data/cpdl/5-voices/reductions/string_quartet/165_tirsi_morir_volea.musicxml	0	2	2	2	0.51692	no	no
cpdl_5_voice_string_quartet	165	Tirsi morir volea	data/cpdl/5-voices/sources/165_tirsi_morir_volea__01_gesualdo_tirsi_morir_volea.mxl	data/cpdl/5-voices/reductions/string_quartet/165_tirsi_morir_volea.musicxml	0	3	3	3	0.644826	no	no
cpdl_5_voice_string_quartet	165	Tirsi morir volea	data/cpdl/5-voices/sources/165_tirsi_morir_volea__01_gesualdo_tirsi_morir_volea.mxl	data/cpdl/5-voices/reductions/string_quartet/165_tirsi_morir_volea.musicxml	0	4	4	4	0.742557	no	no
cpdl_5_voice_string_quartet	165	Tirsi morir volea	data/cpdl/5-voices/sources/165_tirsi_morir_volea__01_gesualdo_tirsi_morir_volea.mxl	data/cpdl/5-voices/reductions/string_quartet/165_tirsi_morir_volea.musicxml	0	5	1	1	1.12	no	no
cpdl_5_voice_string_quartet	166	Tu m'uccidi, o crudele	data/cpdl/5-voices/sources/166_tu_m_uccidi_o_crudele__04_gesu_15tu.mxl	data/cpdl/5-voices/reductions/string_quartet/166_tu_m_uccidi_o_crudele.musicxml	0	-5	1	1	1.07526	no	no
cpdl_5_voice_string_quartet	166	Tu m'uccidi, o crudele	data/cpdl/5-voices/sources/166_tu_m_uccidi_o_crudele__04_gesu_15tu.mxl	data/cpdl/5-voices/reductions/string_quartet/166_tu_m_uccidi_o_crudele.musicxml	0	-4	4	4	0.863375	no	no
cpdl_5_voice_string_quartet	166	Tu m'uccidi, o crudele	data/cpdl/5-voices/sources/166_tu_m_uccidi_o_crudele__04_gesu_15tu.mxl	data/cpdl/5-voices/reductions/string_quartet/166_tu_m_uccidi_o_crudele.musicxml	0	-3	3	3	0.641171	no	no
cpdl_5_voice_string_quartet	166	Tu m'uccidi, o crudele	data/cpdl/5-voices/sources/166_tu_m_uccidi_o_crudele__04_gesu_15tu.mxl	data/cpdl/5-voices/reductions/string_quartet/166_tu_m_uccidi_o_crudele.musicxml	0	-2	2	2	0.512419	no	no
cpdl_5_voice_string_quartet	166	Tu m'uccidi, o crudele	data/cpdl/5-voices/sources/166_tu_m_uccidi_o_crudele__04_gesu_15tu.mxl	data/cpdl/5-voices/reductions/string_quartet/166_tu_m_uccidi_o_crudele.musicxml	0	-1	5	5	0.415562	yes	no
cpdl_5_voice_string_quartet	166	Tu m'uccidi, o crudele	data/cpdl/5-voices/sources/166_tu_m_uccidi_o_crudele__04_gesu_15tu.mxl	data/cpdl/5-voices/reductions/string_quartet/166_tu_m_uccidi_o_crudele.musicxml	0	0	0	0	0.371453	yes	yes
cpdl_5_voice_string_quartet	166	Tu m'uccidi, o crudele	data/cpdl/5-voices/sources/166_tu_m_uccidi_o_crudele__04_gesu_15tu.mxl	data/cpdl/5-voices/reductions/string_quartet/166_tu_m_uccidi_o_crudele.musicxml	0	1	5	5	0.366735	yes	no
cpdl_5_voice_string_quartet	166	Tu m'uccidi, o crudele	data/cpdl/5-voices/sources/166_tu_m_uccidi_o_crudele__04_gesu_15tu.mxl	data/cpdl/5-voices/reductions/string_quartet/166_tu_m_uccidi_o_crudele.musicxml	0	2	2	2	0.416513	yes	no
cpdl_5_voice_string_quartet	166	Tu m'uccidi, o crudele	data/cpdl/5-voices/sources/166_tu_m_uccidi_o_crudele__04_gesu_15tu.mxl	data/cpdl/5-voices/reductions/string_quartet/166_tu_m_uccidi_o_crudele.musicxml	0	3	3	3	0.542682	no	no
cpdl_5_voice_string_quartet	166	Tu m'uccidi, o crudele	data/cpdl/5-voices/sources/166_tu_m_uccidi_o_crudele__04_gesu_15tu.mxl	data/cpdl/5-voices/reductions/string_quartet/166_tu_m_uccidi_o_crudele.musicxml	0	4	4	4	0.605874	no	no
cpdl_5_voice_string_quartet	166	Tu m'uccidi, o crudele	data/cpdl/5-voices/sources/166_tu_m_uccidi_o_crudele__04_gesu_15tu.mxl	data/cpdl/5-voices/reductions/string_quartet/166_tu_m_uccidi_o_crudele.musicxml	0	5	1	1	0.743731	no	no
cpdl_5_voice_string_quartet	167	Tu piangi, o Filli mia	data/cpdl/5-voices/sources/167_tu_piangi_o_filli_mia__02_tu_piangi_o_filli_mia_gesualdo.mxl	data/cpdl/5-voices/reductions/string_quartet/167_tu_piangi_o_filli_mia.musicxml	0	-5	0	0	0.838894	no	no
cpdl_5_voice_string_quartet	167	Tu piangi, o Filli mia	data/cpdl/5-voices/sources/167_tu_piangi_o_filli_mia__02_tu_piangi_o_filli_mia_gesualdo.mxl	data/cpdl/5-voices/reductions/string_quartet/167_tu_piangi_o_filli_mia.musicxml	0	-4	5	5	0.67812	no	no
cpdl_5_voice_string_quartet	167	Tu piangi, o Filli mia	data/cpdl/5-voices/sources/167_tu_piangi_o_filli_mia__02_tu_piangi_o_filli_mia_gesualdo.mxl	data/cpdl/5-voices/reductions/string_quartet/167_tu_piangi_o_filli_mia.musicxml	0	-3	2	2	0.546808	no	no
cpdl_5_voice_string_quartet	167	Tu piangi, o Filli mia	data/cpdl/5-voices/sources/167_tu_piangi_o_filli_mia__02_tu_piangi_o_filli_mia_gesualdo.mxl	data/cpdl/5-voices/reductions/string_quartet/167_tu_piangi_o_filli_mia.musicxml	0	-2	3	3	0.485792	no	no
cpdl_5_voice_string_quartet	167	Tu piangi, o Filli mia	data/cpdl/5-voices/sources/167_tu_piangi_o_filli_mia__02_tu_piangi_o_filli_mia_gesualdo.mxl	data/cpdl/5-voices/reductions/string_quartet/167_tu_piangi_o_filli_mia.musicxml	0	-1	4	4	0.423046	yes	no
cpdl_5_voice_string_quartet	167	Tu piangi, o Filli mia	data/cpdl/5-voices/sources/167_tu_piangi_o_filli_mia__02_tu_piangi_o_filli_mia_gesualdo.mxl	data/cpdl/5-voices/reductions/string_quartet/167_tu_piangi_o_filli_mia.musicxml	0	0	1	1	0.384012	yes	yes
cpdl_5_voice_string_quartet	167	Tu piangi, o Filli mia	data/cpdl/5-voices/sources/167_tu_piangi_o_filli_mia__02_tu_piangi_o_filli_mia_gesualdo.mxl	data/cpdl/5-voices/reductions/string_quartet/167_tu_piangi_o_filli_mia.musicxml	0	1	6	6	0.36918	yes	no
cpdl_5_voice_string_quartet	167	Tu piangi, o Filli mia	data/cpdl/5-voices/sources/167_tu_piangi_o_filli_mia__02_tu_piangi_o_filli_mia_gesualdo.mxl	data/cpdl/5-voices/reductions/string_quartet/167_tu_piangi_o_filli_mia.musicxml	0	2	1	1	0.411753	yes	no
cpdl_5_voice_string_quartet	167	Tu piangi, o Filli mia	data/cpdl/5-voices/sources/167_tu_piangi_o_filli_mia__02_tu_piangi_o_filli_mia_gesualdo.mxl	data/cpdl/5-voices/reductions/string_quartet/167_tu_piangi_o_filli_mia.musicxml	0	3	4	4	0.457133	no	no
cpdl_5_voice_string_quartet	167	Tu piangi, o Filli mia	data/cpdl/5-voices/sources/167_tu_piangi_o_filli_mia__02_tu_piangi_o_filli_mia_gesualdo.mxl	data/cpdl/5-voices/reductions/string_quartet/167_tu_piangi_o_filli_mia.musicxml	0	4	3	3	0.584036	no	no
cpdl_5_voice_string_quartet	167	Tu piangi, o Filli mia	data/cpdl/5-voices/sources/167_tu_piangi_o_filli_mia__02_tu_piangi_o_filli_mia_gesualdo.mxl	data/cpdl/5-voices/reductions/string_quartet/167_tu_piangi_o_filli_mia.musicxml	0	5	2	2	0.772946	no	no
cpdl_5_voice_string_quartet	168	Tu segui, o bella Clori	data/cpdl/5-voices/sources/168_tu_segui_o_bella_clori__02_tu_segui_o_bella_clori_gesualdo.mxl	data/cpdl/5-voices/reductions/string_quartet/168_tu_segui_o_bella_clori.musicxml	0	-5	1	1	0.963095	no	no
cpdl_5_voice_string_quartet	168	Tu segui, o bella Clori	data/cpdl/5-voices/sources/168_tu_segui_o_bella_clori__02_tu_segui_o_bella_clori_gesualdo.mxl	data/cpdl/5-voices/reductions/string_quartet/168_tu_segui_o_bella_clori.musicxml	0	-4	4	4	0.815919	no	no
cpdl_5_voice_string_quartet	168	Tu segui, o bella Clori	data/cpdl/5-voices/sources/168_tu_segui_o_bella_clori__02_tu_segui_o_bella_clori_gesualdo.mxl	data/cpdl/5-voices/reductions/string_quartet/168_tu_segui_o_bella_clori.musicxml	0	-3	3	3	0.596905	no	no
cpdl_5_voice_string_quartet	168	Tu segui, o bella Clori	data/cpdl/5-voices/sources/168_tu_segui_o_bella_clori__02_tu_segui_o_bella_clori_gesualdo.mxl	data/cpdl/5-voices/reductions/string_quartet/168_tu_segui_o_bella_clori.musicxml	0	-2	2	2	0.52253	no	no
cpdl_5_voice_string_quartet	168	Tu segui, o bella Clori	data/cpdl/5-voices/sources/168_tu_segui_o_bella_clori__02_tu_segui_o_bella_clori_gesualdo.mxl	data/cpdl/5-voices/reductions/string_quartet/168_tu_segui_o_bella_clori.musicxml	0	-1	5	5	0.45587	no	no
cpdl_5_voice_string_quartet	168	Tu segui, o bella Clori	data/cpdl/5-voices/sources/168_tu_segui_o_bella_clori__02_tu_segui_o_bella_clori_gesualdo.mxl	data/cpdl/5-voices/reductions/string_quartet/168_tu_segui_o_bella_clori.musicxml	0	0	0	0	0.395375	yes	yes
cpdl_5_voice_string_quartet	168	Tu segui, o bella Clori	data/cpdl/5-voices/sources/168_tu_segui_o_bella_clori__02_tu_segui_o_bella_clori_gesualdo.mxl	data/cpdl/5-voices/reductions/string_quartet/168_tu_segui_o_bella_clori.musicxml	0	1	5	5	0.406794	yes	no
cpdl_5_voice_string_quartet	168	Tu segui, o bella Clori	data/cpdl/5-voices/sources/168_tu_segui_o_bella_clori__02_tu_segui_o_bella_clori_gesualdo.mxl	data/cpdl/5-voices/reductions/string_quartet/168_tu_segui_o_bella_clori.musicxml	0	2	2	2	0.439336	yes	no
cpdl_5_voice_string_quartet	168	Tu segui, o bella Clori	data/cpdl/5-voices/sources/168_tu_segui_o_bella_clori__02_tu_segui_o_bella_clori_gesualdo.mxl	data/cpdl/5-voices/reductions/string_quartet/168_tu_segui_o_bella_clori.musicxml	0	3	3	3	0.564655	no	no
cpdl_5_voice_string_quartet	168	Tu segui, o bella Clori	data/cpdl/5-voices/sources/168_tu_segui_o_bella_clori__02_tu_segui_o_bella_clori_gesualdo.mxl	data/cpdl/5-voices/reductions/string_quartet/168_tu_segui_o_bella_clori.musicxml	0	4	4	4	0.632779	no	no
cpdl_5_voice_string_quartet	168	Tu segui, o bella Clori	data/cpdl/5-voices/sources/168_tu_segui_o_bella_clori__02_tu_segui_o_bella_clori_gesualdo.mxl	data/cpdl/5-voices/reductions/string_quartet/168_tu_segui_o_bella_clori.musicxml	0	5	1	1	0.818397	no	no
cpdl_5_voice_string_quartet	170	Voi volete ch'io mora	data/cpdl/5-voices/sources/170_voi_volete_ch_io_mora__01_gesualdo_voi_volete_ch_io_mora.mxl	data/cpdl/5-voices/reductions/string_quartet/170_voi_volete_ch_io_mora.musicxml	2	-3	3	3	0.880617	no	no
cpdl_5_voice_string_quartet	170	Voi volete ch'io mora	data/cpdl/5-voices/sources/170_voi_volete_ch_io_mora__01_gesualdo_voi_volete_ch_io_mora.mxl	data/cpdl/5-voices/reductions/string_quartet/170_voi_volete_ch_io_mora.musicxml	2	-2	2	2	0.762108	no	no
cpdl_5_voice_string_quartet	170	Voi volete ch'io mora	data/cpdl/5-voices/sources/170_voi_volete_ch_io_mora__01_gesualdo_voi_volete_ch_io_mora.mxl	data/cpdl/5-voices/reductions/string_quartet/170_voi_volete_ch_io_mora.musicxml	2	-1	5	5	0.571432	no	no
cpdl_5_voice_string_quartet	170	Voi volete ch'io mora	data/cpdl/5-voices/sources/170_voi_volete_ch_io_mora__01_gesualdo_voi_volete_ch_io_mora.mxl	data/cpdl/5-voices/reductions/string_quartet/170_voi_volete_ch_io_mora.musicxml	2	0	0	0	0.489888	no	no
cpdl_5_voice_string_quartet	170	Voi volete ch'io mora	data/cpdl/5-voices/sources/170_voi_volete_ch_io_mora__01_gesualdo_voi_volete_ch_io_mora.mxl	data/cpdl/5-voices/reductions/string_quartet/170_voi_volete_ch_io_mora.musicxml	2	1	5	5	0.428112	yes	no
cpdl_5_voice_string_quartet	170	Voi volete ch'io mora	data/cpdl/5-voices/sources/170_voi_volete_ch_io_mora__01_gesualdo_voi_volete_ch_io_mora.mxl	data/cpdl/5-voices/reductions/string_quartet/170_voi_volete_ch_io_mora.musicxml	2	2	2	2	0.396933	yes	yes
cpdl_5_voice_string_quartet	170	Voi volete ch'io mora	data/cpdl/5-voices/sources/170_voi_volete_ch_io_mora__01_gesualdo_voi_volete_ch_io_mora.mxl	data/cpdl/5-voices/reductions/string_quartet/170_voi_volete_ch_io_mora.musicxml	2	3	3	3	0.41434	yes	no
cpdl_5_voice_string_quartet	170	Voi volete ch'io mora	data/cpdl/5-voices/sources/170_voi_volete_ch_io_mora__01_gesualdo_voi_volete_ch_io_mora.mxl	data/cpdl/5-voices/reductions/string_quartet/170_voi_volete_ch_io_mora.musicxml	2	4	4	4	0.464995	no	no
cpdl_5_voice_string_quartet	170	Voi volete ch'io mora	data/cpdl/5-voices/sources/170_voi_volete_ch_io_mora__01_gesualdo_voi_volete_ch_io_mora.mxl	data/cpdl/5-voices/reductions/string_quartet/170_voi_volete_ch_io_mora.musicxml	2	5	1	1	0.675929	no	no
cpdl_5_voice_string_quartet	170	Voi volete ch'io mora	data/cpdl/5-voices/sources/170_voi_volete_ch_io_mora__01_gesualdo_voi_volete_ch_io_mora.mxl	data/cpdl/5-voices/reductions/string_quartet/170_voi_volete_ch_io_mora.musicxml	2	6	6	6	0.747614	no	no
cpdl_5_voice_string_quartet	170	Voi volete ch'io mora	data/cpdl/5-voices/sources/170_voi_volete_ch_io_mora__01_gesualdo_voi_volete_ch_io_mora.mxl	data/cpdl/5-voices/reductions/string_quartet/170_voi_volete_ch_io_mora.musicxml	2	7	1	1	0.997738	no	no
cpdl_5_voice_string_quartet	171	Volan quasi farfalle	data/cpdl/5-voices/sources/171_volan_quasi_farfalle__02_volan_quasi_farfalle_gesualdo.mxl	data/cpdl/5-voices/reductions/string_quartet/171_volan_quasi_farfalle.musicxml	0	-5	0	0	0.588044	no	no
cpdl_5_voice_string_quartet	171	Volan quasi farfalle	data/cpdl/5-voices/sources/171_volan_quasi_farfalle__02_volan_quasi_farfalle_gesualdo.mxl	data/cpdl/5-voices/reductions/string_quartet/171_volan_quasi_farfalle.musicxml	0	-4	5	5	0.494255	no	no
cpdl_5_voice_string_quartet	171	Volan quasi farfalle	data/cpdl/5-voices/sources/171_volan_quasi_farfalle__02_volan_quasi_farfalle_gesualdo.mxl	data/cpdl/5-voices/reductions/string_quartet/171_volan_quasi_farfalle.musicxml	0	-3	2	2	0.41591	yes	no
cpdl_5_voice_string_quartet	171	Volan quasi farfalle	data/cpdl/5-voices/sources/171_volan_quasi_farfalle__02_volan_quasi_farfalle_gesualdo.mxl	data/cpdl/5-voices/reductions/string_quartet/171_volan_quasi_farfalle.musicxml	0	-2	3	3	0.402954	yes	no
cpdl_5_voice_string_quartet	171	Volan quasi farfalle	data/cpdl/5-voices/sources/171_volan_quasi_farfalle__02_volan_quasi_farfalle_gesualdo.mxl	data/cpdl/5-voices/reductions/string_quartet/171_volan_quasi_farfalle.musicxml	0	-1	4	4	0.384345	yes	no
cpdl_5_voice_string_quartet	171	Volan quasi farfalle	data/cpdl/5-voices/sources/171_volan_quasi_farfalle__02_volan_quasi_farfalle_gesualdo.mxl	data/cpdl/5-voices/reductions/string_quartet/171_volan_quasi_farfalle.musicxml	0	0	1	1	0.425041	yes	yes
cpdl_5_voice_string_quartet	171	Volan quasi farfalle	data/cpdl/5-voices/sources/171_volan_quasi_farfalle__02_volan_quasi_farfalle_gesualdo.mxl	data/cpdl/5-voices/reductions/string_quartet/171_volan_quasi_farfalle.musicxml	0	1	6	6	0.470418	yes	no
cpdl_5_voice_string_quartet	171	Volan quasi farfalle	data/cpdl/5-voices/sources/171_volan_quasi_farfalle__02_volan_quasi_farfalle_gesualdo.mxl	data/cpdl/5-voices/reductions/string_quartet/171_volan_quasi_farfalle.musicxml	0	2	1	1	0.685902	no	no
cpdl_5_voice_string_quartet	171	Volan quasi farfalle	data/cpdl/5-voices/sources/171_volan_quasi_farfalle__02_volan_quasi_farfalle_gesualdo.mxl	data/cpdl/5-voices/reductions/string_quartet/171_volan_quasi_farfalle.musicxml	0	3	4	4	0.802989	no	no
cpdl_5_voice_string_quartet	171	Volan quasi farfalle	data/cpdl/5-voices/sources/171_volan_quasi_farfalle__02_volan_quasi_farfalle_gesualdo.mxl	data/cpdl/5-voices/reductions/string_quartet/171_volan_quasi_farfalle.musicxml	0	4	3	3	1.13942	no	no
cpdl_5_voice_string_quartet	171	Volan quasi farfalle	data/cpdl/5-voices/sources/171_volan_quasi_farfalle__02_volan_quasi_farfalle_gesualdo.mxl	data/cpdl/5-voices/reductions/string_quartet/171_volan_quasi_farfalle.musicxml	0	5	2	2	1.74165	no	no
cpdl_5_voice_quartet_plus_viole	2	Ave Regina coelorum	data/cpdl/5-voices/sources/002_ave_regina_coelorum__02_gesualdo_ave_regina_coelorum.mxl	data/cpdl/5-voices/reductions/string_quartet_plus_viole/002_ave_regina_coelorum.musicxml	5	0	0	0	1.07074	no	no
cpdl_5_voice_quartet_plus_viole	2	Ave Regina coelorum	data/cpdl/5-voices/sources/002_ave_regina_coelorum__02_gesualdo_ave_regina_coelorum.mxl	data/cpdl/5-voices/reductions/string_quartet_plus_viole/002_ave_regina_coelorum.musicxml	5	1	5	5	0.861527	no	no
cpdl_5_voice_quartet_plus_viole	2	Ave Regina coelorum	data/cpdl/5-voices/sources/002_ave_regina_coelorum__02_gesualdo_ave_regina_coelorum.mxl	data/cpdl/5-voices/reductions/string_quartet_plus_viole/002_ave_regina_coelorum.musicxml	5	2	2	2	0.684759	no	no
cpdl_5_voice_quartet_plus_viole	2	Ave Regina coelorum	data/cpdl/5-voices/sources/002_ave_regina_coelorum__02_gesualdo_ave_regina_coelorum.mxl	data/cpdl/5-voices/reductions/string_quartet_plus_viole/002_ave_regina_coelorum.musicxml	5	3	3	3	0.631113	no	no
cpdl_5_voice_quartet_plus_viole	2	Ave Regina coelorum	data/cpdl/5-voices/sources/002_ave_regina_coelorum__02_gesualdo_ave_regina_coelorum.mxl	data/cpdl/5-voices/reductions/string_quartet_plus_viole/002_ave_regina_coelorum.musicxml	5	4	4	4	0.475524	yes	no
cpdl_5_voice_quartet_plus_viole	2	Ave Regina coelorum	data/cpdl/5-voices/sources/002_ave_regina_coelorum__02_gesualdo_ave_regina_coelorum.mxl	data/cpdl/5-voices/reductions/string_quartet_plus_viole/002_ave_regina_coelorum.musicxml	5	5	1	1	0.47154	yes	yes
cpdl_5_voice_quartet_plus_viole	2	Ave Regina coelorum	data/cpdl/5-voices/sources/002_ave_regina_coelorum__02_gesualdo_ave_regina_coelorum.mxl	data/cpdl/5-voices/reductions/string_quartet_plus_viole/002_ave_regina_coelorum.musicxml	5	6	6	6	0.488592	yes	no
cpdl_5_voice_quartet_plus_viole	2	Ave Regina coelorum	data/cpdl/5-voices/sources/002_ave_regina_coelorum__02_gesualdo_ave_regina_coelorum.mxl	data/cpdl/5-voices/reductions/string_quartet_plus_viole/002_ave_regina_coelorum.musicxml	5	7	1	1	0.604394	no	no
cpdl_5_voice_quartet_plus_viole	2	Ave Regina coelorum	data/cpdl/5-voices/sources/002_ave_regina_coelorum__02_gesualdo_ave_regina_coelorum.mxl	data/cpdl/5-voices/reductions/string_quartet_plus_viole/002_ave_regina_coelorum.musicxml	5	8	4	4	0.631823	no	no
cpdl_5_voice_quartet_plus_viole	2	Ave Regina coelorum	data/cpdl/5-voices/sources/002_ave_regina_coelorum__02_gesualdo_ave_regina_coelorum.mxl	data/cpdl/5-voices/reductions/string_quartet_plus_viole/002_ave_regina_coelorum.musicxml	5	9	3	3	0.807797	no	no
cpdl_5_voice_quartet_plus_viole	2	Ave Regina coelorum	data/cpdl/5-voices/sources/002_ave_regina_coelorum__02_gesualdo_ave_regina_coelorum.mxl	data/cpdl/5-voices/reductions/string_quartet_plus_viole/002_ave_regina_coelorum.musicxml	5	10	2	2	1.02677	no	no
cpdl_5_voice_quartet_plus_viole	3	Ave, dulcissima Maria	data/cpdl/5-voices/sources/003_ave_dulcissima_maria__02_ave_dulcissima_maria_gesualdo.mxl	data/cpdl/5-voices/reductions/string_quartet_plus_viole/003_ave_dulcissima_maria.musicxml	5	0	2	2	0.708756	no	no
cpdl_5_voice_quartet_plus_viole	3	Ave, dulcissima Maria	data/cpdl/5-voices/sources/003_ave_dulcissima_maria__02_ave_dulcissima_maria_gesualdo.mxl	data/cpdl/5-voices/reductions/string_quartet_plus_viole/003_ave_dulcissima_maria.musicxml	5	1	3	3	0.615579	no	no
cpdl_5_voice_quartet_plus_viole	3	Ave, dulcissima Maria	data/cpdl/5-voices/sources/003_ave_dulcissima_maria__02_ave_dulcissima_maria_gesualdo.mxl	data/cpdl/5-voices/reductions/string_quartet_plus_viole/003_ave_dulcissima_maria.musicxml	5	2	4	4	0.425147	no	no
cpdl_5_voice_quartet_plus_viole	3	Ave, dulcissima Maria	data/cpdl/5-voices/sources/003_ave_dulcissima_maria__02_ave_dulcissima_maria_gesualdo.mxl	data/cpdl/5-voices/reductions/string_quartet_plus_viole/003_ave_dulcissima_maria.musicxml	5	3	1	1	0.384769	yes	no
cpdl_5_voice_quartet_plus_viole	3	Ave, dulcissima Maria	data/cpdl/5-voices/sources/003_ave_dulcissima_maria__02_ave_dulcissima_maria_gesualdo.mxl	data/cpdl/5-voices/reductions/string_quartet_plus_viole/003_ave_dulcissima_maria.musicxml	5	4	6	6	0.363694	yes	no
cpdl_5_voice_quartet_plus_viole	3	Ave, dulcissima Maria	data/cpdl/5-voices/sources/003_ave_dulcissima_maria__02_ave_dulcissima_maria_gesualdo.mxl	data/cpdl/5-voices/reductions/string_quartet_plus_viole/003_ave_dulcissima_maria.musicxml	5	5	1	1	0.373686	yes	yes
cpdl_5_voice_quartet_plus_viole	3	Ave, dulcissima Maria	data/cpdl/5-voices/sources/003_ave_dulcissima_maria__02_ave_dulcissima_maria_gesualdo.mxl	data/cpdl/5-voices/reductions/string_quartet_plus_viole/003_ave_dulcissima_maria.musicxml	5	6	4	4	0.392446	yes	no
cpdl_5_voice_quartet_plus_viole	3	Ave, dulcissima Maria	data/cpdl/5-voices/sources/003_ave_dulcissima_maria__02_ave_dulcissima_maria_gesualdo.mxl	data/cpdl/5-voices/reductions/string_quartet_plus_viole/003_ave_dulcissima_maria.musicxml	5	7	3	3	0.503654	no	no
cpdl_5_voice_quartet_plus_viole	3	Ave, dulcissima Maria	data/cpdl/5-voices/sources/003_ave_dulcissima_maria__02_ave_dulcissima_maria_gesualdo.mxl	data/cpdl/5-voices/reductions/string_quartet_plus_viole/003_ave_dulcissima_maria.musicxml	5	8	2	2	0.631604	no	no
cpdl_5_voice_quartet_plus_viole	3	Ave, dulcissima Maria	data/cpdl/5-voices/sources/003_ave_dulcissima_maria__02_ave_dulcissima_maria_gesualdo.mxl	data/cpdl/5-voices/reductions/string_quartet_plus_viole/003_ave_dulcissima_maria.musicxml	5	9	5	5	0.70979	no	no
cpdl_5_voice_quartet_plus_viole	3	Ave, dulcissima Maria	data/cpdl/5-voices/sources/003_ave_dulcissima_maria__02_ave_dulcissima_maria_gesualdo.mxl	data/cpdl/5-voices/reductions/string_quartet_plus_viole/003_ave_dulcissima_maria.musicxml	5	10	0	0	1.04048	no	no
cpdl_5_voice_quartet_plus_viole	4	Deus refugium et virtus	data/cpdl/5-voices/sources/004_deus_refugium_et_virtus__02_gesualdo_deus_refugium.mxl	data/cpdl/5-voices/reductions/string_quartet_plus_viole/004_deus_refugium_et_virtus.musicxml	4	-1	5	5	1.0767	no	no
cpdl_5_voice_quartet_plus_viole	4	Deus refugium et virtus	data/cpdl/5-voices/sources/004_deus_refugium_et_virtus__02_gesualdo_deus_refugium.mxl	data/cpdl/5-voices/reductions/string_quartet_plus_viole/004_deus_refugium_et_virtus.musicxml	4	0	0	0	0.906625	no	no
cpdl_5_voice_quartet_plus_viole	4	Deus refugium et virtus	data/cpdl/5-voices/sources/004_deus_refugium_et_virtus__02_gesualdo_deus_refugium.mxl	data/cpdl/5-voices/reductions/string_quartet_plus_viole/004_deus_refugium_et_virtus.musicxml	4	1	5	5	0.687756	no	no
cpdl_5_voice_quartet_plus_viole	4	Deus refugium et virtus	data/cpdl/5-voices/sources/004_deus_refugium_et_virtus__02_gesualdo_deus_refugium.mxl	data/cpdl/5-voices/reductions/string_quartet_plus_viole/004_deus_refugium_et_virtus.musicxml	4	2	2	2	0.504621	no	no
cpdl_5_voice_quartet_plus_viole	4	Deus refugium et virtus	data/cpdl/5-voices/sources/004_deus_refugium_et_virtus__02_gesualdo_deus_refugium.mxl	data/cpdl/5-voices/reductions/string_quartet_plus_viole/004_deus_refugium_et_virtus.musicxml	4	3	3	3	0.467184	yes	no
cpdl_5_voice_quartet_plus_viole	4	Deus refugium et virtus	data/cpdl/5-voices/sources/004_deus_refugium_et_virtus__02_gesualdo_deus_refugium.mxl	data/cpdl/5-voices/reductions/string_quartet_plus_viole/004_deus_refugium_et_virtus.musicxml	4	4	4	4	0.430235	yes	yes
cpdl_5_voice_quartet_plus_viole	4	Deus refugium et virtus	data/cpdl/5-voices/sources/004_deus_refugium_et_virtus__02_gesualdo_deus_refugium.mxl	data/cpdl/5-voices/reductions/string_quartet_plus_viole/004_deus_refugium_et_virtus.musicxml	4	5	1	1	0.494207	no	no
cpdl_5_voice_quartet_plus_viole	4	Deus refugium et virtus	data/cpdl/5-voices/sources/004_deus_refugium_et_virtus__02_gesualdo_deus_refugium.mxl	data/cpdl/5-voices/reductions/string_quartet_plus_viole/004_deus_refugium_et_virtus.musicxml	4	6	6	6	0.487392	no	no
cpdl_5_voice_quartet_plus_viole	4	Deus refugium et virtus	data/cpdl/5-voices/sources/004_deus_refugium_et_virtus__02_gesualdo_deus_refugium.mxl	data/cpdl/5-voices/reductions/string_quartet_plus_viole/004_deus_refugium_et_virtus.musicxml	4	7	1	1	0.557033	no	no
cpdl_5_voice_quartet_plus_viole	4	Deus refugium et virtus	data/cpdl/5-voices/sources/004_deus_refugium_et_virtus__02_gesualdo_deus_refugium.mxl	data/cpdl/5-voices/reductions/string_quartet_plus_viole/004_deus_refugium_et_virtus.musicxml	4	8	4	4	0.592106	no	no
cpdl_5_voice_quartet_plus_viole	4	Deus refugium et virtus	data/cpdl/5-voices/sources/004_deus_refugium_et_virtus__02_gesualdo_deus_refugium.mxl	data/cpdl/5-voices/reductions/string_quartet_plus_viole/004_deus_refugium_et_virtus.musicxml	4	9	3	3	0.791777	no	no
cpdl_5_voice_quartet_plus_viole	5	Dignare me	data/cpdl/5-voices/sources/005_dignare_me__02_gesualdo_dignare_me.mxl	data/cpdl/5-voices/reductions/string_quartet_plus_viole/005_dignare_me.musicxml	7	2	1	1	0.771689	no	no
cpdl_5_voice_quartet_plus_viole	5	Dignare me	data/cpdl/5-voices/sources/005_dignare_me__02_gesualdo_dignare_me.mxl	data/cpdl/5-voices/reductions/string_quartet_plus_viole/005_dignare_me.musicxml	7	3	4	4	0.698171	yes	no
cpdl_5_voice_quartet_plus_viole	5	Dignare me	data/cpdl/5-voices/sources/005_dignare_me__02_gesualdo_dignare_me.mxl	data/cpdl/5-voices/reductions/string_quartet_plus_viole/005_dignare_me.musicxml	7	4	3	3	0.573891	yes	no
cpdl_5_voice_quartet_plus_viole	5	Dignare me	data/cpdl/5-voices/sources/005_dignare_me__02_gesualdo_dignare_me.mxl	data/cpdl/5-voices/reductions/string_quartet_plus_viole/005_dignare_me.musicxml	7	5	2	2	0.601314	yes	no
cpdl_5_voice_quartet_plus_viole	5	Dignare me	data/cpdl/5-voices/sources/005_dignare_me__02_gesualdo_dignare_me.mxl	data/cpdl/5-voices/reductions/string_quartet_plus_viole/005_dignare_me.musicxml	7	6	5	5	0.567964	yes	no
cpdl_5_voice_quartet_plus_viole	5	Dignare me	data/cpdl/5-voices/sources/005_dignare_me__02_gesualdo_dignare_me.mxl	data/cpdl/5-voices/reductions/string_quartet_plus_viole/005_dignare_me.musicxml	7	7	0	0	0.64573	yes	yes
cpdl_5_voice_quartet_plus_viole	5	Dignare me	data/cpdl/5-voices/sources/005_dignare_me__02_gesualdo_dignare_me.mxl	data/cpdl/5-voices/reductions/string_quartet_plus_viole/005_dignare_me.musicxml	7	8	5	5	0.639889	yes	no
cpdl_5_voice_quartet_plus_viole	5	Dignare me	data/cpdl/5-voices/sources/005_dignare_me__02_gesualdo_dignare_me.mxl	data/cpdl/5-voices/reductions/string_quartet_plus_viole/005_dignare_me.musicxml	7	9	2	2	0.745361	no	no
cpdl_5_voice_quartet_plus_viole	5	Dignare me	data/cpdl/5-voices/sources/005_dignare_me__02_gesualdo_dignare_me.mxl	data/cpdl/5-voices/reductions/string_quartet_plus_viole/005_dignare_me.musicxml	7	10	3	3	0.808676	no	no
cpdl_5_voice_quartet_plus_viole	5	Dignare me	data/cpdl/5-voices/sources/005_dignare_me__02_gesualdo_dignare_me.mxl	data/cpdl/5-voices/reductions/string_quartet_plus_viole/005_dignare_me.musicxml	7	11	4	4	1.01603	no	no
cpdl_5_voice_quartet_plus_viole	5	Dignare me	data/cpdl/5-voices/sources/005_dignare_me__02_gesualdo_dignare_me.mxl	data/cpdl/5-voices/reductions/string_quartet_plus_viole/005_dignare_me.musicxml	7	12	1	1	1.36643	no	no
cpdl_5_voice_quartet_plus_viole	6	Domine ne despicias	data/cpdl/5-voices/sources/006_domine_ne_despicias__02_gesualdo_domine_ne_despicias.mxl	data/cpdl/5-voices/reductions/string_quartet_plus_viole/006_domine_ne_despicias.musicxml	7	2	2	2	0.726011	no	no
cpdl_5_voice_quartet_plus_viole	6	Domine ne despicias	data/cpdl/5-voices/sources/006_domine_ne_despicias__02_gesualdo_domine_ne_despicias.mxl	data/cpdl/5-voices/reductions/string_quartet_plus_viole/006_domine_ne_despicias.musicxml	7	3	3	3	0.664936	no	no
cpdl_5_voice_quartet_plus_viole	6	Domine ne despicias	data/cpdl/5-voices/sources/006_domine_ne_despicias__02_gesualdo_domine_ne_despicias.mxl	data/cpdl/5-voices/reductions/string_quartet_plus_viole/006_domine_ne_despicias.musicxml	7	4	4	4	0.568795	yes	no
cpdl_5_voice_quartet_plus_viole	6	Domine ne despicias	data/cpdl/5-voices/sources/006_domine_ne_despicias__02_gesualdo_domine_ne_despicias.mxl	data/cpdl/5-voices/reductions/string_quartet_plus_viole/006_domine_ne_despicias.musicxml	7	5	1	1	0.628087	yes	no
cpdl_5_voice_quartet_plus_viole	6	Domine ne despicias	data/cpdl/5-voices/sources/006_domine_ne_despicias__02_gesualdo_domine_ne_despicias.mxl	data/cpdl/5-voices/reductions/string_quartet_plus_viole/006_domine_ne_despicias.musicxml	7	6	6	6	0.563655	yes	no
cpdl_5_voice_quartet_plus_viole	6	Domine ne despicias	data/cpdl/5-voices/sources/006_domine_ne_despicias__02_gesualdo_domine_ne_despicias.mxl	data/cpdl/5-voices/reductions/string_quartet_plus_viole/006_domine_ne_despicias.musicxml	7	7	1	1	0.601511	yes	yes
cpdl_5_voice_quartet_plus_viole	6	Domine ne despicias	data/cpdl/5-voices/sources/006_domine_ne_despicias__02_gesualdo_domine_ne_despicias.mxl	data/cpdl/5-voices/reductions/string_quartet_plus_viole/006_domine_ne_despicias.musicxml	7	8	4	4	0.623112	yes	no
cpdl_5_voice_quartet_plus_viole	6	Domine ne despicias	data/cpdl/5-voices/sources/006_domine_ne_despicias__02_gesualdo_domine_ne_despicias.mxl	data/cpdl/5-voices/reductions/string_quartet_plus_viole/006_domine_ne_despicias.musicxml	7	9	3	3	0.731017	no	no
cpdl_5_voice_quartet_plus_viole	6	Domine ne despicias	data/cpdl/5-voices/sources/006_domine_ne_despicias__02_gesualdo_domine_ne_despicias.mxl	data/cpdl/5-voices/reductions/string_quartet_plus_viole/006_domine_ne_despicias.musicxml	7	10	2	2	0.970511	no	no
cpdl_5_voice_quartet_plus_viole	6	Domine ne despicias	data/cpdl/5-voices/sources/006_domine_ne_despicias__02_gesualdo_domine_ne_despicias.mxl	data/cpdl/5-voices/reductions/string_quartet_plus_viole/006_domine_ne_despicias.musicxml	7	11	5	5	1.02996	no	no
cpdl_5_voice_quartet_plus_viole	6	Domine ne despicias	data/cpdl/5-voices/sources/006_domine_ne_despicias__02_gesualdo_domine_ne_despicias.mxl	data/cpdl/5-voices/reductions/string_quartet_plus_viole/006_domine_ne_despicias.musicxml	7	12	0	0	1.24907	no	no
cpdl_5_voice_quartet_plus_viole	7	Exaudi Deus	data/cpdl/5-voices/sources/007_exaudi_deus__02_gesualdo_exaudi_deus.mxl	data/cpdl/5-voices/reductions/string_quartet_plus_viole/007_exaudi_deus.musicxml	5	0	0	0	1.1148	no	no
cpdl_5_voice_quartet_plus_viole	7	Exaudi Deus	data/cpdl/5-voices/sources/007_exaudi_deus__02_gesualdo_exaudi_deus.mxl	data/cpdl/5-voices/reductions/string_quartet_plus_viole/007_exaudi_deus.musicxml	5	1	5	5	0.861931	no	no
cpdl_5_voice_quartet_plus_viole	7	Exaudi Deus	data/cpdl/5-voices/sources/007_exaudi_deus__02_gesualdo_exaudi_deus.mxl	data/cpdl/5-voices/reductions/string_quartet_plus_viole/007_exaudi_deus.musicxml	5	2	2	2	0.610349	no	no
cpdl_5_voice_quartet_plus_viole	7	Exaudi Deus	data/cpdl/5-voices/sources/007_exaudi_deus__02_gesualdo_exaudi_deus.mxl	data/cpdl/5-voices/reductions/string_quartet_plus_viole/007_exaudi_deus.musicxml	5	3	3	3	0.562965	no	no
cpdl_5_voice_quartet_plus_viole	7	Exaudi Deus	data/cpdl/5-voices/sources/007_exaudi_deus__02_gesualdo_exaudi_deus.mxl	data/cpdl/5-voices/reductions/string_quartet_plus_viole/007_exaudi_deus.musicxml	5	4	4	4	0.496834	yes	no
cpdl_5_voice_quartet_plus_viole	7	Exaudi Deus	data/cpdl/5-voices/sources/007_exaudi_deus__02_gesualdo_exaudi_deus.mxl	data/cpdl/5-voices/reductions/string_quartet_plus_viole/007_exaudi_deus.musicxml	5	5	1	1	0.505664	yes	yes
cpdl_5_voice_quartet_plus_viole	7	Exaudi Deus	data/cpdl/5-voices/sources/007_exaudi_deus__02_gesualdo_exaudi_deus.mxl	data/cpdl/5-voices/reductions/string_quartet_plus_viole/007_exaudi_deus.musicxml	5	6	6	6	0.462276	yes	no
cpdl_5_voice_quartet_plus_viole	7	Exaudi Deus	data/cpdl/5-voices/sources/007_exaudi_deus__02_gesualdo_exaudi_deus.mxl	data/cpdl/5-voices/reductions/string_quartet_plus_viole/007_exaudi_deus.musicxml	5	7	1	1	0.523347	yes	no
cpdl_5_voice_quartet_plus_viole	7	Exaudi Deus	data/cpdl/5-voices/sources/007_exaudi_deus__02_gesualdo_exaudi_deus.mxl	data/cpdl/5-voices/reductions/string_quartet_plus_viole/007_exaudi_deus.musicxml	5	8	4	4	0.565543	no	no
cpdl_5_voice_quartet_plus_viole	7	Exaudi Deus	data/cpdl/5-voices/sources/007_exaudi_deus__02_gesualdo_exaudi_deus.mxl	data/cpdl/5-voices/reductions/string_quartet_plus_viole/007_exaudi_deus.musicxml	5	9	3	3	0.746447	no	no
cpdl_5_voice_quartet_plus_viole	7	Exaudi Deus	data/cpdl/5-voices/sources/007_exaudi_deus__02_gesualdo_exaudi_deus.mxl	data/cpdl/5-voices/reductions/string_quartet_plus_viole/007_exaudi_deus.musicxml	5	10	2	2	1.01697	no	no
cpdl_5_voice_quartet_plus_viole	8	Hei mihi, Domine	data/cpdl/5-voices/sources/008_hei_mihi_domine__02_gesu_hei.mxl	data/cpdl/5-voices/reductions/string_quartet_plus_viole/008_hei_mihi_domine.musicxml	5	0	0	0	1.17546	no	no
cpdl_5_voice_quartet_plus_viole	8	Hei mihi, Domine	data/cpdl/5-voices/sources/008_hei_mihi_domine__02_gesu_hei.mxl	data/cpdl/5-voices/reductions/string_quartet_plus_viole/008_hei_mihi_domine.musicxml	5	1	5	5	0.938932	no	no
cpdl_5_voice_quartet_plus_viole	8	Hei mihi, Domine	data/cpdl/5-voices/sources/008_hei_mihi_domine__02_gesu_hei.mxl	data/cpdl/5-voices/reductions/string_quartet_plus_viole/008_hei_mihi_domine.musicxml	5	2	2	2	0.589385	no	no
cpdl_5_voice_quartet_plus_viole	8	Hei mihi, Domine	data/cpdl/5-voices/sources/008_hei_mihi_domine__02_gesu_hei.mxl	data/cpdl/5-voices/reductions/string_quartet_plus_viole/008_hei_mihi_domine.musicxml	5	3	3	3	0.513455	yes	no
cpdl_5_voice_quartet_plus_viole	8	Hei mihi, Domine	data/cpdl/5-voices/sources/008_hei_mihi_domine__02_gesu_hei.mxl	data/cpdl/5-voices/reductions/string_quartet_plus_viole/008_hei_mihi_domine.musicxml	5	4	4	4	0.455116	yes	no
cpdl_5_voice_quartet_plus_viole	8	Hei mihi, Domine	data/cpdl/5-voices/sources/008_hei_mihi_domine__02_gesu_hei.mxl	data/cpdl/5-voices/reductions/string_quartet_plus_viole/008_hei_mihi_domine.musicxml	5	5	1	1	0.492036	yes	yes
cpdl_5_voice_quartet_plus_viole	8	Hei mihi, Domine	data/cpdl/5-voices/sources/008_hei_mihi_domine__02_gesu_hei.mxl	data/cpdl/5-voices/reductions/string_quartet_plus_viole/008_hei_mihi_domine.musicxml	5	6	6	6	0.469423	yes	no
cpdl_5_voice_quartet_plus_viole	8	Hei mihi, Domine	data/cpdl/5-voices/sources/008_hei_mihi_domine__02_gesu_hei.mxl	data/cpdl/5-voices/reductions/string_quartet_plus_viole/008_hei_mihi_domine.musicxml	5	7	1	1	0.549348	no	no
cpdl_5_voice_quartet_plus_viole	8	Hei mihi, Domine	data/cpdl/5-voices/sources/008_hei_mihi_domine__02_gesu_hei.mxl	data/cpdl/5-voices/reductions/string_quartet_plus_viole/008_hei_mihi_domine.musicxml	5	8	4	4	0.568787	no	no
cpdl_5_voice_quartet_plus_viole	8	Hei mihi, Domine	data/cpdl/5-voices/sources/008_hei_mihi_domine__02_gesu_hei.mxl	data/cpdl/5-voices/reductions/string_quartet_plus_viole/008_hei_mihi_domine.musicxml	5	9	3	3	0.680704	no	no
cpdl_5_voice_quartet_plus_viole	8	Hei mihi, Domine	data/cpdl/5-voices/sources/008_hei_mihi_domine__02_gesu_hei.mxl	data/cpdl/5-voices/reductions/string_quartet_plus_viole/008_hei_mihi_domine.musicxml	5	10	2	2	0.982371	no	no
cpdl_5_voice_quartet_plus_viole	9	Illumina faciem tuam	data/cpdl/5-voices/sources/009_illumina_faciem_tuam__02_illumina_faciem_tuam_gesualdo.mxl	data/cpdl/5-voices/reductions/string_quartet_plus_viole/009_illumina_faciem_tuam.musicxml	4	-1	4	4	0.87638	no	no
cpdl_5_voice_quartet_plus_viole	9	Illumina faciem tuam	data/cpdl/5-voices/sources/009_illumina_faciem_tuam__02_illumina_faciem_tuam_gesualdo.mxl	data/cpdl/5-voices/reductions/string_quartet_plus_viole/009_illumina_faciem_tuam.musicxml	4	0	1	1	0.72931	no	no
cpdl_5_voice_quartet_plus_viole	9	Illumina faciem tuam	data/cpdl/5-voices/sources/009_illumina_faciem_tuam__02_illumina_faciem_tuam_gesualdo.mxl	data/cpdl/5-voices/reductions/string_quartet_plus_viole/009_illumina_faciem_tuam.musicxml	4	1	6	6	0.563059	no	no
cpdl_5_voice_quartet_plus_viole	9	Illumina faciem tuam	data/cpdl/5-voices/sources/009_illumina_faciem_tuam__02_illumina_faciem_tuam_gesualdo.mxl	data/cpdl/5-voices/reductions/string_quartet_plus_viole/009_illumina_faciem_tuam.musicxml	4	2	1	1	0.481416	no	no
cpdl_5_voice_quartet_plus_viole	9	Illumina faciem tuam	data/cpdl/5-voices/sources/009_illumina_faciem_tuam__02_illumina_faciem_tuam_gesualdo.mxl	data/cpdl/5-voices/reductions/string_quartet_plus_viole/009_illumina_faciem_tuam.musicxml	4	3	4	4	0.445625	yes	no
cpdl_5_voice_quartet_plus_viole	9	Illumina faciem tuam	data/cpdl/5-voices/sources/009_illumina_faciem_tuam__02_illumina_faciem_tuam_gesualdo.mxl	data/cpdl/5-voices/reductions/string_quartet_plus_viole/009_illumina_faciem_tuam.musicxml	4	4	3	3	0.408531	yes	yes
cpdl_5_voice_quartet_plus_viole	9	Illumina faciem tuam	data/cpdl/5-voices/sources/009_illumina_faciem_tuam__02_illumina_faciem_tuam_gesualdo.mxl	data/cpdl/5-voices/reductions/string_quartet_plus_viole/009_illumina_faciem_tuam.musicxml	4	5	2	2	0.428063	yes	no
cpdl_5_voice_quartet_plus_viole	9	Illumina faciem tuam	data/cpdl/5-voices/sources/009_illumina_faciem_tuam__02_illumina_faciem_tuam_gesualdo.mxl	data/cpdl/5-voices/reductions/string_quartet_plus_viole/009_illumina_faciem_tuam.musicxml	4	6	5	5	0.436548	yes	no
cpdl_5_voice_quartet_plus_viole	9	Illumina faciem tuam	data/cpdl/5-voices/sources/009_illumina_faciem_tuam__02_illumina_faciem_tuam_gesualdo.mxl	data/cpdl/5-voices/reductions/string_quartet_plus_viole/009_illumina_faciem_tuam.musicxml	4	7	0	0	0.507155	no	no
cpdl_5_voice_quartet_plus_viole	9	Illumina faciem tuam	data/cpdl/5-voices/sources/009_illumina_faciem_tuam__02_illumina_faciem_tuam_gesualdo.mxl	data/cpdl/5-voices/reductions/string_quartet_plus_viole/009_illumina_faciem_tuam.musicxml	4	8	5	5	0.542831	no	no
cpdl_5_voice_quartet_plus_viole	9	Illumina faciem tuam	data/cpdl/5-voices/sources/009_illumina_faciem_tuam__02_illumina_faciem_tuam_gesualdo.mxl	data/cpdl/5-voices/reductions/string_quartet_plus_viole/009_illumina_faciem_tuam.musicxml	4	9	2	2	0.695357	no	no
cpdl_5_voice_quartet_plus_viole	10	Laboravi in gemitu meo	data/cpdl/5-voices/sources/010_laboravi_in_gemitu_meo__02_gesualdo_laboravi.mxl	data/cpdl/5-voices/reductions/string_quartet_plus_viole/010_laboravi_in_gemitu_meo.musicxml	7	2	1	1	0.955315	no	no
cpdl_5_voice_quartet_plus_viole	10	Laboravi in gemitu meo	data/cpdl/5-voices/sources/010_laboravi_in_gemitu_meo__02_gesualdo_laboravi.mxl	data/cpdl/5-voices/reductions/string_quartet_plus_viole/010_laboravi_in_gemitu_meo.musicxml	7	3	4	4	0.841271	no	no
cpdl_5_voice_quartet_plus_viole	10	Laboravi in gemitu meo	data/cpdl/5-voices/sources/010_laboravi_in_gemitu_meo__02_gesualdo_laboravi.mxl	data/cpdl/5-voices/reductions/string_quartet_plus_viole/010_laboravi_in_gemitu_meo.musicxml	7	4	3	3	0.626856	no	no
cpdl_5_voice_quartet_plus_viole	10	Laboravi in gemitu meo	data/cpdl/5-voices/sources/010_laboravi_in_gemitu_meo__02_gesualdo_laboravi.mxl	data/cpdl/5-voices/reductions/string_quartet_plus_viole/010_laboravi_in_gemitu_meo.musicxml	7	5	2	2	0.607879	no	no
cpdl_5_voice_quartet_plus_viole	10	Laboravi in gemitu meo	data/cpdl/5-voices/sources/010_laboravi_in_gemitu_meo__02_gesualdo_laboravi.mxl	data/cpdl/5-voices/reductions/string_quartet_plus_viole/010_laboravi_in_gemitu_meo.musicxml	7	6	5	5	0.556511	yes	no
cpdl_5_voice_quartet_plus_viole	10	Laboravi in gemitu meo	data/cpdl/5-voices/sources/010_laboravi_in_gemitu_meo__02_gesualdo_laboravi.mxl	data/cpdl/5-voices/reductions/string_quartet_plus_viole/010_laboravi_in_gemitu_meo.musicxml	7	7	0	0	0.550232	yes	yes
cpdl_5_voice_quartet_plus_viole	10	Laboravi in gemitu meo	data/cpdl/5-voices/sources/010_laboravi_in_gemitu_meo__02_gesualdo_laboravi.mxl	data/cpdl/5-voices/reductions/string_quartet_plus_viole/010_laboravi_in_gemitu_meo.musicxml	7	8	5	5	0.503658	yes	no
cpdl_5_voice_quartet_plus_viole	10	Laboravi in gemitu meo	data/cpdl/5-voices/sources/010_laboravi_in_gemitu_meo__02_gesualdo_laboravi.mxl	data/cpdl/5-voices/reductions/string_quartet_plus_viole/010_laboravi_in_gemitu_meo.musicxml	7	9	2	2	0.61179	no	no
cpdl_5_voice_quartet_plus_viole	10	Laboravi in gemitu meo	data/cpdl/5-voices/sources/010_laboravi_in_gemitu_meo__02_gesualdo_laboravi.mxl	data/cpdl/5-voices/reductions/string_quartet_plus_viole/010_laboravi_in_gemitu_meo.musicxml	7	10	3	3	0.736564	no	no
cpdl_5_voice_quartet_plus_viole	10	Laboravi in gemitu meo	data/cpdl/5-voices/sources/010_laboravi_in_gemitu_meo__02_gesualdo_laboravi.mxl	data/cpdl/5-voices/reductions/string_quartet_plus_viole/010_laboravi_in_gemitu_meo.musicxml	7	11	4	4	0.835634	no	no
cpdl_5_voice_quartet_plus_viole	10	Laboravi in gemitu meo	data/cpdl/5-voices/sources/010_laboravi_in_gemitu_meo__02_gesualdo_laboravi.mxl	data/cpdl/5-voices/reductions/string_quartet_plus_viole/010_laboravi_in_gemitu_meo.musicxml	7	12	1	1	1.07525	no	no
cpdl_5_voice_quartet_plus_viole	11	Maria, mater gratiae	data/cpdl/5-voices/sources/011_maria_mater_gratiae__02_gesualdo_maria_mater_gratiae.mxl	data/cpdl/5-voices/reductions/string_quartet_plus_viole/011_maria_mater_gratiae.musicxml	7	2	1	1	0.730207	no	no
cpdl_5_voice_quartet_plus_viole	11	Maria, mater gratiae	data/cpdl/5-voices/sources/011_maria_mater_gratiae__02_gesualdo_maria_mater_gratiae.mxl	data/cpdl/5-voices/reductions/string_quartet_plus_viole/011_maria_mater_gratiae.musicxml	7	3	4	4	0.680906	no	no
cpdl_5_voice_quartet_plus_viole	11	Maria, mater gratiae	data/cpdl/5-voices/sources/011_maria_mater_gratiae__02_gesualdo_maria_mater_gratiae.mxl	data/cpdl/5-voices/reductions/string_quartet_plus_viole/011_maria_mater_gratiae.musicxml	7	4	3	3	0.529762	yes	no
cpdl_5_voice_quartet_plus_viole	11	Maria, mater gratiae	data/cpdl/5-voices/sources/011_maria_mater_gratiae__02_gesualdo_maria_mater_gratiae.mxl	data/cpdl/5-voices/reductions/string_quartet_plus_viole/011_maria_mater_gratiae.musicxml	7	5	2	2	0.510148	yes	no
cpdl_5_voice_quartet_plus_viole	11	Maria, mater gratiae	data/cpdl/5-voices/sources/011_maria_mater_gratiae__02_gesualdo_maria_mater_gratiae.mxl	data/cpdl/5-voices/reductions/string_quartet_plus_viole/011_maria_mater_gratiae.musicxml	7	6	5	5	0.467934	yes	no
cpdl_5_voice_quartet_plus_viole	11	Maria, mater gratiae	data/cpdl/5-voices/sources/011_maria_mater_gratiae__02_gesualdo_maria_mater_gratiae.mxl	data/cpdl/5-voices/reductions/string_quartet_plus_viole/011_maria_mater_gratiae.musicxml	7	7	0	0	0.550133	yes	yes
cpdl_5_voice_quartet_plus_viole	11	Maria, mater gratiae	data/cpdl/5-voices/sources/011_maria_mater_gratiae__02_gesualdo_maria_mater_gratiae.mxl	data/cpdl/5-voices/reductions/string_quartet_plus_viole/011_maria_mater_gratiae.musicxml	7	8	5	5	0.551139	yes	no
cpdl_5_voice_quartet_plus_viole	11	Maria, mater gratiae	data/cpdl/5-voices/sources/011_maria_mater_gratiae__02_gesualdo_maria_mater_gratiae.mxl	data/cpdl/5-voices/reductions/string_quartet_plus_viole/011_maria_mater_gratiae.musicxml	7	9	2	2	0.653905	no	no
cpdl_5_voice_quartet_plus_viole	11	Maria, mater gratiae	data/cpdl/5-voices/sources/011_maria_mater_gratiae__02_gesualdo_maria_mater_gratiae.mxl	data/cpdl/5-voices/reductions/string_quartet_plus_viole/011_maria_mater_gratiae.musicxml	7	10	3	3	0.721371	no	no
cpdl_5_voice_quartet_plus_viole	11	Maria, mater gratiae	data/cpdl/5-voices/sources/011_maria_mater_gratiae__02_gesualdo_maria_mater_gratiae.mxl	data/cpdl/5-voices/reductions/string_quartet_plus_viole/011_maria_mater_gratiae.musicxml	7	11	4	4	0.879751	no	no
cpdl_5_voice_quartet_plus_viole	11	Maria, mater gratiae	data/cpdl/5-voices/sources/011_maria_mater_gratiae__02_gesualdo_maria_mater_gratiae.mxl	data/cpdl/5-voices/reductions/string_quartet_plus_viole/011_maria_mater_gratiae.musicxml	7	12	1	1	1.20674	no	no
cpdl_5_voice_quartet_plus_viole	12	O Crux benedicta	data/cpdl/5-voices/sources/012_o_crux_benedicta__02_gesualdo_o_crux_benedicta.mxl	data/cpdl/5-voices/reductions/string_quartet_plus_viole/012_o_crux_benedicta.musicxml	0	-5	1	1	1.32751	no	no
cpdl_5_voice_quartet_plus_viole	12	O Crux benedicta	data/cpdl/5-voices/sources/012_o_crux_benedicta__02_gesualdo_o_crux_benedicta.mxl	data/cpdl/5-voices/reductions/string_quartet_plus_viole/012_o_crux_benedicta.musicxml	0	-4	4	4	1.15274	no	no
cpdl_5_voice_quartet_plus_viole	12	O Crux benedicta	data/cpdl/5-voices/sources/012_o_crux_benedicta__02_gesualdo_o_crux_benedicta.mxl	data/cpdl/5-voices/reductions/string_quartet_plus_viole/012_o_crux_benedicta.musicxml	0	-3	3	3	0.674453	no	no
cpdl_5_voice_quartet_plus_viole	12	O Crux benedicta	data/cpdl/5-voices/sources/012_o_crux_benedicta__02_gesualdo_o_crux_benedicta.mxl	data/cpdl/5-voices/reductions/string_quartet_plus_viole/012_o_crux_benedicta.musicxml	0	-2	2	2	0.567626	no	no
cpdl_5_voice_quartet_plus_viole	12	O Crux benedicta	data/cpdl/5-voices/sources/012_o_crux_benedicta__02_gesualdo_o_crux_benedicta.mxl	data/cpdl/5-voices/reductions/string_quartet_plus_viole/012_o_crux_benedicta.musicxml	0	-1	5	5	0.434499	yes	no
cpdl_5_voice_quartet_plus_viole	12	O Crux benedicta	data/cpdl/5-voices/sources/012_o_crux_benedicta__02_gesualdo_o_crux_benedicta.mxl	data/cpdl/5-voices/reductions/string_quartet_plus_viole/012_o_crux_benedicta.musicxml	0	0	0	0	0.38814	yes	yes
cpdl_5_voice_quartet_plus_viole	12	O Crux benedicta	data/cpdl/5-voices/sources/012_o_crux_benedicta__02_gesualdo_o_crux_benedicta.mxl	data/cpdl/5-voices/reductions/string_quartet_plus_viole/012_o_crux_benedicta.musicxml	0	1	5	5	0.364068	yes	no
cpdl_5_voice_quartet_plus_viole	12	O Crux benedicta	data/cpdl/5-voices/sources/012_o_crux_benedicta__02_gesualdo_o_crux_benedicta.mxl	data/cpdl/5-voices/reductions/string_quartet_plus_viole/012_o_crux_benedicta.musicxml	0	2	2	2	0.40395	yes	no
cpdl_5_voice_quartet_plus_viole	12	O Crux benedicta	data/cpdl/5-voices/sources/012_o_crux_benedicta__02_gesualdo_o_crux_benedicta.mxl	data/cpdl/5-voices/reductions/string_quartet_plus_viole/012_o_crux_benedicta.musicxml	0	3	3	3	0.411036	yes	no
cpdl_5_voice_quartet_plus_viole	12	O Crux benedicta	data/cpdl/5-voices/sources/012_o_crux_benedicta__02_gesualdo_o_crux_benedicta.mxl	data/cpdl/5-voices/reductions/string_quartet_plus_viole/012_o_crux_benedicta.musicxml	0	4	4	4	0.457559	no	no
cpdl_5_voice_quartet_plus_viole	12	O Crux benedicta	data/cpdl/5-voices/sources/012_o_crux_benedicta__02_gesualdo_o_crux_benedicta.mxl	data/cpdl/5-voices/reductions/string_quartet_plus_viole/012_o_crux_benedicta.musicxml	0	5	1	1	0.675794	no	no
cpdl_5_voice_quartet_plus_viole	14	Peccantem me quotidie	data/cpdl/5-voices/sources/014_peccantem_me_quotidie__02_gesualdo_peccantum_me.mxl	data/cpdl/5-voices/reductions/string_quartet_plus_viole/014_peccantem_me_quotidie.musicxml	7	2	1	1	0.888059	no	no
cpdl_5_voice_quartet_plus_viole	14	Peccantem me quotidie	data/cpdl/5-voices/sources/014_peccantem_me_quotidie__02_gesualdo_peccantum_me.mxl	data/cpdl/5-voices/reductions/string_quartet_plus_viole/014_peccantem_me_quotidie.musicxml	7	3	4	4	0.776133	no	no
cpdl_5_voice_quartet_plus_viole	14	Peccantem me quotidie	data/cpdl/5-voices/sources/014_peccantem_me_quotidie__02_gesualdo_peccantum_me.mxl	data/cpdl/5-voices/reductions/string_quartet_plus_viole/014_peccantem_me_quotidie.musicxml	7	4	3	3	0.52503	yes	no
cpdl_5_voice_quartet_plus_viole	14	Peccantem me quotidie	data/cpdl/5-voices/sources/014_peccantem_me_quotidie__02_gesualdo_peccantum_me.mxl	data/cpdl/5-voices/reductions/string_quartet_plus_viole/014_peccantem_me_quotidie.musicxml	7	5	2	2	0.488665	yes	no
cpdl_5_voice_quartet_plus_viole	14	Peccantem me quotidie	data/cpdl/5-voices/sources/014_peccantem_me_quotidie__02_gesualdo_peccantum_me.mxl	data/cpdl/5-voices/reductions/string_quartet_plus_viole/014_peccantem_me_quotidie.musicxml	7	6	5	5	0.444761	yes	no
cpdl_5_voice_quartet_plus_viole	14	Peccantem me quotidie	data/cpdl/5-voices/sources/014_peccantem_me_quotidie__02_gesualdo_peccantum_me.mxl	data/cpdl/5-voices/reductions/string_quartet_plus_viole/014_peccantem_me_quotidie.musicxml	7	7	0	0	0.475972	yes	yes
cpdl_5_voice_quartet_plus_viole	14	Peccantem me quotidie	data/cpdl/5-voices/sources/014_peccantem_me_quotidie__02_gesualdo_peccantum_me.mxl	data/cpdl/5-voices/reductions/string_quartet_plus_viole/014_peccantem_me_quotidie.musicxml	7	8	5	5	0.515115	yes	no
cpdl_5_voice_quartet_plus_viole	14	Peccantem me quotidie	data/cpdl/5-voices/sources/014_peccantem_me_quotidie__02_gesualdo_peccantum_me.mxl	data/cpdl/5-voices/reductions/string_quartet_plus_viole/014_peccantem_me_quotidie.musicxml	7	9	2	2	0.714757	no	no
cpdl_5_voice_quartet_plus_viole	14	Peccantem me quotidie	data/cpdl/5-voices/sources/014_peccantem_me_quotidie__02_gesualdo_peccantum_me.mxl	data/cpdl/5-voices/reductions/string_quartet_plus_viole/014_peccantem_me_quotidie.musicxml	7	10	3	3	0.891718	no	no
cpdl_5_voice_quartet_plus_viole	14	Peccantem me quotidie	data/cpdl/5-voices/sources/014_peccantem_me_quotidie__02_gesualdo_peccantum_me.mxl	data/cpdl/5-voices/reductions/string_quartet_plus_viole/014_peccantem_me_quotidie.musicxml	7	11	4	4	1.03719	no	no
cpdl_5_voice_quartet_plus_viole	14	Peccantem me quotidie	data/cpdl/5-voices/sources/014_peccantem_me_quotidie__02_gesualdo_peccantum_me.mxl	data/cpdl/5-voices/reductions/string_quartet_plus_viole/014_peccantem_me_quotidie.musicxml	7	12	1	1	1.23805	no	no
cpdl_5_voice_quartet_plus_viole	15	Precibus et meritis	data/cpdl/5-voices/sources/015_precibus_et_meritis__02_gesualdo_precibus.mxl	data/cpdl/5-voices/reductions/string_quartet_plus_viole/015_precibus_et_meritis.musicxml	4	-1	5	5	0.996277	no	no
cpdl_5_voice_quartet_plus_viole	15	Precibus et meritis	data/cpdl/5-voices/sources/015_precibus_et_meritis__02_gesualdo_precibus.mxl	data/cpdl/5-voices/reductions/string_quartet_plus_viole/015_precibus_et_meritis.musicxml	4	0	0	0	0.870494	no	no
cpdl_5_voice_quartet_plus_viole	15	Precibus et meritis	data/cpdl/5-voices/sources/015_precibus_et_meritis__02_gesualdo_precibus.mxl	data/cpdl/5-voices/reductions/string_quartet_plus_viole/015_precibus_et_meritis.musicxml	4	1	5	5	0.676257	no	no
cpdl_5_voice_quartet_plus_viole	15	Precibus et meritis	data/cpdl/5-voices/sources/015_precibus_et_meritis__02_gesualdo_precibus.mxl	data/cpdl/5-voices/reductions/string_quartet_plus_viole/015_precibus_et_meritis.musicxml	4	2	2	2	0.475998	no	no
cpdl_5_voice_quartet_plus_viole	15	Precibus et meritis	data/cpdl/5-voices/sources/015_precibus_et_meritis__02_gesualdo_precibus.mxl	data/cpdl/5-voices/reductions/string_quartet_plus_viole/015_precibus_et_meritis.musicxml	4	3	3	3	0.433231	yes	no
cpdl_5_voice_quartet_plus_viole	15	Precibus et meritis	data/cpdl/5-voices/sources/015_precibus_et_meritis__02_gesualdo_precibus.mxl	data/cpdl/5-voices/reductions/string_quartet_plus_viole/015_precibus_et_meritis.musicxml	4	4	4	4	0.392759	yes	yes
cpdl_5_voice_quartet_plus_viole	15	Precibus et meritis	data/cpdl/5-voices/sources/015_precibus_et_meritis__02_gesualdo_precibus.mxl	data/cpdl/5-voices/reductions/string_quartet_plus_viole/015_precibus_et_meritis.musicxml	4	5	1	1	0.446024	no	no
cpdl_5_voice_quartet_plus_viole	15	Precibus et meritis	data/cpdl/5-voices/sources/015_precibus_et_meritis__02_gesualdo_precibus.mxl	data/cpdl/5-voices/reductions/string_quartet_plus_viole/015_precibus_et_meritis.musicxml	4	6	6	6	0.468701	no	no
cpdl_5_voice_quartet_plus_viole	15	Precibus et meritis	data/cpdl/5-voices/sources/015_precibus_et_meritis__02_gesualdo_precibus.mxl	data/cpdl/5-voices/reductions/string_quartet_plus_viole/015_precibus_et_meritis.musicxml	4	7	1	1	0.600434	no	no
cpdl_5_voice_quartet_plus_viole	15	Precibus et meritis	data/cpdl/5-voices/sources/015_precibus_et_meritis__02_gesualdo_precibus.mxl	data/cpdl/5-voices/reductions/string_quartet_plus_viole/015_precibus_et_meritis.musicxml	4	8	4	4	0.632767	no	no
cpdl_5_voice_quartet_plus_viole	15	Precibus et meritis	data/cpdl/5-voices/sources/015_precibus_et_meritis__02_gesualdo_precibus.mxl	data/cpdl/5-voices/reductions/string_quartet_plus_viole/015_precibus_et_meritis.musicxml	4	9	3	3	0.736177	no	no
cpdl_5_voice_quartet_plus_viole	16	Reminiscere	data/cpdl/5-voices/sources/016_reminiscere__02_gesualdo_reminiscere.mxl	data/cpdl/5-voices/reductions/string_quartet_plus_viole/016_reminiscere.musicxml	7	2	1	1	0.615233	no	no
cpdl_5_voice_quartet_plus_viole	16	Reminiscere	data/cpdl/5-voices/sources/016_reminiscere__02_gesualdo_reminiscere.mxl	data/cpdl/5-voices/reductions/string_quartet_plus_viole/016_reminiscere.musicxml	7	3	4	4	0.571157	no	no
cpdl_5_voice_quartet_plus_viole	16	Reminiscere	data/cpdl/5-voices/sources/016_reminiscere__02_gesualdo_reminiscere.mxl	data/cpdl/5-voices/reductions/string_quartet_plus_viole/016_reminiscere.musicxml	7	4	3	3	0.476508	yes	no
cpdl_5_voice_quartet_plus_viole	16	Reminiscere	data/cpdl/5-voices/sources/016_reminiscere__02_gesualdo_reminiscere.mxl	data/cpdl/5-voices/reductions/string_quartet_plus_viole/016_reminiscere.musicxml	7	5	2	2	0.478407	yes	no
cpdl_5_voice_quartet_plus_viole	16	Reminiscere	data/cpdl/5-voices/sources/016_reminiscere__02_gesualdo_reminiscere.mxl	data/cpdl/5-voices/reductions/string_quartet_plus_viole/016_reminiscere.musicxml	7	6	5	5	0.459281	yes	no
cpdl_5_voice_quartet_plus_viole	16	Reminiscere	data/cpdl/5-voices/sources/016_reminiscere__02_gesualdo_reminiscere.mxl	data/cpdl/5-voices/reductions/string_quartet_plus_viole/016_reminiscere.musicxml	7	7	0	0	0.498491	yes	yes
cpdl_5_voice_quartet_plus_viole	16	Reminiscere	data/cpdl/5-voices/sources/016_reminiscere__02_gesualdo_reminiscere.mxl	data/cpdl/5-voices/reductions/string_quartet_plus_viole/016_reminiscere.musicxml	7	8	5	5	0.518838	yes	no
cpdl_5_voice_quartet_plus_viole	16	Reminiscere	data/cpdl/5-voices/sources/016_reminiscere__02_gesualdo_reminiscere.mxl	data/cpdl/5-voices/reductions/string_quartet_plus_viole/016_reminiscere.musicxml	7	9	2	2	0.695626	no	no
cpdl_5_voice_quartet_plus_viole	16	Reminiscere	data/cpdl/5-voices/sources/016_reminiscere__02_gesualdo_reminiscere.mxl	data/cpdl/5-voices/reductions/string_quartet_plus_viole/016_reminiscere.musicxml	7	10	3	3	0.791396	no	no
cpdl_5_voice_quartet_plus_viole	16	Reminiscere	data/cpdl/5-voices/sources/016_reminiscere__02_gesualdo_reminiscere.mxl	data/cpdl/5-voices/reductions/string_quartet_plus_viole/016_reminiscere.musicxml	7	11	4	4	0.981643	no	no
cpdl_5_voice_quartet_plus_viole	16	Reminiscere	data/cpdl/5-voices/sources/016_reminiscere__02_gesualdo_reminiscere.mxl	data/cpdl/5-voices/reductions/string_quartet_plus_viole/016_reminiscere.musicxml	7	12	1	1	1.30114	no	no
cpdl_5_voice_quartet_plus_viole	17	Sancti Spiritus Domine	data/cpdl/5-voices/sources/017_sancti_spiritus_domine__02_gesualdo_sancti_spiritus_domine.mxl	data/cpdl/5-voices/reductions/string_quartet_plus_viole/017_sancti_spiritus_domine.musicxml	5	0	1	1	1.21279	no	no
cpdl_5_voice_quartet_plus_viole	17	Sancti Spiritus Domine	data/cpdl/5-voices/sources/017_sancti_spiritus_domine__02_gesualdo_sancti_spiritus_domine.mxl	data/cpdl/5-voices/reductions/string_quartet_plus_viole/017_sancti_spiritus_domine.musicxml	5	1	6	6	0.851487	no	no
cpdl_5_voice_quartet_plus_viole	17	Sancti Spiritus Domine	data/cpdl/5-voices/sources/017_sancti_spiritus_domine__02_gesualdo_sancti_spiritus_domine.mxl	data/cpdl/5-voices/reductions/string_quartet_plus_viole/017_sancti_spiritus_domine.musicxml	5	2	1	1	0.68464	no	no
cpdl_5_voice_quartet_plus_viole	17	Sancti Spiritus Domine	data/cpdl/5-voices/sources/017_sancti_spiritus_domine__02_gesualdo_sancti_spiritus_domine.mxl	data/cpdl/5-voices/reductions/string_quartet_plus_viole/017_sancti_spiritus_domine.musicxml	5	3	4	4	0.612498	no	no
cpdl_5_voice_quartet_plus_viole	17	Sancti Spiritus Domine	data/cpdl/5-voices/sources/017_sancti_spiritus_domine__02_gesualdo_sancti_spiritus_domine.mxl	data/cpdl/5-voices/reductions/string_quartet_plus_viole/017_sancti_spiritus_domine.musicxml	5	4	3	3	0.464447	yes	no
cpdl_5_voice_quartet_plus_viole	17	Sancti Spiritus Domine	data/cpdl/5-voices/sources/017_sancti_spiritus_domine__02_gesualdo_sancti_spiritus_domine.mxl	data/cpdl/5-voices/reductions/string_quartet_plus_viole/017_sancti_spiritus_domine.musicxml	5	5	2	2	0.441622	yes	yes
cpdl_5_voice_quartet_plus_viole	17	Sancti Spiritus Domine	data/cpdl/5-voices/sources/017_sancti_spiritus_domine__02_gesualdo_sancti_spiritus_domine.mxl	data/cpdl/5-voices/reductions/string_quartet_plus_viole/017_sancti_spiritus_domine.musicxml	5	6	5	5	0.421053	yes	no
cpdl_5_voice_quartet_plus_viole	17	Sancti Spiritus Domine	data/cpdl/5-voices/sources/017_sancti_spiritus_domine__02_gesualdo_sancti_spiritus_domine.mxl	data/cpdl/5-voices/reductions/string_quartet_plus_viole/017_sancti_spiritus_domine.musicxml	5	7	0	0	0.501008	no	no
cpdl_5_voice_quartet_plus_viole	17	Sancti Spiritus Domine	data/cpdl/5-voices/sources/017_sancti_spiritus_domine__02_gesualdo_sancti_spiritus_domine.mxl	data/cpdl/5-voices/reductions/string_quartet_plus_viole/017_sancti_spiritus_domine.musicxml	5	8	5	5	0.528913	no	no
cpdl_5_voice_quartet_plus_viole	17	Sancti Spiritus Domine	data/cpdl/5-voices/sources/017_sancti_spiritus_domine__02_gesualdo_sancti_spiritus_domine.mxl	data/cpdl/5-voices/reductions/string_quartet_plus_viole/017_sancti_spiritus_domine.musicxml	5	9	2	2	0.677903	no	no
cpdl_5_voice_quartet_plus_viole	17	Sancti Spiritus Domine	data/cpdl/5-voices/sources/017_sancti_spiritus_domine__02_gesualdo_sancti_spiritus_domine.mxl	data/cpdl/5-voices/reductions/string_quartet_plus_viole/017_sancti_spiritus_domine.musicxml	5	10	3	3	0.747501	no	no
cpdl_5_voice_quartet_plus_viole	18	Tribularer si nescirem	data/cpdl/5-voices/sources/018_tribularer_si_nescirem__02_gesualdo_tribularer19.mxl	data/cpdl/5-voices/reductions/string_quartet_plus_viole/018_tribularer_si_nescirem.musicxml	0	-5	1	1	1.13801	no	no
cpdl_5_voice_quartet_plus_viole	18	Tribularer si nescirem	data/cpdl/5-voices/sources/018_tribularer_si_nescirem__02_gesualdo_tribularer19.mxl	data/cpdl/5-voices/reductions/string_quartet_plus_viole/018_tribularer_si_nescirem.musicxml	0	-4	4	4	0.967336	no	no
cpdl_5_voice_quartet_plus_viole	18	Tribularer si nescirem	data/cpdl/5-voices/sources/018_tribularer_si_nescirem__02_gesualdo_tribularer19.mxl	data/cpdl/5-voices/reductions/string_quartet_plus_viole/018_tribularer_si_nescirem.musicxml	0	-3	3	3	0.6356	no	no
cpdl_5_voice_quartet_plus_viole	18	Tribularer si nescirem	data/cpdl/5-voices/sources/018_tribularer_si_nescirem__02_gesualdo_tribularer19.mxl	data/cpdl/5-voices/reductions/string_quartet_plus_viole/018_tribularer_si_nescirem.musicxml	0	-2	2	2	0.547086	no	no
cpdl_5_voice_quartet_plus_viole	18	Tribularer si nescirem	data/cpdl/5-voices/sources/018_tribularer_si_nescirem__02_gesualdo_tribularer19.mxl	data/cpdl/5-voices/reductions/string_quartet_plus_viole/018_tribularer_si_nescirem.musicxml	0	-1	5	5	0.407053	no	no
cpdl_5_voice_quartet_plus_viole	18	Tribularer si nescirem	data/cpdl/5-voices/sources/018_tribularer_si_nescirem__02_gesualdo_tribularer19.mxl	data/cpdl/5-voices/reductions/string_quartet_plus_viole/018_tribularer_si_nescirem.musicxml	0	0	0	0	0.353905	yes	yes
cpdl_5_voice_quartet_plus_viole	18	Tribularer si nescirem	data/cpdl/5-voices/sources/018_tribularer_si_nescirem__02_gesualdo_tribularer19.mxl	data/cpdl/5-voices/reductions/string_quartet_plus_viole/018_tribularer_si_nescirem.musicxml	0	1	5	5	0.319953	yes	no
cpdl_5_voice_quartet_plus_viole	18	Tribularer si nescirem	data/cpdl/5-voices/sources/018_tribularer_si_nescirem__02_gesualdo_tribularer19.mxl	data/cpdl/5-voices/reductions/string_quartet_plus_viole/018_tribularer_si_nescirem.musicxml	0	2	2	2	0.325613	yes	no
cpdl_5_voice_quartet_plus_viole	18	Tribularer si nescirem	data/cpdl/5-voices/sources/018_tribularer_si_nescirem__02_gesualdo_tribularer19.mxl	data/cpdl/5-voices/reductions/string_quartet_plus_viole/018_tribularer_si_nescirem.musicxml	0	3	3	3	0.359931	yes	no
cpdl_5_voice_quartet_plus_viole	18	Tribularer si nescirem	data/cpdl/5-voices/sources/018_tribularer_si_nescirem__02_gesualdo_tribularer19.mxl	data/cpdl/5-voices/reductions/string_quartet_plus_viole/018_tribularer_si_nescirem.musicxml	0	4	4	4	0.425373	no	no
cpdl_5_voice_quartet_plus_viole	18	Tribularer si nescirem	data/cpdl/5-voices/sources/018_tribularer_si_nescirem__02_gesualdo_tribularer19.mxl	data/cpdl/5-voices/reductions/string_quartet_plus_viole/018_tribularer_si_nescirem.musicxml	0	5	1	1	0.594422	no	no
cpdl_5_voice_quartet_plus_viole	19	Tribulationem et dolorem	data/cpdl/5-voices/sources/019_tribulationem_et_dolorem__02_tribulationem_et_dolorem_gesualdo.mxl	data/cpdl/5-voices/reductions/string_quartet_plus_viole/019_tribulationem_et_dolorem.musicxml	5	0	0	0	0.767128	no	no
cpdl_5_voice_quartet_plus_viole	19	Tribulationem et dolorem	data/cpdl/5-voices/sources/019_tribulationem_et_dolorem__02_tribulationem_et_dolorem_gesualdo.mxl	data/cpdl/5-voices/reductions/string_quartet_plus_viole/019_tribulationem_et_dolorem.musicxml	5	1	5	5	0.629155	no	no
cpdl_5_voice_quartet_plus_viole	19	Tribulationem et dolorem	data/cpdl/5-voices/sources/019_tribulationem_et_dolorem__02_tribulationem_et_dolorem_gesualdo.mxl	data/cpdl/5-voices/reductions/string_quartet_plus_viole/019_tribulationem_et_dolorem.musicxml	5	2	2	2	0.508649	no	no
cpdl_5_voice_quartet_plus_viole	19	Tribulationem et dolorem	data/cpdl/5-voices/sources/019_tribulationem_et_dolorem__02_tribulationem_et_dolorem_gesualdo.mxl	data/cpdl/5-voices/reductions/string_quartet_plus_viole/019_tribulationem_et_dolorem.musicxml	5	3	3	3	0.477669	yes	no
cpdl_5_voice_quartet_plus_viole	19	Tribulationem et dolorem	data/cpdl/5-voices/sources/019_tribulationem_et_dolorem__02_tribulationem_et_dolorem_gesualdo.mxl	data/cpdl/5-voices/reductions/string_quartet_plus_viole/019_tribulationem_et_dolorem.musicxml	5	4	4	4	0.43824	yes	no
cpdl_5_voice_quartet_plus_viole	19	Tribulationem et dolorem	data/cpdl/5-voices/sources/019_tribulationem_et_dolorem__02_tribulationem_et_dolorem_gesualdo.mxl	data/cpdl/5-voices/reductions/string_quartet_plus_viole/019_tribulationem_et_dolorem.musicxml	5	5	1	1	0.434667	yes	yes
cpdl_5_voice_quartet_plus_viole	19	Tribulationem et dolorem	data/cpdl/5-voices/sources/019_tribulationem_et_dolorem__02_tribulationem_et_dolorem_gesualdo.mxl	data/cpdl/5-voices/reductions/string_quartet_plus_viole/019_tribulationem_et_dolorem.musicxml	5	6	6	6	0.430746	yes	no
cpdl_5_voice_quartet_plus_viole	19	Tribulationem et dolorem	data/cpdl/5-voices/sources/019_tribulationem_et_dolorem__02_tribulationem_et_dolorem_gesualdo.mxl	data/cpdl/5-voices/reductions/string_quartet_plus_viole/019_tribulationem_et_dolorem.musicxml	5	7	1	1	0.533003	no	no
cpdl_5_voice_quartet_plus_viole	19	Tribulationem et dolorem	data/cpdl/5-voices/sources/019_tribulationem_et_dolorem__02_tribulationem_et_dolorem_gesualdo.mxl	data/cpdl/5-voices/reductions/string_quartet_plus_viole/019_tribulationem_et_dolorem.musicxml	5	8	4	4	0.560823	no	no
cpdl_5_voice_quartet_plus_viole	19	Tribulationem et dolorem	data/cpdl/5-voices/sources/019_tribulationem_et_dolorem__02_tribulationem_et_dolorem_gesualdo.mxl	data/cpdl/5-voices/reductions/string_quartet_plus_viole/019_tribulationem_et_dolorem.musicxml	5	9	3	3	0.648184	no	no
cpdl_5_voice_quartet_plus_viole	19	Tribulationem et dolorem	data/cpdl/5-voices/sources/019_tribulationem_et_dolorem__02_tribulationem_et_dolorem_gesualdo.mxl	data/cpdl/5-voices/reductions/string_quartet_plus_viole/019_tribulationem_et_dolorem.musicxml	5	10	2	2	0.821906	no	no
cpdl_5_voice_quartet_plus_viole	20	Venit lumen tuum	data/cpdl/5-voices/sources/020_venit_lumen_tuum__02_gesu_ven.mxl	data/cpdl/5-voices/reductions/string_quartet_plus_viole/020_venit_lumen_tuum.musicxml	3	-2	0	0	1.36419	no	no
cpdl_5_voice_quartet_plus_viole	20	Venit lumen tuum	data/cpdl/5-voices/sources/020_venit_lumen_tuum__02_gesu_ven.mxl	data/cpdl/5-voices/reductions/string_quartet_plus_viole/020_venit_lumen_tuum.musicxml	3	-1	5	5	0.987559	no	no
cpdl_5_voice_quartet_plus_viole	20	Venit lumen tuum	data/cpdl/5-voices/sources/020_venit_lumen_tuum__02_gesu_ven.mxl	data/cpdl/5-voices/reductions/string_quartet_plus_viole/020_venit_lumen_tuum.musicxml	3	0	2	2	0.731983	no	no
cpdl_5_voice_quartet_plus_viole	20	Venit lumen tuum	data/cpdl/5-voices/sources/020_venit_lumen_tuum__02_gesu_ven.mxl	data/cpdl/5-voices/reductions/string_quartet_plus_viole/020_venit_lumen_tuum.musicxml	3	1	3	3	0.665316	no	no
cpdl_5_voice_quartet_plus_viole	20	Venit lumen tuum	data/cpdl/5-voices/sources/020_venit_lumen_tuum__02_gesu_ven.mxl	data/cpdl/5-voices/reductions/string_quartet_plus_viole/020_venit_lumen_tuum.musicxml	3	2	4	4	0.48062	yes	no
cpdl_5_voice_quartet_plus_viole	20	Venit lumen tuum	data/cpdl/5-voices/sources/020_venit_lumen_tuum__02_gesu_ven.mxl	data/cpdl/5-voices/reductions/string_quartet_plus_viole/020_venit_lumen_tuum.musicxml	3	3	1	1	0.478791	yes	yes
cpdl_5_voice_quartet_plus_viole	20	Venit lumen tuum	data/cpdl/5-voices/sources/020_venit_lumen_tuum__02_gesu_ven.mxl	data/cpdl/5-voices/reductions/string_quartet_plus_viole/020_venit_lumen_tuum.musicxml	3	4	6	6	0.456504	yes	no
cpdl_5_voice_quartet_plus_viole	20	Venit lumen tuum	data/cpdl/5-voices/sources/020_venit_lumen_tuum__02_gesu_ven.mxl	data/cpdl/5-voices/reductions/string_quartet_plus_viole/020_venit_lumen_tuum.musicxml	3	5	1	1	0.533967	no	no
cpdl_5_voice_quartet_plus_viole	20	Venit lumen tuum	data/cpdl/5-voices/sources/020_venit_lumen_tuum__02_gesu_ven.mxl	data/cpdl/5-voices/reductions/string_quartet_plus_viole/020_venit_lumen_tuum.musicxml	3	6	4	4	0.574185	no	no
cpdl_5_voice_quartet_plus_viole	20	Venit lumen tuum	data/cpdl/5-voices/sources/020_venit_lumen_tuum__02_gesu_ven.mxl	data/cpdl/5-voices/reductions/string_quartet_plus_viole/020_venit_lumen_tuum.musicxml	3	7	3	3	0.733585	no	no
cpdl_5_voice_quartet_plus_viole	20	Venit lumen tuum	data/cpdl/5-voices/sources/020_venit_lumen_tuum__02_gesu_ven.mxl	data/cpdl/5-voices/reductions/string_quartet_plus_viole/020_venit_lumen_tuum.musicxml	3	8	2	2	0.887803	no	no
cpdl_5_voice_quartet_plus_viole	57	A voi, mentre il mio core	data/cpdl/5-voices/sources/057_a_voi_mentre_il_mio_core__02_a_voi_mentre_il_mio_core_gesualdo.mxl	data/cpdl/5-voices/reductions/string_quartet_plus_viole/057_a_voi_mentre_il_mio_core.musicxml	0	-5	1	1	1.08863	no	no
cpdl_5_voice_quartet_plus_viole	57	A voi, mentre il mio core	data/cpdl/5-voices/sources/057_a_voi_mentre_il_mio_core__02_a_voi_mentre_il_mio_core_gesualdo.mxl	data/cpdl/5-voices/reductions/string_quartet_plus_viole/057_a_voi_mentre_il_mio_core.musicxml	0	-4	4	4	0.933184	no	no
cpdl_5_voice_quartet_plus_viole	57	A voi, mentre il mio core	data/cpdl/5-voices/sources/057_a_voi_mentre_il_mio_core__02_a_voi_mentre_il_mio_core_gesualdo.mxl	data/cpdl/5-voices/reductions/string_quartet_plus_viole/057_a_voi_mentre_il_mio_core.musicxml	0	-3	3	3	0.616412	no	no
cpdl_5_voice_quartet_plus_viole	57	A voi, mentre il mio core	data/cpdl/5-voices/sources/057_a_voi_mentre_il_mio_core__02_a_voi_mentre_il_mio_core_gesualdo.mxl	data/cpdl/5-voices/reductions/string_quartet_plus_viole/057_a_voi_mentre_il_mio_core.musicxml	0	-2	2	2	0.507494	no	no
cpdl_5_voice_quartet_plus_viole	57	A voi, mentre il mio core	data/cpdl/5-voices/sources/057_a_voi_mentre_il_mio_core__02_a_voi_mentre_il_mio_core_gesualdo.mxl	data/cpdl/5-voices/reductions/string_quartet_plus_viole/057_a_voi_mentre_il_mio_core.musicxml	0	-1	5	5	0.386709	yes	no
cpdl_5_voice_quartet_plus_viole	57	A voi, mentre il mio core	data/cpdl/5-voices/sources/057_a_voi_mentre_il_mio_core__02_a_voi_mentre_il_mio_core_gesualdo.mxl	data/cpdl/5-voices/reductions/string_quartet_plus_viole/057_a_voi_mentre_il_mio_core.musicxml	0	0	0	0	0.366383	yes	yes
cpdl_5_voice_quartet_plus_viole	57	A voi, mentre il mio core	data/cpdl/5-voices/sources/057_a_voi_mentre_il_mio_core__02_a_voi_mentre_il_mio_core_gesualdo.mxl	data/cpdl/5-voices/reductions/string_quartet_plus_viole/057_a_voi_mentre_il_mio_core.musicxml	0	1	5	5	0.347651	yes	no
cpdl_5_voice_quartet_plus_viole	57	A voi, mentre il mio core	data/cpdl/5-voices/sources/057_a_voi_mentre_il_mio_core__02_a_voi_mentre_il_mio_core_gesualdo.mxl	data/cpdl/5-voices/reductions/string_quartet_plus_viole/057_a_voi_mentre_il_mio_core.musicxml	0	2	2	2	0.369497	yes	no
cpdl_5_voice_quartet_plus_viole	57	A voi, mentre il mio core	data/cpdl/5-voices/sources/057_a_voi_mentre_il_mio_core__02_a_voi_mentre_il_mio_core_gesualdo.mxl	data/cpdl/5-voices/reductions/string_quartet_plus_viole/057_a_voi_mentre_il_mio_core.musicxml	0	3	3	3	0.40426	yes	no
cpdl_5_voice_quartet_plus_viole	57	A voi, mentre il mio core	data/cpdl/5-voices/sources/057_a_voi_mentre_il_mio_core__02_a_voi_mentre_il_mio_core_gesualdo.mxl	data/cpdl/5-voices/reductions/string_quartet_plus_viole/057_a_voi_mentre_il_mio_core.musicxml	0	4	4	4	0.45561	no	no
cpdl_5_voice_quartet_plus_viole	57	A voi, mentre il mio core	data/cpdl/5-voices/sources/057_a_voi_mentre_il_mio_core__02_a_voi_mentre_il_mio_core_gesualdo.mxl	data/cpdl/5-voices/reductions/string_quartet_plus_viole/057_a_voi_mentre_il_mio_core.musicxml	0	5	1	1	0.668517	no	no
cpdl_5_voice_quartet_plus_viole	58	Ahi, disperata vita	data/cpdl/5-voices/sources/058_ahi_disperata_vita__01_gesualdo_ahi_disperata_vita.mxl	data/cpdl/5-voices/reductions/string_quartet_plus_viole/058_ahi_disperata_vita.musicxml	5	0	0	0	0.926152	no	no
cpdl_5_voice_quartet_plus_viole	58	Ahi, disperata vita	data/cpdl/5-voices/sources/058_ahi_disperata_vita__01_gesualdo_ahi_disperata_vita.mxl	data/cpdl/5-voices/reductions/string_quartet_plus_viole/058_ahi_disperata_vita.musicxml	5	1	5	5	0.725912	no	no
cpdl_5_voice_quartet_plus_viole	58	Ahi, disperata vita	data/cpdl/5-voices/sources/058_ahi_disperata_vita__01_gesualdo_ahi_disperata_vita.mxl	data/cpdl/5-voices/reductions/string_quartet_plus_viole/058_ahi_disperata_vita.musicxml	5	2	2	2	0.53002	no	no
cpdl_5_voice_quartet_plus_viole	58	Ahi, disperata vita	data/cpdl/5-voices/sources/058_ahi_disperata_vita__01_gesualdo_ahi_disperata_vita.mxl	data/cpdl/5-voices/reductions/string_quartet_plus_viole/058_ahi_disperata_vita.musicxml	5	3	3	3	0.490816	no	no
cpdl_5_voice_quartet_plus_viole	58	Ahi, disperata vita	data/cpdl/5-voices/sources/058_ahi_disperata_vita__01_gesualdo_ahi_disperata_vita.mxl	data/cpdl/5-voices/reductions/string_quartet_plus_viole/058_ahi_disperata_vita.musicxml	5	4	4	4	0.437083	yes	no
cpdl_5_voice_quartet_plus_viole	58	Ahi, disperata vita	data/cpdl/5-voices/sources/058_ahi_disperata_vita__01_gesualdo_ahi_disperata_vita.mxl	data/cpdl/5-voices/reductions/string_quartet_plus_viole/058_ahi_disperata_vita.musicxml	5	5	1	1	0.433583	yes	yes
cpdl_5_voice_quartet_plus_viole	58	Ahi, disperata vita	data/cpdl/5-voices/sources/058_ahi_disperata_vita__01_gesualdo_ahi_disperata_vita.mxl	data/cpdl/5-voices/reductions/string_quartet_plus_viole/058_ahi_disperata_vita.musicxml	5	6	6	6	0.447166	yes	no
cpdl_5_voice_quartet_plus_viole	58	Ahi, disperata vita	data/cpdl/5-voices/sources/058_ahi_disperata_vita__01_gesualdo_ahi_disperata_vita.mxl	data/cpdl/5-voices/reductions/string_quartet_plus_viole/058_ahi_disperata_vita.musicxml	5	7	1	1	0.503223	no	no
cpdl_5_voice_quartet_plus_viole	58	Ahi, disperata vita	data/cpdl/5-voices/sources/058_ahi_disperata_vita__01_gesualdo_ahi_disperata_vita.mxl	data/cpdl/5-voices/reductions/string_quartet_plus_viole/058_ahi_disperata_vita.musicxml	5	8	4	4	0.536584	no	no
cpdl_5_voice_quartet_plus_viole	58	Ahi, disperata vita	data/cpdl/5-voices/sources/058_ahi_disperata_vita__01_gesualdo_ahi_disperata_vita.mxl	data/cpdl/5-voices/reductions/string_quartet_plus_viole/058_ahi_disperata_vita.musicxml	5	9	3	3	0.691276	no	no
cpdl_5_voice_quartet_plus_viole	58	Ahi, disperata vita	data/cpdl/5-voices/sources/058_ahi_disperata_vita__01_gesualdo_ahi_disperata_vita.mxl	data/cpdl/5-voices/reductions/string_quartet_plus_viole/058_ahi_disperata_vita.musicxml	5	10	2	2	1.04821	no	no
cpdl_5_voice_quartet_plus_viole	60	Al mio gioir il ciel si fa sereno	data/cpdl/5-voices/sources/060_al_mio_gioir_il_ciel_si_fa_sereno__02_al_mio_gioir_gesualdo.mxl	data/cpdl/5-voices/reductions/string_quartet_plus_viole/060_al_mio_gioir_il_ciel_si_fa_sereno.musicxml	0	-5	0	0	1.31014	no	no
cpdl_5_voice_quartet_plus_viole	60	Al mio gioir il ciel si fa sereno	data/cpdl/5-voices/sources/060_al_mio_gioir_il_ciel_si_fa_sereno__02_al_mio_gioir_gesualdo.mxl	data/cpdl/5-voices/reductions/string_quartet_plus_viole/060_al_mio_gioir_il_ciel_si_fa_sereno.musicxml	0	-4	5	5	0.951077	no	no
cpdl_5_voice_quartet_plus_viole	60	Al mio gioir il ciel si fa sereno	data/cpdl/5-voices/sources/060_al_mio_gioir_il_ciel_si_fa_sereno__02_al_mio_gioir_gesualdo.mxl	data/cpdl/5-voices/reductions/string_quartet_plus_viole/060_al_mio_gioir_il_ciel_si_fa_sereno.musicxml	0	-3	2	2	0.651627	no	no
cpdl_5_voice_quartet_plus_viole	60	Al mio gioir il ciel si fa sereno	data/cpdl/5-voices/sources/060_al_mio_gioir_il_ciel_si_fa_sereno__02_al_mio_gioir_gesualdo.mxl	data/cpdl/5-voices/reductions/string_quartet_plus_viole/060_al_mio_gioir_il_ciel_si_fa_sereno.musicxml	0	-2	3	3	0.575812	no	no
cpdl_5_voice_quartet_plus_viole	60	Al mio gioir il ciel si fa sereno	data/cpdl/5-voices/sources/060_al_mio_gioir_il_ciel_si_fa_sereno__02_al_mio_gioir_gesualdo.mxl	data/cpdl/5-voices/reductions/string_quartet_plus_viole/060_al_mio_gioir_il_ciel_si_fa_sereno.musicxml	0	-1	4	4	0.444676	yes	no
cpdl_5_voice_quartet_plus_viole	60	Al mio gioir il ciel si fa sereno	data/cpdl/5-voices/sources/060_al_mio_gioir_il_ciel_si_fa_sereno__02_al_mio_gioir_gesualdo.mxl	data/cpdl/5-voices/reductions/string_quartet_plus_viole/060_al_mio_gioir_il_ciel_si_fa_sereno.musicxml	0	0	1	1	0.432105	yes	yes
cpdl_5_voice_quartet_plus_viole	60	Al mio gioir il ciel si fa sereno	data/cpdl/5-voices/sources/060_al_mio_gioir_il_ciel_si_fa_sereno__02_al_mio_gioir_gesualdo.mxl	data/cpdl/5-voices/reductions/string_quartet_plus_viole/060_al_mio_gioir_il_ciel_si_fa_sereno.musicxml	0	1	6	6	0.411326	yes	no
cpdl_5_voice_quartet_plus_viole	60	Al mio gioir il ciel si fa sereno	data/cpdl/5-voices/sources/060_al_mio_gioir_il_ciel_si_fa_sereno__02_al_mio_gioir_gesualdo.mxl	data/cpdl/5-voices/reductions/string_quartet_plus_viole/060_al_mio_gioir_il_ciel_si_fa_sereno.musicxml	0	2	1	1	0.457498	yes	no
cpdl_5_voice_quartet_plus_viole	60	Al mio gioir il ciel si fa sereno	data/cpdl/5-voices/sources/060_al_mio_gioir_il_ciel_si_fa_sereno__02_al_mio_gioir_gesualdo.mxl	data/cpdl/5-voices/reductions/string_quartet_plus_viole/060_al_mio_gioir_il_ciel_si_fa_sereno.musicxml	0	3	4	4	0.47846	yes	no
cpdl_5_voice_quartet_plus_viole	60	Al mio gioir il ciel si fa sereno	data/cpdl/5-voices/sources/060_al_mio_gioir_il_ciel_si_fa_sereno__02_al_mio_gioir_gesualdo.mxl	data/cpdl/5-voices/reductions/string_quartet_plus_viole/060_al_mio_gioir_il_ciel_si_fa_sereno.musicxml	0	4	3	3	0.588936	no	no
cpdl_5_voice_quartet_plus_viole	60	Al mio gioir il ciel si fa sereno	data/cpdl/5-voices/sources/060_al_mio_gioir_il_ciel_si_fa_sereno__02_al_mio_gioir_gesualdo.mxl	data/cpdl/5-voices/reductions/string_quartet_plus_viole/060_al_mio_gioir_il_ciel_si_fa_sereno.musicxml	0	5	2	2	0.763969	no	no
cpdl_5_voice_quartet_plus_viole	61	All' ombra de gl'allori	data/cpdl/5-voices/sources/061_all_ombra_de_gl_allori__02_gesualdo_all_ombra_de_gl_allori.mxl	data/cpdl/5-voices/reductions/string_quartet_plus_viole/061_all_ombra_de_gl_allori.musicxml	2	-3	2	2	0.555021	no	no
cpdl_5_voice_quartet_plus_viole	61	All' ombra de gl'allori	data/cpdl/5-voices/sources/061_all_ombra_de_gl_allori__02_gesualdo_all_ombra_de_gl_allori.mxl	data/cpdl/5-voices/reductions/string_quartet_plus_viole/061_all_ombra_de_gl_allori.musicxml	2	-2	3	3	0.499489	no	no
cpdl_5_voice_quartet_plus_viole	61	All' ombra de gl'allori	data/cpdl/5-voices/sources/061_all_ombra_de_gl_allori__02_gesualdo_all_ombra_de_gl_allori.mxl	data/cpdl/5-voices/reductions/string_quartet_plus_viole/061_all_ombra_de_gl_allori.musicxml	2	-1	4	4	0.431354	yes	no
cpdl_5_voice_quartet_plus_viole	61	All' ombra de gl'allori	data/cpdl/5-voices/sources/061_all_ombra_de_gl_allori__02_gesualdo_all_ombra_de_gl_allori.mxl	data/cpdl/5-voices/reductions/string_quartet_plus_viole/061_all_ombra_de_gl_allori.musicxml	2	0	1	1	0.429915	yes	no
cpdl_5_voice_quartet_plus_viole	61	All' ombra de gl'allori	data/cpdl/5-voices/sources/061_all_ombra_de_gl_allori__02_gesualdo_all_ombra_de_gl_allori.mxl	data/cpdl/5-voices/reductions/string_quartet_plus_viole/061_all_ombra_de_gl_allori.musicxml	2	1	6	6	0.379537	yes	no
cpdl_5_voice_quartet_plus_viole	61	All' ombra de gl'allori	data/cpdl/5-voices/sources/061_all_ombra_de_gl_allori__02_gesualdo_all_ombra_de_gl_allori.mxl	data/cpdl/5-voices/reductions/string_quartet_plus_viole/061_all_ombra_de_gl_allori.musicxml	2	2	1	1	0.383886	yes	yes
cpdl_5_voice_quartet_plus_viole	61	All' ombra de gl'allori	data/cpdl/5-voices/sources/061_all_ombra_de_gl_allori__02_gesualdo_all_ombra_de_gl_allori.mxl	data/cpdl/5-voices/reductions/string_quartet_plus_viole/061_all_ombra_de_gl_allori.musicxml	2	3	4	4	0.438715	no	no
cpdl_5_voice_quartet_plus_viole	61	All' ombra de gl'allori	data/cpdl/5-voices/sources/061_all_ombra_de_gl_allori__02_gesualdo_all_ombra_de_gl_allori.mxl	data/cpdl/5-voices/reductions/string_quartet_plus_viole/061_all_ombra_de_gl_allori.musicxml	2	4	3	3	0.49012	no	no
cpdl_5_voice_quartet_plus_viole	61	All' ombra de gl'allori	data/cpdl/5-voices/sources/061_all_ombra_de_gl_allori__02_gesualdo_all_ombra_de_gl_allori.mxl	data/cpdl/5-voices/reductions/string_quartet_plus_viole/061_all_ombra_de_gl_allori.musicxml	2	5	2	2	0.659808	no	no
cpdl_5_voice_quartet_plus_viole	61	All' ombra de gl'allori	data/cpdl/5-voices/sources/061_all_ombra_de_gl_allori__02_gesualdo_all_ombra_de_gl_allori.mxl	data/cpdl/5-voices/reductions/string_quartet_plus_viole/061_all_ombra_de_gl_allori.musicxml	2	6	5	5	0.737726	no	no
cpdl_5_voice_quartet_plus_viole	61	All' ombra de gl'allori	data/cpdl/5-voices/sources/061_all_ombra_de_gl_allori__02_gesualdo_all_ombra_de_gl_allori.mxl	data/cpdl/5-voices/reductions/string_quartet_plus_viole/061_all_ombra_de_gl_allori.musicxml	2	7	0	0	0.973562	no	no
cpdl_5_voice_quartet_plus_viole	62	All'apparir di quelle luci ardenti	data/cpdl/5-voices/sources/062_all_apparir_di_quelle_luci_ardenti__02_gesualdo_all_apparir_di_quelle_luci_ardenti.mxl	data/cpdl/5-voices/reductions/string_quartet_plus_viole/062_all_apparir_di_quelle_luci_ardenti.musicxml	0	-5	0	0	1.21561	no	no
cpdl_5_voice_quartet_plus_viole	62	All'apparir di quelle luci ardenti	data/cpdl/5-voices/sources/062_all_apparir_di_quelle_luci_ardenti__02_gesualdo_all_apparir_di_quelle_luci_ardenti.mxl	data/cpdl/5-voices/reductions/string_quartet_plus_viole/062_all_apparir_di_quelle_luci_ardenti.musicxml	0	-4	5	5	0.81363	no	no
cpdl_5_voice_quartet_plus_viole	62	All'apparir di quelle luci ardenti	data/cpdl/5-voices/sources/062_all_apparir_di_quelle_luci_ardenti__02_gesualdo_all_apparir_di_quelle_luci_ardenti.mxl	data/cpdl/5-voices/reductions/string_quartet_plus_viole/062_all_apparir_di_quelle_luci_ardenti.musicxml	0	-3	2	2	0.574007	no	no
cpdl_5_voice_quartet_plus_viole	62	All'apparir di quelle luci ardenti	data/cpdl/5-voices/sources/062_all_apparir_di_quelle_luci_ardenti__02_gesualdo_all_apparir_di_quelle_luci_ardenti.mxl	data/cpdl/5-voices/reductions/string_quartet_plus_viole/062_all_apparir_di_quelle_luci_ardenti.musicxml	0	-2	3	3	0.49192	no	no
cpdl_5_voice_quartet_plus_viole	62	All'apparir di quelle luci ardenti	data/cpdl/5-voices/sources/062_all_apparir_di_quelle_luci_ardenti__02_gesualdo_all_apparir_di_quelle_luci_ardenti.mxl	data/cpdl/5-voices/reductions/string_quartet_plus_viole/062_all_apparir_di_quelle_luci_ardenti.musicxml	0	-1	4	4	0.3774	no	no
cpdl_5_voice_quartet_plus_viole	62	All'apparir di quelle luci ardenti	data/cpdl/5-voices/sources/062_all_apparir_di_quelle_luci_ardenti__02_gesualdo_all_apparir_di_quelle_luci_ardenti.mxl	data/cpdl/5-voices/reductions/string_quartet_plus_viole/062_all_apparir_di_quelle_luci_ardenti.musicxml	0	0	1	1	0.326719	yes	yes
cpdl_5_voice_quartet_plus_viole	62	All'apparir di quelle luci ardenti	data/cpdl/5-voices/sources/062_all_apparir_di_quelle_luci_ardenti__02_gesualdo_all_apparir_di_quelle_luci_ardenti.mxl	data/cpdl/5-voices/reductions/string_quartet_plus_viole/062_all_apparir_di_quelle_luci_ardenti.musicxml	0	1	6	6	0.311213	yes	no
cpdl_5_voice_quartet_plus_viole	62	All'apparir di quelle luci ardenti	data/cpdl/5-voices/sources/062_all_apparir_di_quelle_luci_ardenti__02_gesualdo_all_apparir_di_quelle_luci_ardenti.mxl	data/cpdl/5-voices/reductions/string_quartet_plus_viole/062_all_apparir_di_quelle_luci_ardenti.musicxml	0	2	1	1	0.34409	yes	no
cpdl_5_voice_quartet_plus_viole	62	All'apparir di quelle luci ardenti	data/cpdl/5-voices/sources/062_all_apparir_di_quelle_luci_ardenti__02_gesualdo_all_apparir_di_quelle_luci_ardenti.mxl	data/cpdl/5-voices/reductions/string_quartet_plus_viole/062_all_apparir_di_quelle_luci_ardenti.musicxml	0	3	4	4	0.363377	yes	no
cpdl_5_voice_quartet_plus_viole	62	All'apparir di quelle luci ardenti	data/cpdl/5-voices/sources/062_all_apparir_di_quelle_luci_ardenti__02_gesualdo_all_apparir_di_quelle_luci_ardenti.mxl	data/cpdl/5-voices/reductions/string_quartet_plus_viole/062_all_apparir_di_quelle_luci_ardenti.musicxml	0	4	3	3	0.474899	no	no
cpdl_5_voice_quartet_plus_viole	62	All'apparir di quelle luci ardenti	data/cpdl/5-voices/sources/062_all_apparir_di_quelle_luci_ardenti__02_gesualdo_all_apparir_di_quelle_luci_ardenti.mxl	data/cpdl/5-voices/reductions/string_quartet_plus_viole/062_all_apparir_di_quelle_luci_ardenti.musicxml	0	5	2	2	0.565576	no	no
cpdl_5_voice_quartet_plus_viole	63	Alme d'Amor rubelle	data/cpdl/5-voices/sources/063_alme_d_amor_rubelle__02_alme_d_amor_rubelle_gesualdo.mxl	data/cpdl/5-voices/reductions/string_quartet_plus_viole/063_alme_d_amor_rubelle.musicxml	0	-5	1	1	0.964949	no	no
cpdl_5_voice_quartet_plus_viole	63	Alme d'Amor rubelle	data/cpdl/5-voices/sources/063_alme_d_amor_rubelle__02_alme_d_amor_rubelle_gesualdo.mxl	data/cpdl/5-voices/reductions/string_quartet_plus_viole/063_alme_d_amor_rubelle.musicxml	0	-4	4	4	0.81444	no	no
cpdl_5_voice_quartet_plus_viole	63	Alme d'Amor rubelle	data/cpdl/5-voices/sources/063_alme_d_amor_rubelle__02_alme_d_amor_rubelle_gesualdo.mxl	data/cpdl/5-voices/reductions/string_quartet_plus_viole/063_alme_d_amor_rubelle.musicxml	0	-3	3	3	0.531366	no	no
cpdl_5_voice_quartet_plus_viole	63	Alme d'Amor rubelle	data/cpdl/5-voices/sources/063_alme_d_amor_rubelle__02_alme_d_amor_rubelle_gesualdo.mxl	data/cpdl/5-voices/reductions/string_quartet_plus_viole/063_alme_d_amor_rubelle.musicxml	0	-2	2	2	0.463238	no	no
cpdl_5_voice_quartet_plus_viole	63	Alme d'Amor rubelle	data/cpdl/5-voices/sources/063_alme_d_amor_rubelle__02_alme_d_amor_rubelle_gesualdo.mxl	data/cpdl/5-voices/reductions/string_quartet_plus_viole/063_alme_d_amor_rubelle.musicxml	0	-1	5	5	0.385274	yes	no
cpdl_5_voice_quartet_plus_viole	63	Alme d'Amor rubelle	data/cpdl/5-voices/sources/063_alme_d_amor_rubelle__02_alme_d_amor_rubelle_gesualdo.mxl	data/cpdl/5-voices/reductions/string_quartet_plus_viole/063_alme_d_amor_rubelle.musicxml	0	0	0	0	0.400718	yes	yes
cpdl_5_voice_quartet_plus_viole	63	Alme d'Amor rubelle	data/cpdl/5-voices/sources/063_alme_d_amor_rubelle__02_alme_d_amor_rubelle_gesualdo.mxl	data/cpdl/5-voices/reductions/string_quartet_plus_viole/063_alme_d_amor_rubelle.musicxml	0	1	5	5	0.408398	yes	no
cpdl_5_voice_quartet_plus_viole	63	Alme d'Amor rubelle	data/cpdl/5-voices/sources/063_alme_d_amor_rubelle__02_alme_d_amor_rubelle_gesualdo.mxl	data/cpdl/5-voices/reductions/string_quartet_plus_viole/063_alme_d_amor_rubelle.musicxml	0	2	2	2	0.515252	no	no
cpdl_5_voice_quartet_plus_viole	63	Alme d'Amor rubelle	data/cpdl/5-voices/sources/063_alme_d_amor_rubelle__02_alme_d_amor_rubelle_gesualdo.mxl	data/cpdl/5-voices/reductions/string_quartet_plus_viole/063_alme_d_amor_rubelle.musicxml	0	3	3	3	0.545478	no	no
cpdl_5_voice_quartet_plus_viole	63	Alme d'Amor rubelle	data/cpdl/5-voices/sources/063_alme_d_amor_rubelle__02_alme_d_amor_rubelle_gesualdo.mxl	data/cpdl/5-voices/reductions/string_quartet_plus_viole/063_alme_d_amor_rubelle.musicxml	0	4	4	4	0.611316	no	no
cpdl_5_voice_quartet_plus_viole	63	Alme d'Amor rubelle	data/cpdl/5-voices/sources/063_alme_d_amor_rubelle__02_alme_d_amor_rubelle_gesualdo.mxl	data/cpdl/5-voices/reductions/string_quartet_plus_viole/063_alme_d_amor_rubelle.musicxml	0	5	1	1	0.85189	no	no
cpdl_5_voice_quartet_plus_viole	64	Amor pace non chero	data/cpdl/5-voices/sources/064_amor_pace_non_chero__01_gesualdo_amor_pace_non_chero.mxl	data/cpdl/5-voices/reductions/string_quartet_plus_viole/064_amor_pace_non_chero.musicxml	0	-5	1	1	0.672417	no	no
cpdl_5_voice_quartet_plus_viole	64	Amor pace non chero	data/cpdl/5-voices/sources/064_amor_pace_non_chero__01_gesualdo_amor_pace_non_chero.mxl	data/cpdl/5-voices/reductions/string_quartet_plus_viole/064_amor_pace_non_chero.musicxml	0	-4	4	4	0.534996	no	no
cpdl_5_voice_quartet_plus_viole	64	Amor pace non chero	data/cpdl/5-voices/sources/064_amor_pace_non_chero__01_gesualdo_amor_pace_non_chero.mxl	data/cpdl/5-voices/reductions/string_quartet_plus_viole/064_amor_pace_non_chero.musicxml	0	-3	3	3	0.445706	no	no
cpdl_5_voice_quartet_plus_viole	64	Amor pace non chero	data/cpdl/5-voices/sources/064_amor_pace_non_chero__01_gesualdo_amor_pace_non_chero.mxl	data/cpdl/5-voices/reductions/string_quartet_plus_viole/064_amor_pace_non_chero.musicxml	0	-2	2	2	0.39625	no	no
cpdl_5_voice_quartet_plus_viole	64	Amor pace non chero	data/cpdl/5-voices/sources/064_amor_pace_non_chero__01_gesualdo_amor_pace_non_chero.mxl	data/cpdl/5-voices/reductions/string_quartet_plus_viole/064_amor_pace_non_chero.musicxml	0	-1	5	5	0.338301	yes	no
cpdl_5_voice_quartet_plus_viole	64	Amor pace non chero	data/cpdl/5-voices/sources/064_amor_pace_non_chero__01_gesualdo_amor_pace_non_chero.mxl	data/cpdl/5-voices/reductions/string_quartet_plus_viole/064_amor_pace_non_chero.musicxml	0	0	0	0	0.343175	yes	yes
cpdl_5_voice_quartet_plus_viole	64	Amor pace non chero	data/cpdl/5-voices/sources/064_amor_pace_non_chero__01_gesualdo_amor_pace_non_chero.mxl	data/cpdl/5-voices/reductions/string_quartet_plus_viole/064_amor_pace_non_chero.musicxml	0	1	5	5	0.349912	yes	no
cpdl_5_voice_quartet_plus_viole	64	Amor pace non chero	data/cpdl/5-voices/sources/064_amor_pace_non_chero__01_gesualdo_amor_pace_non_chero.mxl	data/cpdl/5-voices/reductions/string_quartet_plus_viole/064_amor_pace_non_chero.musicxml	0	2	2	2	0.385853	yes	no
cpdl_5_voice_quartet_plus_viole	64	Amor pace non chero	data/cpdl/5-voices/sources/064_amor_pace_non_chero__01_gesualdo_amor_pace_non_chero.mxl	data/cpdl/5-voices/reductions/string_quartet_plus_viole/064_amor_pace_non_chero.musicxml	0	3	3	3	0.401676	no	no
cpdl_5_voice_quartet_plus_viole	64	Amor pace non chero	data/cpdl/5-voices/sources/064_amor_pace_non_chero__01_gesualdo_amor_pace_non_chero.mxl	data/cpdl/5-voices/reductions/string_quartet_plus_viole/064_amor_pace_non_chero.musicxml	0	4	4	4	0.492388	no	no
cpdl_5_voice_quartet_plus_viole	64	Amor pace non chero	data/cpdl/5-voices/sources/064_amor_pace_non_chero__01_gesualdo_amor_pace_non_chero.mxl	data/cpdl/5-voices/reductions/string_quartet_plus_viole/064_amor_pace_non_chero.musicxml	0	5	1	1	0.747935	no	no
cpdl_5_voice_quartet_plus_viole	65	Ancide sol la morte	data/cpdl/5-voices/sources/065_ancide_sol_la_morte__02_ancide_sol_la_morte_gesualdo.mxl	data/cpdl/5-voices/reductions/string_quartet_plus_viole/065_ancide_sol_la_morte.musicxml	0	-5	1	1	1.29587	no	no
cpdl_5_voice_quartet_plus_viole	65	Ancide sol la morte	data/cpdl/5-voices/sources/065_ancide_sol_la_morte__02_ancide_sol_la_morte_gesualdo.mxl	data/cpdl/5-voices/reductions/string_quartet_plus_viole/065_ancide_sol_la_morte.musicxml	0	-4	4	4	1.10492	no	no
cpdl_5_voice_quartet_plus_viole	65	Ancide sol la morte	data/cpdl/5-voices/sources/065_ancide_sol_la_morte__02_ancide_sol_la_morte_gesualdo.mxl	data/cpdl/5-voices/reductions/string_quartet_plus_viole/065_ancide_sol_la_morte.musicxml	0	-3	3	3	0.698745	no	no
cpdl_5_voice_quartet_plus_viole	65	Ancide sol la morte	data/cpdl/5-voices/sources/065_ancide_sol_la_morte__02_ancide_sol_la_morte_gesualdo.mxl	data/cpdl/5-voices/reductions/string_quartet_plus_viole/065_ancide_sol_la_morte.musicxml	0	-2	2	2	0.587631	no	no
cpdl_5_voice_quartet_plus_viole	65	Ancide sol la morte	data/cpdl/5-voices/sources/065_ancide_sol_la_morte__02_ancide_sol_la_morte_gesualdo.mxl	data/cpdl/5-voices/reductions/string_quartet_plus_viole/065_ancide_sol_la_morte.musicxml	0	-1	5	5	0.422322	yes	no
cpdl_5_voice_quartet_plus_viole	65	Ancide sol la morte	data/cpdl/5-voices/sources/065_ancide_sol_la_morte__02_ancide_sol_la_morte_gesualdo.mxl	data/cpdl/5-voices/reductions/string_quartet_plus_viole/065_ancide_sol_la_morte.musicxml	0	0	0	0	0.391363	yes	yes
cpdl_5_voice_quartet_plus_viole	65	Ancide sol la morte	data/cpdl/5-voices/sources/065_ancide_sol_la_morte__02_ancide_sol_la_morte_gesualdo.mxl	data/cpdl/5-voices/reductions/string_quartet_plus_viole/065_ancide_sol_la_morte.musicxml	0	1	5	5	0.375382	yes	no
cpdl_5_voice_quartet_plus_viole	65	Ancide sol la morte	data/cpdl/5-voices/sources/065_ancide_sol_la_morte__02_ancide_sol_la_morte_gesualdo.mxl	data/cpdl/5-voices/reductions/string_quartet_plus_viole/065_ancide_sol_la_morte.musicxml	0	2	2	2	0.381305	yes	no
cpdl_5_voice_quartet_plus_viole	65	Ancide sol la morte	data/cpdl/5-voices/sources/065_ancide_sol_la_morte__02_ancide_sol_la_morte_gesualdo.mxl	data/cpdl/5-voices/reductions/string_quartet_plus_viole/065_ancide_sol_la_morte.musicxml	0	3	3	3	0.400199	yes	no
cpdl_5_voice_quartet_plus_viole	65	Ancide sol la morte	data/cpdl/5-voices/sources/065_ancide_sol_la_morte__02_ancide_sol_la_morte_gesualdo.mxl	data/cpdl/5-voices/reductions/string_quartet_plus_viole/065_ancide_sol_la_morte.musicxml	0	4	4	4	0.442913	no	no
cpdl_5_voice_quartet_plus_viole	65	Ancide sol la morte	data/cpdl/5-voices/sources/065_ancide_sol_la_morte__02_ancide_sol_la_morte_gesualdo.mxl	data/cpdl/5-voices/reductions/string_quartet_plus_viole/065_ancide_sol_la_morte.musicxml	0	5	1	1	0.574858	no	no
cpdl_5_voice_quartet_plus_viole	66	Ancidetemi pur, grievi martiri	data/cpdl/5-voices/sources/066_ancidetemi_pur_grievi_martiri__01_gesualdo_ancidetemi_pur_grievi_martiri.mxl	data/cpdl/5-voices/reductions/string_quartet_plus_viole/066_ancidetemi_pur_grievi_martiri.musicxml	0	-5	1	1	1.03747	no	no
cpdl_5_voice_quartet_plus_viole	66	Ancidetemi pur, grievi martiri	data/cpdl/5-voices/sources/066_ancidetemi_pur_grievi_martiri__01_gesualdo_ancidetemi_pur_grievi_martiri.mxl	data/cpdl/5-voices/reductions/string_quartet_plus_viole/066_ancidetemi_pur_grievi_martiri.musicxml	0	-4	4	4	0.89167	no	no
cpdl_5_voice_quartet_plus_viole	66	Ancidetemi pur, grievi martiri	data/cpdl/5-voices/sources/066_ancidetemi_pur_grievi_martiri__01_gesualdo_ancidetemi_pur_grievi_martiri.mxl	data/cpdl/5-voices/reductions/string_quartet_plus_viole/066_ancidetemi_pur_grievi_martiri.musicxml	0	-3	3	3	0.623847	no	no
cpdl_5_voice_quartet_plus_viole	66	Ancidetemi pur, grievi martiri	data/cpdl/5-voices/sources/066_ancidetemi_pur_grievi_martiri__01_gesualdo_ancidetemi_pur_grievi_martiri.mxl	data/cpdl/5-voices/reductions/string_quartet_plus_viole/066_ancidetemi_pur_grievi_martiri.musicxml	0	-2	2	2	0.526969	no	no
cpdl_5_voice_quartet_plus_viole	66	Ancidetemi pur, grievi martiri	data/cpdl/5-voices/sources/066_ancidetemi_pur_grievi_martiri__01_gesualdo_ancidetemi_pur_grievi_martiri.mxl	data/cpdl/5-voices/reductions/string_quartet_plus_viole/066_ancidetemi_pur_grievi_martiri.musicxml	0	-1	5	5	0.400495	no	no
cpdl_5_voice_quartet_plus_viole	66	Ancidetemi pur, grievi martiri	data/cpdl/5-voices/sources/066_ancidetemi_pur_grievi_martiri__01_gesualdo_ancidetemi_pur_grievi_martiri.mxl	data/cpdl/5-voices/reductions/string_quartet_plus_viole/066_ancidetemi_pur_grievi_martiri.musicxml	0	0	0	0	0.349025	yes	yes
cpdl_5_voice_quartet_plus_viole	66	Ancidetemi pur, grievi martiri	data/cpdl/5-voices/sources/066_ancidetemi_pur_grievi_martiri__01_gesualdo_ancidetemi_pur_grievi_martiri.mxl	data/cpdl/5-voices/reductions/string_quartet_plus_viole/066_ancidetemi_pur_grievi_martiri.musicxml	0	1	5	5	0.332192	yes	no
cpdl_5_voice_quartet_plus_viole	66	Ancidetemi pur, grievi martiri	data/cpdl/5-voices/sources/066_ancidetemi_pur_grievi_martiri__01_gesualdo_ancidetemi_pur_grievi_martiri.mxl	data/cpdl/5-voices/reductions/string_quartet_plus_viole/066_ancidetemi_pur_grievi_martiri.musicxml	0	2	2	2	0.360861	yes	no
cpdl_5_voice_quartet_plus_viole	66	Ancidetemi pur, grievi martiri	data/cpdl/5-voices/sources/066_ancidetemi_pur_grievi_martiri__01_gesualdo_ancidetemi_pur_grievi_martiri.mxl	data/cpdl/5-voices/reductions/string_quartet_plus_viole/066_ancidetemi_pur_grievi_martiri.musicxml	0	3	3	3	0.38044	yes	no
cpdl_5_voice_quartet_plus_viole	66	Ancidetemi pur, grievi martiri	data/cpdl/5-voices/sources/066_ancidetemi_pur_grievi_martiri__01_gesualdo_ancidetemi_pur_grievi_martiri.mxl	data/cpdl/5-voices/reductions/string_quartet_plus_viole/066_ancidetemi_pur_grievi_martiri.musicxml	0	4	4	4	0.433949	no	no
cpdl_5_voice_quartet_plus_viole	66	Ancidetemi pur, grievi martiri	data/cpdl/5-voices/sources/066_ancidetemi_pur_grievi_martiri__01_gesualdo_ancidetemi_pur_grievi_martiri.mxl	data/cpdl/5-voices/reductions/string_quartet_plus_viole/066_ancidetemi_pur_grievi_martiri.musicxml	0	5	1	1	0.611761	no	no
cpdl_5_voice_quartet_plus_viole	67	Ancor che per amarti	data/cpdl/5-voices/sources/067_ancor_che_per_amarti__02_ancor_che_per_amarti_gesualdo.mxl	data/cpdl/5-voices/reductions/string_quartet_plus_viole/067_ancor_che_per_amarti.musicxml	0	-5	1	1	1.05689	no	no
cpdl_5_voice_quartet_plus_viole	67	Ancor che per amarti	data/cpdl/5-voices/sources/067_ancor_che_per_amarti__02_ancor_che_per_amarti_gesualdo.mxl	data/cpdl/5-voices/reductions/string_quartet_plus_viole/067_ancor_che_per_amarti.musicxml	0	-4	4	4	0.915039	no	no
cpdl_5_voice_quartet_plus_viole	67	Ancor che per amarti	data/cpdl/5-voices/sources/067_ancor_che_per_amarti__02_ancor_che_per_amarti_gesualdo.mxl	data/cpdl/5-voices/reductions/string_quartet_plus_viole/067_ancor_che_per_amarti.musicxml	0	-3	3	3	0.6379	no	no
cpdl_5_voice_quartet_plus_viole	67	Ancor che per amarti	data/cpdl/5-voices/sources/067_ancor_che_per_amarti__02_ancor_che_per_amarti_gesualdo.mxl	data/cpdl/5-voices/reductions/string_quartet_plus_viole/067_ancor_che_per_amarti.musicxml	0	-2	2	2	0.517686	no	no
cpdl_5_voice_quartet_plus_viole	67	Ancor che per amarti	data/cpdl/5-voices/sources/067_ancor_che_per_amarti__02_ancor_che_per_amarti_gesualdo.mxl	data/cpdl/5-voices/reductions/string_quartet_plus_viole/067_ancor_che_per_amarti.musicxml	0	-1	5	5	0.373899	no	no
cpdl_5_voice_quartet_plus_viole	67	Ancor che per amarti	data/cpdl/5-voices/sources/067_ancor_che_per_amarti__02_ancor_che_per_amarti_gesualdo.mxl	data/cpdl/5-voices/reductions/string_quartet_plus_viole/067_ancor_che_per_amarti.musicxml	0	0	0	0	0.315409	yes	yes
cpdl_5_voice_quartet_plus_viole	67	Ancor che per amarti	data/cpdl/5-voices/sources/067_ancor_che_per_amarti__02_ancor_che_per_amarti_gesualdo.mxl	data/cpdl/5-voices/reductions/string_quartet_plus_viole/067_ancor_che_per_amarti.musicxml	0	1	5	5	0.309798	yes	no
cpdl_5_voice_quartet_plus_viole	67	Ancor che per amarti	data/cpdl/5-voices/sources/067_ancor_che_per_amarti__02_ancor_che_per_amarti_gesualdo.mxl	data/cpdl/5-voices/reductions/string_quartet_plus_viole/067_ancor_che_per_amarti.musicxml	0	2	2	2	0.323651	yes	no
cpdl_5_voice_quartet_plus_viole	67	Ancor che per amarti	data/cpdl/5-voices/sources/067_ancor_che_per_amarti__02_ancor_che_per_amarti_gesualdo.mxl	data/cpdl/5-voices/reductions/string_quartet_plus_viole/067_ancor_che_per_amarti.musicxml	0	3	3	3	0.338911	yes	no
cpdl_5_voice_quartet_plus_viole	67	Ancor che per amarti	data/cpdl/5-voices/sources/067_ancor_che_per_amarti__02_ancor_che_per_amarti_gesualdo.mxl	data/cpdl/5-voices/reductions/string_quartet_plus_viole/067_ancor_che_per_amarti.musicxml	0	4	4	4	0.387889	no	no
cpdl_5_voice_quartet_plus_viole	67	Ancor che per amarti	data/cpdl/5-voices/sources/067_ancor_che_per_amarti__02_ancor_che_per_amarti_gesualdo.mxl	data/cpdl/5-voices/reductions/string_quartet_plus_viole/067_ancor_che_per_amarti.musicxml	0	5	1	1	0.532791	no	no
cpdl_5_voice_quartet_plus_viole	68	Arde il mio cor	data/cpdl/5-voices/sources/068_arde_il_mio_cor__02_arde_il_mio_cor_gesualdo.mxl	data/cpdl/5-voices/reductions/string_quartet_plus_viole/068_arde_il_mio_cor.musicxml	0	-5	1	1	0.727975	no	no
cpdl_5_voice_quartet_plus_viole	68	Arde il mio cor	data/cpdl/5-voices/sources/068_arde_il_mio_cor__02_arde_il_mio_cor_gesualdo.mxl	data/cpdl/5-voices/reductions/string_quartet_plus_viole/068_arde_il_mio_cor.musicxml	0	-4	4	4	0.620798	no	no
cpdl_5_voice_quartet_plus_viole	68	Arde il mio cor	data/cpdl/5-voices/sources/068_arde_il_mio_cor__02_arde_il_mio_cor_gesualdo.mxl	data/cpdl/5-voices/reductions/string_quartet_plus_viole/068_arde_il_mio_cor.musicxml	0	-3	3	3	0.458198	no	no
cpdl_5_voice_quartet_plus_viole	68	Arde il mio cor	data/cpdl/5-voices/sources/068_arde_il_mio_cor__02_arde_il_mio_cor_gesualdo.mxl	data/cpdl/5-voices/reductions/string_quartet_plus_viole/068_arde_il_mio_cor.musicxml	0	-2	2	2	0.391248	no	no
cpdl_5_voice_quartet_plus_viole	68	Arde il mio cor	data/cpdl/5-voices/sources/068_arde_il_mio_cor__02_arde_il_mio_cor_gesualdo.mxl	data/cpdl/5-voices/reductions/string_quartet_plus_viole/068_arde_il_mio_cor.musicxml	0	-1	5	5	0.332396	yes	no
cpdl_5_voice_quartet_plus_viole	68	Arde il mio cor	data/cpdl/5-voices/sources/068_arde_il_mio_cor__02_arde_il_mio_cor_gesualdo.mxl	data/cpdl/5-voices/reductions/string_quartet_plus_viole/068_arde_il_mio_cor.musicxml	0	0	0	0	0.289656	yes	yes
cpdl_5_voice_quartet_plus_viole	68	Arde il mio cor	data/cpdl/5-voices/sources/068_arde_il_mio_cor__02_arde_il_mio_cor_gesualdo.mxl	data/cpdl/5-voices/reductions/string_quartet_plus_viole/068_arde_il_mio_cor.musicxml	0	1	5	5	0.26848	yes	no
cpdl_5_voice_quartet_plus_viole	68	Arde il mio cor	data/cpdl/5-voices/sources/068_arde_il_mio_cor__02_arde_il_mio_cor_gesualdo.mxl	data/cpdl/5-voices/reductions/string_quartet_plus_viole/068_arde_il_mio_cor.musicxml	0	2	2	2	0.293317	yes	no
cpdl_5_voice_quartet_plus_viole	68	Arde il mio cor	data/cpdl/5-voices/sources/068_arde_il_mio_cor__02_arde_il_mio_cor_gesualdo.mxl	data/cpdl/5-voices/reductions/string_quartet_plus_viole/068_arde_il_mio_cor.musicxml	0	3	3	3	0.307051	yes	no
cpdl_5_voice_quartet_plus_viole	68	Arde il mio cor	data/cpdl/5-voices/sources/068_arde_il_mio_cor__02_arde_il_mio_cor_gesualdo.mxl	data/cpdl/5-voices/reductions/string_quartet_plus_viole/068_arde_il_mio_cor.musicxml	0	4	4	4	0.34318	no	no
cpdl_5_voice_quartet_plus_viole	68	Arde il mio cor	data/cpdl/5-voices/sources/068_arde_il_mio_cor__02_arde_il_mio_cor_gesualdo.mxl	data/cpdl/5-voices/reductions/string_quartet_plus_viole/068_arde_il_mio_cor.musicxml	0	5	1	1	0.461223	no	no
cpdl_5_voice_quartet_plus_viole	69	Ardita zanzaretta	data/cpdl/5-voices/sources/069_ardita_zanzaretta__02_ardita_zanzaretta_gesualdo.mxl	data/cpdl/5-voices/reductions/string_quartet_plus_viole/069_ardita_zanzaretta.musicxml	5	0	0	0	0.434428	no	no
cpdl_5_voice_quartet_plus_viole	69	Ardita zanzaretta	data/cpdl/5-voices/sources/069_ardita_zanzaretta__02_ardita_zanzaretta_gesualdo.mxl	data/cpdl/5-voices/reductions/string_quartet_plus_viole/069_ardita_zanzaretta.musicxml	5	1	5	5	0.343057	yes	no
cpdl_5_voice_quartet_plus_viole	69	Ardita zanzaretta	data/cpdl/5-voices/sources/069_ardita_zanzaretta__02_ardita_zanzaretta_gesualdo.mxl	data/cpdl/5-voices/reductions/string_quartet_plus_viole/069_ardita_zanzaretta.musicxml	5	2	2	2	0.31643	yes	no
cpdl_5_voice_quartet_plus_viole	69	Ardita zanzaretta	data/cpdl/5-voices/sources/069_ardita_zanzaretta__02_ardita_zanzaretta_gesualdo.mxl	data/cpdl/5-voices/reductions/string_quartet_plus_viole/069_ardita_zanzaretta.musicxml	5	3	3	3	0.310932	yes	no
cpdl_5_voice_quartet_plus_viole	69	Ardita zanzaretta	data/cpdl/5-voices/sources/069_ardita_zanzaretta__02_ardita_zanzaretta_gesualdo.mxl	data/cpdl/5-voices/reductions/string_quartet_plus_viole/069_ardita_zanzaretta.musicxml	5	4	4	4	0.323569	yes	no
cpdl_5_voice_quartet_plus_viole	69	Ardita zanzaretta	data/cpdl/5-voices/sources/069_ardita_zanzaretta__02_ardita_zanzaretta_gesualdo.mxl	data/cpdl/5-voices/reductions/string_quartet_plus_viole/069_ardita_zanzaretta.musicxml	5	5	1	1	0.352116	yes	yes
cpdl_5_voice_quartet_plus_viole	69	Ardita zanzaretta	data/cpdl/5-voices/sources/069_ardita_zanzaretta__02_ardita_zanzaretta_gesualdo.mxl	data/cpdl/5-voices/reductions/string_quartet_plus_viole/069_ardita_zanzaretta.musicxml	5	6	6	6	0.393682	yes	no
cpdl_5_voice_quartet_plus_viole	69	Ardita zanzaretta	data/cpdl/5-voices/sources/069_ardita_zanzaretta__02_ardita_zanzaretta_gesualdo.mxl	data/cpdl/5-voices/reductions/string_quartet_plus_viole/069_ardita_zanzaretta.musicxml	5	7	1	1	0.519995	no	no
cpdl_5_voice_quartet_plus_viole	69	Ardita zanzaretta	data/cpdl/5-voices/sources/069_ardita_zanzaretta__02_ardita_zanzaretta_gesualdo.mxl	data/cpdl/5-voices/reductions/string_quartet_plus_viole/069_ardita_zanzaretta.musicxml	5	8	4	4	0.579329	no	no
cpdl_5_voice_quartet_plus_viole	69	Ardita zanzaretta	data/cpdl/5-voices/sources/069_ardita_zanzaretta__02_ardita_zanzaretta_gesualdo.mxl	data/cpdl/5-voices/reductions/string_quartet_plus_viole/069_ardita_zanzaretta.musicxml	5	9	3	3	0.744082	no	no
cpdl_5_voice_quartet_plus_viole	69	Ardita zanzaretta	data/cpdl/5-voices/sources/069_ardita_zanzaretta__02_ardita_zanzaretta_gesualdo.mxl	data/cpdl/5-voices/reductions/string_quartet_plus_viole/069_ardita_zanzaretta.musicxml	5	10	2	2	1.02881	no	no
cpdl_5_voice_quartet_plus_viole	70	Ardo per te, mio bene	data/cpdl/5-voices/sources/070_ardo_per_te_mio_bene__02_ardo_per_te_mio_bene_gesualdo.mxl	data/cpdl/5-voices/reductions/string_quartet_plus_viole/070_ardo_per_te_mio_bene.musicxml	3	-2	2	2	0.984607	no	no
cpdl_5_voice_quartet_plus_viole	70	Ardo per te, mio bene	data/cpdl/5-voices/sources/070_ardo_per_te_mio_bene__02_ardo_per_te_mio_bene_gesualdo.mxl	data/cpdl/5-voices/reductions/string_quartet_plus_viole/070_ardo_per_te_mio_bene.musicxml	3	-1	5	5	0.697601	no	no
cpdl_5_voice_quartet_plus_viole	70	Ardo per te, mio bene	data/cpdl/5-voices/sources/070_ardo_per_te_mio_bene__02_ardo_per_te_mio_bene_gesualdo.mxl	data/cpdl/5-voices/reductions/string_quartet_plus_viole/070_ardo_per_te_mio_bene.musicxml	3	0	0	0	0.554277	no	no
cpdl_5_voice_quartet_plus_viole	70	Ardo per te, mio bene	data/cpdl/5-voices/sources/070_ardo_per_te_mio_bene__02_ardo_per_te_mio_bene_gesualdo.mxl	data/cpdl/5-voices/reductions/string_quartet_plus_viole/070_ardo_per_te_mio_bene.musicxml	3	1	5	5	0.441246	no	no
cpdl_5_voice_quartet_plus_viole	70	Ardo per te, mio bene	data/cpdl/5-voices/sources/070_ardo_per_te_mio_bene__02_ardo_per_te_mio_bene_gesualdo.mxl	data/cpdl/5-voices/reductions/string_quartet_plus_viole/070_ardo_per_te_mio_bene.musicxml	3	2	2	2	0.378855	yes	no
cpdl_5_voice_quartet_plus_viole	70	Ardo per te, mio bene	data/cpdl/5-voices/sources/070_ardo_per_te_mio_bene__02_ardo_per_te_mio_bene_gesualdo.mxl	data/cpdl/5-voices/reductions/string_quartet_plus_viole/070_ardo_per_te_mio_bene.musicxml	3	3	3	3	0.376154	yes	yes
cpdl_5_voice_quartet_plus_viole	70	Ardo per te, mio bene	data/cpdl/5-voices/sources/070_ardo_per_te_mio_bene__02_ardo_per_te_mio_bene_gesualdo.mxl	data/cpdl/5-voices/reductions/string_quartet_plus_viole/070_ardo_per_te_mio_bene.musicxml	3	4	4	4	0.380034	yes	no
cpdl_5_voice_quartet_plus_viole	70	Ardo per te, mio bene	data/cpdl/5-voices/sources/070_ardo_per_te_mio_bene__02_ardo_per_te_mio_bene_gesualdo.mxl	data/cpdl/5-voices/reductions/string_quartet_plus_viole/070_ardo_per_te_mio_bene.musicxml	3	5	1	1	0.431477	no	no
cpdl_5_voice_quartet_plus_viole	70	Ardo per te, mio bene	data/cpdl/5-voices/sources/070_ardo_per_te_mio_bene__02_ardo_per_te_mio_bene_gesualdo.mxl	data/cpdl/5-voices/reductions/string_quartet_plus_viole/070_ardo_per_te_mio_bene.musicxml	3	6	6	6	0.485962	no	no
cpdl_5_voice_quartet_plus_viole	70	Ardo per te, mio bene	data/cpdl/5-voices/sources/070_ardo_per_te_mio_bene__02_ardo_per_te_mio_bene_gesualdo.mxl	data/cpdl/5-voices/reductions/string_quartet_plus_viole/070_ardo_per_te_mio_bene.musicxml	3	7	1	1	0.713833	no	no
cpdl_5_voice_quartet_plus_viole	70	Ardo per te, mio bene	data/cpdl/5-voices/sources/070_ardo_per_te_mio_bene__02_ardo_per_te_mio_bene_gesualdo.mxl	data/cpdl/5-voices/reductions/string_quartet_plus_viole/070_ardo_per_te_mio_bene.musicxml	3	8	4	4	0.804588	no	no
cpdl_5_voice_quartet_plus_viole	71	Asciugate i begli occhi	data/cpdl/5-voices/sources/071_asciugate_i_begli_occhi__02_gesu_14asc.mxl	data/cpdl/5-voices/reductions/string_quartet_plus_viole/071_asciugate_i_begli_occhi.musicxml	7	2	1	1	0.465398	no	no
cpdl_5_voice_quartet_plus_viole	71	Asciugate i begli occhi	data/cpdl/5-voices/sources/071_asciugate_i_begli_occhi__02_gesu_14asc.mxl	data/cpdl/5-voices/reductions/string_quartet_plus_viole/071_asciugate_i_begli_occhi.musicxml	7	3	4	4	0.400268	yes	no
cpdl_5_voice_quartet_plus_viole	71	Asciugate i begli occhi	data/cpdl/5-voices/sources/071_asciugate_i_begli_occhi__02_gesu_14asc.mxl	data/cpdl/5-voices/reductions/string_quartet_plus_viole/071_asciugate_i_begli_occhi.musicxml	7	4	3	3	0.353439	yes	no
cpdl_5_voice_quartet_plus_viole	71	Asciugate i begli occhi	data/cpdl/5-voices/sources/071_asciugate_i_begli_occhi__02_gesu_14asc.mxl	data/cpdl/5-voices/reductions/string_quartet_plus_viole/071_asciugate_i_begli_occhi.musicxml	7	5	2	2	0.355314	yes	no
cpdl_5_voice_quartet_plus_viole	71	Asciugate i begli occhi	data/cpdl/5-voices/sources/071_asciugate_i_begli_occhi__02_gesu_14asc.mxl	data/cpdl/5-voices/reductions/string_quartet_plus_viole/071_asciugate_i_begli_occhi.musicxml	7	6	5	5	0.359259	yes	no
cpdl_5_voice_quartet_plus_viole	71	Asciugate i begli occhi	data/cpdl/5-voices/sources/071_asciugate_i_begli_occhi__02_gesu_14asc.mxl	data/cpdl/5-voices/reductions/string_quartet_plus_viole/071_asciugate_i_begli_occhi.musicxml	7	7	0	0	0.394162	yes	yes
cpdl_5_voice_quartet_plus_viole	71	Asciugate i begli occhi	data/cpdl/5-voices/sources/071_asciugate_i_begli_occhi__02_gesu_14asc.mxl	data/cpdl/5-voices/reductions/string_quartet_plus_viole/071_asciugate_i_begli_occhi.musicxml	7	8	5	5	0.422281	yes	no
cpdl_5_voice_quartet_plus_viole	71	Asciugate i begli occhi	data/cpdl/5-voices/sources/071_asciugate_i_begli_occhi__02_gesu_14asc.mxl	data/cpdl/5-voices/reductions/string_quartet_plus_viole/071_asciugate_i_begli_occhi.musicxml	7	9	2	2	0.503266	no	no
cpdl_5_voice_quartet_plus_viole	71	Asciugate i begli occhi	data/cpdl/5-voices/sources/071_asciugate_i_begli_occhi__02_gesu_14asc.mxl	data/cpdl/5-voices/reductions/string_quartet_plus_viole/071_asciugate_i_begli_occhi.musicxml	7	10	3	3	0.565853	no	no
cpdl_5_voice_quartet_plus_viole	71	Asciugate i begli occhi	data/cpdl/5-voices/sources/071_asciugate_i_begli_occhi__02_gesu_14asc.mxl	data/cpdl/5-voices/reductions/string_quartet_plus_viole/071_asciugate_i_begli_occhi.musicxml	7	11	4	4	0.764897	no	no
cpdl_5_voice_quartet_plus_viole	71	Asciugate i begli occhi	data/cpdl/5-voices/sources/071_asciugate_i_begli_occhi__02_gesu_14asc.mxl	data/cpdl/5-voices/reductions/string_quartet_plus_viole/071_asciugate_i_begli_occhi.musicxml	7	12	1	1	1.11927	no	no
cpdl_5_voice_quartet_plus_viole	72	Baci soavi e cari	data/cpdl/5-voices/sources/072_baci_soavi_e_cari__02_gesualdo_baci_soavi_e_cari.mxl	data/cpdl/5-voices/reductions/string_quartet_plus_viole/072_baci_soavi_e_cari.musicxml	2	-3	2	2	0.803936	no	no
cpdl_5_voice_quartet_plus_viole	72	Baci soavi e cari	data/cpdl/5-voices/sources/072_baci_soavi_e_cari__02_gesualdo_baci_soavi_e_cari.mxl	data/cpdl/5-voices/reductions/string_quartet_plus_viole/072_baci_soavi_e_cari.musicxml	2	-2	3	3	0.720344	no	no
cpdl_5_voice_quartet_plus_viole	72	Baci soavi e cari	data/cpdl/5-voices/sources/072_baci_soavi_e_cari__02_gesualdo_baci_soavi_e_cari.mxl	data/cpdl/5-voices/reductions/string_quartet_plus_viole/072_baci_soavi_e_cari.musicxml	2	-1	4	4	0.54981	no	no
cpdl_5_voice_quartet_plus_viole	72	Baci soavi e cari	data/cpdl/5-voices/sources/072_baci_soavi_e_cari__02_gesualdo_baci_soavi_e_cari.mxl	data/cpdl/5-voices/reductions/string_quartet_plus_viole/072_baci_soavi_e_cari.musicxml	2	0	1	1	0.483037	no	no
cpdl_5_voice_quartet_plus_viole	72	Baci soavi e cari	data/cpdl/5-voices/sources/072_baci_soavi_e_cari__02_gesualdo_baci_soavi_e_cari.mxl	data/cpdl/5-voices/reductions/string_quartet_plus_viole/072_baci_soavi_e_cari.musicxml	2	1	6	6	0.389296	yes	no
cpdl_5_voice_quartet_plus_viole	72	Baci soavi e cari	data/cpdl/5-voices/sources/072_baci_soavi_e_cari__02_gesualdo_baci_soavi_e_cari.mxl	data/cpdl/5-voices/reductions/string_quartet_plus_viole/072_baci_soavi_e_cari.musicxml	2	2	1	1	0.378596	yes	yes
cpdl_5_voice_quartet_plus_viole	72	Baci soavi e cari	data/cpdl/5-voices/sources/072_baci_soavi_e_cari__02_gesualdo_baci_soavi_e_cari.mxl	data/cpdl/5-voices/reductions/string_quartet_plus_viole/072_baci_soavi_e_cari.musicxml	2	3	4	4	0.362407	yes	no
cpdl_5_voice_quartet_plus_viole	72	Baci soavi e cari	data/cpdl/5-voices/sources/072_baci_soavi_e_cari__02_gesualdo_baci_soavi_e_cari.mxl	data/cpdl/5-voices/reductions/string_quartet_plus_viole/072_baci_soavi_e_cari.musicxml	2	4	3	3	0.385332	yes	no
cpdl_5_voice_quartet_plus_viole	72	Baci soavi e cari	data/cpdl/5-voices/sources/072_baci_soavi_e_cari__02_gesualdo_baci_soavi_e_cari.mxl	data/cpdl/5-voices/reductions/string_quartet_plus_viole/072_baci_soavi_e_cari.musicxml	2	5	2	2	0.472491	no	no
cpdl_5_voice_quartet_plus_viole	72	Baci soavi e cari	data/cpdl/5-voices/sources/072_baci_soavi_e_cari__02_gesualdo_baci_soavi_e_cari.mxl	data/cpdl/5-voices/reductions/string_quartet_plus_viole/072_baci_soavi_e_cari.musicxml	2	6	5	5	0.524675	no	no
cpdl_5_voice_quartet_plus_viole	72	Baci soavi e cari	data/cpdl/5-voices/sources/072_baci_soavi_e_cari__02_gesualdo_baci_soavi_e_cari.mxl	data/cpdl/5-voices/reductions/string_quartet_plus_viole/072_baci_soavi_e_cari.musicxml	2	7	0	0	0.762506	no	no
cpdl_5_voice_quartet_plus_viole	73	Bella Angioletta	data/cpdl/5-voices/sources/073_bella_angioletta__01_gesualdo_bella_angioletta.mxl	data/cpdl/5-voices/reductions/string_quartet_plus_viole/073_bella_angioletta.musicxml	0	-5	1	1	0.676201	no	no
cpdl_5_voice_quartet_plus_viole	73	Bella Angioletta	data/cpdl/5-voices/sources/073_bella_angioletta__01_gesualdo_bella_angioletta.mxl	data/cpdl/5-voices/reductions/string_quartet_plus_viole/073_bella_angioletta.musicxml	0	-4	4	4	0.565988	no	no
cpdl_5_voice_quartet_plus_viole	73	Bella Angioletta	data/cpdl/5-voices/sources/073_bella_angioletta__01_gesualdo_bella_angioletta.mxl	data/cpdl/5-voices/reductions/string_quartet_plus_viole/073_bella_angioletta.musicxml	0	-3	3	3	0.44894	no	no
cpdl_5_voice_quartet_plus_viole	73	Bella Angioletta	data/cpdl/5-voices/sources/073_bella_angioletta__01_gesualdo_bella_angioletta.mxl	data/cpdl/5-voices/reductions/string_quartet_plus_viole/073_bella_angioletta.musicxml	0	-2	2	2	0.398129	no	no
cpdl_5_voice_quartet_plus_viole	73	Bella Angioletta	data/cpdl/5-voices/sources/073_bella_angioletta__01_gesualdo_bella_angioletta.mxl	data/cpdl/5-voices/reductions/string_quartet_plus_viole/073_bella_angioletta.musicxml	0	-1	5	5	0.315933	yes	no
cpdl_5_voice_quartet_plus_viole	73	Bella Angioletta	data/cpdl/5-voices/sources/073_bella_angioletta__01_gesualdo_bella_angioletta.mxl	data/cpdl/5-voices/reductions/string_quartet_plus_viole/073_bella_angioletta.musicxml	0	0	0	0	0.28144	yes	yes
cpdl_5_voice_quartet_plus_viole	73	Bella Angioletta	data/cpdl/5-voices/sources/073_bella_angioletta__01_gesualdo_bella_angioletta.mxl	data/cpdl/5-voices/reductions/string_quartet_plus_viole/073_bella_angioletta.musicxml	0	1	5	5	0.311483	yes	no
cpdl_5_voice_quartet_plus_viole	73	Bella Angioletta	data/cpdl/5-voices/sources/073_bella_angioletta__01_gesualdo_bella_angioletta.mxl	data/cpdl/5-voices/reductions/string_quartet_plus_viole/073_bella_angioletta.musicxml	0	2	2	2	0.445377	no	no
cpdl_5_voice_quartet_plus_viole	73	Bella Angioletta	data/cpdl/5-voices/sources/073_bella_angioletta__01_gesualdo_bella_angioletta.mxl	data/cpdl/5-voices/reductions/string_quartet_plus_viole/073_bella_angioletta.musicxml	0	3	3	3	0.496458	no	no
cpdl_5_voice_quartet_plus_viole	73	Bella Angioletta	data/cpdl/5-voices/sources/073_bella_angioletta__01_gesualdo_bella_angioletta.mxl	data/cpdl/5-voices/reductions/string_quartet_plus_viole/073_bella_angioletta.musicxml	0	4	4	4	0.611457	no	no
cpdl_5_voice_quartet_plus_viole	73	Bella Angioletta	data/cpdl/5-voices/sources/073_bella_angioletta__01_gesualdo_bella_angioletta.mxl	data/cpdl/5-voices/reductions/string_quartet_plus_viole/073_bella_angioletta.musicxml	0	5	1	1	0.809935	no	no
cpdl_5_voice_quartet_plus_viole	74	Beltà poi che t'assenti	data/cpdl/5-voices/sources/074_belta_poi_che_t_assenti__02_belta_poi_che_t_assenti.mxl	data/cpdl/5-voices/reductions/string_quartet_plus_viole/074_belt_poi_che_t_assenti.musicxml	4	-1	2	2	0.964091	no	no
cpdl_5_voice_quartet_plus_viole	74	Beltà poi che t'assenti	data/cpdl/5-voices/sources/074_belta_poi_che_t_assenti__02_belta_poi_che_t_assenti.mxl	data/cpdl/5-voices/reductions/string_quartet_plus_viole/074_belt_poi_che_t_assenti.musicxml	4	0	3	3	0.750777	no	no
cpdl_5_voice_quartet_plus_viole	74	Beltà poi che t'assenti	data/cpdl/5-voices/sources/074_belta_poi_che_t_assenti__02_belta_poi_che_t_assenti.mxl	data/cpdl/5-voices/reductions/string_quartet_plus_viole/074_belt_poi_che_t_assenti.musicxml	4	1	4	4	0.553994	no	no
cpdl_5_voice_quartet_plus_viole	74	Beltà poi che t'assenti	data/cpdl/5-voices/sources/074_belta_poi_che_t_assenti__02_belta_poi_che_t_assenti.mxl	data/cpdl/5-voices/reductions/string_quartet_plus_viole/074_belt_poi_che_t_assenti.musicxml	4	2	1	1	0.507011	no	no
cpdl_5_voice_quartet_plus_viole	74	Beltà poi che t'assenti	data/cpdl/5-voices/sources/074_belta_poi_che_t_assenti__02_belta_poi_che_t_assenti.mxl	data/cpdl/5-voices/reductions/string_quartet_plus_viole/074_belt_poi_che_t_assenti.musicxml	4	3	6	6	0.452242	yes	no
cpdl_5_voice_quartet_plus_viole	74	Beltà poi che t'assenti	data/cpdl/5-voices/sources/074_belta_poi_che_t_assenti__02_belta_poi_che_t_assenti.mxl	data/cpdl/5-voices/reductions/string_quartet_plus_viole/074_belt_poi_che_t_assenti.musicxml	4	4	1	1	0.444554	yes	yes
cpdl_5_voice_quartet_plus_viole	74	Beltà poi che t'assenti	data/cpdl/5-voices/sources/074_belta_poi_che_t_assenti__02_belta_poi_che_t_assenti.mxl	data/cpdl/5-voices/reductions/string_quartet_plus_viole/074_belt_poi_che_t_assenti.musicxml	4	5	4	4	0.455334	yes	no
cpdl_5_voice_quartet_plus_viole	74	Beltà poi che t'assenti	data/cpdl/5-voices/sources/074_belta_poi_che_t_assenti__02_belta_poi_che_t_assenti.mxl	data/cpdl/5-voices/reductions/string_quartet_plus_viole/074_belt_poi_che_t_assenti.musicxml	4	6	3	3	0.502636	no	no
cpdl_5_voice_quartet_plus_viole	74	Beltà poi che t'assenti	data/cpdl/5-voices/sources/074_belta_poi_che_t_assenti__02_belta_poi_che_t_assenti.mxl	data/cpdl/5-voices/reductions/string_quartet_plus_viole/074_belt_poi_che_t_assenti.musicxml	4	7	2	2	0.625274	no	no
cpdl_5_voice_quartet_plus_viole	74	Beltà poi che t'assenti	data/cpdl/5-voices/sources/074_belta_poi_che_t_assenti__02_belta_poi_che_t_assenti.mxl	data/cpdl/5-voices/reductions/string_quartet_plus_viole/074_belt_poi_che_t_assenti.musicxml	4	8	5	5	0.746748	no	no
cpdl_5_voice_quartet_plus_viole	74	Beltà poi che t'assenti	data/cpdl/5-voices/sources/074_belta_poi_che_t_assenti__02_belta_poi_che_t_assenti.mxl	data/cpdl/5-voices/reductions/string_quartet_plus_viole/074_belt_poi_che_t_assenti.musicxml	4	9	0	0	1.02715	no	no
cpdl_5_voice_quartet_plus_viole	75	Candida man qual neve	data/cpdl/5-voices/sources/075_candida_man_qual_neve__02_gesualdo_candida_man_qual_neve.mxl	data/cpdl/5-voices/reductions/string_quartet_plus_viole/075_candida_man_qual_neve.musicxml	0	-5	1	1	1.15145	no	no
cpdl_5_voice_quartet_plus_viole	75	Candida man qual neve	data/cpdl/5-voices/sources/075_candida_man_qual_neve__02_gesualdo_candida_man_qual_neve.mxl	data/cpdl/5-voices/reductions/string_quartet_plus_viole/075_candida_man_qual_neve.musicxml	0	-4	4	4	1.03079	no	no
cpdl_5_voice_quartet_plus_viole	75	Candida man qual neve	data/cpdl/5-voices/sources/075_candida_man_qual_neve__02_gesualdo_candida_man_qual_neve.mxl	data/cpdl/5-voices/reductions/string_quartet_plus_viole/075_candida_man_qual_neve.musicxml	0	-3	3	3	0.689907	no	no
cpdl_5_voice_quartet_plus_viole	75	Candida man qual neve	data/cpdl/5-voices/sources/075_candida_man_qual_neve__02_gesualdo_candida_man_qual_neve.mxl	data/cpdl/5-voices/reductions/string_quartet_plus_viole/075_candida_man_qual_neve.musicxml	0	-2	2	2	0.599146	no	no
cpdl_5_voice_quartet_plus_viole	75	Candida man qual neve	data/cpdl/5-voices/sources/075_candida_man_qual_neve__02_gesualdo_candida_man_qual_neve.mxl	data/cpdl/5-voices/reductions/string_quartet_plus_viole/075_candida_man_qual_neve.musicxml	0	-1	5	5	0.435097	yes	no
cpdl_5_voice_quartet_plus_viole	75	Candida man qual neve	data/cpdl/5-voices/sources/075_candida_man_qual_neve__02_gesualdo_candida_man_qual_neve.mxl	data/cpdl/5-voices/reductions/string_quartet_plus_viole/075_candida_man_qual_neve.musicxml	0	0	0	0	0.392938	yes	yes
cpdl_5_voice_quartet_plus_viole	75	Candida man qual neve	data/cpdl/5-voices/sources/075_candida_man_qual_neve__02_gesualdo_candida_man_qual_neve.mxl	data/cpdl/5-voices/reductions/string_quartet_plus_viole/075_candida_man_qual_neve.musicxml	0	1	5	5	0.368379	yes	no
cpdl_5_voice_quartet_plus_viole	75	Candida man qual neve	data/cpdl/5-voices/sources/075_candida_man_qual_neve__02_gesualdo_candida_man_qual_neve.mxl	data/cpdl/5-voices/reductions/string_quartet_plus_viole/075_candida_man_qual_neve.musicxml	0	2	2	2	0.437935	yes	no
cpdl_5_voice_quartet_plus_viole	75	Candida man qual neve	data/cpdl/5-voices/sources/075_candida_man_qual_neve__02_gesualdo_candida_man_qual_neve.mxl	data/cpdl/5-voices/reductions/string_quartet_plus_viole/075_candida_man_qual_neve.musicxml	0	3	3	3	0.463006	no	no
cpdl_5_voice_quartet_plus_viole	75	Candida man qual neve	data/cpdl/5-voices/sources/075_candida_man_qual_neve__02_gesualdo_candida_man_qual_neve.mxl	data/cpdl/5-voices/reductions/string_quartet_plus_viole/075_candida_man_qual_neve.musicxml	0	4	4	4	0.516129	no	no
cpdl_5_voice_quartet_plus_viole	75	Candida man qual neve	data/cpdl/5-voices/sources/075_candida_man_qual_neve__02_gesualdo_candida_man_qual_neve.mxl	data/cpdl/5-voices/reductions/string_quartet_plus_viole/075_candida_man_qual_neve.musicxml	0	5	1	1	0.712836	no	no
cpdl_5_voice_quartet_plus_viole	76	Candido e verde fiore	data/cpdl/5-voices/sources/076_candido_e_verde_fiore__02_candido_e_verde_fiore_gesualdo.mxl	data/cpdl/5-voices/reductions/string_quartet_plus_viole/076_candido_e_verde_fiore.musicxml	0	-5	1	1	1.27691	no	no
cpdl_5_voice_quartet_plus_viole	76	Candido e verde fiore	data/cpdl/5-voices/sources/076_candido_e_verde_fiore__02_candido_e_verde_fiore_gesualdo.mxl	data/cpdl/5-voices/reductions/string_quartet_plus_viole/076_candido_e_verde_fiore.musicxml	0	-4	4	4	1.05865	no	no
cpdl_5_voice_quartet_plus_viole	76	Candido e verde fiore	data/cpdl/5-voices/sources/076_candido_e_verde_fiore__02_candido_e_verde_fiore_gesualdo.mxl	data/cpdl/5-voices/reductions/string_quartet_plus_viole/076_candido_e_verde_fiore.musicxml	0	-3	3	3	0.745168	no	no
cpdl_5_voice_quartet_plus_viole	76	Candido e verde fiore	data/cpdl/5-voices/sources/076_candido_e_verde_fiore__02_candido_e_verde_fiore_gesualdo.mxl	data/cpdl/5-voices/reductions/string_quartet_plus_viole/076_candido_e_verde_fiore.musicxml	0	-2	2	2	0.653427	no	no
cpdl_5_voice_quartet_plus_viole	76	Candido e verde fiore	data/cpdl/5-voices/sources/076_candido_e_verde_fiore__02_candido_e_verde_fiore_gesualdo.mxl	data/cpdl/5-voices/reductions/string_quartet_plus_viole/076_candido_e_verde_fiore.musicxml	0	-1	5	5	0.517688	yes	no
cpdl_5_voice_quartet_plus_viole	76	Candido e verde fiore	data/cpdl/5-voices/sources/076_candido_e_verde_fiore__02_candido_e_verde_fiore_gesualdo.mxl	data/cpdl/5-voices/reductions/string_quartet_plus_viole/076_candido_e_verde_fiore.musicxml	0	0	0	0	0.469333	yes	yes
cpdl_5_voice_quartet_plus_viole	76	Candido e verde fiore	data/cpdl/5-voices/sources/076_candido_e_verde_fiore__02_candido_e_verde_fiore_gesualdo.mxl	data/cpdl/5-voices/reductions/string_quartet_plus_viole/076_candido_e_verde_fiore.musicxml	0	1	5	5	0.420832	yes	no
cpdl_5_voice_quartet_plus_viole	76	Candido e verde fiore	data/cpdl/5-voices/sources/076_candido_e_verde_fiore__02_candido_e_verde_fiore_gesualdo.mxl	data/cpdl/5-voices/reductions/string_quartet_plus_viole/076_candido_e_verde_fiore.musicxml	0	2	2	2	0.468741	yes	no
cpdl_5_voice_quartet_plus_viole	76	Candido e verde fiore	data/cpdl/5-voices/sources/076_candido_e_verde_fiore__02_candido_e_verde_fiore_gesualdo.mxl	data/cpdl/5-voices/reductions/string_quartet_plus_viole/076_candido_e_verde_fiore.musicxml	0	3	3	3	0.524102	no	no
cpdl_5_voice_quartet_plus_viole	76	Candido e verde fiore	data/cpdl/5-voices/sources/076_candido_e_verde_fiore__02_candido_e_verde_fiore_gesualdo.mxl	data/cpdl/5-voices/reductions/string_quartet_plus_viole/076_candido_e_verde_fiore.musicxml	0	4	4	4	0.55466	no	no
cpdl_5_voice_quartet_plus_viole	76	Candido e verde fiore	data/cpdl/5-voices/sources/076_candido_e_verde_fiore__02_candido_e_verde_fiore_gesualdo.mxl	data/cpdl/5-voices/reductions/string_quartet_plus_viole/076_candido_e_verde_fiore.musicxml	0	5	1	1	0.724042	no	no
cpdl_5_voice_quartet_plus_viole	77	Caro amoroso neo	data/cpdl/5-voices/sources/077_caro_amoroso_neo__01_gesualdo_caro_amoroso_neo.mxl	data/cpdl/5-voices/reductions/string_quartet_plus_viole/077_caro_amoroso_neo.musicxml	0	-5	0	0	1.06578	no	no
cpdl_5_voice_quartet_plus_viole	77	Caro amoroso neo	data/cpdl/5-voices/sources/077_caro_amoroso_neo__01_gesualdo_caro_amoroso_neo.mxl	data/cpdl/5-voices/reductions/string_quartet_plus_viole/077_caro_amoroso_neo.musicxml	0	-4	5	5	0.814416	no	no
cpdl_5_voice_quartet_plus_viole	77	Caro amoroso neo	data/cpdl/5-voices/sources/077_caro_amoroso_neo__01_gesualdo_caro_amoroso_neo.mxl	data/cpdl/5-voices/reductions/string_quartet_plus_viole/077_caro_amoroso_neo.musicxml	0	-3	2	2	0.588873	no	no
cpdl_5_voice_quartet_plus_viole	77	Caro amoroso neo	data/cpdl/5-voices/sources/077_caro_amoroso_neo__01_gesualdo_caro_amoroso_neo.mxl	data/cpdl/5-voices/reductions/string_quartet_plus_viole/077_caro_amoroso_neo.musicxml	0	-2	3	3	0.526542	no	no
cpdl_5_voice_quartet_plus_viole	77	Caro amoroso neo	data/cpdl/5-voices/sources/077_caro_amoroso_neo__01_gesualdo_caro_amoroso_neo.mxl	data/cpdl/5-voices/reductions/string_quartet_plus_viole/077_caro_amoroso_neo.musicxml	0	-1	4	4	0.425586	yes	no
cpdl_5_voice_quartet_plus_viole	77	Caro amoroso neo	data/cpdl/5-voices/sources/077_caro_amoroso_neo__01_gesualdo_caro_amoroso_neo.mxl	data/cpdl/5-voices/reductions/string_quartet_plus_viole/077_caro_amoroso_neo.musicxml	0	0	1	1	0.415884	yes	yes
cpdl_5_voice_quartet_plus_viole	77	Caro amoroso neo	data/cpdl/5-voices/sources/077_caro_amoroso_neo__01_gesualdo_caro_amoroso_neo.mxl	data/cpdl/5-voices/reductions/string_quartet_plus_viole/077_caro_amoroso_neo.musicxml	0	1	6	6	0.402045	yes	no
cpdl_5_voice_quartet_plus_viole	77	Caro amoroso neo	data/cpdl/5-voices/sources/077_caro_amoroso_neo__01_gesualdo_caro_amoroso_neo.mxl	data/cpdl/5-voices/reductions/string_quartet_plus_viole/077_caro_amoroso_neo.musicxml	0	2	1	1	0.458516	yes	no
cpdl_5_voice_quartet_plus_viole	77	Caro amoroso neo	data/cpdl/5-voices/sources/077_caro_amoroso_neo__01_gesualdo_caro_amoroso_neo.mxl	data/cpdl/5-voices/reductions/string_quartet_plus_viole/077_caro_amoroso_neo.musicxml	0	3	4	4	0.492155	no	no
cpdl_5_voice_quartet_plus_viole	77	Caro amoroso neo	data/cpdl/5-voices/sources/077_caro_amoroso_neo__01_gesualdo_caro_amoroso_neo.mxl	data/cpdl/5-voices/reductions/string_quartet_plus_viole/077_caro_amoroso_neo.musicxml	0	4	3	3	0.638671	no	no
cpdl_5_voice_quartet_plus_viole	77	Caro amoroso neo	data/cpdl/5-voices/sources/077_caro_amoroso_neo__01_gesualdo_caro_amoroso_neo.mxl	data/cpdl/5-voices/reductions/string_quartet_plus_viole/077_caro_amoroso_neo.musicxml	0	5	2	2	0.86941	no	no
cpdl_5_voice_quartet_plus_viole	78	Che fai meco	data/cpdl/5-voices/sources/078_che_fai_meco__02_che_fai_meco_gesualdo.mxl	data/cpdl/5-voices/reductions/string_quartet_plus_viole/078_che_fai_meco.musicxml	2	-3	2	2	0.739081	no	no
cpdl_5_voice_quartet_plus_viole	78	Che fai meco	data/cpdl/5-voices/sources/078_che_fai_meco__02_che_fai_meco_gesualdo.mxl	data/cpdl/5-voices/reductions/string_quartet_plus_viole/078_che_fai_meco.musicxml	2	-2	3	3	0.637433	no	no
cpdl_5_voice_quartet_plus_viole	78	Che fai meco	data/cpdl/5-voices/sources/078_che_fai_meco__02_che_fai_meco_gesualdo.mxl	data/cpdl/5-voices/reductions/string_quartet_plus_viole/078_che_fai_meco.musicxml	2	-1	4	4	0.512442	no	no
cpdl_5_voice_quartet_plus_viole	78	Che fai meco	data/cpdl/5-voices/sources/078_che_fai_meco__02_che_fai_meco_gesualdo.mxl	data/cpdl/5-voices/reductions/string_quartet_plus_viole/078_che_fai_meco.musicxml	2	0	1	1	0.478338	no	no
cpdl_5_voice_quartet_plus_viole	78	Che fai meco	data/cpdl/5-voices/sources/078_che_fai_meco__02_che_fai_meco_gesualdo.mxl	data/cpdl/5-voices/reductions/string_quartet_plus_viole/078_che_fai_meco.musicxml	2	1	6	6	0.405419	yes	no
cpdl_5_voice_quartet_plus_viole	78	Che fai meco	data/cpdl/5-voices/sources/078_che_fai_meco__02_che_fai_meco_gesualdo.mxl	data/cpdl/5-voices/reductions/string_quartet_plus_viole/078_che_fai_meco.musicxml	2	2	1	1	0.396607	yes	yes
cpdl_5_voice_quartet_plus_viole	78	Che fai meco	data/cpdl/5-voices/sources/078_che_fai_meco__02_che_fai_meco_gesualdo.mxl	data/cpdl/5-voices/reductions/string_quartet_plus_viole/078_che_fai_meco.musicxml	2	3	4	4	0.410668	yes	no
cpdl_5_voice_quartet_plus_viole	78	Che fai meco	data/cpdl/5-voices/sources/078_che_fai_meco__02_che_fai_meco_gesualdo.mxl	data/cpdl/5-voices/reductions/string_quartet_plus_viole/078_che_fai_meco.musicxml	2	4	3	3	0.446555	yes	no
cpdl_5_voice_quartet_plus_viole	78	Che fai meco	data/cpdl/5-voices/sources/078_che_fai_meco__02_che_fai_meco_gesualdo.mxl	data/cpdl/5-voices/reductions/string_quartet_plus_viole/078_che_fai_meco.musicxml	2	5	2	2	0.563006	no	no
cpdl_5_voice_quartet_plus_viole	78	Che fai meco	data/cpdl/5-voices/sources/078_che_fai_meco__02_che_fai_meco_gesualdo.mxl	data/cpdl/5-voices/reductions/string_quartet_plus_viole/078_che_fai_meco.musicxml	2	6	5	5	0.628987	no	no
cpdl_5_voice_quartet_plus_viole	78	Che fai meco	data/cpdl/5-voices/sources/078_che_fai_meco__02_che_fai_meco_gesualdo.mxl	data/cpdl/5-voices/reductions/string_quartet_plus_viole/078_che_fai_meco.musicxml	2	7	0	0	0.864195	no	no
cpdl_5_voice_quartet_plus_viole	79	Che sentir deve il petto mio	data/cpdl/5-voices/sources/079_che_sentir_deve_il_petto_mio__01_5_che_sentir_deve.mid	data/cpdl/5-voices/reductions/string_quartet_plus_viole/079_che_sentir_deve_il_petto_mio.musicxml	2	-3	2	2	0.751699	no	no
cpdl_5_voice_quartet_plus_viole	79	Che sentir deve il petto mio	data/cpdl/5-voices/sources/079_che_sentir_deve_il_petto_mio__01_5_che_sentir_deve.mid	data/cpdl/5-voices/reductions/string_quartet_plus_viole/079_che_sentir_deve_il_petto_mio.musicxml	2	-2	3	3	0.666845	no	no
cpdl_5_voice_quartet_plus_viole	79	Che sentir deve il petto mio	data/cpdl/5-voices/sources/079_che_sentir_deve_il_petto_mio__01_5_che_sentir_deve.mid	data/cpdl/5-voices/reductions/string_quartet_plus_viole/079_che_sentir_deve_il_petto_mio.musicxml	2	-1	4	4	0.509751	no	no
cpdl_5_voice_quartet_plus_viole	79	Che sentir deve il petto mio	data/cpdl/5-voices/sources/079_che_sentir_deve_il_petto_mio__01_5_che_sentir_deve.mid	data/cpdl/5-voices/reductions/string_quartet_plus_viole/079_che_sentir_deve_il_petto_mio.musicxml	2	0	1	1	0.462697	no	no
cpdl_5_voice_quartet_plus_viole	79	Che sentir deve il petto mio	data/cpdl/5-voices/sources/079_che_sentir_deve_il_petto_mio__01_5_che_sentir_deve.mid	data/cpdl/5-voices/reductions/string_quartet_plus_viole/079_che_sentir_deve_il_petto_mio.musicxml	2	1	6	6	0.39926	yes	no
cpdl_5_voice_quartet_plus_viole	79	Che sentir deve il petto mio	data/cpdl/5-voices/sources/079_che_sentir_deve_il_petto_mio__01_5_che_sentir_deve.mid	data/cpdl/5-voices/reductions/string_quartet_plus_viole/079_che_sentir_deve_il_petto_mio.musicxml	2	2	1	1	0.390037	yes	yes
cpdl_5_voice_quartet_plus_viole	79	Che sentir deve il petto mio	data/cpdl/5-voices/sources/079_che_sentir_deve_il_petto_mio__01_5_che_sentir_deve.mid	data/cpdl/5-voices/reductions/string_quartet_plus_viole/079_che_sentir_deve_il_petto_mio.musicxml	2	3	4	4	0.392571	yes	no
cpdl_5_voice_quartet_plus_viole	79	Che sentir deve il petto mio	data/cpdl/5-voices/sources/079_che_sentir_deve_il_petto_mio__01_5_che_sentir_deve.mid	data/cpdl/5-voices/reductions/string_quartet_plus_viole/079_che_sentir_deve_il_petto_mio.musicxml	2	4	3	3	0.433829	yes	no
cpdl_5_voice_quartet_plus_viole	79	Che sentir deve il petto mio	data/cpdl/5-voices/sources/079_che_sentir_deve_il_petto_mio__01_5_che_sentir_deve.mid	data/cpdl/5-voices/reductions/string_quartet_plus_viole/079_che_sentir_deve_il_petto_mio.musicxml	2	5	2	2	0.55638	no	no
cpdl_5_voice_quartet_plus_viole	79	Che sentir deve il petto mio	data/cpdl/5-voices/sources/079_che_sentir_deve_il_petto_mio__01_5_che_sentir_deve.mid	data/cpdl/5-voices/reductions/string_quartet_plus_viole/079_che_sentir_deve_il_petto_mio.musicxml	2	6	5	5	0.614593	no	no
cpdl_5_voice_quartet_plus_viole	79	Che sentir deve il petto mio	data/cpdl/5-voices/sources/079_che_sentir_deve_il_petto_mio__01_5_che_sentir_deve.mid	data/cpdl/5-voices/reductions/string_quartet_plus_viole/079_che_sentir_deve_il_petto_mio.musicxml	2	7	0	0	0.89652	no	no
cpdl_5_voice_quartet_plus_viole	80	Chiaro risplender suole	data/cpdl/5-voices/sources/080_chiaro_risplender_suole__02_chiaro_risplender_suole_gesualdo.mxl	data/cpdl/5-voices/reductions/string_quartet_plus_viole/080_chiaro_risplender_suole.musicxml	0	-5	1	1	1.16594	no	no
cpdl_5_voice_quartet_plus_viole	80	Chiaro risplender suole	data/cpdl/5-voices/sources/080_chiaro_risplender_suole__02_chiaro_risplender_suole_gesualdo.mxl	data/cpdl/5-voices/reductions/string_quartet_plus_viole/080_chiaro_risplender_suole.musicxml	0	-4	4	4	1.00348	no	no
cpdl_5_voice_quartet_plus_viole	80	Chiaro risplender suole	data/cpdl/5-voices/sources/080_chiaro_risplender_suole__02_chiaro_risplender_suole_gesualdo.mxl	data/cpdl/5-voices/reductions/string_quartet_plus_viole/080_chiaro_risplender_suole.musicxml	0	-3	3	3	0.702113	no	no
cpdl_5_voice_quartet_plus_viole	80	Chiaro risplender suole	data/cpdl/5-voices/sources/080_chiaro_risplender_suole__02_chiaro_risplender_suole_gesualdo.mxl	data/cpdl/5-voices/reductions/string_quartet_plus_viole/080_chiaro_risplender_suole.musicxml	0	-2	2	2	0.614007	no	no
cpdl_5_voice_quartet_plus_viole	80	Chiaro risplender suole	data/cpdl/5-voices/sources/080_chiaro_risplender_suole__02_chiaro_risplender_suole_gesualdo.mxl	data/cpdl/5-voices/reductions/string_quartet_plus_viole/080_chiaro_risplender_suole.musicxml	0	-1	5	5	0.478622	no	no
cpdl_5_voice_quartet_plus_viole	80	Chiaro risplender suole	data/cpdl/5-voices/sources/080_chiaro_risplender_suole__02_chiaro_risplender_suole_gesualdo.mxl	data/cpdl/5-voices/reductions/string_quartet_plus_viole/080_chiaro_risplender_suole.musicxml	0	0	0	0	0.420238	yes	yes
cpdl_5_voice_quartet_plus_viole	80	Chiaro risplender suole	data/cpdl/5-voices/sources/080_chiaro_risplender_suole__02_chiaro_risplender_suole_gesualdo.mxl	data/cpdl/5-voices/reductions/string_quartet_plus_viole/080_chiaro_risplender_suole.musicxml	0	1	5	5	0.382125	yes	no
cpdl_5_voice_quartet_plus_viole	80	Chiaro risplender suole	data/cpdl/5-voices/sources/080_chiaro_risplender_suole__02_chiaro_risplender_suole_gesualdo.mxl	data/cpdl/5-voices/reductions/string_quartet_plus_viole/080_chiaro_risplender_suole.musicxml	0	2	2	2	0.380921	yes	no
cpdl_5_voice_quartet_plus_viole	80	Chiaro risplender suole	data/cpdl/5-voices/sources/080_chiaro_risplender_suole__02_chiaro_risplender_suole_gesualdo.mxl	data/cpdl/5-voices/reductions/string_quartet_plus_viole/080_chiaro_risplender_suole.musicxml	0	3	3	3	0.382459	yes	no
cpdl_5_voice_quartet_plus_viole	80	Chiaro risplender suole	data/cpdl/5-voices/sources/080_chiaro_risplender_suole__02_chiaro_risplender_suole_gesualdo.mxl	data/cpdl/5-voices/reductions/string_quartet_plus_viole/080_chiaro_risplender_suole.musicxml	0	4	4	4	0.400775	yes	no
cpdl_5_voice_quartet_plus_viole	80	Chiaro risplender suole	data/cpdl/5-voices/sources/080_chiaro_risplender_suole__02_chiaro_risplender_suole_gesualdo.mxl	data/cpdl/5-voices/reductions/string_quartet_plus_viole/080_chiaro_risplender_suole.musicxml	0	5	1	1	0.55393	no	no
cpdl_5_voice_quartet_plus_viole	81	Com'esser può ch'io viva	data/cpdl/5-voices/sources/081_com_esser_puo_ch_io_viva__01_gesualdo_come_esser_puo_ch_io_viva.mxl	data/cpdl/5-voices/reductions/string_quartet_plus_viole/081_com_esser_pu_ch_io_viva.musicxml	2	-3	2	2	0.920291	no	no
cpdl_5_voice_quartet_plus_viole	81	Com'esser può ch'io viva	data/cpdl/5-voices/sources/081_com_esser_puo_ch_io_viva__01_gesualdo_come_esser_puo_ch_io_viva.mxl	data/cpdl/5-voices/reductions/string_quartet_plus_viole/081_com_esser_pu_ch_io_viva.musicxml	2	-2	3	3	0.815877	no	no
cpdl_5_voice_quartet_plus_viole	81	Com'esser può ch'io viva	data/cpdl/5-voices/sources/081_com_esser_puo_ch_io_viva__01_gesualdo_come_esser_puo_ch_io_viva.mxl	data/cpdl/5-voices/reductions/string_quartet_plus_viole/081_com_esser_pu_ch_io_viva.musicxml	2	-1	4	4	0.612055	no	no
cpdl_5_voice_quartet_plus_viole	81	Com'esser può ch'io viva	data/cpdl/5-voices/sources/081_com_esser_puo_ch_io_viva__01_gesualdo_come_esser_puo_ch_io_viva.mxl	data/cpdl/5-voices/reductions/string_quartet_plus_viole/081_com_esser_pu_ch_io_viva.musicxml	2	0	1	1	0.511273	no	no
cpdl_5_voice_quartet_plus_viole	81	Com'esser può ch'io viva	data/cpdl/5-voices/sources/081_com_esser_puo_ch_io_viva__01_gesualdo_come_esser_puo_ch_io_viva.mxl	data/cpdl/5-voices/reductions/string_quartet_plus_viole/081_com_esser_pu_ch_io_viva.musicxml	2	1	6	6	0.424041	yes	no
cpdl_5_voice_quartet_plus_viole	81	Com'esser può ch'io viva	data/cpdl/5-voices/sources/081_com_esser_puo_ch_io_viva__01_gesualdo_come_esser_puo_ch_io_viva.mxl	data/cpdl/5-voices/reductions/string_quartet_plus_viole/081_com_esser_pu_ch_io_viva.musicxml	2	2	1	1	0.401084	yes	yes
cpdl_5_voice_quartet_plus_viole	81	Com'esser può ch'io viva	data/cpdl/5-voices/sources/081_com_esser_puo_ch_io_viva__01_gesualdo_come_esser_puo_ch_io_viva.mxl	data/cpdl/5-voices/reductions/string_quartet_plus_viole/081_com_esser_pu_ch_io_viva.musicxml	2	3	4	4	0.368572	yes	no
cpdl_5_voice_quartet_plus_viole	81	Com'esser può ch'io viva	data/cpdl/5-voices/sources/081_com_esser_puo_ch_io_viva__01_gesualdo_come_esser_puo_ch_io_viva.mxl	data/cpdl/5-voices/reductions/string_quartet_plus_viole/081_com_esser_pu_ch_io_viva.musicxml	2	4	3	3	0.367341	yes	no
cpdl_5_voice_quartet_plus_viole	81	Com'esser può ch'io viva	data/cpdl/5-voices/sources/081_com_esser_puo_ch_io_viva__01_gesualdo_come_esser_puo_ch_io_viva.mxl	data/cpdl/5-voices/reductions/string_quartet_plus_viole/081_com_esser_pu_ch_io_viva.musicxml	2	5	2	2	0.401614	yes	no
cpdl_5_voice_quartet_plus_viole	81	Com'esser può ch'io viva	data/cpdl/5-voices/sources/081_com_esser_puo_ch_io_viva__01_gesualdo_come_esser_puo_ch_io_viva.mxl	data/cpdl/5-voices/reductions/string_quartet_plus_viole/081_com_esser_pu_ch_io_viva.musicxml	2	6	5	5	0.418153	yes	no
cpdl_5_voice_quartet_plus_viole	81	Com'esser può ch'io viva	data/cpdl/5-voices/sources/081_com_esser_puo_ch_io_viva__01_gesualdo_come_esser_puo_ch_io_viva.mxl	data/cpdl/5-voices/reductions/string_quartet_plus_viole/081_com_esser_pu_ch_io_viva.musicxml	2	7	0	0	0.514299	no	no
cpdl_5_voice_quartet_plus_viole	82	Come vivrai cor mio	data/cpdl/5-voices/sources/082_come_vivrai_cor_mio__02_gesualdo_come_vivrai_cor_mio.mxl	data/cpdl/5-voices/reductions/string_quartet_plus_viole/082_come_vivrai_cor_mio.musicxml	0	-5	1	1	0.828876	no	no
cpdl_5_voice_quartet_plus_viole	82	Come vivrai cor mio	data/cpdl/5-voices/sources/082_come_vivrai_cor_mio__02_gesualdo_come_vivrai_cor_mio.mxl	data/cpdl/5-voices/reductions/string_quartet_plus_viole/082_come_vivrai_cor_mio.musicxml	0	-4	4	4	0.682189	no	no
cpdl_5_voice_quartet_plus_viole	82	Come vivrai cor mio	data/cpdl/5-voices/sources/082_come_vivrai_cor_mio__02_gesualdo_come_vivrai_cor_mio.mxl	data/cpdl/5-voices/reductions/string_quartet_plus_viole/082_come_vivrai_cor_mio.musicxml	0	-3	3	3	0.540819	no	no
cpdl_5_voice_quartet_plus_viole	82	Come vivrai cor mio	data/cpdl/5-voices/sources/082_come_vivrai_cor_mio__02_gesualdo_come_vivrai_cor_mio.mxl	data/cpdl/5-voices/reductions/string_quartet_plus_viole/082_come_vivrai_cor_mio.musicxml	0	-2	2	2	0.489616	no	no
cpdl_5_voice_quartet_plus_viole	82	Come vivrai cor mio	data/cpdl/5-voices/sources/082_come_vivrai_cor_mio__02_gesualdo_come_vivrai_cor_mio.mxl	data/cpdl/5-voices/reductions/string_quartet_plus_viole/082_come_vivrai_cor_mio.musicxml	0	-1	5	5	0.423937	yes	no
cpdl_5_voice_quartet_plus_viole	82	Come vivrai cor mio	data/cpdl/5-voices/sources/082_come_vivrai_cor_mio__02_gesualdo_come_vivrai_cor_mio.mxl	data/cpdl/5-voices/reductions/string_quartet_plus_viole/082_come_vivrai_cor_mio.musicxml	0	0	0	0	0.394427	yes	yes
cpdl_5_voice_quartet_plus_viole	82	Come vivrai cor mio	data/cpdl/5-voices/sources/082_come_vivrai_cor_mio__02_gesualdo_come_vivrai_cor_mio.mxl	data/cpdl/5-voices/reductions/string_quartet_plus_viole/082_come_vivrai_cor_mio.musicxml	0	1	5	5	0.409374	yes	no
cpdl_5_voice_quartet_plus_viole	82	Come vivrai cor mio	data/cpdl/5-voices/sources/082_come_vivrai_cor_mio__02_gesualdo_come_vivrai_cor_mio.mxl	data/cpdl/5-voices/reductions/string_quartet_plus_viole/082_come_vivrai_cor_mio.musicxml	0	2	2	2	0.382366	yes	no
cpdl_5_voice_quartet_plus_viole	82	Come vivrai cor mio	data/cpdl/5-voices/sources/082_come_vivrai_cor_mio__02_gesualdo_come_vivrai_cor_mio.mxl	data/cpdl/5-voices/reductions/string_quartet_plus_viole/082_come_vivrai_cor_mio.musicxml	0	3	3	3	0.457313	no	no
cpdl_5_voice_quartet_plus_viole	82	Come vivrai cor mio	data/cpdl/5-voices/sources/082_come_vivrai_cor_mio__02_gesualdo_come_vivrai_cor_mio.mxl	data/cpdl/5-voices/reductions/string_quartet_plus_viole/082_come_vivrai_cor_mio.musicxml	0	4	4	4	0.527553	no	no
cpdl_5_voice_quartet_plus_viole	82	Come vivrai cor mio	data/cpdl/5-voices/sources/082_come_vivrai_cor_mio__02_gesualdo_come_vivrai_cor_mio.mxl	data/cpdl/5-voices/reductions/string_quartet_plus_viole/082_come_vivrai_cor_mio.musicxml	0	5	1	1	0.678167	no	no
cpdl_5_voice_quartet_plus_viole	83	Cor mio, deh, non piangete	data/cpdl/5-voices/sources/083_cor_mio_deh_non_piangete__02_cor_mio_deh_gesualdo.mxl	data/cpdl/5-voices/reductions/string_quartet_plus_viole/083_cor_mio_deh_non_piangete.musicxml	5	0	0	0	0.684069	no	no
cpdl_5_voice_quartet_plus_viole	83	Cor mio, deh, non piangete	data/cpdl/5-voices/sources/083_cor_mio_deh_non_piangete__02_cor_mio_deh_gesualdo.mxl	data/cpdl/5-voices/reductions/string_quartet_plus_viole/083_cor_mio_deh_non_piangete.musicxml	5	1	5	5	0.578159	no	no
cpdl_5_voice_quartet_plus_viole	83	Cor mio, deh, non piangete	data/cpdl/5-voices/sources/083_cor_mio_deh_non_piangete__02_cor_mio_deh_gesualdo.mxl	data/cpdl/5-voices/reductions/string_quartet_plus_viole/083_cor_mio_deh_non_piangete.musicxml	5	2	2	2	0.440928	no	no
cpdl_5_voice_quartet_plus_viole	83	Cor mio, deh, non piangete	data/cpdl/5-voices/sources/083_cor_mio_deh_non_piangete__02_cor_mio_deh_gesualdo.mxl	data/cpdl/5-voices/reductions/string_quartet_plus_viole/083_cor_mio_deh_non_piangete.musicxml	5	3	3	3	0.407786	yes	no
cpdl_5_voice_quartet_plus_viole	83	Cor mio, deh, non piangete	data/cpdl/5-voices/sources/083_cor_mio_deh_non_piangete__02_cor_mio_deh_gesualdo.mxl	data/cpdl/5-voices/reductions/string_quartet_plus_viole/083_cor_mio_deh_non_piangete.musicxml	5	4	4	4	0.352254	yes	no
cpdl_5_voice_quartet_plus_viole	83	Cor mio, deh, non piangete	data/cpdl/5-voices/sources/083_cor_mio_deh_non_piangete__02_cor_mio_deh_gesualdo.mxl	data/cpdl/5-voices/reductions/string_quartet_plus_viole/083_cor_mio_deh_non_piangete.musicxml	5	5	1	1	0.383859	yes	yes
cpdl_5_voice_quartet_plus_viole	83	Cor mio, deh, non piangete	data/cpdl/5-voices/sources/083_cor_mio_deh_non_piangete__02_cor_mio_deh_gesualdo.mxl	data/cpdl/5-voices/reductions/string_quartet_plus_viole/083_cor_mio_deh_non_piangete.musicxml	5	6	6	6	0.397508	yes	no
cpdl_5_voice_quartet_plus_viole	83	Cor mio, deh, non piangete	data/cpdl/5-voices/sources/083_cor_mio_deh_non_piangete__02_cor_mio_deh_gesualdo.mxl	data/cpdl/5-voices/reductions/string_quartet_plus_viole/083_cor_mio_deh_non_piangete.musicxml	5	7	1	1	0.44812	no	no
cpdl_5_voice_quartet_plus_viole	83	Cor mio, deh, non piangete	data/cpdl/5-voices/sources/083_cor_mio_deh_non_piangete__02_cor_mio_deh_gesualdo.mxl	data/cpdl/5-voices/reductions/string_quartet_plus_viole/083_cor_mio_deh_non_piangete.musicxml	5	8	4	4	0.482776	no	no
cpdl_5_voice_quartet_plus_viole	83	Cor mio, deh, non piangete	data/cpdl/5-voices/sources/083_cor_mio_deh_non_piangete__02_cor_mio_deh_gesualdo.mxl	data/cpdl/5-voices/reductions/string_quartet_plus_viole/083_cor_mio_deh_non_piangete.musicxml	5	9	3	3	0.582056	no	no
cpdl_5_voice_quartet_plus_viole	83	Cor mio, deh, non piangete	data/cpdl/5-voices/sources/083_cor_mio_deh_non_piangete__02_cor_mio_deh_gesualdo.mxl	data/cpdl/5-voices/reductions/string_quartet_plus_viole/083_cor_mio_deh_non_piangete.musicxml	5	10	2	2	0.844254	no	no
cpdl_5_voice_quartet_plus_viole	84	Correte, amanti, a prova	data/cpdl/5-voices/sources/084_correte_amanti_a_prova__02_gesu_13cor.mxl	data/cpdl/5-voices/reductions/string_quartet_plus_viole/084_correte_amanti_a_prova.musicxml	0	-5	1	1	0.828073	no	no
cpdl_5_voice_quartet_plus_viole	84	Correte, amanti, a prova	data/cpdl/5-voices/sources/084_correte_amanti_a_prova__02_gesu_13cor.mxl	data/cpdl/5-voices/reductions/string_quartet_plus_viole/084_correte_amanti_a_prova.musicxml	0	-4	4	4	0.721033	no	no
cpdl_5_voice_quartet_plus_viole	84	Correte, amanti, a prova	data/cpdl/5-voices/sources/084_correte_amanti_a_prova__02_gesu_13cor.mxl	data/cpdl/5-voices/reductions/string_quartet_plus_viole/084_correte_amanti_a_prova.musicxml	0	-3	3	3	0.541189	no	no
cpdl_5_voice_quartet_plus_viole	84	Correte, amanti, a prova	data/cpdl/5-voices/sources/084_correte_amanti_a_prova__02_gesu_13cor.mxl	data/cpdl/5-voices/reductions/string_quartet_plus_viole/084_correte_amanti_a_prova.musicxml	0	-2	2	2	0.485615	no	no
cpdl_5_voice_quartet_plus_viole	84	Correte, amanti, a prova	data/cpdl/5-voices/sources/084_correte_amanti_a_prova__02_gesu_13cor.mxl	data/cpdl/5-voices/reductions/string_quartet_plus_viole/084_correte_amanti_a_prova.musicxml	0	-1	5	5	0.384011	yes	no
cpdl_5_voice_quartet_plus_viole	84	Correte, amanti, a prova	data/cpdl/5-voices/sources/084_correte_amanti_a_prova__02_gesu_13cor.mxl	data/cpdl/5-voices/reductions/string_quartet_plus_viole/084_correte_amanti_a_prova.musicxml	0	0	0	0	0.371605	yes	yes
cpdl_5_voice_quartet_plus_viole	84	Correte, amanti, a prova	data/cpdl/5-voices/sources/084_correte_amanti_a_prova__02_gesu_13cor.mxl	data/cpdl/5-voices/reductions/string_quartet_plus_viole/084_correte_amanti_a_prova.musicxml	0	1	5	5	0.380163	yes	no
cpdl_5_voice_quartet_plus_viole	84	Correte, amanti, a prova	data/cpdl/5-voices/sources/084_correte_amanti_a_prova__02_gesu_13cor.mxl	data/cpdl/5-voices/reductions/string_quartet_plus_viole/084_correte_amanti_a_prova.musicxml	0	2	2	2	0.507008	no	no
cpdl_5_voice_quartet_plus_viole	84	Correte, amanti, a prova	data/cpdl/5-voices/sources/084_correte_amanti_a_prova__02_gesu_13cor.mxl	data/cpdl/5-voices/reductions/string_quartet_plus_viole/084_correte_amanti_a_prova.musicxml	0	3	3	3	0.550309	no	no
cpdl_5_voice_quartet_plus_viole	84	Correte, amanti, a prova	data/cpdl/5-voices/sources/084_correte_amanti_a_prova__02_gesu_13cor.mxl	data/cpdl/5-voices/reductions/string_quartet_plus_viole/084_correte_amanti_a_prova.musicxml	0	4	4	4	0.620852	no	no
cpdl_5_voice_quartet_plus_viole	84	Correte, amanti, a prova	data/cpdl/5-voices/sources/084_correte_amanti_a_prova__02_gesu_13cor.mxl	data/cpdl/5-voices/reductions/string_quartet_plus_viole/084_correte_amanti_a_prova.musicxml	0	5	1	1	0.864385	no	no
cpdl_5_voice_quartet_plus_viole	86	Dalle odorate spoglie	data/cpdl/5-voices/sources/086_dalle_odorate_spoglie__02_dalle_odorate_spoglie_gesualdo.mxl	data/cpdl/5-voices/reductions/string_quartet_plus_viole/086_dalle_odorate_spoglie.musicxml	0	-5	1	1	1.18192	no	no
cpdl_5_voice_quartet_plus_viole	86	Dalle odorate spoglie	data/cpdl/5-voices/sources/086_dalle_odorate_spoglie__02_dalle_odorate_spoglie_gesualdo.mxl	data/cpdl/5-voices/reductions/string_quartet_plus_viole/086_dalle_odorate_spoglie.musicxml	0	-4	4	4	1.0174	no	no
cpdl_5_voice_quartet_plus_viole	86	Dalle odorate spoglie	data/cpdl/5-voices/sources/086_dalle_odorate_spoglie__02_dalle_odorate_spoglie_gesualdo.mxl	data/cpdl/5-voices/reductions/string_quartet_plus_viole/086_dalle_odorate_spoglie.musicxml	0	-3	3	3	0.61751	no	no
cpdl_5_voice_quartet_plus_viole	86	Dalle odorate spoglie	data/cpdl/5-voices/sources/086_dalle_odorate_spoglie__02_dalle_odorate_spoglie_gesualdo.mxl	data/cpdl/5-voices/reductions/string_quartet_plus_viole/086_dalle_odorate_spoglie.musicxml	0	-2	2	2	0.524219	no	no
cpdl_5_voice_quartet_plus_viole	86	Dalle odorate spoglie	data/cpdl/5-voices/sources/086_dalle_odorate_spoglie__02_dalle_odorate_spoglie_gesualdo.mxl	data/cpdl/5-voices/reductions/string_quartet_plus_viole/086_dalle_odorate_spoglie.musicxml	0	-1	5	5	0.413789	yes	no
cpdl_5_voice_quartet_plus_viole	86	Dalle odorate spoglie	data/cpdl/5-voices/sources/086_dalle_odorate_spoglie__02_dalle_odorate_spoglie_gesualdo.mxl	data/cpdl/5-voices/reductions/string_quartet_plus_viole/086_dalle_odorate_spoglie.musicxml	0	0	0	0	0.403348	yes	yes
cpdl_5_voice_quartet_plus_viole	86	Dalle odorate spoglie	data/cpdl/5-voices/sources/086_dalle_odorate_spoglie__02_dalle_odorate_spoglie_gesualdo.mxl	data/cpdl/5-voices/reductions/string_quartet_plus_viole/086_dalle_odorate_spoglie.musicxml	0	1	5	5	0.397228	yes	no
cpdl_5_voice_quartet_plus_viole	86	Dalle odorate spoglie	data/cpdl/5-voices/sources/086_dalle_odorate_spoglie__02_dalle_odorate_spoglie_gesualdo.mxl	data/cpdl/5-voices/reductions/string_quartet_plus_viole/086_dalle_odorate_spoglie.musicxml	0	2	2	2	0.4657	no	no
cpdl_5_voice_quartet_plus_viole	86	Dalle odorate spoglie	data/cpdl/5-voices/sources/086_dalle_odorate_spoglie__02_dalle_odorate_spoglie_gesualdo.mxl	data/cpdl/5-voices/reductions/string_quartet_plus_viole/086_dalle_odorate_spoglie.musicxml	0	3	3	3	0.541827	no	no
cpdl_5_voice_quartet_plus_viole	86	Dalle odorate spoglie	data/cpdl/5-voices/sources/086_dalle_odorate_spoglie__02_dalle_odorate_spoglie_gesualdo.mxl	data/cpdl/5-voices/reductions/string_quartet_plus_viole/086_dalle_odorate_spoglie.musicxml	0	4	4	4	0.626171	no	no
cpdl_5_voice_quartet_plus_viole	86	Dalle odorate spoglie	data/cpdl/5-voices/sources/086_dalle_odorate_spoglie__02_dalle_odorate_spoglie_gesualdo.mxl	data/cpdl/5-voices/reductions/string_quartet_plus_viole/086_dalle_odorate_spoglie.musicxml	0	5	1	1	0.884887	no	no
cpdl_5_voice_quartet_plus_viole	87	Deh coprite il bel seno	data/cpdl/5-voices/sources/087_deh_coprite_il_bel_seno__02_gesu_16de.mxl	data/cpdl/5-voices/reductions/string_quartet_plus_viole/087_deh_coprite_il_bel_seno.musicxml	0	-5	1	1	1.17447	no	no
cpdl_5_voice_quartet_plus_viole	87	Deh coprite il bel seno	data/cpdl/5-voices/sources/087_deh_coprite_il_bel_seno__02_gesu_16de.mxl	data/cpdl/5-voices/reductions/string_quartet_plus_viole/087_deh_coprite_il_bel_seno.musicxml	0	-4	4	4	0.976126	no	no
cpdl_5_voice_quartet_plus_viole	87	Deh coprite il bel seno	data/cpdl/5-voices/sources/087_deh_coprite_il_bel_seno__02_gesu_16de.mxl	data/cpdl/5-voices/reductions/string_quartet_plus_viole/087_deh_coprite_il_bel_seno.musicxml	0	-3	3	3	0.669883	no	no
cpdl_5_voice_quartet_plus_viole	87	Deh coprite il bel seno	data/cpdl/5-voices/sources/087_deh_coprite_il_bel_seno__02_gesu_16de.mxl	data/cpdl/5-voices/reductions/string_quartet_plus_viole/087_deh_coprite_il_bel_seno.musicxml	0	-2	2	2	0.555489	no	no
cpdl_5_voice_quartet_plus_viole	87	Deh coprite il bel seno	data/cpdl/5-voices/sources/087_deh_coprite_il_bel_seno__02_gesu_16de.mxl	data/cpdl/5-voices/reductions/string_quartet_plus_viole/087_deh_coprite_il_bel_seno.musicxml	0	-1	5	5	0.456167	no	no
cpdl_5_voice_quartet_plus_viole	87	Deh coprite il bel seno	data/cpdl/5-voices/sources/087_deh_coprite_il_bel_seno__02_gesu_16de.mxl	data/cpdl/5-voices/reductions/string_quartet_plus_viole/087_deh_coprite_il_bel_seno.musicxml	0	0	0	0	0.374987	yes	yes
cpdl_5_voice_quartet_plus_viole	87	Deh coprite il bel seno	data/cpdl/5-voices/sources/087_deh_coprite_il_bel_seno__02_gesu_16de.mxl	data/cpdl/5-voices/reductions/string_quartet_plus_viole/087_deh_coprite_il_bel_seno.musicxml	0	1	5	5	0.344448	yes	no
cpdl_5_voice_quartet_plus_viole	87	Deh coprite il bel seno	data/cpdl/5-voices/sources/087_deh_coprite_il_bel_seno__02_gesu_16de.mxl	data/cpdl/5-voices/reductions/string_quartet_plus_viole/087_deh_coprite_il_bel_seno.musicxml	0	2	2	2	0.362964	yes	no
cpdl_5_voice_quartet_plus_viole	87	Deh coprite il bel seno	data/cpdl/5-voices/sources/087_deh_coprite_il_bel_seno__02_gesu_16de.mxl	data/cpdl/5-voices/reductions/string_quartet_plus_viole/087_deh_coprite_il_bel_seno.musicxml	0	3	3	3	0.385149	yes	no
cpdl_5_voice_quartet_plus_viole	87	Deh coprite il bel seno	data/cpdl/5-voices/sources/087_deh_coprite_il_bel_seno__02_gesu_16de.mxl	data/cpdl/5-voices/reductions/string_quartet_plus_viole/087_deh_coprite_il_bel_seno.musicxml	0	4	4	4	0.434788	no	no
cpdl_5_voice_quartet_plus_viole	87	Deh coprite il bel seno	data/cpdl/5-voices/sources/087_deh_coprite_il_bel_seno__02_gesu_16de.mxl	data/cpdl/5-voices/reductions/string_quartet_plus_viole/087_deh_coprite_il_bel_seno.musicxml	0	5	1	1	0.537188	no	no
cpdl_5_voice_quartet_plus_viole	88	Deh, come invan sospiro	data/cpdl/5-voices/sources/088_deh_come_invan_sospiro__02_deh_come_invan_gesualdo.mxl	data/cpdl/5-voices/reductions/string_quartet_plus_viole/088_deh_come_invan_sospiro.musicxml	0	-5	1	1	1.2445	no	no
cpdl_5_voice_quartet_plus_viole	88	Deh, come invan sospiro	data/cpdl/5-voices/sources/088_deh_come_invan_sospiro__02_deh_come_invan_gesualdo.mxl	data/cpdl/5-voices/reductions/string_quartet_plus_viole/088_deh_come_invan_sospiro.musicxml	0	-4	4	4	1.00778	no	no
cpdl_5_voice_quartet_plus_viole	88	Deh, come invan sospiro	data/cpdl/5-voices/sources/088_deh_come_invan_sospiro__02_deh_come_invan_gesualdo.mxl	data/cpdl/5-voices/reductions/string_quartet_plus_viole/088_deh_come_invan_sospiro.musicxml	0	-3	3	3	0.652918	no	no
cpdl_5_voice_quartet_plus_viole	88	Deh, come invan sospiro	data/cpdl/5-voices/sources/088_deh_come_invan_sospiro__02_deh_come_invan_gesualdo.mxl	data/cpdl/5-voices/reductions/string_quartet_plus_viole/088_deh_come_invan_sospiro.musicxml	0	-2	2	2	0.504551	no	no
cpdl_5_voice_quartet_plus_viole	88	Deh, come invan sospiro	data/cpdl/5-voices/sources/088_deh_come_invan_sospiro__02_deh_come_invan_gesualdo.mxl	data/cpdl/5-voices/reductions/string_quartet_plus_viole/088_deh_come_invan_sospiro.musicxml	0	-1	5	5	0.380116	no	no
cpdl_5_voice_quartet_plus_viole	88	Deh, come invan sospiro	data/cpdl/5-voices/sources/088_deh_come_invan_sospiro__02_deh_come_invan_gesualdo.mxl	data/cpdl/5-voices/reductions/string_quartet_plus_viole/088_deh_come_invan_sospiro.musicxml	0	0	0	0	0.328975	yes	yes
cpdl_5_voice_quartet_plus_viole	88	Deh, come invan sospiro	data/cpdl/5-voices/sources/088_deh_come_invan_sospiro__02_deh_come_invan_gesualdo.mxl	data/cpdl/5-voices/reductions/string_quartet_plus_viole/088_deh_come_invan_sospiro.musicxml	0	1	5	5	0.316507	yes	no
cpdl_5_voice_quartet_plus_viole	88	Deh, come invan sospiro	data/cpdl/5-voices/sources/088_deh_come_invan_sospiro__02_deh_come_invan_gesualdo.mxl	data/cpdl/5-voices/reductions/string_quartet_plus_viole/088_deh_come_invan_sospiro.musicxml	0	2	2	2	0.303126	yes	no
cpdl_5_voice_quartet_plus_viole	88	Deh, come invan sospiro	data/cpdl/5-voices/sources/088_deh_come_invan_sospiro__02_deh_come_invan_gesualdo.mxl	data/cpdl/5-voices/reductions/string_quartet_plus_viole/088_deh_come_invan_sospiro.musicxml	0	3	3	3	0.315027	yes	no
cpdl_5_voice_quartet_plus_viole	88	Deh, come invan sospiro	data/cpdl/5-voices/sources/088_deh_come_invan_sospiro__02_deh_come_invan_gesualdo.mxl	data/cpdl/5-voices/reductions/string_quartet_plus_viole/088_deh_come_invan_sospiro.musicxml	0	4	4	4	0.327305	yes	no
cpdl_5_voice_quartet_plus_viole	88	Deh, come invan sospiro	data/cpdl/5-voices/sources/088_deh_come_invan_sospiro__02_deh_come_invan_gesualdo.mxl	data/cpdl/5-voices/reductions/string_quartet_plus_viole/088_deh_come_invan_sospiro.musicxml	0	5	1	1	0.349611	yes	no
cpdl_5_voice_quartet_plus_viole	90	Del bel de bei vostri occhi	data/cpdl/5-voices/sources/090_del_bel_de_bei_vostri_occhi__01_gesualdo_del_bel_de_bei_vostri_occhi.mxl	data/cpdl/5-voices/reductions/string_quartet_plus_viole/090_del_bel_de_bei_vostri_occhi.musicxml	0	-5	1	1	1.20914	no	no
cpdl_5_voice_quartet_plus_viole	90	Del bel de bei vostri occhi	data/cpdl/5-voices/sources/090_del_bel_de_bei_vostri_occhi__01_gesualdo_del_bel_de_bei_vostri_occhi.mxl	data/cpdl/5-voices/reductions/string_quartet_plus_viole/090_del_bel_de_bei_vostri_occhi.musicxml	0	-4	4	4	1.02307	no	no
cpdl_5_voice_quartet_plus_viole	90	Del bel de bei vostri occhi	data/cpdl/5-voices/sources/090_del_bel_de_bei_vostri_occhi__01_gesualdo_del_bel_de_bei_vostri_occhi.mxl	data/cpdl/5-voices/reductions/string_quartet_plus_viole/090_del_bel_de_bei_vostri_occhi.musicxml	0	-3	3	3	0.652221	no	no
cpdl_5_voice_quartet_plus_viole	90	Del bel de bei vostri occhi	data/cpdl/5-voices/sources/090_del_bel_de_bei_vostri_occhi__01_gesualdo_del_bel_de_bei_vostri_occhi.mxl	data/cpdl/5-voices/reductions/string_quartet_plus_viole/090_del_bel_de_bei_vostri_occhi.musicxml	0	-2	2	2	0.516411	no	no
cpdl_5_voice_quartet_plus_viole	90	Del bel de bei vostri occhi	data/cpdl/5-voices/sources/090_del_bel_de_bei_vostri_occhi__01_gesualdo_del_bel_de_bei_vostri_occhi.mxl	data/cpdl/5-voices/reductions/string_quartet_plus_viole/090_del_bel_de_bei_vostri_occhi.musicxml	0	-1	5	5	0.393557	no	no
cpdl_5_voice_quartet_plus_viole	90	Del bel de bei vostri occhi	data/cpdl/5-voices/sources/090_del_bel_de_bei_vostri_occhi__01_gesualdo_del_bel_de_bei_vostri_occhi.mxl	data/cpdl/5-voices/reductions/string_quartet_plus_viole/090_del_bel_de_bei_vostri_occhi.musicxml	0	0	0	0	0.335929	yes	yes
cpdl_5_voice_quartet_plus_viole	90	Del bel de bei vostri occhi	data/cpdl/5-voices/sources/090_del_bel_de_bei_vostri_occhi__01_gesualdo_del_bel_de_bei_vostri_occhi.mxl	data/cpdl/5-voices/reductions/string_quartet_plus_viole/090_del_bel_de_bei_vostri_occhi.musicxml	0	1	5	5	0.310218	yes	no
cpdl_5_voice_quartet_plus_viole	90	Del bel de bei vostri occhi	data/cpdl/5-voices/sources/090_del_bel_de_bei_vostri_occhi__01_gesualdo_del_bel_de_bei_vostri_occhi.mxl	data/cpdl/5-voices/reductions/string_quartet_plus_viole/090_del_bel_de_bei_vostri_occhi.musicxml	0	2	2	2	0.308642	yes	no
cpdl_5_voice_quartet_plus_viole	90	Del bel de bei vostri occhi	data/cpdl/5-voices/sources/090_del_bel_de_bei_vostri_occhi__01_gesualdo_del_bel_de_bei_vostri_occhi.mxl	data/cpdl/5-voices/reductions/string_quartet_plus_viole/090_del_bel_de_bei_vostri_occhi.musicxml	0	3	3	3	0.321222	yes	no
cpdl_5_voice_quartet_plus_viole	90	Del bel de bei vostri occhi	data/cpdl/5-voices/sources/090_del_bel_de_bei_vostri_occhi__01_gesualdo_del_bel_de_bei_vostri_occhi.mxl	data/cpdl/5-voices/reductions/string_quartet_plus_viole/090_del_bel_de_bei_vostri_occhi.musicxml	0	4	4	4	0.345591	yes	no
cpdl_5_voice_quartet_plus_viole	90	Del bel de bei vostri occhi	data/cpdl/5-voices/sources/090_del_bel_de_bei_vostri_occhi__01_gesualdo_del_bel_de_bei_vostri_occhi.mxl	data/cpdl/5-voices/reductions/string_quartet_plus_viole/090_del_bel_de_bei_vostri_occhi.musicxml	0	5	1	1	0.421556	no	no
cpdl_5_voice_quartet_plus_viole	91	Dolce spirto d'amore	data/cpdl/5-voices/sources/091_dolce_spirto_d_amore__01_gesualdo_dolce_spirto_d_amore.mxl	data/cpdl/5-voices/reductions/string_quartet_plus_viole/091_dolce_spirto_d_amore.musicxml	2	-3	2	2	0.661081	no	no
cpdl_5_voice_quartet_plus_viole	91	Dolce spirto d'amore	data/cpdl/5-voices/sources/091_dolce_spirto_d_amore__01_gesualdo_dolce_spirto_d_amore.mxl	data/cpdl/5-voices/reductions/string_quartet_plus_viole/091_dolce_spirto_d_amore.musicxml	2	-2	3	3	0.569394	no	no
cpdl_5_voice_quartet_plus_viole	91	Dolce spirto d'amore	data/cpdl/5-voices/sources/091_dolce_spirto_d_amore__01_gesualdo_dolce_spirto_d_amore.mxl	data/cpdl/5-voices/reductions/string_quartet_plus_viole/091_dolce_spirto_d_amore.musicxml	2	-1	4	4	0.414297	no	no
cpdl_5_voice_quartet_plus_viole	91	Dolce spirto d'amore	data/cpdl/5-voices/sources/091_dolce_spirto_d_amore__01_gesualdo_dolce_spirto_d_amore.mxl	data/cpdl/5-voices/reductions/string_quartet_plus_viole/091_dolce_spirto_d_amore.musicxml	2	0	1	1	0.370632	yes	no
cpdl_5_voice_quartet_plus_viole	91	Dolce spirto d'amore	data/cpdl/5-voices/sources/091_dolce_spirto_d_amore__01_gesualdo_dolce_spirto_d_amore.mxl	data/cpdl/5-voices/reductions/string_quartet_plus_viole/091_dolce_spirto_d_amore.musicxml	2	1	6	6	0.345151	yes	no
cpdl_5_voice_quartet_plus_viole	91	Dolce spirto d'amore	data/cpdl/5-voices/sources/091_dolce_spirto_d_amore__01_gesualdo_dolce_spirto_d_amore.mxl	data/cpdl/5-voices/reductions/string_quartet_plus_viole/091_dolce_spirto_d_amore.musicxml	2	2	1	1	0.347836	yes	yes
cpdl_5_voice_quartet_plus_viole	91	Dolce spirto d'amore	data/cpdl/5-voices/sources/091_dolce_spirto_d_amore__01_gesualdo_dolce_spirto_d_amore.mxl	data/cpdl/5-voices/reductions/string_quartet_plus_viole/091_dolce_spirto_d_amore.musicxml	2	3	4	4	0.360303	yes	no
cpdl_5_voice_quartet_plus_viole	91	Dolce spirto d'amore	data/cpdl/5-voices/sources/091_dolce_spirto_d_amore__01_gesualdo_dolce_spirto_d_amore.mxl	data/cpdl/5-voices/reductions/string_quartet_plus_viole/091_dolce_spirto_d_amore.musicxml	2	4	3	3	0.447891	no	no
cpdl_5_voice_quartet_plus_viole	91	Dolce spirto d'amore	data/cpdl/5-voices/sources/091_dolce_spirto_d_amore__01_gesualdo_dolce_spirto_d_amore.mxl	data/cpdl/5-voices/reductions/string_quartet_plus_viole/091_dolce_spirto_d_amore.musicxml	2	5	2	2	0.591837	no	no
cpdl_5_voice_quartet_plus_viole	91	Dolce spirto d'amore	data/cpdl/5-voices/sources/091_dolce_spirto_d_amore__01_gesualdo_dolce_spirto_d_amore.mxl	data/cpdl/5-voices/reductions/string_quartet_plus_viole/091_dolce_spirto_d_amore.musicxml	2	6	5	5	0.650803	no	no
cpdl_5_voice_quartet_plus_viole	91	Dolce spirto d'amore	data/cpdl/5-voices/sources/091_dolce_spirto_d_amore__01_gesualdo_dolce_spirto_d_amore.mxl	data/cpdl/5-voices/reductions/string_quartet_plus_viole/091_dolce_spirto_d_amore.musicxml	2	7	0	0	0.880542	no	no
cpdl_5_voice_quartet_plus_viole	92	Dolcissima mia vita	data/cpdl/5-voices/sources/092_dolcissima_mia_vita__02_dolcissima_mia_vita_gesualdo.mxl	data/cpdl/5-voices/reductions/string_quartet_plus_viole/092_dolcissima_mia_vita.musicxml	2	-3	2	2	0.665522	no	no
cpdl_5_voice_quartet_plus_viole	92	Dolcissima mia vita	data/cpdl/5-voices/sources/092_dolcissima_mia_vita__02_dolcissima_mia_vita_gesualdo.mxl	data/cpdl/5-voices/reductions/string_quartet_plus_viole/092_dolcissima_mia_vita.musicxml	2	-2	3	3	0.579025	no	no
cpdl_5_voice_quartet_plus_viole	92	Dolcissima mia vita	data/cpdl/5-voices/sources/092_dolcissima_mia_vita__02_dolcissima_mia_vita_gesualdo.mxl	data/cpdl/5-voices/reductions/string_quartet_plus_viole/092_dolcissima_mia_vita.musicxml	2	-1	4	4	0.390191	no	no
cpdl_5_voice_quartet_plus_viole	92	Dolcissima mia vita	data/cpdl/5-voices/sources/092_dolcissima_mia_vita__02_dolcissima_mia_vita_gesualdo.mxl	data/cpdl/5-voices/reductions/string_quartet_plus_viole/092_dolcissima_mia_vita.musicxml	2	0	1	1	0.341486	yes	no
cpdl_5_voice_quartet_plus_viole	92	Dolcissima mia vita	data/cpdl/5-voices/sources/092_dolcissima_mia_vita__02_dolcissima_mia_vita_gesualdo.mxl	data/cpdl/5-voices/reductions/string_quartet_plus_viole/092_dolcissima_mia_vita.musicxml	2	1	6	6	0.312574	yes	no
cpdl_5_voice_quartet_plus_viole	92	Dolcissima mia vita	data/cpdl/5-voices/sources/092_dolcissima_mia_vita__02_dolcissima_mia_vita_gesualdo.mxl	data/cpdl/5-voices/reductions/string_quartet_plus_viole/092_dolcissima_mia_vita.musicxml	2	2	1	1	0.305266	yes	yes
cpdl_5_voice_quartet_plus_viole	92	Dolcissima mia vita	data/cpdl/5-voices/sources/092_dolcissima_mia_vita__02_dolcissima_mia_vita_gesualdo.mxl	data/cpdl/5-voices/reductions/string_quartet_plus_viole/092_dolcissima_mia_vita.musicxml	2	3	4	4	0.322474	yes	no
cpdl_5_voice_quartet_plus_viole	92	Dolcissima mia vita	data/cpdl/5-voices/sources/092_dolcissima_mia_vita__02_dolcissima_mia_vita_gesualdo.mxl	data/cpdl/5-voices/reductions/string_quartet_plus_viole/092_dolcissima_mia_vita.musicxml	2	4	3	3	0.394407	no	no
cpdl_5_voice_quartet_plus_viole	92	Dolcissima mia vita	data/cpdl/5-voices/sources/092_dolcissima_mia_vita__02_dolcissima_mia_vita_gesualdo.mxl	data/cpdl/5-voices/reductions/string_quartet_plus_viole/092_dolcissima_mia_vita.musicxml	2	5	2	2	0.454925	no	no
cpdl_5_voice_quartet_plus_viole	92	Dolcissima mia vita	data/cpdl/5-voices/sources/092_dolcissima_mia_vita__02_dolcissima_mia_vita_gesualdo.mxl	data/cpdl/5-voices/reductions/string_quartet_plus_viole/092_dolcissima_mia_vita.musicxml	2	6	5	5	0.503342	no	no
cpdl_5_voice_quartet_plus_viole	92	Dolcissima mia vita	data/cpdl/5-voices/sources/092_dolcissima_mia_vita__02_dolcissima_mia_vita_gesualdo.mxl	data/cpdl/5-voices/reductions/string_quartet_plus_viole/092_dolcissima_mia_vita.musicxml	2	7	0	0	0.646016	no	no
cpdl_5_voice_quartet_plus_viole	93	Dolcissimo sospiro	data/cpdl/5-voices/sources/093_dolcissimo_sospiro__01_gesualdo_dolcissimo_sospiro.mxl	data/cpdl/5-voices/reductions/string_quartet_plus_viole/093_dolcissimo_sospiro.musicxml	2	-3	2	2	0.675215	no	no
cpdl_5_voice_quartet_plus_viole	93	Dolcissimo sospiro	data/cpdl/5-voices/sources/093_dolcissimo_sospiro__01_gesualdo_dolcissimo_sospiro.mxl	data/cpdl/5-voices/reductions/string_quartet_plus_viole/093_dolcissimo_sospiro.musicxml	2	-2	3	3	0.588562	no	no
cpdl_5_voice_quartet_plus_viole	93	Dolcissimo sospiro	data/cpdl/5-voices/sources/093_dolcissimo_sospiro__01_gesualdo_dolcissimo_sospiro.mxl	data/cpdl/5-voices/reductions/string_quartet_plus_viole/093_dolcissimo_sospiro.musicxml	2	-1	4	4	0.439363	no	no
cpdl_5_voice_quartet_plus_viole	93	Dolcissimo sospiro	data/cpdl/5-voices/sources/093_dolcissimo_sospiro__01_gesualdo_dolcissimo_sospiro.mxl	data/cpdl/5-voices/reductions/string_quartet_plus_viole/093_dolcissimo_sospiro.musicxml	2	0	1	1	0.405987	yes	no
cpdl_5_voice_quartet_plus_viole	93	Dolcissimo sospiro	data/cpdl/5-voices/sources/093_dolcissimo_sospiro__01_gesualdo_dolcissimo_sospiro.mxl	data/cpdl/5-voices/reductions/string_quartet_plus_viole/093_dolcissimo_sospiro.musicxml	2	1	6	6	0.380806	yes	no
cpdl_5_voice_quartet_plus_viole	93	Dolcissimo sospiro	data/cpdl/5-voices/sources/093_dolcissimo_sospiro__01_gesualdo_dolcissimo_sospiro.mxl	data/cpdl/5-voices/reductions/string_quartet_plus_viole/093_dolcissimo_sospiro.musicxml	2	2	1	1	0.383905	yes	yes
cpdl_5_voice_quartet_plus_viole	93	Dolcissimo sospiro	data/cpdl/5-voices/sources/093_dolcissimo_sospiro__01_gesualdo_dolcissimo_sospiro.mxl	data/cpdl/5-voices/reductions/string_quartet_plus_viole/093_dolcissimo_sospiro.musicxml	2	3	4	4	0.400898	yes	no
cpdl_5_voice_quartet_plus_viole	93	Dolcissimo sospiro	data/cpdl/5-voices/sources/093_dolcissimo_sospiro__01_gesualdo_dolcissimo_sospiro.mxl	data/cpdl/5-voices/reductions/string_quartet_plus_viole/093_dolcissimo_sospiro.musicxml	2	4	3	3	0.495707	no	no
cpdl_5_voice_quartet_plus_viole	93	Dolcissimo sospiro	data/cpdl/5-voices/sources/093_dolcissimo_sospiro__01_gesualdo_dolcissimo_sospiro.mxl	data/cpdl/5-voices/reductions/string_quartet_plus_viole/093_dolcissimo_sospiro.musicxml	2	5	2	2	0.615225	no	no
cpdl_5_voice_quartet_plus_viole	93	Dolcissimo sospiro	data/cpdl/5-voices/sources/093_dolcissimo_sospiro__01_gesualdo_dolcissimo_sospiro.mxl	data/cpdl/5-voices/reductions/string_quartet_plus_viole/093_dolcissimo_sospiro.musicxml	2	6	5	5	0.683907	no	no
cpdl_5_voice_quartet_plus_viole	93	Dolcissimo sospiro	data/cpdl/5-voices/sources/093_dolcissimo_sospiro__01_gesualdo_dolcissimo_sospiro.mxl	data/cpdl/5-voices/reductions/string_quartet_plus_viole/093_dolcissimo_sospiro.musicxml	2	7	0	0	0.960959	no	no
cpdl_5_voice_quartet_plus_viole	95	Ecco, morirò dunque	data/cpdl/5-voices/sources/095_ecco_moriro_dunque__02_ecco_moriro_dunque_gesualdo.mxl	data/cpdl/5-voices/reductions/string_quartet_plus_viole/095_ecco_morir_dunque.musicxml	0	-5	1	1	1.06775	no	no
cpdl_5_voice_quartet_plus_viole	95	Ecco, morirò dunque	data/cpdl/5-voices/sources/095_ecco_moriro_dunque__02_ecco_moriro_dunque_gesualdo.mxl	data/cpdl/5-voices/reductions/string_quartet_plus_viole/095_ecco_morir_dunque.musicxml	0	-4	4	4	0.8785	no	no
cpdl_5_voice_quartet_plus_viole	95	Ecco, morirò dunque	data/cpdl/5-voices/sources/095_ecco_moriro_dunque__02_ecco_moriro_dunque_gesualdo.mxl	data/cpdl/5-voices/reductions/string_quartet_plus_viole/095_ecco_morir_dunque.musicxml	0	-3	3	3	0.574705	no	no
cpdl_5_voice_quartet_plus_viole	95	Ecco, morirò dunque	data/cpdl/5-voices/sources/095_ecco_moriro_dunque__02_ecco_moriro_dunque_gesualdo.mxl	data/cpdl/5-voices/reductions/string_quartet_plus_viole/095_ecco_morir_dunque.musicxml	0	-2	2	2	0.475369	no	no
cpdl_5_voice_quartet_plus_viole	95	Ecco, morirò dunque	data/cpdl/5-voices/sources/095_ecco_moriro_dunque__02_ecco_moriro_dunque_gesualdo.mxl	data/cpdl/5-voices/reductions/string_quartet_plus_viole/095_ecco_morir_dunque.musicxml	0	-1	5	5	0.404975	yes	no
cpdl_5_voice_quartet_plus_viole	95	Ecco, morirò dunque	data/cpdl/5-voices/sources/095_ecco_moriro_dunque__02_ecco_moriro_dunque_gesualdo.mxl	data/cpdl/5-voices/reductions/string_quartet_plus_viole/095_ecco_morir_dunque.musicxml	0	0	0	0	0.363037	yes	yes
cpdl_5_voice_quartet_plus_viole	95	Ecco, morirò dunque	data/cpdl/5-voices/sources/095_ecco_moriro_dunque__02_ecco_moriro_dunque_gesualdo.mxl	data/cpdl/5-voices/reductions/string_quartet_plus_viole/095_ecco_morir_dunque.musicxml	0	1	5	5	0.348933	yes	no
cpdl_5_voice_quartet_plus_viole	95	Ecco, morirò dunque	data/cpdl/5-voices/sources/095_ecco_moriro_dunque__02_ecco_moriro_dunque_gesualdo.mxl	data/cpdl/5-voices/reductions/string_quartet_plus_viole/095_ecco_morir_dunque.musicxml	0	2	2	2	0.37169	yes	no
cpdl_5_voice_quartet_plus_viole	95	Ecco, morirò dunque	data/cpdl/5-voices/sources/095_ecco_moriro_dunque__02_ecco_moriro_dunque_gesualdo.mxl	data/cpdl/5-voices/reductions/string_quartet_plus_viole/095_ecco_morir_dunque.musicxml	0	3	3	3	0.40042	yes	no
cpdl_5_voice_quartet_plus_viole	95	Ecco, morirò dunque	data/cpdl/5-voices/sources/095_ecco_moriro_dunque__02_ecco_moriro_dunque_gesualdo.mxl	data/cpdl/5-voices/reductions/string_quartet_plus_viole/095_ecco_morir_dunque.musicxml	0	4	4	4	0.437716	no	no
cpdl_5_voice_quartet_plus_viole	95	Ecco, morirò dunque	data/cpdl/5-voices/sources/095_ecco_moriro_dunque__02_ecco_moriro_dunque_gesualdo.mxl	data/cpdl/5-voices/reductions/string_quartet_plus_viole/095_ecco_morir_dunque.musicxml	0	5	1	1	0.557391	no	no
cpdl_5_voice_quartet_plus_viole	96	Felice primavera	data/cpdl/5-voices/sources/096_felice_primavera__02_gesualdo_felice_primavera.mxl	data/cpdl/5-voices/reductions/string_quartet_plus_viole/096_felice_primavera.musicxml	2	-3	2	2	0.567893	no	no
cpdl_5_voice_quartet_plus_viole	96	Felice primavera	data/cpdl/5-voices/sources/096_felice_primavera__02_gesualdo_felice_primavera.mxl	data/cpdl/5-voices/reductions/string_quartet_plus_viole/096_felice_primavera.musicxml	2	-2	3	3	0.491993	no	no
cpdl_5_voice_quartet_plus_viole	96	Felice primavera	data/cpdl/5-voices/sources/096_felice_primavera__02_gesualdo_felice_primavera.mxl	data/cpdl/5-voices/reductions/string_quartet_plus_viole/096_felice_primavera.musicxml	2	-1	4	4	0.403636	no	no
cpdl_5_voice_quartet_plus_viole	96	Felice primavera	data/cpdl/5-voices/sources/096_felice_primavera__02_gesualdo_felice_primavera.mxl	data/cpdl/5-voices/reductions/string_quartet_plus_viole/096_felice_primavera.musicxml	2	0	1	1	0.368493	no	no
cpdl_5_voice_quartet_plus_viole	96	Felice primavera	data/cpdl/5-voices/sources/096_felice_primavera__02_gesualdo_felice_primavera.mxl	data/cpdl/5-voices/reductions/string_quartet_plus_viole/096_felice_primavera.musicxml	2	1	6	6	0.319964	yes	no
cpdl_5_voice_quartet_plus_viole	96	Felice primavera	data/cpdl/5-voices/sources/096_felice_primavera__02_gesualdo_felice_primavera.mxl	data/cpdl/5-voices/reductions/string_quartet_plus_viole/096_felice_primavera.musicxml	2	2	1	1	0.316454	yes	yes
cpdl_5_voice_quartet_plus_viole	96	Felice primavera	data/cpdl/5-voices/sources/096_felice_primavera__02_gesualdo_felice_primavera.mxl	data/cpdl/5-voices/reductions/string_quartet_plus_viole/096_felice_primavera.musicxml	2	3	4	4	0.324549	yes	no
cpdl_5_voice_quartet_plus_viole	96	Felice primavera	data/cpdl/5-voices/sources/096_felice_primavera__02_gesualdo_felice_primavera.mxl	data/cpdl/5-voices/reductions/string_quartet_plus_viole/096_felice_primavera.musicxml	2	4	3	3	0.382153	no	no
cpdl_5_voice_quartet_plus_viole	96	Felice primavera	data/cpdl/5-voices/sources/096_felice_primavera__02_gesualdo_felice_primavera.mxl	data/cpdl/5-voices/reductions/string_quartet_plus_viole/096_felice_primavera.musicxml	2	5	2	2	0.449088	no	no
cpdl_5_voice_quartet_plus_viole	96	Felice primavera	data/cpdl/5-voices/sources/096_felice_primavera__02_gesualdo_felice_primavera.mxl	data/cpdl/5-voices/reductions/string_quartet_plus_viole/096_felice_primavera.musicxml	2	6	5	5	0.50051	no	no
cpdl_5_voice_quartet_plus_viole	96	Felice primavera	data/cpdl/5-voices/sources/096_felice_primavera__02_gesualdo_felice_primavera.mxl	data/cpdl/5-voices/reductions/string_quartet_plus_viole/096_felice_primavera.musicxml	2	7	0	0	0.687295	no	no
cpdl_5_voice_quartet_plus_viole	97	Felicissimo sonno	data/cpdl/5-voices/sources/097_felicissimo_sonno__02_gesu_7fel.mxl	data/cpdl/5-voices/reductions/string_quartet_plus_viole/097_felicissimo_sonno.musicxml	5	0	0	0	0.740096	no	no
cpdl_5_voice_quartet_plus_viole	97	Felicissimo sonno	data/cpdl/5-voices/sources/097_felicissimo_sonno__02_gesu_7fel.mxl	data/cpdl/5-voices/reductions/string_quartet_plus_viole/097_felicissimo_sonno.musicxml	5	1	5	5	0.553556	no	no
cpdl_5_voice_quartet_plus_viole	97	Felicissimo sonno	data/cpdl/5-voices/sources/097_felicissimo_sonno__02_gesu_7fel.mxl	data/cpdl/5-voices/reductions/string_quartet_plus_viole/097_felicissimo_sonno.musicxml	5	2	2	2	0.484516	no	no
cpdl_5_voice_quartet_plus_viole	97	Felicissimo sonno	data/cpdl/5-voices/sources/097_felicissimo_sonno__02_gesu_7fel.mxl	data/cpdl/5-voices/reductions/string_quartet_plus_viole/097_felicissimo_sonno.musicxml	5	3	3	3	0.436599	yes	no
cpdl_5_voice_quartet_plus_viole	97	Felicissimo sonno	data/cpdl/5-voices/sources/097_felicissimo_sonno__02_gesu_7fel.mxl	data/cpdl/5-voices/reductions/string_quartet_plus_viole/097_felicissimo_sonno.musicxml	5	4	4	4	0.377542	yes	no
cpdl_5_voice_quartet_plus_viole	97	Felicissimo sonno	data/cpdl/5-voices/sources/097_felicissimo_sonno__02_gesu_7fel.mxl	data/cpdl/5-voices/reductions/string_quartet_plus_viole/097_felicissimo_sonno.musicxml	5	5	1	1	0.394827	yes	yes
cpdl_5_voice_quartet_plus_viole	97	Felicissimo sonno	data/cpdl/5-voices/sources/097_felicissimo_sonno__02_gesu_7fel.mxl	data/cpdl/5-voices/reductions/string_quartet_plus_viole/097_felicissimo_sonno.musicxml	5	6	6	6	0.393252	yes	no
cpdl_5_voice_quartet_plus_viole	97	Felicissimo sonno	data/cpdl/5-voices/sources/097_felicissimo_sonno__02_gesu_7fel.mxl	data/cpdl/5-voices/reductions/string_quartet_plus_viole/097_felicissimo_sonno.musicxml	5	7	1	1	0.435295	yes	no
cpdl_5_voice_quartet_plus_viole	97	Felicissimo sonno	data/cpdl/5-voices/sources/097_felicissimo_sonno__02_gesu_7fel.mxl	data/cpdl/5-voices/reductions/string_quartet_plus_viole/097_felicissimo_sonno.musicxml	5	8	4	4	0.474392	no	no
cpdl_5_voice_quartet_plus_viole	97	Felicissimo sonno	data/cpdl/5-voices/sources/097_felicissimo_sonno__02_gesu_7fel.mxl	data/cpdl/5-voices/reductions/string_quartet_plus_viole/097_felicissimo_sonno.musicxml	5	9	3	3	0.639931	no	no
cpdl_5_voice_quartet_plus_viole	97	Felicissimo sonno	data/cpdl/5-voices/sources/097_felicissimo_sonno__02_gesu_7fel.mxl	data/cpdl/5-voices/reductions/string_quartet_plus_viole/097_felicissimo_sonno.musicxml	5	10	2	2	0.710898	no	no
cpdl_5_voice_quartet_plus_viole	98	Gelo ha madonna il seno	data/cpdl/5-voices/sources/098_gelo_ha_madonna_il_seno__01_gesualdo_gelo.mxl	data/cpdl/5-voices/reductions/string_quartet_plus_viole/098_gelo_ha_madonna_il_seno.musicxml	7	2	1	1	0.524771	no	no
cpdl_5_voice_quartet_plus_viole	98	Gelo ha madonna il seno	data/cpdl/5-voices/sources/098_gelo_ha_madonna_il_seno__01_gesualdo_gelo.mxl	data/cpdl/5-voices/reductions/string_quartet_plus_viole/098_gelo_ha_madonna_il_seno.musicxml	7	3	4	4	0.478672	yes	no
cpdl_5_voice_quartet_plus_viole	98	Gelo ha madonna il seno	data/cpdl/5-voices/sources/098_gelo_ha_madonna_il_seno__01_gesualdo_gelo.mxl	data/cpdl/5-voices/reductions/string_quartet_plus_viole/098_gelo_ha_madonna_il_seno.musicxml	7	4	3	3	0.430436	yes	no
cpdl_5_voice_quartet_plus_viole	98	Gelo ha madonna il seno	data/cpdl/5-voices/sources/098_gelo_ha_madonna_il_seno__01_gesualdo_gelo.mxl	data/cpdl/5-voices/reductions/string_quartet_plus_viole/098_gelo_ha_madonna_il_seno.musicxml	7	5	2	2	0.429916	yes	no
cpdl_5_voice_quartet_plus_viole	98	Gelo ha madonna il seno	data/cpdl/5-voices/sources/098_gelo_ha_madonna_il_seno__01_gesualdo_gelo.mxl	data/cpdl/5-voices/reductions/string_quartet_plus_viole/098_gelo_ha_madonna_il_seno.musicxml	7	6	5	5	0.422961	yes	no
cpdl_5_voice_quartet_plus_viole	98	Gelo ha madonna il seno	data/cpdl/5-voices/sources/098_gelo_ha_madonna_il_seno__01_gesualdo_gelo.mxl	data/cpdl/5-voices/reductions/string_quartet_plus_viole/098_gelo_ha_madonna_il_seno.musicxml	7	7	0	0	0.471589	yes	yes
cpdl_5_voice_quartet_plus_viole	98	Gelo ha madonna il seno	data/cpdl/5-voices/sources/098_gelo_ha_madonna_il_seno__01_gesualdo_gelo.mxl	data/cpdl/5-voices/reductions/string_quartet_plus_viole/098_gelo_ha_madonna_il_seno.musicxml	7	8	5	5	0.509454	yes	no
cpdl_5_voice_quartet_plus_viole	98	Gelo ha madonna il seno	data/cpdl/5-voices/sources/098_gelo_ha_madonna_il_seno__01_gesualdo_gelo.mxl	data/cpdl/5-voices/reductions/string_quartet_plus_viole/098_gelo_ha_madonna_il_seno.musicxml	7	9	2	2	0.713259	no	no
cpdl_5_voice_quartet_plus_viole	98	Gelo ha madonna il seno	data/cpdl/5-voices/sources/098_gelo_ha_madonna_il_seno__01_gesualdo_gelo.mxl	data/cpdl/5-voices/reductions/string_quartet_plus_viole/098_gelo_ha_madonna_il_seno.musicxml	7	10	3	3	0.822285	no	no
cpdl_5_voice_quartet_plus_viole	98	Gelo ha madonna il seno	data/cpdl/5-voices/sources/098_gelo_ha_madonna_il_seno__01_gesualdo_gelo.mxl	data/cpdl/5-voices/reductions/string_quartet_plus_viole/098_gelo_ha_madonna_il_seno.musicxml	7	11	4	4	0.944065	no	no
cpdl_5_voice_quartet_plus_viole	98	Gelo ha madonna il seno	data/cpdl/5-voices/sources/098_gelo_ha_madonna_il_seno__01_gesualdo_gelo.mxl	data/cpdl/5-voices/reductions/string_quartet_plus_viole/098_gelo_ha_madonna_il_seno.musicxml	7	12	1	1	1.29872	no	no
cpdl_5_voice_quartet_plus_viole	99	Gioite voi col canto	data/cpdl/5-voices/sources/099_gioite_voi_col_canto__02_gioite_voi_gesualdo.mxl	data/cpdl/5-voices/reductions/string_quartet_plus_viole/099_gioite_voi_col_canto.musicxml	0	-5	0	0	1.05398	no	no
cpdl_5_voice_quartet_plus_viole	99	Gioite voi col canto	data/cpdl/5-voices/sources/099_gioite_voi_col_canto__02_gioite_voi_gesualdo.mxl	data/cpdl/5-voices/reductions/string_quartet_plus_viole/099_gioite_voi_col_canto.musicxml	0	-4	5	5	0.848127	no	no
cpdl_5_voice_quartet_plus_viole	99	Gioite voi col canto	data/cpdl/5-voices/sources/099_gioite_voi_col_canto__02_gioite_voi_gesualdo.mxl	data/cpdl/5-voices/reductions/string_quartet_plus_viole/099_gioite_voi_col_canto.musicxml	0	-3	2	2	0.59622	no	no
cpdl_5_voice_quartet_plus_viole	99	Gioite voi col canto	data/cpdl/5-voices/sources/099_gioite_voi_col_canto__02_gioite_voi_gesualdo.mxl	data/cpdl/5-voices/reductions/string_quartet_plus_viole/099_gioite_voi_col_canto.musicxml	0	-2	3	3	0.515948	no	no
cpdl_5_voice_quartet_plus_viole	99	Gioite voi col canto	data/cpdl/5-voices/sources/099_gioite_voi_col_canto__02_gioite_voi_gesualdo.mxl	data/cpdl/5-voices/reductions/string_quartet_plus_viole/099_gioite_voi_col_canto.musicxml	0	-1	4	4	0.389257	yes	no
cpdl_5_voice_quartet_plus_viole	99	Gioite voi col canto	data/cpdl/5-voices/sources/099_gioite_voi_col_canto__02_gioite_voi_gesualdo.mxl	data/cpdl/5-voices/reductions/string_quartet_plus_viole/099_gioite_voi_col_canto.musicxml	0	0	1	1	0.358472	yes	yes
cpdl_5_voice_quartet_plus_viole	99	Gioite voi col canto	data/cpdl/5-voices/sources/099_gioite_voi_col_canto__02_gioite_voi_gesualdo.mxl	data/cpdl/5-voices/reductions/string_quartet_plus_viole/099_gioite_voi_col_canto.musicxml	0	1	6	6	0.340748	yes	no
cpdl_5_voice_quartet_plus_viole	99	Gioite voi col canto	data/cpdl/5-voices/sources/099_gioite_voi_col_canto__02_gioite_voi_gesualdo.mxl	data/cpdl/5-voices/reductions/string_quartet_plus_viole/099_gioite_voi_col_canto.musicxml	0	2	1	1	0.36188	yes	no
cpdl_5_voice_quartet_plus_viole	99	Gioite voi col canto	data/cpdl/5-voices/sources/099_gioite_voi_col_canto__02_gioite_voi_gesualdo.mxl	data/cpdl/5-voices/reductions/string_quartet_plus_viole/099_gioite_voi_col_canto.musicxml	0	3	4	4	0.371917	yes	no
cpdl_5_voice_quartet_plus_viole	99	Gioite voi col canto	data/cpdl/5-voices/sources/099_gioite_voi_col_canto__02_gioite_voi_gesualdo.mxl	data/cpdl/5-voices/reductions/string_quartet_plus_viole/099_gioite_voi_col_canto.musicxml	0	4	3	3	0.435852	no	no
cpdl_5_voice_quartet_plus_viole	99	Gioite voi col canto	data/cpdl/5-voices/sources/099_gioite_voi_col_canto__02_gioite_voi_gesualdo.mxl	data/cpdl/5-voices/reductions/string_quartet_plus_viole/099_gioite_voi_col_canto.musicxml	0	5	2	2	0.580151	no	no
cpdl_5_voice_quartet_plus_viole	100	Già piansi nel dolore	data/cpdl/5-voices/sources/100_gia_piansi_nel_dolore__02_gia_piansi_nel_dolore_gesualdo.mxl	data/cpdl/5-voices/reductions/string_quartet_plus_viole/100_gi_piansi_nel_dolore.musicxml	2	-3	3	3	0.684715	no	no
cpdl_5_voice_quartet_plus_viole	100	Già piansi nel dolore	data/cpdl/5-voices/sources/100_gia_piansi_nel_dolore__02_gia_piansi_nel_dolore_gesualdo.mxl	data/cpdl/5-voices/reductions/string_quartet_plus_viole/100_gi_piansi_nel_dolore.musicxml	2	-2	2	2	0.57166	no	no
cpdl_5_voice_quartet_plus_viole	100	Già piansi nel dolore	data/cpdl/5-voices/sources/100_gia_piansi_nel_dolore__02_gia_piansi_nel_dolore_gesualdo.mxl	data/cpdl/5-voices/reductions/string_quartet_plus_viole/100_gi_piansi_nel_dolore.musicxml	2	-1	5	5	0.437239	no	no
cpdl_5_voice_quartet_plus_viole	100	Già piansi nel dolore	data/cpdl/5-voices/sources/100_gia_piansi_nel_dolore__02_gia_piansi_nel_dolore_gesualdo.mxl	data/cpdl/5-voices/reductions/string_quartet_plus_viole/100_gi_piansi_nel_dolore.musicxml	2	0	0	0	0.36852	no	no
cpdl_5_voice_quartet_plus_viole	100	Già piansi nel dolore	data/cpdl/5-voices/sources/100_gia_piansi_nel_dolore__02_gia_piansi_nel_dolore_gesualdo.mxl	data/cpdl/5-voices/reductions/string_quartet_plus_viole/100_gi_piansi_nel_dolore.musicxml	2	1	5	5	0.319908	yes	no
cpdl_5_voice_quartet_plus_viole	100	Già piansi nel dolore	data/cpdl/5-voices/sources/100_gia_piansi_nel_dolore__02_gia_piansi_nel_dolore_gesualdo.mxl	data/cpdl/5-voices/reductions/string_quartet_plus_viole/100_gi_piansi_nel_dolore.musicxml	2	2	2	2	0.300306	yes	yes
cpdl_5_voice_quartet_plus_viole	100	Già piansi nel dolore	data/cpdl/5-voices/sources/100_gia_piansi_nel_dolore__02_gia_piansi_nel_dolore_gesualdo.mxl	data/cpdl/5-voices/reductions/string_quartet_plus_viole/100_gi_piansi_nel_dolore.musicxml	2	3	3	3	0.309321	yes	no
cpdl_5_voice_quartet_plus_viole	100	Già piansi nel dolore	data/cpdl/5-voices/sources/100_gia_piansi_nel_dolore__02_gia_piansi_nel_dolore_gesualdo.mxl	data/cpdl/5-voices/reductions/string_quartet_plus_viole/100_gi_piansi_nel_dolore.musicxml	2	4	4	4	0.340444	yes	no
cpdl_5_voice_quartet_plus_viole	100	Già piansi nel dolore	data/cpdl/5-voices/sources/100_gia_piansi_nel_dolore__02_gia_piansi_nel_dolore_gesualdo.mxl	data/cpdl/5-voices/reductions/string_quartet_plus_viole/100_gi_piansi_nel_dolore.musicxml	2	5	1	1	0.424015	no	no
cpdl_5_voice_quartet_plus_viole	100	Già piansi nel dolore	data/cpdl/5-voices/sources/100_gia_piansi_nel_dolore__02_gia_piansi_nel_dolore_gesualdo.mxl	data/cpdl/5-voices/reductions/string_quartet_plus_viole/100_gi_piansi_nel_dolore.musicxml	2	6	6	6	0.525624	no	no
cpdl_5_voice_quartet_plus_viole	100	Già piansi nel dolore	data/cpdl/5-voices/sources/100_gia_piansi_nel_dolore__02_gia_piansi_nel_dolore_gesualdo.mxl	data/cpdl/5-voices/reductions/string_quartet_plus_viole/100_gi_piansi_nel_dolore.musicxml	2	7	1	1	0.861497	no	no
cpdl_5_voice_quartet_plus_viole	101	Hai rotto e sciolto e spento	data/cpdl/5-voices/sources/101_hai_rotto_e_sciolto_e_spento__02_hai_rotto_gesualdo.mxl	data/cpdl/5-voices/reductions/string_quartet_plus_viole/101_hai_rotto_e_sciolto_e_spento.musicxml	4	-1	2	2	0.772885	no	no
cpdl_5_voice_quartet_plus_viole	101	Hai rotto e sciolto e spento	data/cpdl/5-voices/sources/101_hai_rotto_e_sciolto_e_spento__02_hai_rotto_gesualdo.mxl	data/cpdl/5-voices/reductions/string_quartet_plus_viole/101_hai_rotto_e_sciolto_e_spento.musicxml	4	0	3	3	0.685575	no	no
cpdl_5_voice_quartet_plus_viole	101	Hai rotto e sciolto e spento	data/cpdl/5-voices/sources/101_hai_rotto_e_sciolto_e_spento__02_hai_rotto_gesualdo.mxl	data/cpdl/5-voices/reductions/string_quartet_plus_viole/101_hai_rotto_e_sciolto_e_spento.musicxml	4	1	4	4	0.521558	no	no
cpdl_5_voice_quartet_plus_viole	101	Hai rotto e sciolto e spento	data/cpdl/5-voices/sources/101_hai_rotto_e_sciolto_e_spento__02_hai_rotto_gesualdo.mxl	data/cpdl/5-voices/reductions/string_quartet_plus_viole/101_hai_rotto_e_sciolto_e_spento.musicxml	4	2	1	1	0.465425	no	no
cpdl_5_voice_quartet_plus_viole	101	Hai rotto e sciolto e spento	data/cpdl/5-voices/sources/101_hai_rotto_e_sciolto_e_spento__02_hai_rotto_gesualdo.mxl	data/cpdl/5-voices/reductions/string_quartet_plus_viole/101_hai_rotto_e_sciolto_e_spento.musicxml	4	3	6	6	0.391649	yes	no
cpdl_5_voice_quartet_plus_viole	101	Hai rotto e sciolto e spento	data/cpdl/5-voices/sources/101_hai_rotto_e_sciolto_e_spento__02_hai_rotto_gesualdo.mxl	data/cpdl/5-voices/reductions/string_quartet_plus_viole/101_hai_rotto_e_sciolto_e_spento.musicxml	4	4	1	1	0.381624	yes	yes
cpdl_5_voice_quartet_plus_viole	101	Hai rotto e sciolto e spento	data/cpdl/5-voices/sources/101_hai_rotto_e_sciolto_e_spento__02_hai_rotto_gesualdo.mxl	data/cpdl/5-voices/reductions/string_quartet_plus_viole/101_hai_rotto_e_sciolto_e_spento.musicxml	4	5	4	4	0.379513	yes	no
cpdl_5_voice_quartet_plus_viole	101	Hai rotto e sciolto e spento	data/cpdl/5-voices/sources/101_hai_rotto_e_sciolto_e_spento__02_hai_rotto_gesualdo.mxl	data/cpdl/5-voices/reductions/string_quartet_plus_viole/101_hai_rotto_e_sciolto_e_spento.musicxml	4	6	3	3	0.426776	yes	no
cpdl_5_voice_quartet_plus_viole	101	Hai rotto e sciolto e spento	data/cpdl/5-voices/sources/101_hai_rotto_e_sciolto_e_spento__02_hai_rotto_gesualdo.mxl	data/cpdl/5-voices/reductions/string_quartet_plus_viole/101_hai_rotto_e_sciolto_e_spento.musicxml	4	7	2	2	0.533425	no	no
cpdl_5_voice_quartet_plus_viole	101	Hai rotto e sciolto e spento	data/cpdl/5-voices/sources/101_hai_rotto_e_sciolto_e_spento__02_hai_rotto_gesualdo.mxl	data/cpdl/5-voices/reductions/string_quartet_plus_viole/101_hai_rotto_e_sciolto_e_spento.musicxml	4	8	5	5	0.592832	no	no
cpdl_5_voice_quartet_plus_viole	101	Hai rotto e sciolto e spento	data/cpdl/5-voices/sources/101_hai_rotto_e_sciolto_e_spento__02_hai_rotto_gesualdo.mxl	data/cpdl/5-voices/reductions/string_quartet_plus_viole/101_hai_rotto_e_sciolto_e_spento.musicxml	4	9	0	0	0.825639	no	no
cpdl_5_voice_quartet_plus_viole	102	In più leggiadro velo	data/cpdl/5-voices/sources/102_in_piu_leggiadro_velo__01_gesualdo_in_piu_leggiadro_velo.mxl	data/cpdl/5-voices/reductions/string_quartet_plus_viole/102_in_pi_leggiadro_velo.musicxml	0	-5	0	0	1.12274	no	no
cpdl_5_voice_quartet_plus_viole	102	In più leggiadro velo	data/cpdl/5-voices/sources/102_in_piu_leggiadro_velo__01_gesualdo_in_piu_leggiadro_velo.mxl	data/cpdl/5-voices/reductions/string_quartet_plus_viole/102_in_pi_leggiadro_velo.musicxml	0	-4	5	5	0.896325	no	no
cpdl_5_voice_quartet_plus_viole	102	In più leggiadro velo	data/cpdl/5-voices/sources/102_in_piu_leggiadro_velo__01_gesualdo_in_piu_leggiadro_velo.mxl	data/cpdl/5-voices/reductions/string_quartet_plus_viole/102_in_pi_leggiadro_velo.musicxml	0	-3	2	2	0.670827	no	no
cpdl_5_voice_quartet_plus_viole	102	In più leggiadro velo	data/cpdl/5-voices/sources/102_in_piu_leggiadro_velo__01_gesualdo_in_piu_leggiadro_velo.mxl	data/cpdl/5-voices/reductions/string_quartet_plus_viole/102_in_pi_leggiadro_velo.musicxml	0	-2	3	3	0.597939	no	no
cpdl_5_voice_quartet_plus_viole	102	In più leggiadro velo	data/cpdl/5-voices/sources/102_in_piu_leggiadro_velo__01_gesualdo_in_piu_leggiadro_velo.mxl	data/cpdl/5-voices/reductions/string_quartet_plus_viole/102_in_pi_leggiadro_velo.musicxml	0	-1	4	4	0.440363	yes	no
cpdl_5_voice_quartet_plus_viole	102	In più leggiadro velo	data/cpdl/5-voices/sources/102_in_piu_leggiadro_velo__01_gesualdo_in_piu_leggiadro_velo.mxl	data/cpdl/5-voices/reductions/string_quartet_plus_viole/102_in_pi_leggiadro_velo.musicxml	0	0	1	1	0.405206	yes	yes
cpdl_5_voice_quartet_plus_viole	102	In più leggiadro velo	data/cpdl/5-voices/sources/102_in_piu_leggiadro_velo__01_gesualdo_in_piu_leggiadro_velo.mxl	data/cpdl/5-voices/reductions/string_quartet_plus_viole/102_in_pi_leggiadro_velo.musicxml	0	1	6	6	0.384948	yes	no
cpdl_5_voice_quartet_plus_viole	102	In più leggiadro velo	data/cpdl/5-voices/sources/102_in_piu_leggiadro_velo__01_gesualdo_in_piu_leggiadro_velo.mxl	data/cpdl/5-voices/reductions/string_quartet_plus_viole/102_in_pi_leggiadro_velo.musicxml	0	2	1	1	0.483103	no	no
cpdl_5_voice_quartet_plus_viole	102	In più leggiadro velo	data/cpdl/5-voices/sources/102_in_piu_leggiadro_velo__01_gesualdo_in_piu_leggiadro_velo.mxl	data/cpdl/5-voices/reductions/string_quartet_plus_viole/102_in_pi_leggiadro_velo.musicxml	0	3	4	4	0.506622	no	no
cpdl_5_voice_quartet_plus_viole	102	In più leggiadro velo	data/cpdl/5-voices/sources/102_in_piu_leggiadro_velo__01_gesualdo_in_piu_leggiadro_velo.mxl	data/cpdl/5-voices/reductions/string_quartet_plus_viole/102_in_pi_leggiadro_velo.musicxml	0	4	3	3	0.636835	no	no
cpdl_5_voice_quartet_plus_viole	102	In più leggiadro velo	data/cpdl/5-voices/sources/102_in_piu_leggiadro_velo__01_gesualdo_in_piu_leggiadro_velo.mxl	data/cpdl/5-voices/reductions/string_quartet_plus_viole/102_in_pi_leggiadro_velo.musicxml	0	5	2	2	0.752727	no	no
cpdl_5_voice_quartet_plus_viole	103	Io parto, e non più dissi	data/cpdl/5-voices/sources/103_io_parto_e_non_piu_dissi__02_io_parto_gesualdo.mxl	data/cpdl/5-voices/reductions/string_quartet_plus_viole/103_io_parto_e_non_pi_dissi.musicxml	4	-1	5	5	0.707105	no	no
cpdl_5_voice_quartet_plus_viole	103	Io parto, e non più dissi	data/cpdl/5-voices/sources/103_io_parto_e_non_piu_dissi__02_io_parto_gesualdo.mxl	data/cpdl/5-voices/reductions/string_quartet_plus_viole/103_io_parto_e_non_pi_dissi.musicxml	4	0	0	0	0.538273	no	no
cpdl_5_voice_quartet_plus_viole	103	Io parto, e non più dissi	data/cpdl/5-voices/sources/103_io_parto_e_non_piu_dissi__02_io_parto_gesualdo.mxl	data/cpdl/5-voices/reductions/string_quartet_plus_viole/103_io_parto_e_non_pi_dissi.musicxml	4	1	5	5	0.455598	no	no
cpdl_5_voice_quartet_plus_viole	103	Io parto, e non più dissi	data/cpdl/5-voices/sources/103_io_parto_e_non_piu_dissi__02_io_parto_gesualdo.mxl	data/cpdl/5-voices/reductions/string_quartet_plus_viole/103_io_parto_e_non_pi_dissi.musicxml	4	2	2	2	0.390035	no	no
cpdl_5_voice_quartet_plus_viole	103	Io parto, e non più dissi	data/cpdl/5-voices/sources/103_io_parto_e_non_piu_dissi__02_io_parto_gesualdo.mxl	data/cpdl/5-voices/reductions/string_quartet_plus_viole/103_io_parto_e_non_pi_dissi.musicxml	4	3	3	3	0.358916	yes	no
cpdl_5_voice_quartet_plus_viole	103	Io parto, e non più dissi	data/cpdl/5-voices/sources/103_io_parto_e_non_piu_dissi__02_io_parto_gesualdo.mxl	data/cpdl/5-voices/reductions/string_quartet_plus_viole/103_io_parto_e_non_pi_dissi.musicxml	4	4	4	4	0.334845	yes	yes
cpdl_5_voice_quartet_plus_viole	103	Io parto, e non più dissi	data/cpdl/5-voices/sources/103_io_parto_e_non_piu_dissi__02_io_parto_gesualdo.mxl	data/cpdl/5-voices/reductions/string_quartet_plus_viole/103_io_parto_e_non_pi_dissi.musicxml	4	5	1	1	0.385061	no	no
cpdl_5_voice_quartet_plus_viole	103	Io parto, e non più dissi	data/cpdl/5-voices/sources/103_io_parto_e_non_piu_dissi__02_io_parto_gesualdo.mxl	data/cpdl/5-voices/reductions/string_quartet_plus_viole/103_io_parto_e_non_pi_dissi.musicxml	4	6	6	6	0.406484	no	no
cpdl_5_voice_quartet_plus_viole	103	Io parto, e non più dissi	data/cpdl/5-voices/sources/103_io_parto_e_non_piu_dissi__02_io_parto_gesualdo.mxl	data/cpdl/5-voices/reductions/string_quartet_plus_viole/103_io_parto_e_non_pi_dissi.musicxml	4	7	1	1	0.508817	no	no
cpdl_5_voice_quartet_plus_viole	103	Io parto, e non più dissi	data/cpdl/5-voices/sources/103_io_parto_e_non_piu_dissi__02_io_parto_gesualdo.mxl	data/cpdl/5-voices/reductions/string_quartet_plus_viole/103_io_parto_e_non_pi_dissi.musicxml	4	8	4	4	0.58855	no	no
cpdl_5_voice_quartet_plus_viole	103	Io parto, e non più dissi	data/cpdl/5-voices/sources/103_io_parto_e_non_piu_dissi__02_io_parto_gesualdo.mxl	data/cpdl/5-voices/reductions/string_quartet_plus_viole/103_io_parto_e_non_pi_dissi.musicxml	4	9	3	3	0.679784	no	no
cpdl_5_voice_quartet_plus_viole	104	Io pur respiro in così gran dolore	data/cpdl/5-voices/sources/104_io_pur_respiro_in_cosi_gran_dolore__02_io_pur_respiro_gesualdo.mxl	data/cpdl/5-voices/reductions/string_quartet_plus_viole/104_io_pur_respiro_in_cos_gran_dolore.musicxml	0	-5	1	1	0.738901	no	no
cpdl_5_voice_quartet_plus_viole	104	Io pur respiro in così gran dolore	data/cpdl/5-voices/sources/104_io_pur_respiro_in_cosi_gran_dolore__02_io_pur_respiro_gesualdo.mxl	data/cpdl/5-voices/reductions/string_quartet_plus_viole/104_io_pur_respiro_in_cos_gran_dolore.musicxml	0	-4	4	4	0.631378	no	no
cpdl_5_voice_quartet_plus_viole	104	Io pur respiro in così gran dolore	data/cpdl/5-voices/sources/104_io_pur_respiro_in_cosi_gran_dolore__02_io_pur_respiro_gesualdo.mxl	data/cpdl/5-voices/reductions/string_quartet_plus_viole/104_io_pur_respiro_in_cos_gran_dolore.musicxml	0	-3	3	3	0.478273	no	no
cpdl_5_voice_quartet_plus_viole	104	Io pur respiro in così gran dolore	data/cpdl/5-voices/sources/104_io_pur_respiro_in_cosi_gran_dolore__02_io_pur_respiro_gesualdo.mxl	data/cpdl/5-voices/reductions/string_quartet_plus_viole/104_io_pur_respiro_in_cos_gran_dolore.musicxml	0	-2	2	2	0.411986	no	no
cpdl_5_voice_quartet_plus_viole	104	Io pur respiro in così gran dolore	data/cpdl/5-voices/sources/104_io_pur_respiro_in_cosi_gran_dolore__02_io_pur_respiro_gesualdo.mxl	data/cpdl/5-voices/reductions/string_quartet_plus_viole/104_io_pur_respiro_in_cos_gran_dolore.musicxml	0	-1	5	5	0.305707	yes	no
cpdl_5_voice_quartet_plus_viole	104	Io pur respiro in così gran dolore	data/cpdl/5-voices/sources/104_io_pur_respiro_in_cosi_gran_dolore__02_io_pur_respiro_gesualdo.mxl	data/cpdl/5-voices/reductions/string_quartet_plus_viole/104_io_pur_respiro_in_cos_gran_dolore.musicxml	0	0	0	0	0.269546	yes	yes
cpdl_5_voice_quartet_plus_viole	104	Io pur respiro in così gran dolore	data/cpdl/5-voices/sources/104_io_pur_respiro_in_cosi_gran_dolore__02_io_pur_respiro_gesualdo.mxl	data/cpdl/5-voices/reductions/string_quartet_plus_viole/104_io_pur_respiro_in_cos_gran_dolore.musicxml	0	1	5	5	0.270897	yes	no
cpdl_5_voice_quartet_plus_viole	104	Io pur respiro in così gran dolore	data/cpdl/5-voices/sources/104_io_pur_respiro_in_cosi_gran_dolore__02_io_pur_respiro_gesualdo.mxl	data/cpdl/5-voices/reductions/string_quartet_plus_viole/104_io_pur_respiro_in_cos_gran_dolore.musicxml	0	2	2	2	0.300011	yes	no
cpdl_5_voice_quartet_plus_viole	104	Io pur respiro in così gran dolore	data/cpdl/5-voices/sources/104_io_pur_respiro_in_cosi_gran_dolore__02_io_pur_respiro_gesualdo.mxl	data/cpdl/5-voices/reductions/string_quartet_plus_viole/104_io_pur_respiro_in_cos_gran_dolore.musicxml	0	3	3	3	0.337604	no	no
cpdl_5_voice_quartet_plus_viole	104	Io pur respiro in così gran dolore	data/cpdl/5-voices/sources/104_io_pur_respiro_in_cosi_gran_dolore__02_io_pur_respiro_gesualdo.mxl	data/cpdl/5-voices/reductions/string_quartet_plus_viole/104_io_pur_respiro_in_cos_gran_dolore.musicxml	0	4	4	4	0.410025	no	no
cpdl_5_voice_quartet_plus_viole	104	Io pur respiro in così gran dolore	data/cpdl/5-voices/sources/104_io_pur_respiro_in_cosi_gran_dolore__02_io_pur_respiro_gesualdo.mxl	data/cpdl/5-voices/reductions/string_quartet_plus_viole/104_io_pur_respiro_in_cos_gran_dolore.musicxml	0	5	1	1	0.520984	no	no
cpdl_5_voice_quartet_plus_viole	105	Io tacerò	data/cpdl/5-voices/sources/105_io_tacero__02_io_tacero_gesualdo.mxl	data/cpdl/5-voices/reductions/string_quartet_plus_viole/105_io_tacer.musicxml	4	-1	4	4	0.637669	no	no
cpdl_5_voice_quartet_plus_viole	105	Io tacerò	data/cpdl/5-voices/sources/105_io_tacero__02_io_tacero_gesualdo.mxl	data/cpdl/5-voices/reductions/string_quartet_plus_viole/105_io_tacer.musicxml	4	0	1	1	0.54082	no	no
cpdl_5_voice_quartet_plus_viole	105	Io tacerò	data/cpdl/5-voices/sources/105_io_tacero__02_io_tacero_gesualdo.mxl	data/cpdl/5-voices/reductions/string_quartet_plus_viole/105_io_tacer.musicxml	4	1	6	6	0.428304	no	no
cpdl_5_voice_quartet_plus_viole	105	Io tacerò	data/cpdl/5-voices/sources/105_io_tacero__02_io_tacero_gesualdo.mxl	data/cpdl/5-voices/reductions/string_quartet_plus_viole/105_io_tacer.musicxml	4	2	1	1	0.384535	no	no
cpdl_5_voice_quartet_plus_viole	105	Io tacerò	data/cpdl/5-voices/sources/105_io_tacero__02_io_tacero_gesualdo.mxl	data/cpdl/5-voices/reductions/string_quartet_plus_viole/105_io_tacer.musicxml	4	3	4	4	0.353822	yes	no
cpdl_5_voice_quartet_plus_viole	105	Io tacerò	data/cpdl/5-voices/sources/105_io_tacero__02_io_tacero_gesualdo.mxl	data/cpdl/5-voices/reductions/string_quartet_plus_viole/105_io_tacer.musicxml	4	4	3	3	0.318188	yes	yes
cpdl_5_voice_quartet_plus_viole	105	Io tacerò	data/cpdl/5-voices/sources/105_io_tacero__02_io_tacero_gesualdo.mxl	data/cpdl/5-voices/reductions/string_quartet_plus_viole/105_io_tacer.musicxml	4	5	2	2	0.320631	yes	no
cpdl_5_voice_quartet_plus_viole	105	Io tacerò	data/cpdl/5-voices/sources/105_io_tacero__02_io_tacero_gesualdo.mxl	data/cpdl/5-voices/reductions/string_quartet_plus_viole/105_io_tacer.musicxml	4	6	5	5	0.344565	yes	no
cpdl_5_voice_quartet_plus_viole	105	Io tacerò	data/cpdl/5-voices/sources/105_io_tacero__02_io_tacero_gesualdo.mxl	data/cpdl/5-voices/reductions/string_quartet_plus_viole/105_io_tacer.musicxml	4	7	0	0	0.429474	no	no
cpdl_5_voice_quartet_plus_viole	105	Io tacerò	data/cpdl/5-voices/sources/105_io_tacero__02_io_tacero_gesualdo.mxl	data/cpdl/5-voices/reductions/string_quartet_plus_viole/105_io_tacer.musicxml	4	8	5	5	0.494763	no	no
cpdl_5_voice_quartet_plus_viole	105	Io tacerò	data/cpdl/5-voices/sources/105_io_tacero__02_io_tacero_gesualdo.mxl	data/cpdl/5-voices/reductions/string_quartet_plus_viole/105_io_tacer.musicxml	4	9	2	2	0.668964	no	no
cpdl_5_voice_quartet_plus_viole	106	Itene o miei sospiri	data/cpdl/5-voices/sources/106_itene_o_miei_sospiri__02_gesu_3ite.mxl	data/cpdl/5-voices/reductions/string_quartet_plus_viole/106_itene_o_miei_sospiri.musicxml	2	-3	2	2	0.621201	no	no
cpdl_5_voice_quartet_plus_viole	106	Itene o miei sospiri	data/cpdl/5-voices/sources/106_itene_o_miei_sospiri__02_gesu_3ite.mxl	data/cpdl/5-voices/reductions/string_quartet_plus_viole/106_itene_o_miei_sospiri.musicxml	2	-2	3	3	0.515282	no	no
cpdl_5_voice_quartet_plus_viole	106	Itene o miei sospiri	data/cpdl/5-voices/sources/106_itene_o_miei_sospiri__02_gesu_3ite.mxl	data/cpdl/5-voices/reductions/string_quartet_plus_viole/106_itene_o_miei_sospiri.musicxml	2	-1	4	4	0.398384	yes	no
cpdl_5_voice_quartet_plus_viole	106	Itene o miei sospiri	data/cpdl/5-voices/sources/106_itene_o_miei_sospiri__02_gesu_3ite.mxl	data/cpdl/5-voices/reductions/string_quartet_plus_viole/106_itene_o_miei_sospiri.musicxml	2	0	1	1	0.380404	yes	no
cpdl_5_voice_quartet_plus_viole	106	Itene o miei sospiri	data/cpdl/5-voices/sources/106_itene_o_miei_sospiri__02_gesu_3ite.mxl	data/cpdl/5-voices/reductions/string_quartet_plus_viole/106_itene_o_miei_sospiri.musicxml	2	1	6	6	0.346139	yes	no
cpdl_5_voice_quartet_plus_viole	106	Itene o miei sospiri	data/cpdl/5-voices/sources/106_itene_o_miei_sospiri__02_gesu_3ite.mxl	data/cpdl/5-voices/reductions/string_quartet_plus_viole/106_itene_o_miei_sospiri.musicxml	2	2	1	1	0.356152	yes	yes
cpdl_5_voice_quartet_plus_viole	106	Itene o miei sospiri	data/cpdl/5-voices/sources/106_itene_o_miei_sospiri__02_gesu_3ite.mxl	data/cpdl/5-voices/reductions/string_quartet_plus_viole/106_itene_o_miei_sospiri.musicxml	2	3	4	4	0.374734	yes	no
cpdl_5_voice_quartet_plus_viole	106	Itene o miei sospiri	data/cpdl/5-voices/sources/106_itene_o_miei_sospiri__02_gesu_3ite.mxl	data/cpdl/5-voices/reductions/string_quartet_plus_viole/106_itene_o_miei_sospiri.musicxml	2	4	3	3	0.436103	no	no
cpdl_5_voice_quartet_plus_viole	106	Itene o miei sospiri	data/cpdl/5-voices/sources/106_itene_o_miei_sospiri__02_gesu_3ite.mxl	data/cpdl/5-voices/reductions/string_quartet_plus_viole/106_itene_o_miei_sospiri.musicxml	2	5	2	2	0.533899	no	no
cpdl_5_voice_quartet_plus_viole	106	Itene o miei sospiri	data/cpdl/5-voices/sources/106_itene_o_miei_sospiri__02_gesu_3ite.mxl	data/cpdl/5-voices/reductions/string_quartet_plus_viole/106_itene_o_miei_sospiri.musicxml	2	6	5	5	0.600311	no	no
cpdl_5_voice_quartet_plus_viole	106	Itene o miei sospiri	data/cpdl/5-voices/sources/106_itene_o_miei_sospiri__02_gesu_3ite.mxl	data/cpdl/5-voices/reductions/string_quartet_plus_viole/106_itene_o_miei_sospiri.musicxml	2	7	0	0	0.840622	no	no
cpdl_5_voice_quartet_plus_viole	107	Languisce al fin chi da la vita parte	data/cpdl/5-voices/sources/107_languisce_al_fin_chi_da_la_vita_parte__02_gesu_10la.mxl	data/cpdl/5-voices/reductions/string_quartet_plus_viole/107_languisce_al_fin_chi_da_la_vita_parte.musicxml	0	-5	1	1	1.35018	no	no
cpdl_5_voice_quartet_plus_viole	107	Languisce al fin chi da la vita parte	data/cpdl/5-voices/sources/107_languisce_al_fin_chi_da_la_vita_parte__02_gesu_10la.mxl	data/cpdl/5-voices/reductions/string_quartet_plus_viole/107_languisce_al_fin_chi_da_la_vita_parte.musicxml	0	-4	4	4	1.15092	no	no
cpdl_5_voice_quartet_plus_viole	107	Languisce al fin chi da la vita parte	data/cpdl/5-voices/sources/107_languisce_al_fin_chi_da_la_vita_parte__02_gesu_10la.mxl	data/cpdl/5-voices/reductions/string_quartet_plus_viole/107_languisce_al_fin_chi_da_la_vita_parte.musicxml	0	-3	3	3	0.729623	no	no
cpdl_5_voice_quartet_plus_viole	107	Languisce al fin chi da la vita parte	data/cpdl/5-voices/sources/107_languisce_al_fin_chi_da_la_vita_parte__02_gesu_10la.mxl	data/cpdl/5-voices/reductions/string_quartet_plus_viole/107_languisce_al_fin_chi_da_la_vita_parte.musicxml	0	-2	2	2	0.597843	no	no
cpdl_5_voice_quartet_plus_viole	107	Languisce al fin chi da la vita parte	data/cpdl/5-voices/sources/107_languisce_al_fin_chi_da_la_vita_parte__02_gesu_10la.mxl	data/cpdl/5-voices/reductions/string_quartet_plus_viole/107_languisce_al_fin_chi_da_la_vita_parte.musicxml	0	-1	5	5	0.470209	no	no
cpdl_5_voice_quartet_plus_viole	107	Languisce al fin chi da la vita parte	data/cpdl/5-voices/sources/107_languisce_al_fin_chi_da_la_vita_parte__02_gesu_10la.mxl	data/cpdl/5-voices/reductions/string_quartet_plus_viole/107_languisce_al_fin_chi_da_la_vita_parte.musicxml	0	0	0	0	0.386885	yes	yes
cpdl_5_voice_quartet_plus_viole	107	Languisce al fin chi da la vita parte	data/cpdl/5-voices/sources/107_languisce_al_fin_chi_da_la_vita_parte__02_gesu_10la.mxl	data/cpdl/5-voices/reductions/string_quartet_plus_viole/107_languisce_al_fin_chi_da_la_vita_parte.musicxml	0	1	5	5	0.365344	yes	no
cpdl_5_voice_quartet_plus_viole	107	Languisce al fin chi da la vita parte	data/cpdl/5-voices/sources/107_languisce_al_fin_chi_da_la_vita_parte__02_gesu_10la.mxl	data/cpdl/5-voices/reductions/string_quartet_plus_viole/107_languisce_al_fin_chi_da_la_vita_parte.musicxml	0	2	2	2	0.401899	yes	no
cpdl_5_voice_quartet_plus_viole	107	Languisce al fin chi da la vita parte	data/cpdl/5-voices/sources/107_languisce_al_fin_chi_da_la_vita_parte__02_gesu_10la.mxl	data/cpdl/5-voices/reductions/string_quartet_plus_viole/107_languisce_al_fin_chi_da_la_vita_parte.musicxml	0	3	3	3	0.444519	no	no
cpdl_5_voice_quartet_plus_viole	107	Languisce al fin chi da la vita parte	data/cpdl/5-voices/sources/107_languisce_al_fin_chi_da_la_vita_parte__02_gesu_10la.mxl	data/cpdl/5-voices/reductions/string_quartet_plus_viole/107_languisce_al_fin_chi_da_la_vita_parte.musicxml	0	4	4	4	0.476619	no	no
cpdl_5_voice_quartet_plus_viole	107	Languisce al fin chi da la vita parte	data/cpdl/5-voices/sources/107_languisce_al_fin_chi_da_la_vita_parte__02_gesu_10la.mxl	data/cpdl/5-voices/reductions/string_quartet_plus_viole/107_languisce_al_fin_chi_da_la_vita_parte.musicxml	0	5	1	1	0.623873	no	no
cpdl_5_voice_quartet_plus_viole	109	Luci serene e chiare	data/cpdl/5-voices/sources/109_luci_serene_e_chiare__01_gesualdo_luciserene.mxl	data/cpdl/5-voices/reductions/string_quartet_plus_viole/109_luci_serene_e_chiare.musicxml	2	-3	0	0	0.940069	no	no
cpdl_5_voice_quartet_plus_viole	109	Luci serene e chiare	data/cpdl/5-voices/sources/109_luci_serene_e_chiare__01_gesualdo_luciserene.mxl	data/cpdl/5-voices/reductions/string_quartet_plus_viole/109_luci_serene_e_chiare.musicxml	2	-2	5	5	0.675268	no	no
cpdl_5_voice_quartet_plus_viole	109	Luci serene e chiare	data/cpdl/5-voices/sources/109_luci_serene_e_chiare__01_gesualdo_luciserene.mxl	data/cpdl/5-voices/reductions/string_quartet_plus_viole/109_luci_serene_e_chiare.musicxml	2	-1	2	2	0.491195	yes	no
cpdl_5_voice_quartet_plus_viole	109	Luci serene e chiare	data/cpdl/5-voices/sources/109_luci_serene_e_chiare__01_gesualdo_luciserene.mxl	data/cpdl/5-voices/reductions/string_quartet_plus_viole/109_luci_serene_e_chiare.musicxml	2	0	3	3	0.433267	yes	no
cpdl_5_voice_quartet_plus_viole	109	Luci serene e chiare	data/cpdl/5-voices/sources/109_luci_serene_e_chiare__01_gesualdo_luciserene.mxl	data/cpdl/5-voices/reductions/string_quartet_plus_viole/109_luci_serene_e_chiare.musicxml	2	1	4	4	0.407649	yes	no
cpdl_5_voice_quartet_plus_viole	109	Luci serene e chiare	data/cpdl/5-voices/sources/109_luci_serene_e_chiare__01_gesualdo_luciserene.mxl	data/cpdl/5-voices/reductions/string_quartet_plus_viole/109_luci_serene_e_chiare.musicxml	2	2	1	1	0.441738	yes	yes
cpdl_5_voice_quartet_plus_viole	109	Luci serene e chiare	data/cpdl/5-voices/sources/109_luci_serene_e_chiare__01_gesualdo_luciserene.mxl	data/cpdl/5-voices/reductions/string_quartet_plus_viole/109_luci_serene_e_chiare.musicxml	2	3	6	6	0.435379	yes	no
cpdl_5_voice_quartet_plus_viole	109	Luci serene e chiare	data/cpdl/5-voices/sources/109_luci_serene_e_chiare__01_gesualdo_luciserene.mxl	data/cpdl/5-voices/reductions/string_quartet_plus_viole/109_luci_serene_e_chiare.musicxml	2	4	1	1	0.516894	no	no
cpdl_5_voice_quartet_plus_viole	109	Luci serene e chiare	data/cpdl/5-voices/sources/109_luci_serene_e_chiare__01_gesualdo_luciserene.mxl	data/cpdl/5-voices/reductions/string_quartet_plus_viole/109_luci_serene_e_chiare.musicxml	2	5	4	4	0.541466	no	no
cpdl_5_voice_quartet_plus_viole	109	Luci serene e chiare	data/cpdl/5-voices/sources/109_luci_serene_e_chiare__01_gesualdo_luciserene.mxl	data/cpdl/5-voices/reductions/string_quartet_plus_viole/109_luci_serene_e_chiare.musicxml	2	6	3	3	0.644011	no	no
cpdl_5_voice_quartet_plus_viole	109	Luci serene e chiare	data/cpdl/5-voices/sources/109_luci_serene_e_chiare__01_gesualdo_luciserene.mxl	data/cpdl/5-voices/reductions/string_quartet_plus_viole/109_luci_serene_e_chiare.musicxml	2	7	2	2	0.816173	no	no
cpdl_5_voice_quartet_plus_viole	110	Ma se avverrà ch'io moia	data/cpdl/5-voices/sources/110_ma_se_avverra_ch_io_moia__01_8_ma_se_averra.mid	data/cpdl/5-voices/reductions/string_quartet_plus_viole/110_ma_se_avverr_ch_io_moia.musicxml	7	2	1	1	0.827708	no	no
cpdl_5_voice_quartet_plus_viole	110	Ma se avverrà ch'io moia	data/cpdl/5-voices/sources/110_ma_se_avverra_ch_io_moia__01_8_ma_se_averra.mid	data/cpdl/5-voices/reductions/string_quartet_plus_viole/110_ma_se_avverr_ch_io_moia.musicxml	7	3	4	4	0.745719	no	no
cpdl_5_voice_quartet_plus_viole	110	Ma se avverrà ch'io moia	data/cpdl/5-voices/sources/110_ma_se_avverra_ch_io_moia__01_8_ma_se_averra.mid	data/cpdl/5-voices/reductions/string_quartet_plus_viole/110_ma_se_avverr_ch_io_moia.musicxml	7	4	3	3	0.493959	no	no
cpdl_5_voice_quartet_plus_viole	110	Ma se avverrà ch'io moia	data/cpdl/5-voices/sources/110_ma_se_avverra_ch_io_moia__01_8_ma_se_averra.mid	data/cpdl/5-voices/reductions/string_quartet_plus_viole/110_ma_se_avverr_ch_io_moia.musicxml	7	5	2	2	0.437583	no	no
cpdl_5_voice_quartet_plus_viole	110	Ma se avverrà ch'io moia	data/cpdl/5-voices/sources/110_ma_se_avverra_ch_io_moia__01_8_ma_se_averra.mid	data/cpdl/5-voices/reductions/string_quartet_plus_viole/110_ma_se_avverr_ch_io_moia.musicxml	7	6	5	5	0.379514	yes	no
cpdl_5_voice_quartet_plus_viole	110	Ma se avverrà ch'io moia	data/cpdl/5-voices/sources/110_ma_se_avverra_ch_io_moia__01_8_ma_se_averra.mid	data/cpdl/5-voices/reductions/string_quartet_plus_viole/110_ma_se_avverr_ch_io_moia.musicxml	7	7	0	0	0.375892	yes	yes
cpdl_5_voice_quartet_plus_viole	110	Ma se avverrà ch'io moia	data/cpdl/5-voices/sources/110_ma_se_avverra_ch_io_moia__01_8_ma_se_averra.mid	data/cpdl/5-voices/reductions/string_quartet_plus_viole/110_ma_se_avverr_ch_io_moia.musicxml	7	8	5	5	0.386432	yes	no
cpdl_5_voice_quartet_plus_viole	110	Ma se avverrà ch'io moia	data/cpdl/5-voices/sources/110_ma_se_avverra_ch_io_moia__01_8_ma_se_averra.mid	data/cpdl/5-voices/reductions/string_quartet_plus_viole/110_ma_se_avverr_ch_io_moia.musicxml	7	9	2	2	0.461263	no	no
cpdl_5_voice_quartet_plus_viole	110	Ma se avverrà ch'io moia	data/cpdl/5-voices/sources/110_ma_se_avverra_ch_io_moia__01_8_ma_se_averra.mid	data/cpdl/5-voices/reductions/string_quartet_plus_viole/110_ma_se_avverr_ch_io_moia.musicxml	7	10	3	3	0.485822	no	no
cpdl_5_voice_quartet_plus_viole	110	Ma se avverrà ch'io moia	data/cpdl/5-voices/sources/110_ma_se_avverra_ch_io_moia__01_8_ma_se_averra.mid	data/cpdl/5-voices/reductions/string_quartet_plus_viole/110_ma_se_avverr_ch_io_moia.musicxml	7	11	4	4	0.585151	no	no
cpdl_5_voice_quartet_plus_viole	110	Ma se avverrà ch'io moia	data/cpdl/5-voices/sources/110_ma_se_avverra_ch_io_moia__01_8_ma_se_averra.mid	data/cpdl/5-voices/reductions/string_quartet_plus_viole/110_ma_se_avverr_ch_io_moia.musicxml	7	12	1	1	0.846717	no	no
cpdl_5_voice_quartet_plus_viole	111	Ma se tale ha costei	data/cpdl/5-voices/sources/111_ma_se_tale_ha_costei__01_ma_se_tale_ha_costei.mid	data/cpdl/5-voices/reductions/string_quartet_plus_viole/111_ma_se_tale_ha_costei.musicxml	0	-5	0	0	1.0603	no	no
cpdl_5_voice_quartet_plus_viole	111	Ma se tale ha costei	data/cpdl/5-voices/sources/111_ma_se_tale_ha_costei__01_ma_se_tale_ha_costei.mid	data/cpdl/5-voices/reductions/string_quartet_plus_viole/111_ma_se_tale_ha_costei.musicxml	0	-4	5	5	0.831216	no	no
cpdl_5_voice_quartet_plus_viole	111	Ma se tale ha costei	data/cpdl/5-voices/sources/111_ma_se_tale_ha_costei__01_ma_se_tale_ha_costei.mid	data/cpdl/5-voices/reductions/string_quartet_plus_viole/111_ma_se_tale_ha_costei.musicxml	0	-3	2	2	0.614426	no	no
cpdl_5_voice_quartet_plus_viole	111	Ma se tale ha costei	data/cpdl/5-voices/sources/111_ma_se_tale_ha_costei__01_ma_se_tale_ha_costei.mid	data/cpdl/5-voices/reductions/string_quartet_plus_viole/111_ma_se_tale_ha_costei.musicxml	0	-2	3	3	0.551935	no	no
cpdl_5_voice_quartet_plus_viole	111	Ma se tale ha costei	data/cpdl/5-voices/sources/111_ma_se_tale_ha_costei__01_ma_se_tale_ha_costei.mid	data/cpdl/5-voices/reductions/string_quartet_plus_viole/111_ma_se_tale_ha_costei.musicxml	0	-1	4	4	0.442599	yes	no
cpdl_5_voice_quartet_plus_viole	111	Ma se tale ha costei	data/cpdl/5-voices/sources/111_ma_se_tale_ha_costei__01_ma_se_tale_ha_costei.mid	data/cpdl/5-voices/reductions/string_quartet_plus_viole/111_ma_se_tale_ha_costei.musicxml	0	0	1	1	0.419817	yes	yes
cpdl_5_voice_quartet_plus_viole	111	Ma se tale ha costei	data/cpdl/5-voices/sources/111_ma_se_tale_ha_costei__01_ma_se_tale_ha_costei.mid	data/cpdl/5-voices/reductions/string_quartet_plus_viole/111_ma_se_tale_ha_costei.musicxml	0	1	6	6	0.406764	yes	no
cpdl_5_voice_quartet_plus_viole	111	Ma se tale ha costei	data/cpdl/5-voices/sources/111_ma_se_tale_ha_costei__01_ma_se_tale_ha_costei.mid	data/cpdl/5-voices/reductions/string_quartet_plus_viole/111_ma_se_tale_ha_costei.musicxml	0	2	1	1	0.452904	yes	no
cpdl_5_voice_quartet_plus_viole	111	Ma se tale ha costei	data/cpdl/5-voices/sources/111_ma_se_tale_ha_costei__01_ma_se_tale_ha_costei.mid	data/cpdl/5-voices/reductions/string_quartet_plus_viole/111_ma_se_tale_ha_costei.musicxml	0	3	4	4	0.48315	no	no
cpdl_5_voice_quartet_plus_viole	111	Ma se tale ha costei	data/cpdl/5-voices/sources/111_ma_se_tale_ha_costei__01_ma_se_tale_ha_costei.mid	data/cpdl/5-voices/reductions/string_quartet_plus_viole/111_ma_se_tale_ha_costei.musicxml	0	4	3	3	0.630459	no	no
cpdl_5_voice_quartet_plus_viole	111	Ma se tale ha costei	data/cpdl/5-voices/sources/111_ma_se_tale_ha_costei__01_ma_se_tale_ha_costei.mid	data/cpdl/5-voices/reductions/string_quartet_plus_viole/111_ma_se_tale_ha_costei.musicxml	0	5	2	2	0.849948	no	no
cpdl_5_voice_quartet_plus_viole	112	Ma tu, cagion di quella atroce pena	data/cpdl/5-voices/sources/112_ma_tu_cagion_di_quella_atroce_pena__02_gesu_18ma.mxl	data/cpdl/5-voices/reductions/string_quartet_plus_viole/112_ma_tu_cagion_di_quella_atroce_pena.musicxml	5	0	0	0	0.927696	no	no
cpdl_5_voice_quartet_plus_viole	112	Ma tu, cagion di quella atroce pena	data/cpdl/5-voices/sources/112_ma_tu_cagion_di_quella_atroce_pena__02_gesu_18ma.mxl	data/cpdl/5-voices/reductions/string_quartet_plus_viole/112_ma_tu_cagion_di_quella_atroce_pena.musicxml	5	1	5	5	0.77728	no	no
cpdl_5_voice_quartet_plus_viole	112	Ma tu, cagion di quella atroce pena	data/cpdl/5-voices/sources/112_ma_tu_cagion_di_quella_atroce_pena__02_gesu_18ma.mxl	data/cpdl/5-voices/reductions/string_quartet_plus_viole/112_ma_tu_cagion_di_quella_atroce_pena.musicxml	5	2	2	2	0.546165	no	no
cpdl_5_voice_quartet_plus_viole	112	Ma tu, cagion di quella atroce pena	data/cpdl/5-voices/sources/112_ma_tu_cagion_di_quella_atroce_pena__02_gesu_18ma.mxl	data/cpdl/5-voices/reductions/string_quartet_plus_viole/112_ma_tu_cagion_di_quella_atroce_pena.musicxml	5	3	3	3	0.474466	yes	no
cpdl_5_voice_quartet_plus_viole	112	Ma tu, cagion di quella atroce pena	data/cpdl/5-voices/sources/112_ma_tu_cagion_di_quella_atroce_pena__02_gesu_18ma.mxl	data/cpdl/5-voices/reductions/string_quartet_plus_viole/112_ma_tu_cagion_di_quella_atroce_pena.musicxml	5	4	4	4	0.390326	yes	no
cpdl_5_voice_quartet_plus_viole	112	Ma tu, cagion di quella atroce pena	data/cpdl/5-voices/sources/112_ma_tu_cagion_di_quella_atroce_pena__02_gesu_18ma.mxl	data/cpdl/5-voices/reductions/string_quartet_plus_viole/112_ma_tu_cagion_di_quella_atroce_pena.musicxml	5	5	1	1	0.427465	yes	yes
cpdl_5_voice_quartet_plus_viole	112	Ma tu, cagion di quella atroce pena	data/cpdl/5-voices/sources/112_ma_tu_cagion_di_quella_atroce_pena__02_gesu_18ma.mxl	data/cpdl/5-voices/reductions/string_quartet_plus_viole/112_ma_tu_cagion_di_quella_atroce_pena.musicxml	5	6	6	6	0.43107	yes	no
cpdl_5_voice_quartet_plus_viole	112	Ma tu, cagion di quella atroce pena	data/cpdl/5-voices/sources/112_ma_tu_cagion_di_quella_atroce_pena__02_gesu_18ma.mxl	data/cpdl/5-voices/reductions/string_quartet_plus_viole/112_ma_tu_cagion_di_quella_atroce_pena.musicxml	5	7	1	1	0.505302	no	no
cpdl_5_voice_quartet_plus_viole	112	Ma tu, cagion di quella atroce pena	data/cpdl/5-voices/sources/112_ma_tu_cagion_di_quella_atroce_pena__02_gesu_18ma.mxl	data/cpdl/5-voices/reductions/string_quartet_plus_viole/112_ma_tu_cagion_di_quella_atroce_pena.musicxml	5	8	4	4	0.576315	no	no
cpdl_5_voice_quartet_plus_viole	112	Ma tu, cagion di quella atroce pena	data/cpdl/5-voices/sources/112_ma_tu_cagion_di_quella_atroce_pena__02_gesu_18ma.mxl	data/cpdl/5-voices/reductions/string_quartet_plus_viole/112_ma_tu_cagion_di_quella_atroce_pena.musicxml	5	9	3	3	0.658549	no	no
cpdl_5_voice_quartet_plus_viole	112	Ma tu, cagion di quella atroce pena	data/cpdl/5-voices/sources/112_ma_tu_cagion_di_quella_atroce_pena__02_gesu_18ma.mxl	data/cpdl/5-voices/reductions/string_quartet_plus_viole/112_ma_tu_cagion_di_quella_atroce_pena.musicxml	5	10	2	2	0.940119	no	no
cpdl_5_voice_quartet_plus_viole	113	Madonna, io ben vorrei	data/cpdl/5-voices/sources/113_madonna_io_ben_vorrei__02_gesualdo_madonna_io_ben_vorrei.mxl	data/cpdl/5-voices/reductions/string_quartet_plus_viole/113_madonna_io_ben_vorrei.musicxml	2	-3	2	2	0.903849	no	no
cpdl_5_voice_quartet_plus_viole	113	Madonna, io ben vorrei	data/cpdl/5-voices/sources/113_madonna_io_ben_vorrei__02_gesualdo_madonna_io_ben_vorrei.mxl	data/cpdl/5-voices/reductions/string_quartet_plus_viole/113_madonna_io_ben_vorrei.musicxml	2	-2	3	3	0.787576	no	no
cpdl_5_voice_quartet_plus_viole	113	Madonna, io ben vorrei	data/cpdl/5-voices/sources/113_madonna_io_ben_vorrei__02_gesualdo_madonna_io_ben_vorrei.mxl	data/cpdl/5-voices/reductions/string_quartet_plus_viole/113_madonna_io_ben_vorrei.musicxml	2	-1	4	4	0.560072	no	no
cpdl_5_voice_quartet_plus_viole	113	Madonna, io ben vorrei	data/cpdl/5-voices/sources/113_madonna_io_ben_vorrei__02_gesualdo_madonna_io_ben_vorrei.mxl	data/cpdl/5-voices/reductions/string_quartet_plus_viole/113_madonna_io_ben_vorrei.musicxml	2	0	1	1	0.489621	no	no
cpdl_5_voice_quartet_plus_viole	113	Madonna, io ben vorrei	data/cpdl/5-voices/sources/113_madonna_io_ben_vorrei__02_gesualdo_madonna_io_ben_vorrei.mxl	data/cpdl/5-voices/reductions/string_quartet_plus_viole/113_madonna_io_ben_vorrei.musicxml	2	1	6	6	0.365831	yes	no
cpdl_5_voice_quartet_plus_viole	113	Madonna, io ben vorrei	data/cpdl/5-voices/sources/113_madonna_io_ben_vorrei__02_gesualdo_madonna_io_ben_vorrei.mxl	data/cpdl/5-voices/reductions/string_quartet_plus_viole/113_madonna_io_ben_vorrei.musicxml	2	2	1	1	0.335512	yes	yes
cpdl_5_voice_quartet_plus_viole	113	Madonna, io ben vorrei	data/cpdl/5-voices/sources/113_madonna_io_ben_vorrei__02_gesualdo_madonna_io_ben_vorrei.mxl	data/cpdl/5-voices/reductions/string_quartet_plus_viole/113_madonna_io_ben_vorrei.musicxml	2	3	4	4	0.332591	yes	no
cpdl_5_voice_quartet_plus_viole	113	Madonna, io ben vorrei	data/cpdl/5-voices/sources/113_madonna_io_ben_vorrei__02_gesualdo_madonna_io_ben_vorrei.mxl	data/cpdl/5-voices/reductions/string_quartet_plus_viole/113_madonna_io_ben_vorrei.musicxml	2	4	3	3	0.354894	yes	no
cpdl_5_voice_quartet_plus_viole	113	Madonna, io ben vorrei	data/cpdl/5-voices/sources/113_madonna_io_ben_vorrei__02_gesualdo_madonna_io_ben_vorrei.mxl	data/cpdl/5-voices/reductions/string_quartet_plus_viole/113_madonna_io_ben_vorrei.musicxml	2	5	2	2	0.389418	no	no
cpdl_5_voice_quartet_plus_viole	113	Madonna, io ben vorrei	data/cpdl/5-voices/sources/113_madonna_io_ben_vorrei__02_gesualdo_madonna_io_ben_vorrei.mxl	data/cpdl/5-voices/reductions/string_quartet_plus_viole/113_madonna_io_ben_vorrei.musicxml	2	6	5	5	0.419785	no	no
cpdl_5_voice_quartet_plus_viole	113	Madonna, io ben vorrei	data/cpdl/5-voices/sources/113_madonna_io_ben_vorrei__02_gesualdo_madonna_io_ben_vorrei.mxl	data/cpdl/5-voices/reductions/string_quartet_plus_viole/113_madonna_io_ben_vorrei.musicxml	2	7	0	0	0.548639	no	no
cpdl_5_voice_quartet_plus_viole	114	Mentre gira costei	data/cpdl/5-voices/sources/114_mentre_gira_costei__02_mentre_gira_costei_gesualdo.mxl	data/cpdl/5-voices/reductions/string_quartet_plus_viole/114_mentre_gira_costei.musicxml	0	-5	1	1	0.836403	no	no
cpdl_5_voice_quartet_plus_viole	114	Mentre gira costei	data/cpdl/5-voices/sources/114_mentre_gira_costei__02_mentre_gira_costei_gesualdo.mxl	data/cpdl/5-voices/reductions/string_quartet_plus_viole/114_mentre_gira_costei.musicxml	0	-4	4	4	0.710787	no	no
cpdl_5_voice_quartet_plus_viole	114	Mentre gira costei	data/cpdl/5-voices/sources/114_mentre_gira_costei__02_mentre_gira_costei_gesualdo.mxl	data/cpdl/5-voices/reductions/string_quartet_plus_viole/114_mentre_gira_costei.musicxml	0	-3	3	3	0.527177	no	no
cpdl_5_voice_quartet_plus_viole	114	Mentre gira costei	data/cpdl/5-voices/sources/114_mentre_gira_costei__02_mentre_gira_costei_gesualdo.mxl	data/cpdl/5-voices/reductions/string_quartet_plus_viole/114_mentre_gira_costei.musicxml	0	-2	2	2	0.46638	no	no
cpdl_5_voice_quartet_plus_viole	114	Mentre gira costei	data/cpdl/5-voices/sources/114_mentre_gira_costei__02_mentre_gira_costei_gesualdo.mxl	data/cpdl/5-voices/reductions/string_quartet_plus_viole/114_mentre_gira_costei.musicxml	0	-1	5	5	0.382533	yes	no
cpdl_5_voice_quartet_plus_viole	114	Mentre gira costei	data/cpdl/5-voices/sources/114_mentre_gira_costei__02_mentre_gira_costei_gesualdo.mxl	data/cpdl/5-voices/reductions/string_quartet_plus_viole/114_mentre_gira_costei.musicxml	0	0	0	0	0.360218	yes	yes
cpdl_5_voice_quartet_plus_viole	114	Mentre gira costei	data/cpdl/5-voices/sources/114_mentre_gira_costei__02_mentre_gira_costei_gesualdo.mxl	data/cpdl/5-voices/reductions/string_quartet_plus_viole/114_mentre_gira_costei.musicxml	0	1	5	5	0.363735	yes	no
cpdl_5_voice_quartet_plus_viole	114	Mentre gira costei	data/cpdl/5-voices/sources/114_mentre_gira_costei__02_mentre_gira_costei_gesualdo.mxl	data/cpdl/5-voices/reductions/string_quartet_plus_viole/114_mentre_gira_costei.musicxml	0	2	2	2	0.465699	no	no
cpdl_5_voice_quartet_plus_viole	114	Mentre gira costei	data/cpdl/5-voices/sources/114_mentre_gira_costei__02_mentre_gira_costei_gesualdo.mxl	data/cpdl/5-voices/reductions/string_quartet_plus_viole/114_mentre_gira_costei.musicxml	0	3	3	3	0.526506	no	no
cpdl_5_voice_quartet_plus_viole	114	Mentre gira costei	data/cpdl/5-voices/sources/114_mentre_gira_costei__02_mentre_gira_costei_gesualdo.mxl	data/cpdl/5-voices/reductions/string_quartet_plus_viole/114_mentre_gira_costei.musicxml	0	4	4	4	0.568893	no	no
cpdl_5_voice_quartet_plus_viole	114	Mentre gira costei	data/cpdl/5-voices/sources/114_mentre_gira_costei__02_mentre_gira_costei_gesualdo.mxl	data/cpdl/5-voices/reductions/string_quartet_plus_viole/114_mentre_gira_costei.musicxml	0	5	1	1	0.764741	no	no
cpdl_5_voice_quartet_plus_viole	115	Mentre madonna il lasso fianco posa	data/cpdl/5-voices/sources/115_mentre_madonna_il_lasso_fianco_posa__02_gesualdo_mentre_madonna_il_lasso_fianco_posa.mxl	data/cpdl/5-voices/reductions/string_quartet_plus_viole/115_mentre_madonna_il_lasso_fianco_posa.musicxml	0	-5	1	1	1.01901	no	no
cpdl_5_voice_quartet_plus_viole	115	Mentre madonna il lasso fianco posa	data/cpdl/5-voices/sources/115_mentre_madonna_il_lasso_fianco_posa__02_gesualdo_mentre_madonna_il_lasso_fianco_posa.mxl	data/cpdl/5-voices/reductions/string_quartet_plus_viole/115_mentre_madonna_il_lasso_fianco_posa.musicxml	0	-4	4	4	0.874483	no	no
cpdl_5_voice_quartet_plus_viole	115	Mentre madonna il lasso fianco posa	data/cpdl/5-voices/sources/115_mentre_madonna_il_lasso_fianco_posa__02_gesualdo_mentre_madonna_il_lasso_fianco_posa.mxl	data/cpdl/5-voices/reductions/string_quartet_plus_viole/115_mentre_madonna_il_lasso_fianco_posa.musicxml	0	-3	3	3	0.650726	no	no
cpdl_5_voice_quartet_plus_viole	115	Mentre madonna il lasso fianco posa	data/cpdl/5-voices/sources/115_mentre_madonna_il_lasso_fianco_posa__02_gesualdo_mentre_madonna_il_lasso_fianco_posa.mxl	data/cpdl/5-voices/reductions/string_quartet_plus_viole/115_mentre_madonna_il_lasso_fianco_posa.musicxml	0	-2	2	2	0.579525	no	no
cpdl_5_voice_quartet_plus_viole	115	Mentre madonna il lasso fianco posa	data/cpdl/5-voices/sources/115_mentre_madonna_il_lasso_fianco_posa__02_gesualdo_mentre_madonna_il_lasso_fianco_posa.mxl	data/cpdl/5-voices/reductions/string_quartet_plus_viole/115_mentre_madonna_il_lasso_fianco_posa.musicxml	0	-1	5	5	0.460932	yes	no
cpdl_5_voice_quartet_plus_viole	115	Mentre madonna il lasso fianco posa	data/cpdl/5-voices/sources/115_mentre_madonna_il_lasso_fianco_posa__02_gesualdo_mentre_madonna_il_lasso_fianco_posa.mxl	data/cpdl/5-voices/reductions/string_quartet_plus_viole/115_mentre_madonna_il_lasso_fianco_posa.musicxml	0	0	0	0	0.429655	yes	yes
cpdl_5_voice_quartet_plus_viole	115	Mentre madonna il lasso fianco posa	data/cpdl/5-voices/sources/115_mentre_madonna_il_lasso_fianco_posa__02_gesualdo_mentre_madonna_il_lasso_fianco_posa.mxl	data/cpdl/5-voices/reductions/string_quartet_plus_viole/115_mentre_madonna_il_lasso_fianco_posa.musicxml	0	1	5	5	0.379794	yes	no
cpdl_5_voice_quartet_plus_viole	115	Mentre madonna il lasso fianco posa	data/cpdl/5-voices/sources/115_mentre_madonna_il_lasso_fianco_posa__02_gesualdo_mentre_madonna_il_lasso_fianco_posa.mxl	data/cpdl/5-voices/reductions/string_quartet_plus_viole/115_mentre_madonna_il_lasso_fianco_posa.musicxml	0	2	2	2	0.387036	yes	no
cpdl_5_voice_quartet_plus_viole	115	Mentre madonna il lasso fianco posa	data/cpdl/5-voices/sources/115_mentre_madonna_il_lasso_fianco_posa__02_gesualdo_mentre_madonna_il_lasso_fianco_posa.mxl	data/cpdl/5-voices/reductions/string_quartet_plus_viole/115_mentre_madonna_il_lasso_fianco_posa.musicxml	0	3	3	3	0.406099	yes	no
cpdl_5_voice_quartet_plus_viole	115	Mentre madonna il lasso fianco posa	data/cpdl/5-voices/sources/115_mentre_madonna_il_lasso_fianco_posa__02_gesualdo_mentre_madonna_il_lasso_fianco_posa.mxl	data/cpdl/5-voices/reductions/string_quartet_plus_viole/115_mentre_madonna_il_lasso_fianco_posa.musicxml	0	4	4	4	0.456638	yes	no
cpdl_5_voice_quartet_plus_viole	115	Mentre madonna il lasso fianco posa	data/cpdl/5-voices/sources/115_mentre_madonna_il_lasso_fianco_posa__02_gesualdo_mentre_madonna_il_lasso_fianco_posa.mxl	data/cpdl/5-voices/reductions/string_quartet_plus_viole/115_mentre_madonna_il_lasso_fianco_posa.musicxml	0	5	1	1	0.614162	no	no
cpdl_5_voice_quartet_plus_viole	116	Mentre, mia stella, miri	data/cpdl/5-voices/sources/116_mentre_mia_stella_miri__01_gesualdo_mentre_mia_stella_miri.mxl	data/cpdl/5-voices/reductions/string_quartet_plus_viole/116_mentre_mia_stella_miri.musicxml	0	-5	1	1	0.57054	no	no
cpdl_5_voice_quartet_plus_viole	116	Mentre, mia stella, miri	data/cpdl/5-voices/sources/116_mentre_mia_stella_miri__01_gesualdo_mentre_mia_stella_miri.mxl	data/cpdl/5-voices/reductions/string_quartet_plus_viole/116_mentre_mia_stella_miri.musicxml	0	-4	4	4	0.492604	no	no
cpdl_5_voice_quartet_plus_viole	116	Mentre, mia stella, miri	data/cpdl/5-voices/sources/116_mentre_mia_stella_miri__01_gesualdo_mentre_mia_stella_miri.mxl	data/cpdl/5-voices/reductions/string_quartet_plus_viole/116_mentre_mia_stella_miri.musicxml	0	-3	3	3	0.405217	no	no
cpdl_5_voice_quartet_plus_viole	116	Mentre, mia stella, miri	data/cpdl/5-voices/sources/116_mentre_mia_stella_miri__01_gesualdo_mentre_mia_stella_miri.mxl	data/cpdl/5-voices/reductions/string_quartet_plus_viole/116_mentre_mia_stella_miri.musicxml	0	-2	2	2	0.352927	no	no
cpdl_5_voice_quartet_plus_viole	116	Mentre, mia stella, miri	data/cpdl/5-voices/sources/116_mentre_mia_stella_miri__01_gesualdo_mentre_mia_stella_miri.mxl	data/cpdl/5-voices/reductions/string_quartet_plus_viole/116_mentre_mia_stella_miri.musicxml	0	-1	5	5	0.30751	yes	no
cpdl_5_voice_quartet_plus_viole	116	Mentre, mia stella, miri	data/cpdl/5-voices/sources/116_mentre_mia_stella_miri__01_gesualdo_mentre_mia_stella_miri.mxl	data/cpdl/5-voices/reductions/string_quartet_plus_viole/116_mentre_mia_stella_miri.musicxml	0	0	0	0	0.283014	yes	yes
cpdl_5_voice_quartet_plus_viole	116	Mentre, mia stella, miri	data/cpdl/5-voices/sources/116_mentre_mia_stella_miri__01_gesualdo_mentre_mia_stella_miri.mxl	data/cpdl/5-voices/reductions/string_quartet_plus_viole/116_mentre_mia_stella_miri.musicxml	0	1	5	5	0.280349	yes	no
cpdl_5_voice_quartet_plus_viole	116	Mentre, mia stella, miri	data/cpdl/5-voices/sources/116_mentre_mia_stella_miri__01_gesualdo_mentre_mia_stella_miri.mxl	data/cpdl/5-voices/reductions/string_quartet_plus_viole/116_mentre_mia_stella_miri.musicxml	0	2	2	2	0.311755	yes	no
cpdl_5_voice_quartet_plus_viole	116	Mentre, mia stella, miri	data/cpdl/5-voices/sources/116_mentre_mia_stella_miri__01_gesualdo_mentre_mia_stella_miri.mxl	data/cpdl/5-voices/reductions/string_quartet_plus_viole/116_mentre_mia_stella_miri.musicxml	0	3	3	3	0.333288	no	no
cpdl_5_voice_quartet_plus_viole	116	Mentre, mia stella, miri	data/cpdl/5-voices/sources/116_mentre_mia_stella_miri__01_gesualdo_mentre_mia_stella_miri.mxl	data/cpdl/5-voices/reductions/string_quartet_plus_viole/116_mentre_mia_stella_miri.musicxml	0	4	4	4	0.406924	no	no
cpdl_5_voice_quartet_plus_viole	116	Mentre, mia stella, miri	data/cpdl/5-voices/sources/116_mentre_mia_stella_miri__01_gesualdo_mentre_mia_stella_miri.mxl	data/cpdl/5-voices/reductions/string_quartet_plus_viole/116_mentre_mia_stella_miri.musicxml	0	5	1	1	0.629968	no	no
cpdl_5_voice_quartet_plus_viole	117	Meraviglia d'Amore	data/cpdl/5-voices/sources/117_meraviglia_d_amore__01_gesualdo_meraviglia_d_amore.mxl	data/cpdl/5-voices/reductions/string_quartet_plus_viole/117_meraviglia_d_amore.musicxml	0	-5	1	1	0.782631	no	no
cpdl_5_voice_quartet_plus_viole	117	Meraviglia d'Amore	data/cpdl/5-voices/sources/117_meraviglia_d_amore__01_gesualdo_meraviglia_d_amore.mxl	data/cpdl/5-voices/reductions/string_quartet_plus_viole/117_meraviglia_d_amore.musicxml	0	-4	4	4	0.687018	no	no
cpdl_5_voice_quartet_plus_viole	117	Meraviglia d'Amore	data/cpdl/5-voices/sources/117_meraviglia_d_amore__01_gesualdo_meraviglia_d_amore.mxl	data/cpdl/5-voices/reductions/string_quartet_plus_viole/117_meraviglia_d_amore.musicxml	0	-3	3	3	0.507922	no	no
cpdl_5_voice_quartet_plus_viole	117	Meraviglia d'Amore	data/cpdl/5-voices/sources/117_meraviglia_d_amore__01_gesualdo_meraviglia_d_amore.mxl	data/cpdl/5-voices/reductions/string_quartet_plus_viole/117_meraviglia_d_amore.musicxml	0	-2	2	2	0.442944	no	no
cpdl_5_voice_quartet_plus_viole	117	Meraviglia d'Amore	data/cpdl/5-voices/sources/117_meraviglia_d_amore__01_gesualdo_meraviglia_d_amore.mxl	data/cpdl/5-voices/reductions/string_quartet_plus_viole/117_meraviglia_d_amore.musicxml	0	-1	5	5	0.36315	yes	no
cpdl_5_voice_quartet_plus_viole	117	Meraviglia d'Amore	data/cpdl/5-voices/sources/117_meraviglia_d_amore__01_gesualdo_meraviglia_d_amore.mxl	data/cpdl/5-voices/reductions/string_quartet_plus_viole/117_meraviglia_d_amore.musicxml	0	0	0	0	0.324974	yes	yes
cpdl_5_voice_quartet_plus_viole	117	Meraviglia d'Amore	data/cpdl/5-voices/sources/117_meraviglia_d_amore__01_gesualdo_meraviglia_d_amore.mxl	data/cpdl/5-voices/reductions/string_quartet_plus_viole/117_meraviglia_d_amore.musicxml	0	1	5	5	0.321954	yes	no
cpdl_5_voice_quartet_plus_viole	117	Meraviglia d'Amore	data/cpdl/5-voices/sources/117_meraviglia_d_amore__01_gesualdo_meraviglia_d_amore.mxl	data/cpdl/5-voices/reductions/string_quartet_plus_viole/117_meraviglia_d_amore.musicxml	0	2	2	2	0.394555	no	no
cpdl_5_voice_quartet_plus_viole	117	Meraviglia d'Amore	data/cpdl/5-voices/sources/117_meraviglia_d_amore__01_gesualdo_meraviglia_d_amore.mxl	data/cpdl/5-voices/reductions/string_quartet_plus_viole/117_meraviglia_d_amore.musicxml	0	3	3	3	0.41829	no	no
cpdl_5_voice_quartet_plus_viole	117	Meraviglia d'Amore	data/cpdl/5-voices/sources/117_meraviglia_d_amore__01_gesualdo_meraviglia_d_amore.mxl	data/cpdl/5-voices/reductions/string_quartet_plus_viole/117_meraviglia_d_amore.musicxml	0	4	4	4	0.471231	no	no
cpdl_5_voice_quartet_plus_viole	117	Meraviglia d'Amore	data/cpdl/5-voices/sources/117_meraviglia_d_amore__01_gesualdo_meraviglia_d_amore.mxl	data/cpdl/5-voices/reductions/string_quartet_plus_viole/117_meraviglia_d_amore.musicxml	0	5	1	1	0.64137	no	no
cpdl_5_voice_quartet_plus_viole	118	Mercè grido piangendo	data/cpdl/5-voices/sources/118_merce_grido_piangendo__02_gesu_11me.mxl	data/cpdl/5-voices/reductions/string_quartet_plus_viole/118_merc_grido_piangendo.musicxml	0	-5	1	1	1.06879	no	no
cpdl_5_voice_quartet_plus_viole	118	Mercè grido piangendo	data/cpdl/5-voices/sources/118_merce_grido_piangendo__02_gesu_11me.mxl	data/cpdl/5-voices/reductions/string_quartet_plus_viole/118_merc_grido_piangendo.musicxml	0	-4	4	4	0.844377	no	no
cpdl_5_voice_quartet_plus_viole	118	Mercè grido piangendo	data/cpdl/5-voices/sources/118_merce_grido_piangendo__02_gesu_11me.mxl	data/cpdl/5-voices/reductions/string_quartet_plus_viole/118_merc_grido_piangendo.musicxml	0	-3	3	3	0.573748	no	no
cpdl_5_voice_quartet_plus_viole	118	Mercè grido piangendo	data/cpdl/5-voices/sources/118_merce_grido_piangendo__02_gesu_11me.mxl	data/cpdl/5-voices/reductions/string_quartet_plus_viole/118_merc_grido_piangendo.musicxml	0	-2	2	2	0.461908	no	no
cpdl_5_voice_quartet_plus_viole	118	Mercè grido piangendo	data/cpdl/5-voices/sources/118_merce_grido_piangendo__02_gesu_11me.mxl	data/cpdl/5-voices/reductions/string_quartet_plus_viole/118_merc_grido_piangendo.musicxml	0	-1	5	5	0.363801	yes	no
cpdl_5_voice_quartet_plus_viole	118	Mercè grido piangendo	data/cpdl/5-voices/sources/118_merce_grido_piangendo__02_gesu_11me.mxl	data/cpdl/5-voices/reductions/string_quartet_plus_viole/118_merc_grido_piangendo.musicxml	0	0	0	0	0.327474	yes	yes
cpdl_5_voice_quartet_plus_viole	118	Mercè grido piangendo	data/cpdl/5-voices/sources/118_merce_grido_piangendo__02_gesu_11me.mxl	data/cpdl/5-voices/reductions/string_quartet_plus_viole/118_merc_grido_piangendo.musicxml	0	1	5	5	0.344034	yes	no
cpdl_5_voice_quartet_plus_viole	118	Mercè grido piangendo	data/cpdl/5-voices/sources/118_merce_grido_piangendo__02_gesu_11me.mxl	data/cpdl/5-voices/reductions/string_quartet_plus_viole/118_merc_grido_piangendo.musicxml	0	2	2	2	0.379662	no	no
cpdl_5_voice_quartet_plus_viole	118	Mercè grido piangendo	data/cpdl/5-voices/sources/118_merce_grido_piangendo__02_gesu_11me.mxl	data/cpdl/5-voices/reductions/string_quartet_plus_viole/118_merc_grido_piangendo.musicxml	0	3	3	3	0.432746	no	no
cpdl_5_voice_quartet_plus_viole	118	Mercè grido piangendo	data/cpdl/5-voices/sources/118_merce_grido_piangendo__02_gesu_11me.mxl	data/cpdl/5-voices/reductions/string_quartet_plus_viole/118_merc_grido_piangendo.musicxml	0	4	4	4	0.470235	no	no
cpdl_5_voice_quartet_plus_viole	118	Mercè grido piangendo	data/cpdl/5-voices/sources/118_merce_grido_piangendo__02_gesu_11me.mxl	data/cpdl/5-voices/reductions/string_quartet_plus_viole/118_merc_grido_piangendo.musicxml	0	5	1	1	0.576509	no	no
cpdl_5_voice_quartet_plus_viole	119	Mille volte il di	data/cpdl/5-voices/sources/119_mille_volte_il_di__02_mille_volte_il_di_gesualdo.mxl	data/cpdl/5-voices/reductions/string_quartet_plus_viole/119_mille_volte_il_di.musicxml	2	-3	3	3	1.29035	no	no
cpdl_5_voice_quartet_plus_viole	119	Mille volte il di	data/cpdl/5-voices/sources/119_mille_volte_il_di__02_mille_volte_il_di_gesualdo.mxl	data/cpdl/5-voices/reductions/string_quartet_plus_viole/119_mille_volte_il_di.musicxml	2	-2	2	2	1.01515	no	no
cpdl_5_voice_quartet_plus_viole	119	Mille volte il di	data/cpdl/5-voices/sources/119_mille_volte_il_di__02_mille_volte_il_di_gesualdo.mxl	data/cpdl/5-voices/reductions/string_quartet_plus_viole/119_mille_volte_il_di.musicxml	2	-1	5	5	0.711643	no	no
cpdl_5_voice_quartet_plus_viole	119	Mille volte il di	data/cpdl/5-voices/sources/119_mille_volte_il_di__02_mille_volte_il_di_gesualdo.mxl	data/cpdl/5-voices/reductions/string_quartet_plus_viole/119_mille_volte_il_di.musicxml	2	0	0	0	0.560537	no	no
cpdl_5_voice_quartet_plus_viole	119	Mille volte il di	data/cpdl/5-voices/sources/119_mille_volte_il_di__02_mille_volte_il_di_gesualdo.mxl	data/cpdl/5-voices/reductions/string_quartet_plus_viole/119_mille_volte_il_di.musicxml	2	1	5	5	0.458007	no	no
cpdl_5_voice_quartet_plus_viole	119	Mille volte il di	data/cpdl/5-voices/sources/119_mille_volte_il_di__02_mille_volte_il_di_gesualdo.mxl	data/cpdl/5-voices/reductions/string_quartet_plus_viole/119_mille_volte_il_di.musicxml	2	2	2	2	0.389866	yes	yes
cpdl_5_voice_quartet_plus_viole	119	Mille volte il di	data/cpdl/5-voices/sources/119_mille_volte_il_di__02_mille_volte_il_di_gesualdo.mxl	data/cpdl/5-voices/reductions/string_quartet_plus_viole/119_mille_volte_il_di.musicxml	2	3	3	3	0.390538	yes	no
cpdl_5_voice_quartet_plus_viole	119	Mille volte il di	data/cpdl/5-voices/sources/119_mille_volte_il_di__02_mille_volte_il_di_gesualdo.mxl	data/cpdl/5-voices/reductions/string_quartet_plus_viole/119_mille_volte_il_di.musicxml	2	4	4	4	0.393449	yes	no
cpdl_5_voice_quartet_plus_viole	119	Mille volte il di	data/cpdl/5-voices/sources/119_mille_volte_il_di__02_mille_volte_il_di_gesualdo.mxl	data/cpdl/5-voices/reductions/string_quartet_plus_viole/119_mille_volte_il_di.musicxml	2	5	1	1	0.448823	no	no
cpdl_5_voice_quartet_plus_viole	119	Mille volte il di	data/cpdl/5-voices/sources/119_mille_volte_il_di__02_mille_volte_il_di_gesualdo.mxl	data/cpdl/5-voices/reductions/string_quartet_plus_viole/119_mille_volte_il_di.musicxml	2	6	6	6	0.492631	no	no
cpdl_5_voice_quartet_plus_viole	119	Mille volte il di	data/cpdl/5-voices/sources/119_mille_volte_il_di__02_mille_volte_il_di_gesualdo.mxl	data/cpdl/5-voices/reductions/string_quartet_plus_viole/119_mille_volte_il_di.musicxml	2	7	1	1	0.53969	no	no
cpdl_5_voice_quartet_plus_viole	120	Moro, e mentre sospiro	data/cpdl/5-voices/sources/120_moro_e_mentre_sospiro__02_moro_e_mentre_sospiro_gesualdo.mxl	data/cpdl/5-voices/reductions/string_quartet_plus_viole/120_moro_e_mentre_sospiro.musicxml	4	-1	4	4	1.05991	no	no
cpdl_5_voice_quartet_plus_viole	120	Moro, e mentre sospiro	data/cpdl/5-voices/sources/120_moro_e_mentre_sospiro__02_moro_e_mentre_sospiro_gesualdo.mxl	data/cpdl/5-voices/reductions/string_quartet_plus_viole/120_moro_e_mentre_sospiro.musicxml	4	0	1	1	0.937551	no	no
cpdl_5_voice_quartet_plus_viole	120	Moro, e mentre sospiro	data/cpdl/5-voices/sources/120_moro_e_mentre_sospiro__02_moro_e_mentre_sospiro_gesualdo.mxl	data/cpdl/5-voices/reductions/string_quartet_plus_viole/120_moro_e_mentre_sospiro.musicxml	4	1	6	6	0.720009	no	no
cpdl_5_voice_quartet_plus_viole	120	Moro, e mentre sospiro	data/cpdl/5-voices/sources/120_moro_e_mentre_sospiro__02_moro_e_mentre_sospiro_gesualdo.mxl	data/cpdl/5-voices/reductions/string_quartet_plus_viole/120_moro_e_mentre_sospiro.musicxml	4	2	1	1	0.600821	no	no
cpdl_5_voice_quartet_plus_viole	120	Moro, e mentre sospiro	data/cpdl/5-voices/sources/120_moro_e_mentre_sospiro__02_moro_e_mentre_sospiro_gesualdo.mxl	data/cpdl/5-voices/reductions/string_quartet_plus_viole/120_moro_e_mentre_sospiro.musicxml	4	3	4	4	0.546718	no	no
cpdl_5_voice_quartet_plus_viole	120	Moro, e mentre sospiro	data/cpdl/5-voices/sources/120_moro_e_mentre_sospiro__02_moro_e_mentre_sospiro_gesualdo.mxl	data/cpdl/5-voices/reductions/string_quartet_plus_viole/120_moro_e_mentre_sospiro.musicxml	4	4	3	3	0.42497	yes	yes
cpdl_5_voice_quartet_plus_viole	120	Moro, e mentre sospiro	data/cpdl/5-voices/sources/120_moro_e_mentre_sospiro__02_moro_e_mentre_sospiro_gesualdo.mxl	data/cpdl/5-voices/reductions/string_quartet_plus_viole/120_moro_e_mentre_sospiro.musicxml	4	5	2	2	0.432088	yes	no
cpdl_5_voice_quartet_plus_viole	120	Moro, e mentre sospiro	data/cpdl/5-voices/sources/120_moro_e_mentre_sospiro__02_moro_e_mentre_sospiro_gesualdo.mxl	data/cpdl/5-voices/reductions/string_quartet_plus_viole/120_moro_e_mentre_sospiro.musicxml	4	6	5	5	0.432415	yes	no
cpdl_5_voice_quartet_plus_viole	120	Moro, e mentre sospiro	data/cpdl/5-voices/sources/120_moro_e_mentre_sospiro__02_moro_e_mentre_sospiro_gesualdo.mxl	data/cpdl/5-voices/reductions/string_quartet_plus_viole/120_moro_e_mentre_sospiro.musicxml	4	7	0	0	0.500689	no	no
cpdl_5_voice_quartet_plus_viole	120	Moro, e mentre sospiro	data/cpdl/5-voices/sources/120_moro_e_mentre_sospiro__02_moro_e_mentre_sospiro_gesualdo.mxl	data/cpdl/5-voices/reductions/string_quartet_plus_viole/120_moro_e_mentre_sospiro.musicxml	4	8	5	5	0.544087	no	no
cpdl_5_voice_quartet_plus_viole	120	Moro, e mentre sospiro	data/cpdl/5-voices/sources/120_moro_e_mentre_sospiro__02_moro_e_mentre_sospiro_gesualdo.mxl	data/cpdl/5-voices/reductions/string_quartet_plus_viole/120_moro_e_mentre_sospiro.musicxml	4	9	2	2	0.736749	no	no
cpdl_5_voice_quartet_plus_viole	121	Moro, lasso, al mio duolo	data/cpdl/5-voices/sources/121_moro_lasso_al_mio_duolo__02_moro_lasso_gesualdo.mxl	data/cpdl/5-voices/reductions/string_quartet_plus_viole/121_moro_lasso_al_mio_duolo.musicxml	0	-5	1	1	1.05971	no	no
cpdl_5_voice_quartet_plus_viole	121	Moro, lasso, al mio duolo	data/cpdl/5-voices/sources/121_moro_lasso_al_mio_duolo__02_moro_lasso_gesualdo.mxl	data/cpdl/5-voices/reductions/string_quartet_plus_viole/121_moro_lasso_al_mio_duolo.musicxml	0	-4	4	4	0.867765	no	no
cpdl_5_voice_quartet_plus_viole	121	Moro, lasso, al mio duolo	data/cpdl/5-voices/sources/121_moro_lasso_al_mio_duolo__02_moro_lasso_gesualdo.mxl	data/cpdl/5-voices/reductions/string_quartet_plus_viole/121_moro_lasso_al_mio_duolo.musicxml	0	-3	3	3	0.659409	no	no
cpdl_5_voice_quartet_plus_viole	121	Moro, lasso, al mio duolo	data/cpdl/5-voices/sources/121_moro_lasso_al_mio_duolo__02_moro_lasso_gesualdo.mxl	data/cpdl/5-voices/reductions/string_quartet_plus_viole/121_moro_lasso_al_mio_duolo.musicxml	0	-2	2	2	0.539679	no	no
cpdl_5_voice_quartet_plus_viole	121	Moro, lasso, al mio duolo	data/cpdl/5-voices/sources/121_moro_lasso_al_mio_duolo__02_moro_lasso_gesualdo.mxl	data/cpdl/5-voices/reductions/string_quartet_plus_viole/121_moro_lasso_al_mio_duolo.musicxml	0	-1	5	5	0.409118	no	no
cpdl_5_voice_quartet_plus_viole	121	Moro, lasso, al mio duolo	data/cpdl/5-voices/sources/121_moro_lasso_al_mio_duolo__02_moro_lasso_gesualdo.mxl	data/cpdl/5-voices/reductions/string_quartet_plus_viole/121_moro_lasso_al_mio_duolo.musicxml	0	0	0	0	0.337848	yes	yes
cpdl_5_voice_quartet_plus_viole	121	Moro, lasso, al mio duolo	data/cpdl/5-voices/sources/121_moro_lasso_al_mio_duolo__02_moro_lasso_gesualdo.mxl	data/cpdl/5-voices/reductions/string_quartet_plus_viole/121_moro_lasso_al_mio_duolo.musicxml	0	1	5	5	0.311509	yes	no
cpdl_5_voice_quartet_plus_viole	121	Moro, lasso, al mio duolo	data/cpdl/5-voices/sources/121_moro_lasso_al_mio_duolo__02_moro_lasso_gesualdo.mxl	data/cpdl/5-voices/reductions/string_quartet_plus_viole/121_moro_lasso_al_mio_duolo.musicxml	0	2	2	2	0.324123	yes	no
cpdl_5_voice_quartet_plus_viole	121	Moro, lasso, al mio duolo	data/cpdl/5-voices/sources/121_moro_lasso_al_mio_duolo__02_moro_lasso_gesualdo.mxl	data/cpdl/5-voices/reductions/string_quartet_plus_viole/121_moro_lasso_al_mio_duolo.musicxml	0	3	3	3	0.314792	yes	no
cpdl_5_voice_quartet_plus_viole	121	Moro, lasso, al mio duolo	data/cpdl/5-voices/sources/121_moro_lasso_al_mio_duolo__02_moro_lasso_gesualdo.mxl	data/cpdl/5-voices/reductions/string_quartet_plus_viole/121_moro_lasso_al_mio_duolo.musicxml	0	4	4	4	0.35524	yes	no
cpdl_5_voice_quartet_plus_viole	121	Moro, lasso, al mio duolo	data/cpdl/5-voices/sources/121_moro_lasso_al_mio_duolo__02_moro_lasso_gesualdo.mxl	data/cpdl/5-voices/reductions/string_quartet_plus_viole/121_moro_lasso_al_mio_duolo.musicxml	0	5	1	1	0.426856	no	no
cpdl_5_voice_quartet_plus_viole	123	Non mai non cangerò stato	data/cpdl/5-voices/sources/123_non_mai_non_cangero_stato__02_gesualdo_non_mai_non_cangero.mxl	data/cpdl/5-voices/reductions/string_quartet_plus_viole/123_non_mai_non_canger_stato.musicxml	2	-3	2	2	0.703605	no	no
cpdl_5_voice_quartet_plus_viole	123	Non mai non cangerò stato	data/cpdl/5-voices/sources/123_non_mai_non_cangero_stato__02_gesualdo_non_mai_non_cangero.mxl	data/cpdl/5-voices/reductions/string_quartet_plus_viole/123_non_mai_non_canger_stato.musicxml	2	-2	3	3	0.599127	no	no
cpdl_5_voice_quartet_plus_viole	123	Non mai non cangerò stato	data/cpdl/5-voices/sources/123_non_mai_non_cangero_stato__02_gesualdo_non_mai_non_cangero.mxl	data/cpdl/5-voices/reductions/string_quartet_plus_viole/123_non_mai_non_canger_stato.musicxml	2	-1	4	4	0.42722	no	no
cpdl_5_voice_quartet_plus_viole	123	Non mai non cangerò stato	data/cpdl/5-voices/sources/123_non_mai_non_cangero_stato__02_gesualdo_non_mai_non_cangero.mxl	data/cpdl/5-voices/reductions/string_quartet_plus_viole/123_non_mai_non_canger_stato.musicxml	2	0	1	1	0.373613	no	no
cpdl_5_voice_quartet_plus_viole	123	Non mai non cangerò stato	data/cpdl/5-voices/sources/123_non_mai_non_cangero_stato__02_gesualdo_non_mai_non_cangero.mxl	data/cpdl/5-voices/reductions/string_quartet_plus_viole/123_non_mai_non_canger_stato.musicxml	2	1	6	6	0.312372	yes	no
cpdl_5_voice_quartet_plus_viole	123	Non mai non cangerò stato	data/cpdl/5-voices/sources/123_non_mai_non_cangero_stato__02_gesualdo_non_mai_non_cangero.mxl	data/cpdl/5-voices/reductions/string_quartet_plus_viole/123_non_mai_non_canger_stato.musicxml	2	2	1	1	0.294634	yes	yes
cpdl_5_voice_quartet_plus_viole	123	Non mai non cangerò stato	data/cpdl/5-voices/sources/123_non_mai_non_cangero_stato__02_gesualdo_non_mai_non_cangero.mxl	data/cpdl/5-voices/reductions/string_quartet_plus_viole/123_non_mai_non_canger_stato.musicxml	2	3	4	4	0.305227	yes	no
cpdl_5_voice_quartet_plus_viole	123	Non mai non cangerò stato	data/cpdl/5-voices/sources/123_non_mai_non_cangero_stato__02_gesualdo_non_mai_non_cangero.mxl	data/cpdl/5-voices/reductions/string_quartet_plus_viole/123_non_mai_non_canger_stato.musicxml	2	4	3	3	0.354572	no	no
cpdl_5_voice_quartet_plus_viole	123	Non mai non cangerò stato	data/cpdl/5-voices/sources/123_non_mai_non_cangero_stato__02_gesualdo_non_mai_non_cangero.mxl	data/cpdl/5-voices/reductions/string_quartet_plus_viole/123_non_mai_non_canger_stato.musicxml	2	5	2	2	0.392661	no	no
cpdl_5_voice_quartet_plus_viole	123	Non mai non cangerò stato	data/cpdl/5-voices/sources/123_non_mai_non_cangero_stato__02_gesualdo_non_mai_non_cangero.mxl	data/cpdl/5-voices/reductions/string_quartet_plus_viole/123_non_mai_non_canger_stato.musicxml	2	6	5	5	0.434242	no	no
cpdl_5_voice_quartet_plus_viole	123	Non mai non cangerò stato	data/cpdl/5-voices/sources/123_non_mai_non_cangero_stato__02_gesualdo_non_mai_non_cangero.mxl	data/cpdl/5-voices/reductions/string_quartet_plus_viole/123_non_mai_non_canger_stato.musicxml	2	7	0	0	0.545117	no	no
cpdl_5_voice_quartet_plus_viole	124	Non mi toglia il ben mio	data/cpdl/5-voices/sources/124_non_mi_toglia_il_ben_mio__01_gesualdo_nonmitoglia.mxl	data/cpdl/5-voices/reductions/string_quartet_plus_viole/124_non_mi_toglia_il_ben_mio.musicxml	0	-5	0	0	1.06277	no	no
cpdl_5_voice_quartet_plus_viole	124	Non mi toglia il ben mio	data/cpdl/5-voices/sources/124_non_mi_toglia_il_ben_mio__01_gesualdo_nonmitoglia.mxl	data/cpdl/5-voices/reductions/string_quartet_plus_viole/124_non_mi_toglia_il_ben_mio.musicxml	0	-4	5	5	0.803664	no	no
cpdl_5_voice_quartet_plus_viole	124	Non mi toglia il ben mio	data/cpdl/5-voices/sources/124_non_mi_toglia_il_ben_mio__01_gesualdo_nonmitoglia.mxl	data/cpdl/5-voices/reductions/string_quartet_plus_viole/124_non_mi_toglia_il_ben_mio.musicxml	0	-3	2	2	0.593186	no	no
cpdl_5_voice_quartet_plus_viole	124	Non mi toglia il ben mio	data/cpdl/5-voices/sources/124_non_mi_toglia_il_ben_mio__01_gesualdo_nonmitoglia.mxl	data/cpdl/5-voices/reductions/string_quartet_plus_viole/124_non_mi_toglia_il_ben_mio.musicxml	0	-2	3	3	0.531894	no	no
cpdl_5_voice_quartet_plus_viole	124	Non mi toglia il ben mio	data/cpdl/5-voices/sources/124_non_mi_toglia_il_ben_mio__01_gesualdo_nonmitoglia.mxl	data/cpdl/5-voices/reductions/string_quartet_plus_viole/124_non_mi_toglia_il_ben_mio.musicxml	0	-1	4	4	0.397718	yes	no
cpdl_5_voice_quartet_plus_viole	124	Non mi toglia il ben mio	data/cpdl/5-voices/sources/124_non_mi_toglia_il_ben_mio__01_gesualdo_nonmitoglia.mxl	data/cpdl/5-voices/reductions/string_quartet_plus_viole/124_non_mi_toglia_il_ben_mio.musicxml	0	0	1	1	0.414272	yes	yes
cpdl_5_voice_quartet_plus_viole	124	Non mi toglia il ben mio	data/cpdl/5-voices/sources/124_non_mi_toglia_il_ben_mio__01_gesualdo_nonmitoglia.mxl	data/cpdl/5-voices/reductions/string_quartet_plus_viole/124_non_mi_toglia_il_ben_mio.musicxml	0	1	6	6	0.410123	yes	no
cpdl_5_voice_quartet_plus_viole	124	Non mi toglia il ben mio	data/cpdl/5-voices/sources/124_non_mi_toglia_il_ben_mio__01_gesualdo_nonmitoglia.mxl	data/cpdl/5-voices/reductions/string_quartet_plus_viole/124_non_mi_toglia_il_ben_mio.musicxml	0	2	1	1	0.472629	no	no
cpdl_5_voice_quartet_plus_viole	124	Non mi toglia il ben mio	data/cpdl/5-voices/sources/124_non_mi_toglia_il_ben_mio__01_gesualdo_nonmitoglia.mxl	data/cpdl/5-voices/reductions/string_quartet_plus_viole/124_non_mi_toglia_il_ben_mio.musicxml	0	3	4	4	0.501808	no	no
cpdl_5_voice_quartet_plus_viole	124	Non mi toglia il ben mio	data/cpdl/5-voices/sources/124_non_mi_toglia_il_ben_mio__01_gesualdo_nonmitoglia.mxl	data/cpdl/5-voices/reductions/string_quartet_plus_viole/124_non_mi_toglia_il_ben_mio.musicxml	0	4	3	3	0.61037	no	no
cpdl_5_voice_quartet_plus_viole	124	Non mi toglia il ben mio	data/cpdl/5-voices/sources/124_non_mi_toglia_il_ben_mio__01_gesualdo_nonmitoglia.mxl	data/cpdl/5-voices/reductions/string_quartet_plus_viole/124_non_mi_toglia_il_ben_mio.musicxml	0	5	2	2	0.763729	no	no
cpdl_5_voice_quartet_plus_viole	125	Non mirar, non mirare	data/cpdl/5-voices/sources/125_non_mirar_non_mirare__01_gesualdo_non_mirar_non_mirare.mxl	data/cpdl/5-voices/reductions/string_quartet_plus_viole/125_non_mirar_non_mirare.musicxml	5	0	0	0	0.550131	no	no
cpdl_5_voice_quartet_plus_viole	125	Non mirar, non mirare	data/cpdl/5-voices/sources/125_non_mirar_non_mirare__01_gesualdo_non_mirar_non_mirare.mxl	data/cpdl/5-voices/reductions/string_quartet_plus_viole/125_non_mirar_non_mirare.musicxml	5	1	5	5	0.439362	no	no
cpdl_5_voice_quartet_plus_viole	125	Non mirar, non mirare	data/cpdl/5-voices/sources/125_non_mirar_non_mirare__01_gesualdo_non_mirar_non_mirare.mxl	data/cpdl/5-voices/reductions/string_quartet_plus_viole/125_non_mirar_non_mirare.musicxml	5	2	2	2	0.36779	yes	no
cpdl_5_voice_quartet_plus_viole	125	Non mirar, non mirare	data/cpdl/5-voices/sources/125_non_mirar_non_mirare__01_gesualdo_non_mirar_non_mirare.mxl	data/cpdl/5-voices/reductions/string_quartet_plus_viole/125_non_mirar_non_mirare.musicxml	5	3	3	3	0.338783	yes	no
cpdl_5_voice_quartet_plus_viole	125	Non mirar, non mirare	data/cpdl/5-voices/sources/125_non_mirar_non_mirare__01_gesualdo_non_mirar_non_mirare.mxl	data/cpdl/5-voices/reductions/string_quartet_plus_viole/125_non_mirar_non_mirare.musicxml	5	4	4	4	0.316498	yes	no
cpdl_5_voice_quartet_plus_viole	125	Non mirar, non mirare	data/cpdl/5-voices/sources/125_non_mirar_non_mirare__01_gesualdo_non_mirar_non_mirare.mxl	data/cpdl/5-voices/reductions/string_quartet_plus_viole/125_non_mirar_non_mirare.musicxml	5	5	1	1	0.327315	yes	yes
cpdl_5_voice_quartet_plus_viole	125	Non mirar, non mirare	data/cpdl/5-voices/sources/125_non_mirar_non_mirare__01_gesualdo_non_mirar_non_mirare.mxl	data/cpdl/5-voices/reductions/string_quartet_plus_viole/125_non_mirar_non_mirare.musicxml	5	6	6	6	0.340575	yes	no
cpdl_5_voice_quartet_plus_viole	125	Non mirar, non mirare	data/cpdl/5-voices/sources/125_non_mirar_non_mirare__01_gesualdo_non_mirar_non_mirare.mxl	data/cpdl/5-voices/reductions/string_quartet_plus_viole/125_non_mirar_non_mirare.musicxml	5	7	1	1	0.407471	no	no
cpdl_5_voice_quartet_plus_viole	125	Non mirar, non mirare	data/cpdl/5-voices/sources/125_non_mirar_non_mirare__01_gesualdo_non_mirar_non_mirare.mxl	data/cpdl/5-voices/reductions/string_quartet_plus_viole/125_non_mirar_non_mirare.musicxml	5	8	4	4	0.441232	no	no
cpdl_5_voice_quartet_plus_viole	125	Non mirar, non mirare	data/cpdl/5-voices/sources/125_non_mirar_non_mirare__01_gesualdo_non_mirar_non_mirare.mxl	data/cpdl/5-voices/reductions/string_quartet_plus_viole/125_non_mirar_non_mirare.musicxml	5	9	3	3	0.538015	no	no
cpdl_5_voice_quartet_plus_viole	125	Non mirar, non mirare	data/cpdl/5-voices/sources/125_non_mirar_non_mirare__01_gesualdo_non_mirar_non_mirare.mxl	data/cpdl/5-voices/reductions/string_quartet_plus_viole/125_non_mirar_non_mirare.musicxml	5	10	2	2	0.700775	no	no
cpdl_5_voice_quartet_plus_viole	127	Non è questa la mano	data/cpdl/5-voices/sources/127_non_e_questa_la_mano__01_gesualdo_non_e_questa_la_mano.mxl	data/cpdl/5-voices/reductions/string_quartet_plus_viole/127_non_questa_la_mano.musicxml	0	-5	1	1	0.639653	no	no
cpdl_5_voice_quartet_plus_viole	127	Non è questa la mano	data/cpdl/5-voices/sources/127_non_e_questa_la_mano__01_gesualdo_non_e_questa_la_mano.mxl	data/cpdl/5-voices/reductions/string_quartet_plus_viole/127_non_questa_la_mano.musicxml	0	-4	4	4	0.535811	no	no
cpdl_5_voice_quartet_plus_viole	127	Non è questa la mano	data/cpdl/5-voices/sources/127_non_e_questa_la_mano__01_gesualdo_non_e_questa_la_mano.mxl	data/cpdl/5-voices/reductions/string_quartet_plus_viole/127_non_questa_la_mano.musicxml	0	-3	3	3	0.399238	no	no
cpdl_5_voice_quartet_plus_viole	127	Non è questa la mano	data/cpdl/5-voices/sources/127_non_e_questa_la_mano__01_gesualdo_non_e_questa_la_mano.mxl	data/cpdl/5-voices/reductions/string_quartet_plus_viole/127_non_questa_la_mano.musicxml	0	-2	2	2	0.339782	no	no
cpdl_5_voice_quartet_plus_viole	127	Non è questa la mano	data/cpdl/5-voices/sources/127_non_e_questa_la_mano__01_gesualdo_non_e_questa_la_mano.mxl	data/cpdl/5-voices/reductions/string_quartet_plus_viole/127_non_questa_la_mano.musicxml	0	-1	5	5	0.303072	yes	no
cpdl_5_voice_quartet_plus_viole	127	Non è questa la mano	data/cpdl/5-voices/sources/127_non_e_questa_la_mano__01_gesualdo_non_e_questa_la_mano.mxl	data/cpdl/5-voices/reductions/string_quartet_plus_viole/127_non_questa_la_mano.musicxml	0	0	0	0	0.279505	yes	yes
cpdl_5_voice_quartet_plus_viole	127	Non è questa la mano	data/cpdl/5-voices/sources/127_non_e_questa_la_mano__01_gesualdo_non_e_questa_la_mano.mxl	data/cpdl/5-voices/reductions/string_quartet_plus_viole/127_non_questa_la_mano.musicxml	0	1	5	5	0.295092	yes	no
cpdl_5_voice_quartet_plus_viole	127	Non è questa la mano	data/cpdl/5-voices/sources/127_non_e_questa_la_mano__01_gesualdo_non_e_questa_la_mano.mxl	data/cpdl/5-voices/reductions/string_quartet_plus_viole/127_non_questa_la_mano.musicxml	0	2	2	2	0.391213	no	no
cpdl_5_voice_quartet_plus_viole	127	Non è questa la mano	data/cpdl/5-voices/sources/127_non_e_questa_la_mano__01_gesualdo_non_e_questa_la_mano.mxl	data/cpdl/5-voices/reductions/string_quartet_plus_viole/127_non_questa_la_mano.musicxml	0	3	3	3	0.422645	no	no
cpdl_5_voice_quartet_plus_viole	127	Non è questa la mano	data/cpdl/5-voices/sources/127_non_e_questa_la_mano__01_gesualdo_non_e_questa_la_mano.mxl	data/cpdl/5-voices/reductions/string_quartet_plus_viole/127_non_questa_la_mano.musicxml	0	4	4	4	0.519158	no	no
cpdl_5_voice_quartet_plus_viole	127	Non è questa la mano	data/cpdl/5-voices/sources/127_non_e_questa_la_mano__01_gesualdo_non_e_questa_la_mano.mxl	data/cpdl/5-voices/reductions/string_quartet_plus_viole/127_non_questa_la_mano.musicxml	0	5	1	1	0.764411	no	no
cpdl_5_voice_quartet_plus_viole	128	O com'è gran martire	data/cpdl/5-voices/sources/128_o_com_e_gran_martire__01_gesualdo_o_com_e_gran_martire.mxl	data/cpdl/5-voices/reductions/string_quartet_plus_viole/128_o_com_gran_martire.musicxml	5	0	0	0	0.634792	no	no
cpdl_5_voice_quartet_plus_viole	128	O com'è gran martire	data/cpdl/5-voices/sources/128_o_com_e_gran_martire__01_gesualdo_o_com_e_gran_martire.mxl	data/cpdl/5-voices/reductions/string_quartet_plus_viole/128_o_com_gran_martire.musicxml	5	1	5	5	0.535443	no	no
cpdl_5_voice_quartet_plus_viole	128	O com'è gran martire	data/cpdl/5-voices/sources/128_o_com_e_gran_martire__01_gesualdo_o_com_e_gran_martire.mxl	data/cpdl/5-voices/reductions/string_quartet_plus_viole/128_o_com_gran_martire.musicxml	5	2	2	2	0.432791	yes	no
cpdl_5_voice_quartet_plus_viole	128	O com'è gran martire	data/cpdl/5-voices/sources/128_o_com_e_gran_martire__01_gesualdo_o_com_e_gran_martire.mxl	data/cpdl/5-voices/reductions/string_quartet_plus_viole/128_o_com_gran_martire.musicxml	5	3	3	3	0.408861	yes	no
cpdl_5_voice_quartet_plus_viole	128	O com'è gran martire	data/cpdl/5-voices/sources/128_o_com_e_gran_martire__01_gesualdo_o_com_e_gran_martire.mxl	data/cpdl/5-voices/reductions/string_quartet_plus_viole/128_o_com_gran_martire.musicxml	5	4	4	4	0.383918	yes	no
cpdl_5_voice_quartet_plus_viole	128	O com'è gran martire	data/cpdl/5-voices/sources/128_o_com_e_gran_martire__01_gesualdo_o_com_e_gran_martire.mxl	data/cpdl/5-voices/reductions/string_quartet_plus_viole/128_o_com_gran_martire.musicxml	5	5	1	1	0.409338	yes	yes
cpdl_5_voice_quartet_plus_viole	128	O com'è gran martire	data/cpdl/5-voices/sources/128_o_com_e_gran_martire__01_gesualdo_o_com_e_gran_martire.mxl	data/cpdl/5-voices/reductions/string_quartet_plus_viole/128_o_com_gran_martire.musicxml	5	6	6	6	0.41348	yes	no
cpdl_5_voice_quartet_plus_viole	128	O com'è gran martire	data/cpdl/5-voices/sources/128_o_com_e_gran_martire__01_gesualdo_o_com_e_gran_martire.mxl	data/cpdl/5-voices/reductions/string_quartet_plus_viole/128_o_com_gran_martire.musicxml	5	7	1	1	0.520661	no	no
cpdl_5_voice_quartet_plus_viole	128	O com'è gran martire	data/cpdl/5-voices/sources/128_o_com_e_gran_martire__01_gesualdo_o_com_e_gran_martire.mxl	data/cpdl/5-voices/reductions/string_quartet_plus_viole/128_o_com_gran_martire.musicxml	5	8	4	4	0.551279	no	no
cpdl_5_voice_quartet_plus_viole	128	O com'è gran martire	data/cpdl/5-voices/sources/128_o_com_e_gran_martire__01_gesualdo_o_com_e_gran_martire.mxl	data/cpdl/5-voices/reductions/string_quartet_plus_viole/128_o_com_gran_martire.musicxml	5	9	3	3	0.697187	no	no
cpdl_5_voice_quartet_plus_viole	128	O com'è gran martire	data/cpdl/5-voices/sources/128_o_com_e_gran_martire__01_gesualdo_o_com_e_gran_martire.mxl	data/cpdl/5-voices/reductions/string_quartet_plus_viole/128_o_com_gran_martire.musicxml	5	10	2	2	1.01179	no	no
cpdl_5_voice_quartet_plus_viole	129	O dolce mio martire	data/cpdl/5-voices/sources/129_o_dolce_mio_martire__01_gesualdo_o_dolce_mio_martire.mxl	data/cpdl/5-voices/reductions/string_quartet_plus_viole/129_o_dolce_mio_martire.musicxml	5	0	0	0	0.831088	no	no
cpdl_5_voice_quartet_plus_viole	129	O dolce mio martire	data/cpdl/5-voices/sources/129_o_dolce_mio_martire__01_gesualdo_o_dolce_mio_martire.mxl	data/cpdl/5-voices/reductions/string_quartet_plus_viole/129_o_dolce_mio_martire.musicxml	5	1	5	5	0.702297	no	no
cpdl_5_voice_quartet_plus_viole	129	O dolce mio martire	data/cpdl/5-voices/sources/129_o_dolce_mio_martire__01_gesualdo_o_dolce_mio_martire.mxl	data/cpdl/5-voices/reductions/string_quartet_plus_viole/129_o_dolce_mio_martire.musicxml	5	2	2	2	0.554485	no	no
cpdl_5_voice_quartet_plus_viole	129	O dolce mio martire	data/cpdl/5-voices/sources/129_o_dolce_mio_martire__01_gesualdo_o_dolce_mio_martire.mxl	data/cpdl/5-voices/reductions/string_quartet_plus_viole/129_o_dolce_mio_martire.musicxml	5	3	3	3	0.516035	no	no
cpdl_5_voice_quartet_plus_viole	129	O dolce mio martire	data/cpdl/5-voices/sources/129_o_dolce_mio_martire__01_gesualdo_o_dolce_mio_martire.mxl	data/cpdl/5-voices/reductions/string_quartet_plus_viole/129_o_dolce_mio_martire.musicxml	5	4	4	4	0.400478	yes	no
cpdl_5_voice_quartet_plus_viole	129	O dolce mio martire	data/cpdl/5-voices/sources/129_o_dolce_mio_martire__01_gesualdo_o_dolce_mio_martire.mxl	data/cpdl/5-voices/reductions/string_quartet_plus_viole/129_o_dolce_mio_martire.musicxml	5	5	1	1	0.400899	yes	yes
cpdl_5_voice_quartet_plus_viole	129	O dolce mio martire	data/cpdl/5-voices/sources/129_o_dolce_mio_martire__01_gesualdo_o_dolce_mio_martire.mxl	data/cpdl/5-voices/reductions/string_quartet_plus_viole/129_o_dolce_mio_martire.musicxml	5	6	6	6	0.410602	yes	no
cpdl_5_voice_quartet_plus_viole	129	O dolce mio martire	data/cpdl/5-voices/sources/129_o_dolce_mio_martire__01_gesualdo_o_dolce_mio_martire.mxl	data/cpdl/5-voices/reductions/string_quartet_plus_viole/129_o_dolce_mio_martire.musicxml	5	7	1	1	0.498758	no	no
cpdl_5_voice_quartet_plus_viole	129	O dolce mio martire	data/cpdl/5-voices/sources/129_o_dolce_mio_martire__01_gesualdo_o_dolce_mio_martire.mxl	data/cpdl/5-voices/reductions/string_quartet_plus_viole/129_o_dolce_mio_martire.musicxml	5	8	4	4	0.544548	no	no
cpdl_5_voice_quartet_plus_viole	129	O dolce mio martire	data/cpdl/5-voices/sources/129_o_dolce_mio_martire__01_gesualdo_o_dolce_mio_martire.mxl	data/cpdl/5-voices/reductions/string_quartet_plus_viole/129_o_dolce_mio_martire.musicxml	5	9	3	3	0.664459	no	no
cpdl_5_voice_quartet_plus_viole	129	O dolce mio martire	data/cpdl/5-voices/sources/129_o_dolce_mio_martire__01_gesualdo_o_dolce_mio_martire.mxl	data/cpdl/5-voices/reductions/string_quartet_plus_viole/129_o_dolce_mio_martire.musicxml	5	10	2	2	0.913866	no	no
cpdl_5_voice_quartet_plus_viole	130	O dolce mio tesoro	data/cpdl/5-voices/sources/130_o_dolce_mio_tesoro__02_o_dolce_mio_tesoro_gesualdo.mxl	data/cpdl/5-voices/reductions/string_quartet_plus_viole/130_o_dolce_mio_tesoro.musicxml	0	-5	1	1	0.881753	no	no
cpdl_5_voice_quartet_plus_viole	130	O dolce mio tesoro	data/cpdl/5-voices/sources/130_o_dolce_mio_tesoro__02_o_dolce_mio_tesoro_gesualdo.mxl	data/cpdl/5-voices/reductions/string_quartet_plus_viole/130_o_dolce_mio_tesoro.musicxml	0	-4	4	4	0.769839	no	no
cpdl_5_voice_quartet_plus_viole	130	O dolce mio tesoro	data/cpdl/5-voices/sources/130_o_dolce_mio_tesoro__02_o_dolce_mio_tesoro_gesualdo.mxl	data/cpdl/5-voices/reductions/string_quartet_plus_viole/130_o_dolce_mio_tesoro.musicxml	0	-3	3	3	0.548171	no	no
cpdl_5_voice_quartet_plus_viole	130	O dolce mio tesoro	data/cpdl/5-voices/sources/130_o_dolce_mio_tesoro__02_o_dolce_mio_tesoro_gesualdo.mxl	data/cpdl/5-voices/reductions/string_quartet_plus_viole/130_o_dolce_mio_tesoro.musicxml	0	-2	2	2	0.475934	no	no
cpdl_5_voice_quartet_plus_viole	130	O dolce mio tesoro	data/cpdl/5-voices/sources/130_o_dolce_mio_tesoro__02_o_dolce_mio_tesoro_gesualdo.mxl	data/cpdl/5-voices/reductions/string_quartet_plus_viole/130_o_dolce_mio_tesoro.musicxml	0	-1	5	5	0.369172	yes	no
cpdl_5_voice_quartet_plus_viole	130	O dolce mio tesoro	data/cpdl/5-voices/sources/130_o_dolce_mio_tesoro__02_o_dolce_mio_tesoro_gesualdo.mxl	data/cpdl/5-voices/reductions/string_quartet_plus_viole/130_o_dolce_mio_tesoro.musicxml	0	0	0	0	0.331256	yes	yes
cpdl_5_voice_quartet_plus_viole	130	O dolce mio tesoro	data/cpdl/5-voices/sources/130_o_dolce_mio_tesoro__02_o_dolce_mio_tesoro_gesualdo.mxl	data/cpdl/5-voices/reductions/string_quartet_plus_viole/130_o_dolce_mio_tesoro.musicxml	0	1	5	5	0.338206	yes	no
cpdl_5_voice_quartet_plus_viole	130	O dolce mio tesoro	data/cpdl/5-voices/sources/130_o_dolce_mio_tesoro__02_o_dolce_mio_tesoro_gesualdo.mxl	data/cpdl/5-voices/reductions/string_quartet_plus_viole/130_o_dolce_mio_tesoro.musicxml	0	2	2	2	0.352526	yes	no
cpdl_5_voice_quartet_plus_viole	130	O dolce mio tesoro	data/cpdl/5-voices/sources/130_o_dolce_mio_tesoro__02_o_dolce_mio_tesoro_gesualdo.mxl	data/cpdl/5-voices/reductions/string_quartet_plus_viole/130_o_dolce_mio_tesoro.musicxml	0	3	3	3	0.372157	yes	no
cpdl_5_voice_quartet_plus_viole	130	O dolce mio tesoro	data/cpdl/5-voices/sources/130_o_dolce_mio_tesoro__02_o_dolce_mio_tesoro_gesualdo.mxl	data/cpdl/5-voices/reductions/string_quartet_plus_viole/130_o_dolce_mio_tesoro.musicxml	0	4	4	4	0.41819	no	no
cpdl_5_voice_quartet_plus_viole	130	O dolce mio tesoro	data/cpdl/5-voices/sources/130_o_dolce_mio_tesoro__02_o_dolce_mio_tesoro_gesualdo.mxl	data/cpdl/5-voices/reductions/string_quartet_plus_viole/130_o_dolce_mio_tesoro.musicxml	0	5	1	1	0.526907	no	no
cpdl_5_voice_quartet_plus_viole	131	O dolorosa gioia	data/cpdl/5-voices/sources/131_o_dolorosa_gioia__02_gesu_5odo.mxl	data/cpdl/5-voices/reductions/string_quartet_plus_viole/131_o_dolorosa_gioia.musicxml	4	-1	4	4	0.988121	no	no
cpdl_5_voice_quartet_plus_viole	131	O dolorosa gioia	data/cpdl/5-voices/sources/131_o_dolorosa_gioia__02_gesu_5odo.mxl	data/cpdl/5-voices/reductions/string_quartet_plus_viole/131_o_dolorosa_gioia.musicxml	4	0	1	1	0.85574	no	no
cpdl_5_voice_quartet_plus_viole	131	O dolorosa gioia	data/cpdl/5-voices/sources/131_o_dolorosa_gioia__02_gesu_5odo.mxl	data/cpdl/5-voices/reductions/string_quartet_plus_viole/131_o_dolorosa_gioia.musicxml	4	1	6	6	0.669601	no	no
cpdl_5_voice_quartet_plus_viole	131	O dolorosa gioia	data/cpdl/5-voices/sources/131_o_dolorosa_gioia__02_gesu_5odo.mxl	data/cpdl/5-voices/reductions/string_quartet_plus_viole/131_o_dolorosa_gioia.musicxml	4	2	1	1	0.585174	no	no
cpdl_5_voice_quartet_plus_viole	131	O dolorosa gioia	data/cpdl/5-voices/sources/131_o_dolorosa_gioia__02_gesu_5odo.mxl	data/cpdl/5-voices/reductions/string_quartet_plus_viole/131_o_dolorosa_gioia.musicxml	4	3	4	4	0.501188	yes	no
cpdl_5_voice_quartet_plus_viole	131	O dolorosa gioia	data/cpdl/5-voices/sources/131_o_dolorosa_gioia__02_gesu_5odo.mxl	data/cpdl/5-voices/reductions/string_quartet_plus_viole/131_o_dolorosa_gioia.musicxml	4	4	3	3	0.469075	yes	yes
cpdl_5_voice_quartet_plus_viole	131	O dolorosa gioia	data/cpdl/5-voices/sources/131_o_dolorosa_gioia__02_gesu_5odo.mxl	data/cpdl/5-voices/reductions/string_quartet_plus_viole/131_o_dolorosa_gioia.musicxml	4	5	2	2	0.494048	yes	no
cpdl_5_voice_quartet_plus_viole	131	O dolorosa gioia	data/cpdl/5-voices/sources/131_o_dolorosa_gioia__02_gesu_5odo.mxl	data/cpdl/5-voices/reductions/string_quartet_plus_viole/131_o_dolorosa_gioia.musicxml	4	6	5	5	0.499262	yes	no
cpdl_5_voice_quartet_plus_viole	131	O dolorosa gioia	data/cpdl/5-voices/sources/131_o_dolorosa_gioia__02_gesu_5odo.mxl	data/cpdl/5-voices/reductions/string_quartet_plus_viole/131_o_dolorosa_gioia.musicxml	4	7	0	0	0.590496	no	no
cpdl_5_voice_quartet_plus_viole	131	O dolorosa gioia	data/cpdl/5-voices/sources/131_o_dolorosa_gioia__02_gesu_5odo.mxl	data/cpdl/5-voices/reductions/string_quartet_plus_viole/131_o_dolorosa_gioia.musicxml	4	8	5	5	0.665006	no	no
cpdl_5_voice_quartet_plus_viole	131	O dolorosa gioia	data/cpdl/5-voices/sources/131_o_dolorosa_gioia__02_gesu_5odo.mxl	data/cpdl/5-voices/reductions/string_quartet_plus_viole/131_o_dolorosa_gioia.musicxml	4	9	2	2	0.863151	no	no
cpdl_5_voice_quartet_plus_viole	132	O mal nati messagi	data/cpdl/5-voices/sources/132_o_mal_nati_messagi__02_o_mal_nati_messagi_gesualdo.mxl	data/cpdl/5-voices/reductions/string_quartet_plus_viole/132_o_mal_nati_messagi.musicxml	0	-5	1	1	1.49758	no	no
cpdl_5_voice_quartet_plus_viole	132	O mal nati messagi	data/cpdl/5-voices/sources/132_o_mal_nati_messagi__02_o_mal_nati_messagi_gesualdo.mxl	data/cpdl/5-voices/reductions/string_quartet_plus_viole/132_o_mal_nati_messagi.musicxml	0	-4	4	4	1.27763	no	no
cpdl_5_voice_quartet_plus_viole	132	O mal nati messagi	data/cpdl/5-voices/sources/132_o_mal_nati_messagi__02_o_mal_nati_messagi_gesualdo.mxl	data/cpdl/5-voices/reductions/string_quartet_plus_viole/132_o_mal_nati_messagi.musicxml	0	-3	3	3	0.889101	no	no
cpdl_5_voice_quartet_plus_viole	132	O mal nati messagi	data/cpdl/5-voices/sources/132_o_mal_nati_messagi__02_o_mal_nati_messagi_gesualdo.mxl	data/cpdl/5-voices/reductions/string_quartet_plus_viole/132_o_mal_nati_messagi.musicxml	0	-2	2	2	0.732195	no	no
cpdl_5_voice_quartet_plus_viole	132	O mal nati messagi	data/cpdl/5-voices/sources/132_o_mal_nati_messagi__02_o_mal_nati_messagi_gesualdo.mxl	data/cpdl/5-voices/reductions/string_quartet_plus_viole/132_o_mal_nati_messagi.musicxml	0	-1	5	5	0.572503	no	no
cpdl_5_voice_quartet_plus_viole	132	O mal nati messagi	data/cpdl/5-voices/sources/132_o_mal_nati_messagi__02_o_mal_nati_messagi_gesualdo.mxl	data/cpdl/5-voices/reductions/string_quartet_plus_viole/132_o_mal_nati_messagi.musicxml	0	0	0	0	0.518425	yes	yes
cpdl_5_voice_quartet_plus_viole	132	O mal nati messagi	data/cpdl/5-voices/sources/132_o_mal_nati_messagi__02_o_mal_nati_messagi_gesualdo.mxl	data/cpdl/5-voices/reductions/string_quartet_plus_viole/132_o_mal_nati_messagi.musicxml	0	1	5	5	0.504468	yes	no
cpdl_5_voice_quartet_plus_viole	132	O mal nati messagi	data/cpdl/5-voices/sources/132_o_mal_nati_messagi__02_o_mal_nati_messagi_gesualdo.mxl	data/cpdl/5-voices/reductions/string_quartet_plus_viole/132_o_mal_nati_messagi.musicxml	0	2	2	2	0.512601	yes	no
cpdl_5_voice_quartet_plus_viole	132	O mal nati messagi	data/cpdl/5-voices/sources/132_o_mal_nati_messagi__02_o_mal_nati_messagi_gesualdo.mxl	data/cpdl/5-voices/reductions/string_quartet_plus_viole/132_o_mal_nati_messagi.musicxml	0	3	3	3	0.529716	yes	no
cpdl_5_voice_quartet_plus_viole	132	O mal nati messagi	data/cpdl/5-voices/sources/132_o_mal_nati_messagi__02_o_mal_nati_messagi_gesualdo.mxl	data/cpdl/5-voices/reductions/string_quartet_plus_viole/132_o_mal_nati_messagi.musicxml	0	4	4	4	0.586133	no	no
cpdl_5_voice_quartet_plus_viole	132	O mal nati messagi	data/cpdl/5-voices/sources/132_o_mal_nati_messagi__02_o_mal_nati_messagi_gesualdo.mxl	data/cpdl/5-voices/reductions/string_quartet_plus_viole/132_o_mal_nati_messagi.musicxml	0	5	1	1	0.76493	no	no
cpdl_5_voice_quartet_plus_viole	134	O tenebroso giorno	data/cpdl/5-voices/sources/134_o_tenebroso_giorno__02_gesu_19ote.mxl	data/cpdl/5-voices/reductions/string_quartet_plus_viole/134_o_tenebroso_giorno.musicxml	3	-2	2	2	1.46142	no	no
cpdl_5_voice_quartet_plus_viole	134	O tenebroso giorno	data/cpdl/5-voices/sources/134_o_tenebroso_giorno__02_gesu_19ote.mxl	data/cpdl/5-voices/reductions/string_quartet_plus_viole/134_o_tenebroso_giorno.musicxml	3	-1	5	5	1.11901	no	no
cpdl_5_voice_quartet_plus_viole	134	O tenebroso giorno	data/cpdl/5-voices/sources/134_o_tenebroso_giorno__02_gesu_19ote.mxl	data/cpdl/5-voices/reductions/string_quartet_plus_viole/134_o_tenebroso_giorno.musicxml	3	0	0	0	0.943259	no	no
cpdl_5_voice_quartet_plus_viole	134	O tenebroso giorno	data/cpdl/5-voices/sources/134_o_tenebroso_giorno__02_gesu_19ote.mxl	data/cpdl/5-voices/reductions/string_quartet_plus_viole/134_o_tenebroso_giorno.musicxml	3	1	5	5	0.652522	no	no
cpdl_5_voice_quartet_plus_viole	134	O tenebroso giorno	data/cpdl/5-voices/sources/134_o_tenebroso_giorno__02_gesu_19ote.mxl	data/cpdl/5-voices/reductions/string_quartet_plus_viole/134_o_tenebroso_giorno.musicxml	3	2	2	2	0.459718	yes	no
cpdl_5_voice_quartet_plus_viole	134	O tenebroso giorno	data/cpdl/5-voices/sources/134_o_tenebroso_giorno__02_gesu_19ote.mxl	data/cpdl/5-voices/reductions/string_quartet_plus_viole/134_o_tenebroso_giorno.musicxml	3	3	3	3	0.419813	yes	yes
cpdl_5_voice_quartet_plus_viole	134	O tenebroso giorno	data/cpdl/5-voices/sources/134_o_tenebroso_giorno__02_gesu_19ote.mxl	data/cpdl/5-voices/reductions/string_quartet_plus_viole/134_o_tenebroso_giorno.musicxml	3	4	4	4	0.424658	yes	no
cpdl_5_voice_quartet_plus_viole	134	O tenebroso giorno	data/cpdl/5-voices/sources/134_o_tenebroso_giorno__02_gesu_19ote.mxl	data/cpdl/5-voices/reductions/string_quartet_plus_viole/134_o_tenebroso_giorno.musicxml	3	5	1	1	0.489052	no	no
cpdl_5_voice_quartet_plus_viole	134	O tenebroso giorno	data/cpdl/5-voices/sources/134_o_tenebroso_giorno__02_gesu_19ote.mxl	data/cpdl/5-voices/reductions/string_quartet_plus_viole/134_o_tenebroso_giorno.musicxml	3	6	6	6	0.490061	no	no
cpdl_5_voice_quartet_plus_viole	134	O tenebroso giorno	data/cpdl/5-voices/sources/134_o_tenebroso_giorno__02_gesu_19ote.mxl	data/cpdl/5-voices/reductions/string_quartet_plus_viole/134_o_tenebroso_giorno.musicxml	3	7	1	1	0.547238	no	no
cpdl_5_voice_quartet_plus_viole	134	O tenebroso giorno	data/cpdl/5-voices/sources/134_o_tenebroso_giorno__02_gesu_19ote.mxl	data/cpdl/5-voices/reductions/string_quartet_plus_viole/134_o_tenebroso_giorno.musicxml	3	8	4	4	0.593497	no	no
cpdl_5_voice_quartet_plus_viole	135	O voi troppo felici	data/cpdl/5-voices/sources/135_o_voi_troppo_felici__02_gesu_12ovoi.mxl	data/cpdl/5-voices/reductions/string_quartet_plus_viole/135_o_voi_troppo_felici.musicxml	0	-5	1	1	0.703381	no	no
cpdl_5_voice_quartet_plus_viole	135	O voi troppo felici	data/cpdl/5-voices/sources/135_o_voi_troppo_felici__02_gesu_12ovoi.mxl	data/cpdl/5-voices/reductions/string_quartet_plus_viole/135_o_voi_troppo_felici.musicxml	0	-4	4	4	0.610067	no	no
cpdl_5_voice_quartet_plus_viole	135	O voi troppo felici	data/cpdl/5-voices/sources/135_o_voi_troppo_felici__02_gesu_12ovoi.mxl	data/cpdl/5-voices/reductions/string_quartet_plus_viole/135_o_voi_troppo_felici.musicxml	0	-3	3	3	0.447473	no	no
cpdl_5_voice_quartet_plus_viole	135	O voi troppo felici	data/cpdl/5-voices/sources/135_o_voi_troppo_felici__02_gesu_12ovoi.mxl	data/cpdl/5-voices/reductions/string_quartet_plus_viole/135_o_voi_troppo_felici.musicxml	0	-2	2	2	0.367414	no	no
cpdl_5_voice_quartet_plus_viole	135	O voi troppo felici	data/cpdl/5-voices/sources/135_o_voi_troppo_felici__02_gesu_12ovoi.mxl	data/cpdl/5-voices/reductions/string_quartet_plus_viole/135_o_voi_troppo_felici.musicxml	0	-1	5	5	0.311454	yes	no
cpdl_5_voice_quartet_plus_viole	135	O voi troppo felici	data/cpdl/5-voices/sources/135_o_voi_troppo_felici__02_gesu_12ovoi.mxl	data/cpdl/5-voices/reductions/string_quartet_plus_viole/135_o_voi_troppo_felici.musicxml	0	0	0	0	0.29532	yes	yes
cpdl_5_voice_quartet_plus_viole	135	O voi troppo felici	data/cpdl/5-voices/sources/135_o_voi_troppo_felici__02_gesu_12ovoi.mxl	data/cpdl/5-voices/reductions/string_quartet_plus_viole/135_o_voi_troppo_felici.musicxml	0	1	5	5	0.307349	yes	no
cpdl_5_voice_quartet_plus_viole	135	O voi troppo felici	data/cpdl/5-voices/sources/135_o_voi_troppo_felici__02_gesu_12ovoi.mxl	data/cpdl/5-voices/reductions/string_quartet_plus_viole/135_o_voi_troppo_felici.musicxml	0	2	2	2	0.371001	no	no
cpdl_5_voice_quartet_plus_viole	135	O voi troppo felici	data/cpdl/5-voices/sources/135_o_voi_troppo_felici__02_gesu_12ovoi.mxl	data/cpdl/5-voices/reductions/string_quartet_plus_viole/135_o_voi_troppo_felici.musicxml	0	3	3	3	0.42175	no	no
cpdl_5_voice_quartet_plus_viole	135	O voi troppo felici	data/cpdl/5-voices/sources/135_o_voi_troppo_felici__02_gesu_12ovoi.mxl	data/cpdl/5-voices/reductions/string_quartet_plus_viole/135_o_voi_troppo_felici.musicxml	0	4	4	4	0.483561	no	no
cpdl_5_voice_quartet_plus_viole	135	O voi troppo felici	data/cpdl/5-voices/sources/135_o_voi_troppo_felici__02_gesu_12ovoi.mxl	data/cpdl/5-voices/reductions/string_quartet_plus_viole/135_o_voi_troppo_felici.musicxml	0	5	1	1	0.676307	no	no
cpdl_5_voice_quartet_plus_viole	136	Occhi del mio cor vita	data/cpdl/5-voices/sources/136_occhi_del_mio_cor_vita__02_gesu_9occhisattb.mxl	data/cpdl/5-voices/reductions/string_quartet_plus_viole/136_occhi_del_mio_cor_vita.musicxml	2	-3	3	3	1.5014	no	no
cpdl_5_voice_quartet_plus_viole	136	Occhi del mio cor vita	data/cpdl/5-voices/sources/136_occhi_del_mio_cor_vita__02_gesu_9occhisattb.mxl	data/cpdl/5-voices/reductions/string_quartet_plus_viole/136_occhi_del_mio_cor_vita.musicxml	2	-2	2	2	1.2306	no	no
cpdl_5_voice_quartet_plus_viole	136	Occhi del mio cor vita	data/cpdl/5-voices/sources/136_occhi_del_mio_cor_vita__02_gesu_9occhisattb.mxl	data/cpdl/5-voices/reductions/string_quartet_plus_viole/136_occhi_del_mio_cor_vita.musicxml	2	-1	5	5	0.874012	no	no
cpdl_5_voice_quartet_plus_viole	136	Occhi del mio cor vita	data/cpdl/5-voices/sources/136_occhi_del_mio_cor_vita__02_gesu_9occhisattb.mxl	data/cpdl/5-voices/reductions/string_quartet_plus_viole/136_occhi_del_mio_cor_vita.musicxml	2	0	0	0	0.717343	no	no
cpdl_5_voice_quartet_plus_viole	136	Occhi del mio cor vita	data/cpdl/5-voices/sources/136_occhi_del_mio_cor_vita__02_gesu_9occhisattb.mxl	data/cpdl/5-voices/reductions/string_quartet_plus_viole/136_occhi_del_mio_cor_vita.musicxml	2	1	5	5	0.531686	no	no
cpdl_5_voice_quartet_plus_viole	136	Occhi del mio cor vita	data/cpdl/5-voices/sources/136_occhi_del_mio_cor_vita__02_gesu_9occhisattb.mxl	data/cpdl/5-voices/reductions/string_quartet_plus_viole/136_occhi_del_mio_cor_vita.musicxml	2	2	2	2	0.415654	yes	yes
cpdl_5_voice_quartet_plus_viole	136	Occhi del mio cor vita	data/cpdl/5-voices/sources/136_occhi_del_mio_cor_vita__02_gesu_9occhisattb.mxl	data/cpdl/5-voices/reductions/string_quartet_plus_viole/136_occhi_del_mio_cor_vita.musicxml	2	3	3	3	0.391611	yes	no
cpdl_5_voice_quartet_plus_viole	136	Occhi del mio cor vita	data/cpdl/5-voices/sources/136_occhi_del_mio_cor_vita__02_gesu_9occhisattb.mxl	data/cpdl/5-voices/reductions/string_quartet_plus_viole/136_occhi_del_mio_cor_vita.musicxml	2	4	4	4	0.388696	yes	no
cpdl_5_voice_quartet_plus_viole	136	Occhi del mio cor vita	data/cpdl/5-voices/sources/136_occhi_del_mio_cor_vita__02_gesu_9occhisattb.mxl	data/cpdl/5-voices/reductions/string_quartet_plus_viole/136_occhi_del_mio_cor_vita.musicxml	2	5	1	1	0.443679	yes	no
cpdl_5_voice_quartet_plus_viole	136	Occhi del mio cor vita	data/cpdl/5-voices/sources/136_occhi_del_mio_cor_vita__02_gesu_9occhisattb.mxl	data/cpdl/5-voices/reductions/string_quartet_plus_viole/136_occhi_del_mio_cor_vita.musicxml	2	6	6	6	0.451055	yes	no
cpdl_5_voice_quartet_plus_viole	136	Occhi del mio cor vita	data/cpdl/5-voices/sources/136_occhi_del_mio_cor_vita__02_gesu_9occhisattb.mxl	data/cpdl/5-voices/reductions/string_quartet_plus_viole/136_occhi_del_mio_cor_vita.musicxml	2	7	1	1	0.544933	no	no
cpdl_5_voice_quartet_plus_viole	137	Or, che in gioia	data/cpdl/5-voices/sources/137_or_che_in_gioia__02_or_che_in_gioia_gesualdo.mxl	data/cpdl/5-voices/reductions/string_quartet_plus_viole/137_or_che_in_gioia.musicxml	0	-5	0	0	1.15928	no	no
cpdl_5_voice_quartet_plus_viole	137	Or, che in gioia	data/cpdl/5-voices/sources/137_or_che_in_gioia__02_or_che_in_gioia_gesualdo.mxl	data/cpdl/5-voices/reductions/string_quartet_plus_viole/137_or_che_in_gioia.musicxml	0	-4	5	5	0.87993	no	no
cpdl_5_voice_quartet_plus_viole	137	Or, che in gioia	data/cpdl/5-voices/sources/137_or_che_in_gioia__02_or_che_in_gioia_gesualdo.mxl	data/cpdl/5-voices/reductions/string_quartet_plus_viole/137_or_che_in_gioia.musicxml	0	-3	2	2	0.60817	no	no
cpdl_5_voice_quartet_plus_viole	137	Or, che in gioia	data/cpdl/5-voices/sources/137_or_che_in_gioia__02_or_che_in_gioia_gesualdo.mxl	data/cpdl/5-voices/reductions/string_quartet_plus_viole/137_or_che_in_gioia.musicxml	0	-2	3	3	0.521675	no	no
cpdl_5_voice_quartet_plus_viole	137	Or, che in gioia	data/cpdl/5-voices/sources/137_or_che_in_gioia__02_or_che_in_gioia_gesualdo.mxl	data/cpdl/5-voices/reductions/string_quartet_plus_viole/137_or_che_in_gioia.musicxml	0	-1	4	4	0.38405	yes	no
cpdl_5_voice_quartet_plus_viole	137	Or, che in gioia	data/cpdl/5-voices/sources/137_or_che_in_gioia__02_or_che_in_gioia_gesualdo.mxl	data/cpdl/5-voices/reductions/string_quartet_plus_viole/137_or_che_in_gioia.musicxml	0	0	1	1	0.362893	yes	yes
cpdl_5_voice_quartet_plus_viole	137	Or, che in gioia	data/cpdl/5-voices/sources/137_or_che_in_gioia__02_or_che_in_gioia_gesualdo.mxl	data/cpdl/5-voices/reductions/string_quartet_plus_viole/137_or_che_in_gioia.musicxml	0	1	6	6	0.346594	yes	no
cpdl_5_voice_quartet_plus_viole	137	Or, che in gioia	data/cpdl/5-voices/sources/137_or_che_in_gioia__02_or_che_in_gioia_gesualdo.mxl	data/cpdl/5-voices/reductions/string_quartet_plus_viole/137_or_che_in_gioia.musicxml	0	2	1	1	0.376176	yes	no
cpdl_5_voice_quartet_plus_viole	137	Or, che in gioia	data/cpdl/5-voices/sources/137_or_che_in_gioia__02_or_che_in_gioia_gesualdo.mxl	data/cpdl/5-voices/reductions/string_quartet_plus_viole/137_or_che_in_gioia.musicxml	0	3	4	4	0.393624	yes	no
cpdl_5_voice_quartet_plus_viole	137	Or, che in gioia	data/cpdl/5-voices/sources/137_or_che_in_gioia__02_or_che_in_gioia_gesualdo.mxl	data/cpdl/5-voices/reductions/string_quartet_plus_viole/137_or_che_in_gioia.musicxml	0	4	3	3	0.484999	no	no
cpdl_5_voice_quartet_plus_viole	137	Or, che in gioia	data/cpdl/5-voices/sources/137_or_che_in_gioia__02_or_che_in_gioia_gesualdo.mxl	data/cpdl/5-voices/reductions/string_quartet_plus_viole/137_or_che_in_gioia.musicxml	0	5	2	2	0.569148	no	no
cpdl_5_voice_quartet_plus_viole	138	Poichè l'avida sete	data/cpdl/5-voices/sources/138_poiche_l_avida_sete__02_gesu_17poi.mxl	data/cpdl/5-voices/reductions/string_quartet_plus_viole/138_poich_l_avida_sete.musicxml	5	0	0	0	1.05096	no	no
cpdl_5_voice_quartet_plus_viole	138	Poichè l'avida sete	data/cpdl/5-voices/sources/138_poiche_l_avida_sete__02_gesu_17poi.mxl	data/cpdl/5-voices/reductions/string_quartet_plus_viole/138_poich_l_avida_sete.musicxml	5	1	5	5	0.859961	no	no
cpdl_5_voice_quartet_plus_viole	138	Poichè l'avida sete	data/cpdl/5-voices/sources/138_poiche_l_avida_sete__02_gesu_17poi.mxl	data/cpdl/5-voices/reductions/string_quartet_plus_viole/138_poich_l_avida_sete.musicxml	5	2	2	2	0.609734	no	no
cpdl_5_voice_quartet_plus_viole	138	Poichè l'avida sete	data/cpdl/5-voices/sources/138_poiche_l_avida_sete__02_gesu_17poi.mxl	data/cpdl/5-voices/reductions/string_quartet_plus_viole/138_poich_l_avida_sete.musicxml	5	3	3	3	0.553771	no	no
cpdl_5_voice_quartet_plus_viole	138	Poichè l'avida sete	data/cpdl/5-voices/sources/138_poiche_l_avida_sete__02_gesu_17poi.mxl	data/cpdl/5-voices/reductions/string_quartet_plus_viole/138_poich_l_avida_sete.musicxml	5	4	4	4	0.45108	yes	no
cpdl_5_voice_quartet_plus_viole	138	Poichè l'avida sete	data/cpdl/5-voices/sources/138_poiche_l_avida_sete__02_gesu_17poi.mxl	data/cpdl/5-voices/reductions/string_quartet_plus_viole/138_poich_l_avida_sete.musicxml	5	5	1	1	0.459088	yes	yes
cpdl_5_voice_quartet_plus_viole	138	Poichè l'avida sete	data/cpdl/5-voices/sources/138_poiche_l_avida_sete__02_gesu_17poi.mxl	data/cpdl/5-voices/reductions/string_quartet_plus_viole/138_poich_l_avida_sete.musicxml	5	6	6	6	0.461416	yes	no
cpdl_5_voice_quartet_plus_viole	138	Poichè l'avida sete	data/cpdl/5-voices/sources/138_poiche_l_avida_sete__02_gesu_17poi.mxl	data/cpdl/5-voices/reductions/string_quartet_plus_viole/138_poich_l_avida_sete.musicxml	5	7	1	1	0.538129	no	no
cpdl_5_voice_quartet_plus_viole	138	Poichè l'avida sete	data/cpdl/5-voices/sources/138_poiche_l_avida_sete__02_gesu_17poi.mxl	data/cpdl/5-voices/reductions/string_quartet_plus_viole/138_poich_l_avida_sete.musicxml	5	8	4	4	0.610052	no	no
cpdl_5_voice_quartet_plus_viole	138	Poichè l'avida sete	data/cpdl/5-voices/sources/138_poiche_l_avida_sete__02_gesu_17poi.mxl	data/cpdl/5-voices/reductions/string_quartet_plus_viole/138_poich_l_avida_sete.musicxml	5	9	3	3	0.738526	no	no
cpdl_5_voice_quartet_plus_viole	138	Poichè l'avida sete	data/cpdl/5-voices/sources/138_poiche_l_avida_sete__02_gesu_17poi.mxl	data/cpdl/5-voices/reductions/string_quartet_plus_viole/138_poich_l_avida_sete.musicxml	5	10	2	2	0.996762	no	no
cpdl_5_voice_quartet_plus_viole	139	Qual fora, donna	data/cpdl/5-voices/sources/139_qual_fora_donna__02_gesu_6qu.mxl	data/cpdl/5-voices/reductions/string_quartet_plus_viole/139_qual_fora_donna.musicxml	2	-3	2	2	1.03175	no	no
cpdl_5_voice_quartet_plus_viole	139	Qual fora, donna	data/cpdl/5-voices/sources/139_qual_fora_donna__02_gesu_6qu.mxl	data/cpdl/5-voices/reductions/string_quartet_plus_viole/139_qual_fora_donna.musicxml	2	-2	3	3	0.819091	no	no
cpdl_5_voice_quartet_plus_viole	139	Qual fora, donna	data/cpdl/5-voices/sources/139_qual_fora_donna__02_gesu_6qu.mxl	data/cpdl/5-voices/reductions/string_quartet_plus_viole/139_qual_fora_donna.musicxml	2	-1	4	4	0.621934	no	no
cpdl_5_voice_quartet_plus_viole	139	Qual fora, donna	data/cpdl/5-voices/sources/139_qual_fora_donna__02_gesu_6qu.mxl	data/cpdl/5-voices/reductions/string_quartet_plus_viole/139_qual_fora_donna.musicxml	2	0	1	1	0.52235	no	no
cpdl_5_voice_quartet_plus_viole	139	Qual fora, donna	data/cpdl/5-voices/sources/139_qual_fora_donna__02_gesu_6qu.mxl	data/cpdl/5-voices/reductions/string_quartet_plus_viole/139_qual_fora_donna.musicxml	2	1	6	6	0.423888	yes	no
cpdl_5_voice_quartet_plus_viole	139	Qual fora, donna	data/cpdl/5-voices/sources/139_qual_fora_donna__02_gesu_6qu.mxl	data/cpdl/5-voices/reductions/string_quartet_plus_viole/139_qual_fora_donna.musicxml	2	2	1	1	0.38165	yes	yes
cpdl_5_voice_quartet_plus_viole	139	Qual fora, donna	data/cpdl/5-voices/sources/139_qual_fora_donna__02_gesu_6qu.mxl	data/cpdl/5-voices/reductions/string_quartet_plus_viole/139_qual_fora_donna.musicxml	2	3	4	4	0.36256	yes	no
cpdl_5_voice_quartet_plus_viole	139	Qual fora, donna	data/cpdl/5-voices/sources/139_qual_fora_donna__02_gesu_6qu.mxl	data/cpdl/5-voices/reductions/string_quartet_plus_viole/139_qual_fora_donna.musicxml	2	4	3	3	0.354535	yes	no
cpdl_5_voice_quartet_plus_viole	139	Qual fora, donna	data/cpdl/5-voices/sources/139_qual_fora_donna__02_gesu_6qu.mxl	data/cpdl/5-voices/reductions/string_quartet_plus_viole/139_qual_fora_donna.musicxml	2	5	2	2	0.398046	yes	no
cpdl_5_voice_quartet_plus_viole	139	Qual fora, donna	data/cpdl/5-voices/sources/139_qual_fora_donna__02_gesu_6qu.mxl	data/cpdl/5-voices/reductions/string_quartet_plus_viole/139_qual_fora_donna.musicxml	2	6	5	5	0.420777	yes	no
cpdl_5_voice_quartet_plus_viole	139	Qual fora, donna	data/cpdl/5-voices/sources/139_qual_fora_donna__02_gesu_6qu.mxl	data/cpdl/5-voices/reductions/string_quartet_plus_viole/139_qual_fora_donna.musicxml	2	7	0	0	0.49126	no	no
cpdl_5_voice_quartet_plus_viole	140	Quando l'alba novella	data/cpdl/5-voices/sources/140_quando_l_alba_novella__02_gesualdo_quando_l_alba_novella.mxl	data/cpdl/5-voices/reductions/string_quartet_plus_viole/140_quando_l_alba_novella.musicxml	0	-5	0	0	1.04936	no	no
cpdl_5_voice_quartet_plus_viole	140	Quando l'alba novella	data/cpdl/5-voices/sources/140_quando_l_alba_novella__02_gesualdo_quando_l_alba_novella.mxl	data/cpdl/5-voices/reductions/string_quartet_plus_viole/140_quando_l_alba_novella.musicxml	0	-4	5	5	0.924352	no	no
cpdl_5_voice_quartet_plus_viole	140	Quando l'alba novella	data/cpdl/5-voices/sources/140_quando_l_alba_novella__02_gesualdo_quando_l_alba_novella.mxl	data/cpdl/5-voices/reductions/string_quartet_plus_viole/140_quando_l_alba_novella.musicxml	0	-3	2	2	0.537093	no	no
cpdl_5_voice_quartet_plus_viole	140	Quando l'alba novella	data/cpdl/5-voices/sources/140_quando_l_alba_novella__02_gesualdo_quando_l_alba_novella.mxl	data/cpdl/5-voices/reductions/string_quartet_plus_viole/140_quando_l_alba_novella.musicxml	0	-2	3	3	0.439609	no	no
cpdl_5_voice_quartet_plus_viole	140	Quando l'alba novella	data/cpdl/5-voices/sources/140_quando_l_alba_novella__02_gesualdo_quando_l_alba_novella.mxl	data/cpdl/5-voices/reductions/string_quartet_plus_viole/140_quando_l_alba_novella.musicxml	0	-1	4	4	0.357891	yes	no
cpdl_5_voice_quartet_plus_viole	140	Quando l'alba novella	data/cpdl/5-voices/sources/140_quando_l_alba_novella__02_gesualdo_quando_l_alba_novella.mxl	data/cpdl/5-voices/reductions/string_quartet_plus_viole/140_quando_l_alba_novella.musicxml	0	0	1	1	0.323147	yes	yes
cpdl_5_voice_quartet_plus_viole	140	Quando l'alba novella	data/cpdl/5-voices/sources/140_quando_l_alba_novella__02_gesualdo_quando_l_alba_novella.mxl	data/cpdl/5-voices/reductions/string_quartet_plus_viole/140_quando_l_alba_novella.musicxml	0	1	6	6	0.320892	yes	no
cpdl_5_voice_quartet_plus_viole	140	Quando l'alba novella	data/cpdl/5-voices/sources/140_quando_l_alba_novella__02_gesualdo_quando_l_alba_novella.mxl	data/cpdl/5-voices/reductions/string_quartet_plus_viole/140_quando_l_alba_novella.musicxml	0	2	1	1	0.323582	yes	no
cpdl_5_voice_quartet_plus_viole	140	Quando l'alba novella	data/cpdl/5-voices/sources/140_quando_l_alba_novella__02_gesualdo_quando_l_alba_novella.mxl	data/cpdl/5-voices/reductions/string_quartet_plus_viole/140_quando_l_alba_novella.musicxml	0	3	4	4	0.342503	yes	no
cpdl_5_voice_quartet_plus_viole	140	Quando l'alba novella	data/cpdl/5-voices/sources/140_quando_l_alba_novella__02_gesualdo_quando_l_alba_novella.mxl	data/cpdl/5-voices/reductions/string_quartet_plus_viole/140_quando_l_alba_novella.musicxml	0	4	3	3	0.385516	no	no
cpdl_5_voice_quartet_plus_viole	140	Quando l'alba novella	data/cpdl/5-voices/sources/140_quando_l_alba_novella__02_gesualdo_quando_l_alba_novella.mxl	data/cpdl/5-voices/reductions/string_quartet_plus_viole/140_quando_l_alba_novella.musicxml	0	5	2	2	0.57268	no	no
cpdl_5_voice_quartet_plus_viole	141	Quando ridente e bella	data/cpdl/5-voices/sources/141_quando_ridente_e_bella__02_quando_ridente_e_bella_gesualdo.mxl	data/cpdl/5-voices/reductions/string_quartet_plus_viole/141_quando_ridente_e_bella.musicxml	0	-5	0	0	0.935129	no	no
cpdl_5_voice_quartet_plus_viole	141	Quando ridente e bella	data/cpdl/5-voices/sources/141_quando_ridente_e_bella__02_quando_ridente_e_bella_gesualdo.mxl	data/cpdl/5-voices/reductions/string_quartet_plus_viole/141_quando_ridente_e_bella.musicxml	0	-4	5	5	0.617151	no	no
cpdl_5_voice_quartet_plus_viole	141	Quando ridente e bella	data/cpdl/5-voices/sources/141_quando_ridente_e_bella__02_quando_ridente_e_bella_gesualdo.mxl	data/cpdl/5-voices/reductions/string_quartet_plus_viole/141_quando_ridente_e_bella.musicxml	0	-3	2	2	0.480446	no	no
cpdl_5_voice_quartet_plus_viole	141	Quando ridente e bella	data/cpdl/5-voices/sources/141_quando_ridente_e_bella__02_quando_ridente_e_bella_gesualdo.mxl	data/cpdl/5-voices/reductions/string_quartet_plus_viole/141_quando_ridente_e_bella.musicxml	0	-2	3	3	0.430051	no	no
cpdl_5_voice_quartet_plus_viole	141	Quando ridente e bella	data/cpdl/5-voices/sources/141_quando_ridente_e_bella__02_quando_ridente_e_bella_gesualdo.mxl	data/cpdl/5-voices/reductions/string_quartet_plus_viole/141_quando_ridente_e_bella.musicxml	0	-1	4	4	0.35955	yes	no
cpdl_5_voice_quartet_plus_viole	141	Quando ridente e bella	data/cpdl/5-voices/sources/141_quando_ridente_e_bella__02_quando_ridente_e_bella_gesualdo.mxl	data/cpdl/5-voices/reductions/string_quartet_plus_viole/141_quando_ridente_e_bella.musicxml	0	0	1	1	0.364183	yes	yes
cpdl_5_voice_quartet_plus_viole	141	Quando ridente e bella	data/cpdl/5-voices/sources/141_quando_ridente_e_bella__02_quando_ridente_e_bella_gesualdo.mxl	data/cpdl/5-voices/reductions/string_quartet_plus_viole/141_quando_ridente_e_bella.musicxml	0	1	6	6	0.359039	yes	no
cpdl_5_voice_quartet_plus_viole	141	Quando ridente e bella	data/cpdl/5-voices/sources/141_quando_ridente_e_bella__02_quando_ridente_e_bella_gesualdo.mxl	data/cpdl/5-voices/reductions/string_quartet_plus_viole/141_quando_ridente_e_bella.musicxml	0	2	1	1	0.37321	yes	no
cpdl_5_voice_quartet_plus_viole	141	Quando ridente e bella	data/cpdl/5-voices/sources/141_quando_ridente_e_bella__02_quando_ridente_e_bella_gesualdo.mxl	data/cpdl/5-voices/reductions/string_quartet_plus_viole/141_quando_ridente_e_bella.musicxml	0	3	4	4	0.397995	yes	no
cpdl_5_voice_quartet_plus_viole	141	Quando ridente e bella	data/cpdl/5-voices/sources/141_quando_ridente_e_bella__02_quando_ridente_e_bella_gesualdo.mxl	data/cpdl/5-voices/reductions/string_quartet_plus_viole/141_quando_ridente_e_bella.musicxml	0	4	3	3	0.509799	no	no
cpdl_5_voice_quartet_plus_viole	141	Quando ridente e bella	data/cpdl/5-voices/sources/141_quando_ridente_e_bella__02_quando_ridente_e_bella_gesualdo.mxl	data/cpdl/5-voices/reductions/string_quartet_plus_viole/141_quando_ridente_e_bella.musicxml	0	5	2	2	0.636526	no	no
cpdl_5_voice_quartet_plus_viole	143	Quel 'no' crudel che la mia speme ancise	data/cpdl/5-voices/sources/143_quel_no_crudel_che_la_mia_speme_ancise__02_quel_no_crudel_gesualdo.mxl	data/cpdl/5-voices/reductions/string_quartet_plus_viole/143_quel_no_crudel_che_la_mia_speme_ancise.musicxml	0	-5	1	1	1.14925	no	no
cpdl_5_voice_quartet_plus_viole	143	Quel 'no' crudel che la mia speme ancise	data/cpdl/5-voices/sources/143_quel_no_crudel_che_la_mia_speme_ancise__02_quel_no_crudel_gesualdo.mxl	data/cpdl/5-voices/reductions/string_quartet_plus_viole/143_quel_no_crudel_che_la_mia_speme_ancise.musicxml	0	-4	4	4	1.01254	no	no
cpdl_5_voice_quartet_plus_viole	143	Quel 'no' crudel che la mia speme ancise	data/cpdl/5-voices/sources/143_quel_no_crudel_che_la_mia_speme_ancise__02_quel_no_crudel_gesualdo.mxl	data/cpdl/5-voices/reductions/string_quartet_plus_viole/143_quel_no_crudel_che_la_mia_speme_ancise.musicxml	0	-3	3	3	0.727476	no	no
cpdl_5_voice_quartet_plus_viole	143	Quel 'no' crudel che la mia speme ancise	data/cpdl/5-voices/sources/143_quel_no_crudel_che_la_mia_speme_ancise__02_quel_no_crudel_gesualdo.mxl	data/cpdl/5-voices/reductions/string_quartet_plus_viole/143_quel_no_crudel_che_la_mia_speme_ancise.musicxml	0	-2	2	2	0.630457	no	no
cpdl_5_voice_quartet_plus_viole	143	Quel 'no' crudel che la mia speme ancise	data/cpdl/5-voices/sources/143_quel_no_crudel_che_la_mia_speme_ancise__02_quel_no_crudel_gesualdo.mxl	data/cpdl/5-voices/reductions/string_quartet_plus_viole/143_quel_no_crudel_che_la_mia_speme_ancise.musicxml	0	-1	5	5	0.491833	no	no
cpdl_5_voice_quartet_plus_viole	143	Quel 'no' crudel che la mia speme ancise	data/cpdl/5-voices/sources/143_quel_no_crudel_che_la_mia_speme_ancise__02_quel_no_crudel_gesualdo.mxl	data/cpdl/5-voices/reductions/string_quartet_plus_viole/143_quel_no_crudel_che_la_mia_speme_ancise.musicxml	0	0	0	0	0.424324	yes	yes
cpdl_5_voice_quartet_plus_viole	143	Quel 'no' crudel che la mia speme ancise	data/cpdl/5-voices/sources/143_quel_no_crudel_che_la_mia_speme_ancise__02_quel_no_crudel_gesualdo.mxl	data/cpdl/5-voices/reductions/string_quartet_plus_viole/143_quel_no_crudel_che_la_mia_speme_ancise.musicxml	0	1	5	5	0.403557	yes	no
cpdl_5_voice_quartet_plus_viole	143	Quel 'no' crudel che la mia speme ancise	data/cpdl/5-voices/sources/143_quel_no_crudel_che_la_mia_speme_ancise__02_quel_no_crudel_gesualdo.mxl	data/cpdl/5-voices/reductions/string_quartet_plus_viole/143_quel_no_crudel_che_la_mia_speme_ancise.musicxml	0	2	2	2	0.418732	yes	no
cpdl_5_voice_quartet_plus_viole	143	Quel 'no' crudel che la mia speme ancise	data/cpdl/5-voices/sources/143_quel_no_crudel_che_la_mia_speme_ancise__02_quel_no_crudel_gesualdo.mxl	data/cpdl/5-voices/reductions/string_quartet_plus_viole/143_quel_no_crudel_che_la_mia_speme_ancise.musicxml	0	3	3	3	0.458922	yes	no
cpdl_5_voice_quartet_plus_viole	143	Quel 'no' crudel che la mia speme ancise	data/cpdl/5-voices/sources/143_quel_no_crudel_che_la_mia_speme_ancise__02_quel_no_crudel_gesualdo.mxl	data/cpdl/5-voices/reductions/string_quartet_plus_viole/143_quel_no_crudel_che_la_mia_speme_ancise.musicxml	0	4	4	4	0.505108	no	no
cpdl_5_voice_quartet_plus_viole	143	Quel 'no' crudel che la mia speme ancise	data/cpdl/5-voices/sources/143_quel_no_crudel_che_la_mia_speme_ancise__02_quel_no_crudel_gesualdo.mxl	data/cpdl/5-voices/reductions/string_quartet_plus_viole/143_quel_no_crudel_che_la_mia_speme_ancise.musicxml	0	5	1	1	0.687504	no	no
cpdl_5_voice_quartet_plus_viole	144	Questa crudele e pia	data/cpdl/5-voices/sources/144_questa_crudele_e_pia__02_questa_crudele_et_pia_gesualdo.mxl	data/cpdl/5-voices/reductions/string_quartet_plus_viole/144_questa_crudele_e_pia.musicxml	2	-3	2	2	0.660982	no	no
cpdl_5_voice_quartet_plus_viole	144	Questa crudele e pia	data/cpdl/5-voices/sources/144_questa_crudele_e_pia__02_questa_crudele_et_pia_gesualdo.mxl	data/cpdl/5-voices/reductions/string_quartet_plus_viole/144_questa_crudele_e_pia.musicxml	2	-2	3	3	0.538019	no	no
cpdl_5_voice_quartet_plus_viole	144	Questa crudele e pia	data/cpdl/5-voices/sources/144_questa_crudele_e_pia__02_questa_crudele_et_pia_gesualdo.mxl	data/cpdl/5-voices/reductions/string_quartet_plus_viole/144_questa_crudele_e_pia.musicxml	2	-1	4	4	0.411267	no	no
cpdl_5_voice_quartet_plus_viole	144	Questa crudele e pia	data/cpdl/5-voices/sources/144_questa_crudele_e_pia__02_questa_crudele_et_pia_gesualdo.mxl	data/cpdl/5-voices/reductions/string_quartet_plus_viole/144_questa_crudele_e_pia.musicxml	2	0	1	1	0.36403	no	no
cpdl_5_voice_quartet_plus_viole	144	Questa crudele e pia	data/cpdl/5-voices/sources/144_questa_crudele_e_pia__02_questa_crudele_et_pia_gesualdo.mxl	data/cpdl/5-voices/reductions/string_quartet_plus_viole/144_questa_crudele_e_pia.musicxml	2	1	6	6	0.312376	yes	no
cpdl_5_voice_quartet_plus_viole	144	Questa crudele e pia	data/cpdl/5-voices/sources/144_questa_crudele_e_pia__02_questa_crudele_et_pia_gesualdo.mxl	data/cpdl/5-voices/reductions/string_quartet_plus_viole/144_questa_crudele_e_pia.musicxml	2	2	1	1	0.302753	yes	yes
cpdl_5_voice_quartet_plus_viole	144	Questa crudele e pia	data/cpdl/5-voices/sources/144_questa_crudele_e_pia__02_questa_crudele_et_pia_gesualdo.mxl	data/cpdl/5-voices/reductions/string_quartet_plus_viole/144_questa_crudele_e_pia.musicxml	2	3	4	4	0.319073	yes	no
cpdl_5_voice_quartet_plus_viole	144	Questa crudele e pia	data/cpdl/5-voices/sources/144_questa_crudele_e_pia__02_questa_crudele_et_pia_gesualdo.mxl	data/cpdl/5-voices/reductions/string_quartet_plus_viole/144_questa_crudele_e_pia.musicxml	2	4	3	3	0.414539	no	no
cpdl_5_voice_quartet_plus_viole	144	Questa crudele e pia	data/cpdl/5-voices/sources/144_questa_crudele_e_pia__02_questa_crudele_et_pia_gesualdo.mxl	data/cpdl/5-voices/reductions/string_quartet_plus_viole/144_questa_crudele_e_pia.musicxml	2	5	2	2	0.515196	no	no
cpdl_5_voice_quartet_plus_viole	144	Questa crudele e pia	data/cpdl/5-voices/sources/144_questa_crudele_e_pia__02_questa_crudele_et_pia_gesualdo.mxl	data/cpdl/5-voices/reductions/string_quartet_plus_viole/144_questa_crudele_e_pia.musicxml	2	6	5	5	0.572829	no	no
cpdl_5_voice_quartet_plus_viole	144	Questa crudele e pia	data/cpdl/5-voices/sources/144_questa_crudele_e_pia__02_questa_crudele_et_pia_gesualdo.mxl	data/cpdl/5-voices/reductions/string_quartet_plus_viole/144_questa_crudele_e_pia.musicxml	2	7	0	0	0.7806	no	no
cpdl_5_voice_quartet_plus_viole	145	Questi leggiadri odorosetti fiori	data/cpdl/5-voices/sources/145_questi_leggiadri_odorosetti_fiori__02_gesualdo_questi_cpdl.mxl	data/cpdl/5-voices/reductions/string_quartet_plus_viole/145_questi_leggiadri_odorosetti_fiori.musicxml	5	0	0	0	0.995826	no	no
cpdl_5_voice_quartet_plus_viole	145	Questi leggiadri odorosetti fiori	data/cpdl/5-voices/sources/145_questi_leggiadri_odorosetti_fiori__02_gesualdo_questi_cpdl.mxl	data/cpdl/5-voices/reductions/string_quartet_plus_viole/145_questi_leggiadri_odorosetti_fiori.musicxml	5	1	5	5	0.778826	no	no
cpdl_5_voice_quartet_plus_viole	145	Questi leggiadri odorosetti fiori	data/cpdl/5-voices/sources/145_questi_leggiadri_odorosetti_fiori__02_gesualdo_questi_cpdl.mxl	data/cpdl/5-voices/reductions/string_quartet_plus_viole/145_questi_leggiadri_odorosetti_fiori.musicxml	5	2	2	2	0.545674	yes	no
cpdl_5_voice_quartet_plus_viole	145	Questi leggiadri odorosetti fiori	data/cpdl/5-voices/sources/145_questi_leggiadri_odorosetti_fiori__02_gesualdo_questi_cpdl.mxl	data/cpdl/5-voices/reductions/string_quartet_plus_viole/145_questi_leggiadri_odorosetti_fiori.musicxml	5	3	3	3	0.50217	yes	no
cpdl_5_voice_quartet_plus_viole	145	Questi leggiadri odorosetti fiori	data/cpdl/5-voices/sources/145_questi_leggiadri_odorosetti_fiori__02_gesualdo_questi_cpdl.mxl	data/cpdl/5-voices/reductions/string_quartet_plus_viole/145_questi_leggiadri_odorosetti_fiori.musicxml	5	4	4	4	0.470482	yes	no
cpdl_5_voice_quartet_plus_viole	145	Questi leggiadri odorosetti fiori	data/cpdl/5-voices/sources/145_questi_leggiadri_odorosetti_fiori__02_gesualdo_questi_cpdl.mxl	data/cpdl/5-voices/reductions/string_quartet_plus_viole/145_questi_leggiadri_odorosetti_fiori.musicxml	5	5	1	1	0.515589	yes	yes
cpdl_5_voice_quartet_plus_viole	145	Questi leggiadri odorosetti fiori	data/cpdl/5-voices/sources/145_questi_leggiadri_odorosetti_fiori__02_gesualdo_questi_cpdl.mxl	data/cpdl/5-voices/reductions/string_quartet_plus_viole/145_questi_leggiadri_odorosetti_fiori.musicxml	5	6	6	6	0.481987	yes	no
cpdl_5_voice_quartet_plus_viole	145	Questi leggiadri odorosetti fiori	data/cpdl/5-voices/sources/145_questi_leggiadri_odorosetti_fiori__02_gesualdo_questi_cpdl.mxl	data/cpdl/5-voices/reductions/string_quartet_plus_viole/145_questi_leggiadri_odorosetti_fiori.musicxml	5	7	1	1	0.54539	yes	no
cpdl_5_voice_quartet_plus_viole	145	Questi leggiadri odorosetti fiori	data/cpdl/5-voices/sources/145_questi_leggiadri_odorosetti_fiori__02_gesualdo_questi_cpdl.mxl	data/cpdl/5-voices/reductions/string_quartet_plus_viole/145_questi_leggiadri_odorosetti_fiori.musicxml	5	8	4	4	0.568748	no	no
cpdl_5_voice_quartet_plus_viole	145	Questi leggiadri odorosetti fiori	data/cpdl/5-voices/sources/145_questi_leggiadri_odorosetti_fiori__02_gesualdo_questi_cpdl.mxl	data/cpdl/5-voices/reductions/string_quartet_plus_viole/145_questi_leggiadri_odorosetti_fiori.musicxml	5	9	3	3	0.697135	no	no
cpdl_5_voice_quartet_plus_viole	145	Questi leggiadri odorosetti fiori	data/cpdl/5-voices/sources/145_questi_leggiadri_odorosetti_fiori__02_gesualdo_questi_cpdl.mxl	data/cpdl/5-voices/reductions/string_quartet_plus_viole/145_questi_leggiadri_odorosetti_fiori.musicxml	5	10	2	2	1.00769	no	no
cpdl_5_voice_quartet_plus_viole	146	Resta di darmi noia	data/cpdl/5-voices/sources/146_resta_di_darmi_noia__02_resta_di_darmi_noia_gesualdo.mxl	data/cpdl/5-voices/reductions/string_quartet_plus_viole/146_resta_di_darmi_noia.musicxml	0	-5	1	1	0.932713	no	no
cpdl_5_voice_quartet_plus_viole	146	Resta di darmi noia	data/cpdl/5-voices/sources/146_resta_di_darmi_noia__02_resta_di_darmi_noia_gesualdo.mxl	data/cpdl/5-voices/reductions/string_quartet_plus_viole/146_resta_di_darmi_noia.musicxml	0	-4	4	4	0.790293	no	no
cpdl_5_voice_quartet_plus_viole	146	Resta di darmi noia	data/cpdl/5-voices/sources/146_resta_di_darmi_noia__02_resta_di_darmi_noia_gesualdo.mxl	data/cpdl/5-voices/reductions/string_quartet_plus_viole/146_resta_di_darmi_noia.musicxml	0	-3	3	3	0.620721	no	no
cpdl_5_voice_quartet_plus_viole	146	Resta di darmi noia	data/cpdl/5-voices/sources/146_resta_di_darmi_noia__02_resta_di_darmi_noia_gesualdo.mxl	data/cpdl/5-voices/reductions/string_quartet_plus_viole/146_resta_di_darmi_noia.musicxml	0	-2	2	2	0.550317	no	no
cpdl_5_voice_quartet_plus_viole	146	Resta di darmi noia	data/cpdl/5-voices/sources/146_resta_di_darmi_noia__02_resta_di_darmi_noia_gesualdo.mxl	data/cpdl/5-voices/reductions/string_quartet_plus_viole/146_resta_di_darmi_noia.musicxml	0	-1	5	5	0.437111	yes	no
cpdl_5_voice_quartet_plus_viole	146	Resta di darmi noia	data/cpdl/5-voices/sources/146_resta_di_darmi_noia__02_resta_di_darmi_noia_gesualdo.mxl	data/cpdl/5-voices/reductions/string_quartet_plus_viole/146_resta_di_darmi_noia.musicxml	0	0	0	0	0.421825	yes	yes
cpdl_5_voice_quartet_plus_viole	146	Resta di darmi noia	data/cpdl/5-voices/sources/146_resta_di_darmi_noia__02_resta_di_darmi_noia_gesualdo.mxl	data/cpdl/5-voices/reductions/string_quartet_plus_viole/146_resta_di_darmi_noia.musicxml	0	1	5	5	0.401958	yes	no
cpdl_5_voice_quartet_plus_viole	146	Resta di darmi noia	data/cpdl/5-voices/sources/146_resta_di_darmi_noia__02_resta_di_darmi_noia_gesualdo.mxl	data/cpdl/5-voices/reductions/string_quartet_plus_viole/146_resta_di_darmi_noia.musicxml	0	2	2	2	0.431135	yes	no
cpdl_5_voice_quartet_plus_viole	146	Resta di darmi noia	data/cpdl/5-voices/sources/146_resta_di_darmi_noia__02_resta_di_darmi_noia_gesualdo.mxl	data/cpdl/5-voices/reductions/string_quartet_plus_viole/146_resta_di_darmi_noia.musicxml	0	3	3	3	0.443734	yes	no
cpdl_5_voice_quartet_plus_viole	146	Resta di darmi noia	data/cpdl/5-voices/sources/146_resta_di_darmi_noia__02_resta_di_darmi_noia_gesualdo.mxl	data/cpdl/5-voices/reductions/string_quartet_plus_viole/146_resta_di_darmi_noia.musicxml	0	4	4	4	0.49086	no	no
cpdl_5_voice_quartet_plus_viole	146	Resta di darmi noia	data/cpdl/5-voices/sources/146_resta_di_darmi_noia__02_resta_di_darmi_noia_gesualdo.mxl	data/cpdl/5-voices/reductions/string_quartet_plus_viole/146_resta_di_darmi_noia.musicxml	0	5	1	1	0.672123	no	no
cpdl_5_voice_quartet_plus_viole	147	S'io non miro non moro	data/cpdl/5-voices/sources/147_s_io_non_miro_non_moro__02_sio_non_miro_gesualdo.mxl	data/cpdl/5-voices/reductions/string_quartet_plus_viole/147_s_io_non_miro_non_moro.musicxml	0	-5	0	0	1.1631	no	no
cpdl_5_voice_quartet_plus_viole	147	S'io non miro non moro	data/cpdl/5-voices/sources/147_s_io_non_miro_non_moro__02_sio_non_miro_gesualdo.mxl	data/cpdl/5-voices/reductions/string_quartet_plus_viole/147_s_io_non_miro_non_moro.musicxml	0	-4	5	5	0.883208	no	no
cpdl_5_voice_quartet_plus_viole	147	S'io non miro non moro	data/cpdl/5-voices/sources/147_s_io_non_miro_non_moro__02_sio_non_miro_gesualdo.mxl	data/cpdl/5-voices/reductions/string_quartet_plus_viole/147_s_io_non_miro_non_moro.musicxml	0	-3	2	2	0.644051	no	no
cpdl_5_voice_quartet_plus_viole	147	S'io non miro non moro	data/cpdl/5-voices/sources/147_s_io_non_miro_non_moro__02_sio_non_miro_gesualdo.mxl	data/cpdl/5-voices/reductions/string_quartet_plus_viole/147_s_io_non_miro_non_moro.musicxml	0	-2	3	3	0.55225	no	no
cpdl_5_voice_quartet_plus_viole	147	S'io non miro non moro	data/cpdl/5-voices/sources/147_s_io_non_miro_non_moro__02_sio_non_miro_gesualdo.mxl	data/cpdl/5-voices/reductions/string_quartet_plus_viole/147_s_io_non_miro_non_moro.musicxml	0	-1	4	4	0.378982	no	no
cpdl_5_voice_quartet_plus_viole	147	S'io non miro non moro	data/cpdl/5-voices/sources/147_s_io_non_miro_non_moro__02_sio_non_miro_gesualdo.mxl	data/cpdl/5-voices/reductions/string_quartet_plus_viole/147_s_io_non_miro_non_moro.musicxml	0	0	1	1	0.324774	yes	yes
cpdl_5_voice_quartet_plus_viole	147	S'io non miro non moro	data/cpdl/5-voices/sources/147_s_io_non_miro_non_moro__02_sio_non_miro_gesualdo.mxl	data/cpdl/5-voices/reductions/string_quartet_plus_viole/147_s_io_non_miro_non_moro.musicxml	0	1	6	6	0.307133	yes	no
cpdl_5_voice_quartet_plus_viole	147	S'io non miro non moro	data/cpdl/5-voices/sources/147_s_io_non_miro_non_moro__02_sio_non_miro_gesualdo.mxl	data/cpdl/5-voices/reductions/string_quartet_plus_viole/147_s_io_non_miro_non_moro.musicxml	0	2	1	1	0.343523	yes	no
cpdl_5_voice_quartet_plus_viole	147	S'io non miro non moro	data/cpdl/5-voices/sources/147_s_io_non_miro_non_moro__02_sio_non_miro_gesualdo.mxl	data/cpdl/5-voices/reductions/string_quartet_plus_viole/147_s_io_non_miro_non_moro.musicxml	0	3	4	4	0.380954	no	no
cpdl_5_voice_quartet_plus_viole	147	S'io non miro non moro	data/cpdl/5-voices/sources/147_s_io_non_miro_non_moro__02_sio_non_miro_gesualdo.mxl	data/cpdl/5-voices/reductions/string_quartet_plus_viole/147_s_io_non_miro_non_moro.musicxml	0	4	3	3	0.467588	no	no
cpdl_5_voice_quartet_plus_viole	147	S'io non miro non moro	data/cpdl/5-voices/sources/147_s_io_non_miro_non_moro__02_sio_non_miro_gesualdo.mxl	data/cpdl/5-voices/reductions/string_quartet_plus_viole/147_s_io_non_miro_non_moro.musicxml	0	5	2	2	0.59718	no	no
cpdl_5_voice_quartet_plus_viole	148	Se chiudete nel core	data/cpdl/5-voices/sources/148_se_chiudete_nel_core__02_se_chiudete_nel_core_gesualdo.mxl	data/cpdl/5-voices/reductions/string_quartet_plus_viole/148_se_chiudete_nel_core.musicxml	0	-5	1	1	0.826283	no	no
cpdl_5_voice_quartet_plus_viole	148	Se chiudete nel core	data/cpdl/5-voices/sources/148_se_chiudete_nel_core__02_se_chiudete_nel_core_gesualdo.mxl	data/cpdl/5-voices/reductions/string_quartet_plus_viole/148_se_chiudete_nel_core.musicxml	0	-4	4	4	0.713896	no	no
cpdl_5_voice_quartet_plus_viole	148	Se chiudete nel core	data/cpdl/5-voices/sources/148_se_chiudete_nel_core__02_se_chiudete_nel_core_gesualdo.mxl	data/cpdl/5-voices/reductions/string_quartet_plus_viole/148_se_chiudete_nel_core.musicxml	0	-3	3	3	0.539018	no	no
cpdl_5_voice_quartet_plus_viole	148	Se chiudete nel core	data/cpdl/5-voices/sources/148_se_chiudete_nel_core__02_se_chiudete_nel_core_gesualdo.mxl	data/cpdl/5-voices/reductions/string_quartet_plus_viole/148_se_chiudete_nel_core.musicxml	0	-2	2	2	0.47306	no	no
cpdl_5_voice_quartet_plus_viole	148	Se chiudete nel core	data/cpdl/5-voices/sources/148_se_chiudete_nel_core__02_se_chiudete_nel_core_gesualdo.mxl	data/cpdl/5-voices/reductions/string_quartet_plus_viole/148_se_chiudete_nel_core.musicxml	0	-1	5	5	0.352406	no	no
cpdl_5_voice_quartet_plus_viole	148	Se chiudete nel core	data/cpdl/5-voices/sources/148_se_chiudete_nel_core__02_se_chiudete_nel_core_gesualdo.mxl	data/cpdl/5-voices/reductions/string_quartet_plus_viole/148_se_chiudete_nel_core.musicxml	0	0	0	0	0.295678	yes	yes
cpdl_5_voice_quartet_plus_viole	148	Se chiudete nel core	data/cpdl/5-voices/sources/148_se_chiudete_nel_core__02_se_chiudete_nel_core_gesualdo.mxl	data/cpdl/5-voices/reductions/string_quartet_plus_viole/148_se_chiudete_nel_core.musicxml	0	1	5	5	0.300658	yes	no
cpdl_5_voice_quartet_plus_viole	148	Se chiudete nel core	data/cpdl/5-voices/sources/148_se_chiudete_nel_core__02_se_chiudete_nel_core_gesualdo.mxl	data/cpdl/5-voices/reductions/string_quartet_plus_viole/148_se_chiudete_nel_core.musicxml	0	2	2	2	0.389778	no	no
cpdl_5_voice_quartet_plus_viole	148	Se chiudete nel core	data/cpdl/5-voices/sources/148_se_chiudete_nel_core__02_se_chiudete_nel_core_gesualdo.mxl	data/cpdl/5-voices/reductions/string_quartet_plus_viole/148_se_chiudete_nel_core.musicxml	0	3	3	3	0.417698	no	no
cpdl_5_voice_quartet_plus_viole	148	Se chiudete nel core	data/cpdl/5-voices/sources/148_se_chiudete_nel_core__02_se_chiudete_nel_core_gesualdo.mxl	data/cpdl/5-voices/reductions/string_quartet_plus_viole/148_se_chiudete_nel_core.musicxml	0	4	4	4	0.464937	no	no
cpdl_5_voice_quartet_plus_viole	148	Se chiudete nel core	data/cpdl/5-voices/sources/148_se_chiudete_nel_core__02_se_chiudete_nel_core_gesualdo.mxl	data/cpdl/5-voices/reductions/string_quartet_plus_viole/148_se_chiudete_nel_core.musicxml	0	5	1	1	0.603129	no	no
cpdl_5_voice_quartet_plus_viole	149	Se così dolce è il duolo	data/cpdl/5-voices/sources/149_se_cosi_dolce_e_il_duolo__01_gesualdo_se_cosi_dolce_e_il_duolo.mxl	data/cpdl/5-voices/reductions/string_quartet_plus_viole/149_se_cos_dolce_il_duolo.musicxml	7	2	1	1	0.850553	no	no
cpdl_5_voice_quartet_plus_viole	149	Se così dolce è il duolo	data/cpdl/5-voices/sources/149_se_cosi_dolce_e_il_duolo__01_gesualdo_se_cosi_dolce_e_il_duolo.mxl	data/cpdl/5-voices/reductions/string_quartet_plus_viole/149_se_cos_dolce_il_duolo.musicxml	7	3	4	4	0.721011	no	no
cpdl_5_voice_quartet_plus_viole	149	Se così dolce è il duolo	data/cpdl/5-voices/sources/149_se_cosi_dolce_e_il_duolo__01_gesualdo_se_cosi_dolce_e_il_duolo.mxl	data/cpdl/5-voices/reductions/string_quartet_plus_viole/149_se_cos_dolce_il_duolo.musicxml	7	4	3	3	0.490252	no	no
cpdl_5_voice_quartet_plus_viole	149	Se così dolce è il duolo	data/cpdl/5-voices/sources/149_se_cosi_dolce_e_il_duolo__01_gesualdo_se_cosi_dolce_e_il_duolo.mxl	data/cpdl/5-voices/reductions/string_quartet_plus_viole/149_se_cos_dolce_il_duolo.musicxml	7	5	2	2	0.445016	yes	no
cpdl_5_voice_quartet_plus_viole	149	Se così dolce è il duolo	data/cpdl/5-voices/sources/149_se_cosi_dolce_e_il_duolo__01_gesualdo_se_cosi_dolce_e_il_duolo.mxl	data/cpdl/5-voices/reductions/string_quartet_plus_viole/149_se_cos_dolce_il_duolo.musicxml	7	6	5	5	0.407764	yes	no
cpdl_5_voice_quartet_plus_viole	149	Se così dolce è il duolo	data/cpdl/5-voices/sources/149_se_cosi_dolce_e_il_duolo__01_gesualdo_se_cosi_dolce_e_il_duolo.mxl	data/cpdl/5-voices/reductions/string_quartet_plus_viole/149_se_cos_dolce_il_duolo.musicxml	7	7	0	0	0.428744	yes	yes
cpdl_5_voice_quartet_plus_viole	149	Se così dolce è il duolo	data/cpdl/5-voices/sources/149_se_cosi_dolce_e_il_duolo__01_gesualdo_se_cosi_dolce_e_il_duolo.mxl	data/cpdl/5-voices/reductions/string_quartet_plus_viole/149_se_cos_dolce_il_duolo.musicxml	7	8	5	5	0.464757	yes	no
cpdl_5_voice_quartet_plus_viole	149	Se così dolce è il duolo	data/cpdl/5-voices/sources/149_se_cosi_dolce_e_il_duolo__01_gesualdo_se_cosi_dolce_e_il_duolo.mxl	data/cpdl/5-voices/reductions/string_quartet_plus_viole/149_se_cos_dolce_il_duolo.musicxml	7	9	2	2	0.660773	no	no
cpdl_5_voice_quartet_plus_viole	149	Se così dolce è il duolo	data/cpdl/5-voices/sources/149_se_cosi_dolce_e_il_duolo__01_gesualdo_se_cosi_dolce_e_il_duolo.mxl	data/cpdl/5-voices/reductions/string_quartet_plus_viole/149_se_cos_dolce_il_duolo.musicxml	7	10	3	3	0.702969	no	no
cpdl_5_voice_quartet_plus_viole	149	Se così dolce è il duolo	data/cpdl/5-voices/sources/149_se_cosi_dolce_e_il_duolo__01_gesualdo_se_cosi_dolce_e_il_duolo.mxl	data/cpdl/5-voices/reductions/string_quartet_plus_viole/149_se_cos_dolce_il_duolo.musicxml	7	11	4	4	0.798844	no	no
cpdl_5_voice_quartet_plus_viole	149	Se così dolce è il duolo	data/cpdl/5-voices/sources/149_se_cosi_dolce_e_il_duolo__01_gesualdo_se_cosi_dolce_e_il_duolo.mxl	data/cpdl/5-voices/reductions/string_quartet_plus_viole/149_se_cos_dolce_il_duolo.musicxml	7	12	1	1	1.05987	no	no
cpdl_5_voice_quartet_plus_viole	150	Se da sì nobil mano	data/cpdl/5-voices/sources/150_se_da_si_nobil_mano__01_gesualdo_se_da_si_nobil_mano.mxl	data/cpdl/5-voices/reductions/string_quartet_plus_viole/150_se_da_s_nobil_mano.musicxml	0	-5	1	1	0.849089	no	no
cpdl_5_voice_quartet_plus_viole	150	Se da sì nobil mano	data/cpdl/5-voices/sources/150_se_da_si_nobil_mano__01_gesualdo_se_da_si_nobil_mano.mxl	data/cpdl/5-voices/reductions/string_quartet_plus_viole/150_se_da_s_nobil_mano.musicxml	0	-4	4	4	0.693523	no	no
cpdl_5_voice_quartet_plus_viole	150	Se da sì nobil mano	data/cpdl/5-voices/sources/150_se_da_si_nobil_mano__01_gesualdo_se_da_si_nobil_mano.mxl	data/cpdl/5-voices/reductions/string_quartet_plus_viole/150_se_da_s_nobil_mano.musicxml	0	-3	3	3	0.512782	no	no
cpdl_5_voice_quartet_plus_viole	150	Se da sì nobil mano	data/cpdl/5-voices/sources/150_se_da_si_nobil_mano__01_gesualdo_se_da_si_nobil_mano.mxl	data/cpdl/5-voices/reductions/string_quartet_plus_viole/150_se_da_s_nobil_mano.musicxml	0	-2	2	2	0.446933	no	no
cpdl_5_voice_quartet_plus_viole	150	Se da sì nobil mano	data/cpdl/5-voices/sources/150_se_da_si_nobil_mano__01_gesualdo_se_da_si_nobil_mano.mxl	data/cpdl/5-voices/reductions/string_quartet_plus_viole/150_se_da_s_nobil_mano.musicxml	0	-1	5	5	0.359719	yes	no
cpdl_5_voice_quartet_plus_viole	150	Se da sì nobil mano	data/cpdl/5-voices/sources/150_se_da_si_nobil_mano__01_gesualdo_se_da_si_nobil_mano.mxl	data/cpdl/5-voices/reductions/string_quartet_plus_viole/150_se_da_s_nobil_mano.musicxml	0	0	0	0	0.317741	yes	yes
cpdl_5_voice_quartet_plus_viole	150	Se da sì nobil mano	data/cpdl/5-voices/sources/150_se_da_si_nobil_mano__01_gesualdo_se_da_si_nobil_mano.mxl	data/cpdl/5-voices/reductions/string_quartet_plus_viole/150_se_da_s_nobil_mano.musicxml	0	1	5	5	0.30586	yes	no
cpdl_5_voice_quartet_plus_viole	150	Se da sì nobil mano	data/cpdl/5-voices/sources/150_se_da_si_nobil_mano__01_gesualdo_se_da_si_nobil_mano.mxl	data/cpdl/5-voices/reductions/string_quartet_plus_viole/150_se_da_s_nobil_mano.musicxml	0	2	2	2	0.340997	yes	no
cpdl_5_voice_quartet_plus_viole	150	Se da sì nobil mano	data/cpdl/5-voices/sources/150_se_da_si_nobil_mano__01_gesualdo_se_da_si_nobil_mano.mxl	data/cpdl/5-voices/reductions/string_quartet_plus_viole/150_se_da_s_nobil_mano.musicxml	0	3	3	3	0.358529	yes	no
cpdl_5_voice_quartet_plus_viole	150	Se da sì nobil mano	data/cpdl/5-voices/sources/150_se_da_si_nobil_mano__01_gesualdo_se_da_si_nobil_mano.mxl	data/cpdl/5-voices/reductions/string_quartet_plus_viole/150_se_da_s_nobil_mano.musicxml	0	4	4	4	0.421541	no	no
cpdl_5_voice_quartet_plus_viole	150	Se da sì nobil mano	data/cpdl/5-voices/sources/150_se_da_si_nobil_mano__01_gesualdo_se_da_si_nobil_mano.mxl	data/cpdl/5-voices/reductions/string_quartet_plus_viole/150_se_da_s_nobil_mano.musicxml	0	5	1	1	0.56357	no	no
cpdl_5_voice_quartet_plus_viole	151	Se la mia morte brami	data/cpdl/5-voices/sources/151_se_la_mia_morte_brami__02_gesualdo_se_la_mia_morte_brami.mxl	data/cpdl/5-voices/reductions/string_quartet_plus_viole/151_se_la_mia_morte_brami.musicxml	2	-3	1.93919	2	0.716644	no	no
cpdl_5_voice_quartet_plus_viole	151	Se la mia morte brami	data/cpdl/5-voices/sources/151_se_la_mia_morte_brami__02_gesualdo_se_la_mia_morte_brami.mxl	data/cpdl/5-voices/reductions/string_quartet_plus_viole/151_se_la_mia_morte_brami.musicxml	2	-2	3.06081	4	0.573829	no	no
cpdl_5_voice_quartet_plus_viole	151	Se la mia morte brami	data/cpdl/5-voices/sources/151_se_la_mia_morte_brami__02_gesualdo_se_la_mia_morte_brami.mxl	data/cpdl/5-voices/reductions/string_quartet_plus_viole/151_se_la_mia_morte_brami.musicxml	2	-1	3.93919	4	0.438562	no	no
cpdl_5_voice_quartet_plus_viole	151	Se la mia morte brami	data/cpdl/5-voices/sources/151_se_la_mia_morte_brami__02_gesualdo_se_la_mia_morte_brami.mxl	data/cpdl/5-voices/reductions/string_quartet_plus_viole/151_se_la_mia_morte_brami.musicxml	2	0	1.06081	2	0.37981	yes	no
cpdl_5_voice_quartet_plus_viole	151	Se la mia morte brami	data/cpdl/5-voices/sources/151_se_la_mia_morte_brami__02_gesualdo_se_la_mia_morte_brami.mxl	data/cpdl/5-voices/reductions/string_quartet_plus_viole/151_se_la_mia_morte_brami.musicxml	2	1	5.93919	6	0.345393	yes	no
cpdl_5_voice_quartet_plus_viole	151	Se la mia morte brami	data/cpdl/5-voices/sources/151_se_la_mia_morte_brami__02_gesualdo_se_la_mia_morte_brami.mxl	data/cpdl/5-voices/reductions/string_quartet_plus_viole/151_se_la_mia_morte_brami.musicxml	2	2	0.939189	1	0.344266	yes	yes
cpdl_5_voice_quartet_plus_viole	151	Se la mia morte brami	data/cpdl/5-voices/sources/151_se_la_mia_morte_brami__02_gesualdo_se_la_mia_morte_brami.mxl	data/cpdl/5-voices/reductions/string_quartet_plus_viole/151_se_la_mia_morte_brami.musicxml	2	3	4.06081	5	0.347579	yes	no
cpdl_5_voice_quartet_plus_viole	151	Se la mia morte brami	data/cpdl/5-voices/sources/151_se_la_mia_morte_brami__02_gesualdo_se_la_mia_morte_brami.mxl	data/cpdl/5-voices/reductions/string_quartet_plus_viole/151_se_la_mia_morte_brami.musicxml	2	4	2.93919	3	0.446009	no	no
cpdl_5_voice_quartet_plus_viole	151	Se la mia morte brami	data/cpdl/5-voices/sources/151_se_la_mia_morte_brami__02_gesualdo_se_la_mia_morte_brami.mxl	data/cpdl/5-voices/reductions/string_quartet_plus_viole/151_se_la_mia_morte_brami.musicxml	2	5	2.06081	3	0.565977	no	no
cpdl_5_voice_quartet_plus_viole	151	Se la mia morte brami	data/cpdl/5-voices/sources/151_se_la_mia_morte_brami__02_gesualdo_se_la_mia_morte_brami.mxl	data/cpdl/5-voices/reductions/string_quartet_plus_viole/151_se_la_mia_morte_brami.musicxml	2	6	4.93919	5	0.618631	no	no
cpdl_5_voice_quartet_plus_viole	151	Se la mia morte brami	data/cpdl/5-voices/sources/151_se_la_mia_morte_brami__02_gesualdo_se_la_mia_morte_brami.mxl	data/cpdl/5-voices/reductions/string_quartet_plus_viole/151_se_la_mia_morte_brami.musicxml	2	7	0.0608108	1	0.813788	no	no
cpdl_5_voice_quartet_plus_viole	152	Se per lieve ferita	data/cpdl/5-voices/sources/152_se_per_lieve_ferita__02_4_se_per_lieve_ferita.mid	data/cpdl/5-voices/reductions/string_quartet_plus_viole/152_se_per_lieve_ferita.musicxml	2	-3	2	2	1.05554	no	no
cpdl_5_voice_quartet_plus_viole	152	Se per lieve ferita	data/cpdl/5-voices/sources/152_se_per_lieve_ferita__02_4_se_per_lieve_ferita.mid	data/cpdl/5-voices/reductions/string_quartet_plus_viole/152_se_per_lieve_ferita.musicxml	2	-2	3	3	0.962427	no	no
cpdl_5_voice_quartet_plus_viole	152	Se per lieve ferita	data/cpdl/5-voices/sources/152_se_per_lieve_ferita__02_4_se_per_lieve_ferita.mid	data/cpdl/5-voices/reductions/string_quartet_plus_viole/152_se_per_lieve_ferita.musicxml	2	-1	4	4	0.651535	no	no
cpdl_5_voice_quartet_plus_viole	152	Se per lieve ferita	data/cpdl/5-voices/sources/152_se_per_lieve_ferita__02_4_se_per_lieve_ferita.mid	data/cpdl/5-voices/reductions/string_quartet_plus_viole/152_se_per_lieve_ferita.musicxml	2	0	1	1	0.570415	no	no
cpdl_5_voice_quartet_plus_viole	152	Se per lieve ferita	data/cpdl/5-voices/sources/152_se_per_lieve_ferita__02_4_se_per_lieve_ferita.mid	data/cpdl/5-voices/reductions/string_quartet_plus_viole/152_se_per_lieve_ferita.musicxml	2	1	6	6	0.416188	yes	no
cpdl_5_voice_quartet_plus_viole	152	Se per lieve ferita	data/cpdl/5-voices/sources/152_se_per_lieve_ferita__02_4_se_per_lieve_ferita.mid	data/cpdl/5-voices/reductions/string_quartet_plus_viole/152_se_per_lieve_ferita.musicxml	2	2	1	1	0.387315	yes	yes
cpdl_5_voice_quartet_plus_viole	152	Se per lieve ferita	data/cpdl/5-voices/sources/152_se_per_lieve_ferita__02_4_se_per_lieve_ferita.mid	data/cpdl/5-voices/reductions/string_quartet_plus_viole/152_se_per_lieve_ferita.musicxml	2	3	4	4	0.367097	yes	no
cpdl_5_voice_quartet_plus_viole	152	Se per lieve ferita	data/cpdl/5-voices/sources/152_se_per_lieve_ferita__02_4_se_per_lieve_ferita.mid	data/cpdl/5-voices/reductions/string_quartet_plus_viole/152_se_per_lieve_ferita.musicxml	2	4	3	3	0.415126	yes	no
cpdl_5_voice_quartet_plus_viole	152	Se per lieve ferita	data/cpdl/5-voices/sources/152_se_per_lieve_ferita__02_4_se_per_lieve_ferita.mid	data/cpdl/5-voices/reductions/string_quartet_plus_viole/152_se_per_lieve_ferita.musicxml	2	5	2	2	0.454881	no	no
cpdl_5_voice_quartet_plus_viole	152	Se per lieve ferita	data/cpdl/5-voices/sources/152_se_per_lieve_ferita__02_4_se_per_lieve_ferita.mid	data/cpdl/5-voices/reductions/string_quartet_plus_viole/152_se_per_lieve_ferita.musicxml	2	6	5	5	0.517284	no	no
cpdl_5_voice_quartet_plus_viole	152	Se per lieve ferita	data/cpdl/5-voices/sources/152_se_per_lieve_ferita__02_4_se_per_lieve_ferita.mid	data/cpdl/5-voices/reductions/string_quartet_plus_viole/152_se_per_lieve_ferita.musicxml	2	7	0	0	0.817972	no	no
cpdl_5_voice_quartet_plus_viole	153	Se piange, ahimè, la donna del mio core	data/cpdl/5-voices/sources/153_se_piange_ahime_la_donna_del_mio_core__01_gesualdo_se_piange_oime_la_donna_del_mio_core.mxl	data/cpdl/5-voices/reductions/string_quartet_plus_viole/153_se_piange_ahim_la_donna_del_mio_core.musicxml	2	-3	2	2	0.872613	no	no
cpdl_5_voice_quartet_plus_viole	153	Se piange, ahimè, la donna del mio core	data/cpdl/5-voices/sources/153_se_piange_ahime_la_donna_del_mio_core__01_gesualdo_se_piange_oime_la_donna_del_mio_core.mxl	data/cpdl/5-voices/reductions/string_quartet_plus_viole/153_se_piange_ahim_la_donna_del_mio_core.musicxml	2	-2	3	3	0.746953	no	no
cpdl_5_voice_quartet_plus_viole	153	Se piange, ahimè, la donna del mio core	data/cpdl/5-voices/sources/153_se_piange_ahime_la_donna_del_mio_core__01_gesualdo_se_piange_oime_la_donna_del_mio_core.mxl	data/cpdl/5-voices/reductions/string_quartet_plus_viole/153_se_piange_ahim_la_donna_del_mio_core.musicxml	2	-1	4	4	0.499768	no	no
cpdl_5_voice_quartet_plus_viole	153	Se piange, ahimè, la donna del mio core	data/cpdl/5-voices/sources/153_se_piange_ahime_la_donna_del_mio_core__01_gesualdo_se_piange_oime_la_donna_del_mio_core.mxl	data/cpdl/5-voices/reductions/string_quartet_plus_viole/153_se_piange_ahim_la_donna_del_mio_core.musicxml	2	0	1	1	0.424102	no	no
cpdl_5_voice_quartet_plus_viole	153	Se piange, ahimè, la donna del mio core	data/cpdl/5-voices/sources/153_se_piange_ahime_la_donna_del_mio_core__01_gesualdo_se_piange_oime_la_donna_del_mio_core.mxl	data/cpdl/5-voices/reductions/string_quartet_plus_viole/153_se_piange_ahim_la_donna_del_mio_core.musicxml	2	1	6	6	0.34355	yes	no
cpdl_5_voice_quartet_plus_viole	153	Se piange, ahimè, la donna del mio core	data/cpdl/5-voices/sources/153_se_piange_ahime_la_donna_del_mio_core__01_gesualdo_se_piange_oime_la_donna_del_mio_core.mxl	data/cpdl/5-voices/reductions/string_quartet_plus_viole/153_se_piange_ahim_la_donna_del_mio_core.musicxml	2	2	1	1	0.324655	yes	yes
cpdl_5_voice_quartet_plus_viole	153	Se piange, ahimè, la donna del mio core	data/cpdl/5-voices/sources/153_se_piange_ahime_la_donna_del_mio_core__01_gesualdo_se_piange_oime_la_donna_del_mio_core.mxl	data/cpdl/5-voices/reductions/string_quartet_plus_viole/153_se_piange_ahim_la_donna_del_mio_core.musicxml	2	3	4	4	0.32799	yes	no
cpdl_5_voice_quartet_plus_viole	153	Se piange, ahimè, la donna del mio core	data/cpdl/5-voices/sources/153_se_piange_ahime_la_donna_del_mio_core__01_gesualdo_se_piange_oime_la_donna_del_mio_core.mxl	data/cpdl/5-voices/reductions/string_quartet_plus_viole/153_se_piange_ahim_la_donna_del_mio_core.musicxml	2	4	3	3	0.391688	no	no
cpdl_5_voice_quartet_plus_viole	153	Se piange, ahimè, la donna del mio core	data/cpdl/5-voices/sources/153_se_piange_ahime_la_donna_del_mio_core__01_gesualdo_se_piange_oime_la_donna_del_mio_core.mxl	data/cpdl/5-voices/reductions/string_quartet_plus_viole/153_se_piange_ahim_la_donna_del_mio_core.musicxml	2	5	2	2	0.456171	no	no
cpdl_5_voice_quartet_plus_viole	153	Se piange, ahimè, la donna del mio core	data/cpdl/5-voices/sources/153_se_piange_ahime_la_donna_del_mio_core__01_gesualdo_se_piange_oime_la_donna_del_mio_core.mxl	data/cpdl/5-voices/reductions/string_quartet_plus_viole/153_se_piange_ahim_la_donna_del_mio_core.musicxml	2	6	5	5	0.494286	no	no
cpdl_5_voice_quartet_plus_viole	153	Se piange, ahimè, la donna del mio core	data/cpdl/5-voices/sources/153_se_piange_ahime_la_donna_del_mio_core__01_gesualdo_se_piange_oime_la_donna_del_mio_core.mxl	data/cpdl/5-voices/reductions/string_quartet_plus_viole/153_se_piange_ahim_la_donna_del_mio_core.musicxml	2	7	0	0	0.602649	no	no
cpdl_5_voice_quartet_plus_viole	154	Se taccio, il duol s'avanza	data/cpdl/5-voices/sources/154_se_taccio_il_duol_s_avanza__02_gesualdo_se_taccio_il_duol_s_avanza.mxl	data/cpdl/5-voices/reductions/string_quartet_plus_viole/154_se_taccio_il_duol_s_avanza.musicxml	5	0	0	0	0.75091	no	no
cpdl_5_voice_quartet_plus_viole	154	Se taccio, il duol s'avanza	data/cpdl/5-voices/sources/154_se_taccio_il_duol_s_avanza__02_gesualdo_se_taccio_il_duol_s_avanza.mxl	data/cpdl/5-voices/reductions/string_quartet_plus_viole/154_se_taccio_il_duol_s_avanza.musicxml	5	1	5	5	0.606624	no	no
cpdl_5_voice_quartet_plus_viole	154	Se taccio, il duol s'avanza	data/cpdl/5-voices/sources/154_se_taccio_il_duol_s_avanza__02_gesualdo_se_taccio_il_duol_s_avanza.mxl	data/cpdl/5-voices/reductions/string_quartet_plus_viole/154_se_taccio_il_duol_s_avanza.musicxml	5	2	2	2	0.468061	yes	no
cpdl_5_voice_quartet_plus_viole	154	Se taccio, il duol s'avanza	data/cpdl/5-voices/sources/154_se_taccio_il_duol_s_avanza__02_gesualdo_se_taccio_il_duol_s_avanza.mxl	data/cpdl/5-voices/reductions/string_quartet_plus_viole/154_se_taccio_il_duol_s_avanza.musicxml	5	3	3	3	0.433985	yes	no
cpdl_5_voice_quartet_plus_viole	154	Se taccio, il duol s'avanza	data/cpdl/5-voices/sources/154_se_taccio_il_duol_s_avanza__02_gesualdo_se_taccio_il_duol_s_avanza.mxl	data/cpdl/5-voices/reductions/string_quartet_plus_viole/154_se_taccio_il_duol_s_avanza.musicxml	5	4	4	4	0.411836	yes	no
cpdl_5_voice_quartet_plus_viole	154	Se taccio, il duol s'avanza	data/cpdl/5-voices/sources/154_se_taccio_il_duol_s_avanza__02_gesualdo_se_taccio_il_duol_s_avanza.mxl	data/cpdl/5-voices/reductions/string_quartet_plus_viole/154_se_taccio_il_duol_s_avanza.musicxml	5	5	1	1	0.447781	yes	yes
cpdl_5_voice_quartet_plus_viole	154	Se taccio, il duol s'avanza	data/cpdl/5-voices/sources/154_se_taccio_il_duol_s_avanza__02_gesualdo_se_taccio_il_duol_s_avanza.mxl	data/cpdl/5-voices/reductions/string_quartet_plus_viole/154_se_taccio_il_duol_s_avanza.musicxml	5	6	6	6	0.458206	yes	no
cpdl_5_voice_quartet_plus_viole	154	Se taccio, il duol s'avanza	data/cpdl/5-voices/sources/154_se_taccio_il_duol_s_avanza__02_gesualdo_se_taccio_il_duol_s_avanza.mxl	data/cpdl/5-voices/reductions/string_quartet_plus_viole/154_se_taccio_il_duol_s_avanza.musicxml	5	7	1	1	0.527387	no	no
cpdl_5_voice_quartet_plus_viole	154	Se taccio, il duol s'avanza	data/cpdl/5-voices/sources/154_se_taccio_il_duol_s_avanza__02_gesualdo_se_taccio_il_duol_s_avanza.mxl	data/cpdl/5-voices/reductions/string_quartet_plus_viole/154_se_taccio_il_duol_s_avanza.musicxml	5	8	4	4	0.557358	no	no
cpdl_5_voice_quartet_plus_viole	154	Se taccio, il duol s'avanza	data/cpdl/5-voices/sources/154_se_taccio_il_duol_s_avanza__02_gesualdo_se_taccio_il_duol_s_avanza.mxl	data/cpdl/5-voices/reductions/string_quartet_plus_viole/154_se_taccio_il_duol_s_avanza.musicxml	5	9	3	3	0.707495	no	no
cpdl_5_voice_quartet_plus_viole	154	Se taccio, il duol s'avanza	data/cpdl/5-voices/sources/154_se_taccio_il_duol_s_avanza__02_gesualdo_se_taccio_il_duol_s_avanza.mxl	data/cpdl/5-voices/reductions/string_quartet_plus_viole/154_se_taccio_il_duol_s_avanza.musicxml	5	10	2	2	1.01083	no	no
cpdl_5_voice_quartet_plus_viole	155	Se tu fuggi	data/cpdl/5-voices/sources/155_se_tu_fuggi__02_gesu_20se.mxl	data/cpdl/5-voices/reductions/string_quartet_plus_viole/155_se_tu_fuggi.musicxml	0	-5	0	0	1.08601	no	no
cpdl_5_voice_quartet_plus_viole	155	Se tu fuggi	data/cpdl/5-voices/sources/155_se_tu_fuggi__02_gesu_20se.mxl	data/cpdl/5-voices/reductions/string_quartet_plus_viole/155_se_tu_fuggi.musicxml	0	-4	5	5	0.846211	no	no
cpdl_5_voice_quartet_plus_viole	155	Se tu fuggi	data/cpdl/5-voices/sources/155_se_tu_fuggi__02_gesu_20se.mxl	data/cpdl/5-voices/reductions/string_quartet_plus_viole/155_se_tu_fuggi.musicxml	0	-3	2	2	0.542127	no	no
cpdl_5_voice_quartet_plus_viole	155	Se tu fuggi	data/cpdl/5-voices/sources/155_se_tu_fuggi__02_gesu_20se.mxl	data/cpdl/5-voices/reductions/string_quartet_plus_viole/155_se_tu_fuggi.musicxml	0	-2	3	3	0.454056	no	no
cpdl_5_voice_quartet_plus_viole	155	Se tu fuggi	data/cpdl/5-voices/sources/155_se_tu_fuggi__02_gesu_20se.mxl	data/cpdl/5-voices/reductions/string_quartet_plus_viole/155_se_tu_fuggi.musicxml	0	-1	4	4	0.380022	yes	no
cpdl_5_voice_quartet_plus_viole	155	Se tu fuggi	data/cpdl/5-voices/sources/155_se_tu_fuggi__02_gesu_20se.mxl	data/cpdl/5-voices/reductions/string_quartet_plus_viole/155_se_tu_fuggi.musicxml	0	0	1	1	0.356023	yes	yes
cpdl_5_voice_quartet_plus_viole	155	Se tu fuggi	data/cpdl/5-voices/sources/155_se_tu_fuggi__02_gesu_20se.mxl	data/cpdl/5-voices/reductions/string_quartet_plus_viole/155_se_tu_fuggi.musicxml	0	1	6	6	0.349709	yes	no
cpdl_5_voice_quartet_plus_viole	155	Se tu fuggi	data/cpdl/5-voices/sources/155_se_tu_fuggi__02_gesu_20se.mxl	data/cpdl/5-voices/reductions/string_quartet_plus_viole/155_se_tu_fuggi.musicxml	0	2	1	1	0.456675	no	no
cpdl_5_voice_quartet_plus_viole	155	Se tu fuggi	data/cpdl/5-voices/sources/155_se_tu_fuggi__02_gesu_20se.mxl	data/cpdl/5-voices/reductions/string_quartet_plus_viole/155_se_tu_fuggi.musicxml	0	3	4	4	0.485146	no	no
cpdl_5_voice_quartet_plus_viole	155	Se tu fuggi	data/cpdl/5-voices/sources/155_se_tu_fuggi__02_gesu_20se.mxl	data/cpdl/5-voices/reductions/string_quartet_plus_viole/155_se_tu_fuggi.musicxml	0	4	3	3	0.616736	no	no
cpdl_5_voice_quartet_plus_viole	155	Se tu fuggi	data/cpdl/5-voices/sources/155_se_tu_fuggi__02_gesu_20se.mxl	data/cpdl/5-voices/reductions/string_quartet_plus_viole/155_se_tu_fuggi.musicxml	0	5	2	2	0.795999	no	no
cpdl_5_voice_quartet_plus_viole	156	Se vi duol il mio duolo	data/cpdl/5-voices/sources/156_se_vi_duol_il_mio_duolo__01_gesu_8se.mid	data/cpdl/5-voices/reductions/string_quartet_plus_viole/156_se_vi_duol_il_mio_duolo.musicxml	5	0	0	0	0.854049	no	no
cpdl_5_voice_quartet_plus_viole	156	Se vi duol il mio duolo	data/cpdl/5-voices/sources/156_se_vi_duol_il_mio_duolo__01_gesu_8se.mid	data/cpdl/5-voices/reductions/string_quartet_plus_viole/156_se_vi_duol_il_mio_duolo.musicxml	5	1	5	5	0.704306	no	no
cpdl_5_voice_quartet_plus_viole	156	Se vi duol il mio duolo	data/cpdl/5-voices/sources/156_se_vi_duol_il_mio_duolo__01_gesu_8se.mid	data/cpdl/5-voices/reductions/string_quartet_plus_viole/156_se_vi_duol_il_mio_duolo.musicxml	5	2	2	2	0.502133	no	no
cpdl_5_voice_quartet_plus_viole	156	Se vi duol il mio duolo	data/cpdl/5-voices/sources/156_se_vi_duol_il_mio_duolo__01_gesu_8se.mid	data/cpdl/5-voices/reductions/string_quartet_plus_viole/156_se_vi_duol_il_mio_duolo.musicxml	5	3	3	3	0.441471	yes	no
cpdl_5_voice_quartet_plus_viole	156	Se vi duol il mio duolo	data/cpdl/5-voices/sources/156_se_vi_duol_il_mio_duolo__01_gesu_8se.mid	data/cpdl/5-voices/reductions/string_quartet_plus_viole/156_se_vi_duol_il_mio_duolo.musicxml	5	4	4	4	0.396374	yes	no
cpdl_5_voice_quartet_plus_viole	156	Se vi duol il mio duolo	data/cpdl/5-voices/sources/156_se_vi_duol_il_mio_duolo__01_gesu_8se.mid	data/cpdl/5-voices/reductions/string_quartet_plus_viole/156_se_vi_duol_il_mio_duolo.musicxml	5	5	1	1	0.42437	yes	yes
cpdl_5_voice_quartet_plus_viole	156	Se vi duol il mio duolo	data/cpdl/5-voices/sources/156_se_vi_duol_il_mio_duolo__01_gesu_8se.mid	data/cpdl/5-voices/reductions/string_quartet_plus_viole/156_se_vi_duol_il_mio_duolo.musicxml	5	6	6	6	0.431609	yes	no
cpdl_5_voice_quartet_plus_viole	156	Se vi duol il mio duolo	data/cpdl/5-voices/sources/156_se_vi_duol_il_mio_duolo__01_gesu_8se.mid	data/cpdl/5-voices/reductions/string_quartet_plus_viole/156_se_vi_duol_il_mio_duolo.musicxml	5	7	1	1	0.52125	no	no
cpdl_5_voice_quartet_plus_viole	156	Se vi duol il mio duolo	data/cpdl/5-voices/sources/156_se_vi_duol_il_mio_duolo__01_gesu_8se.mid	data/cpdl/5-voices/reductions/string_quartet_plus_viole/156_se_vi_duol_il_mio_duolo.musicxml	5	8	4	4	0.550009	no	no
cpdl_5_voice_quartet_plus_viole	156	Se vi duol il mio duolo	data/cpdl/5-voices/sources/156_se_vi_duol_il_mio_duolo__01_gesu_8se.mid	data/cpdl/5-voices/reductions/string_quartet_plus_viole/156_se_vi_duol_il_mio_duolo.musicxml	5	9	3	3	0.6363	no	no
cpdl_5_voice_quartet_plus_viole	156	Se vi duol il mio duolo	data/cpdl/5-voices/sources/156_se_vi_duol_il_mio_duolo__01_gesu_8se.mid	data/cpdl/5-voices/reductions/string_quartet_plus_viole/156_se_vi_duol_il_mio_duolo.musicxml	5	10	2	2	0.871648	no	no
cpdl_5_voice_quartet_plus_viole	158	Sento che nel partire	data/cpdl/5-voices/sources/158_sento_che_nel_partire__01_gesualdo_sento_che_nel_partire.mid	data/cpdl/5-voices/reductions/string_quartet_plus_viole/158_sento_che_nel_partire.musicxml	5	0	0	0	1.17382	no	no
cpdl_5_voice_quartet_plus_viole	158	Sento che nel partire	data/cpdl/5-voices/sources/158_sento_che_nel_partire__01_gesualdo_sento_che_nel_partire.mid	data/cpdl/5-voices/reductions/string_quartet_plus_viole/158_sento_che_nel_partire.musicxml	5	1	5	5	1.00814	no	no
cpdl_5_voice_quartet_plus_viole	158	Sento che nel partire	data/cpdl/5-voices/sources/158_sento_che_nel_partire__01_gesualdo_sento_che_nel_partire.mid	data/cpdl/5-voices/reductions/string_quartet_plus_viole/158_sento_che_nel_partire.musicxml	5	2	2	2	0.71328	no	no
cpdl_5_voice_quartet_plus_viole	158	Sento che nel partire	data/cpdl/5-voices/sources/158_sento_che_nel_partire__01_gesualdo_sento_che_nel_partire.mid	data/cpdl/5-voices/reductions/string_quartet_plus_viole/158_sento_che_nel_partire.musicxml	5	3	3	3	0.645666	no	no
cpdl_5_voice_quartet_plus_viole	158	Sento che nel partire	data/cpdl/5-voices/sources/158_sento_che_nel_partire__01_gesualdo_sento_che_nel_partire.mid	data/cpdl/5-voices/reductions/string_quartet_plus_viole/158_sento_che_nel_partire.musicxml	5	4	4	4	0.526026	yes	no
cpdl_5_voice_quartet_plus_viole	158	Sento che nel partire	data/cpdl/5-voices/sources/158_sento_che_nel_partire__01_gesualdo_sento_che_nel_partire.mid	data/cpdl/5-voices/reductions/string_quartet_plus_viole/158_sento_che_nel_partire.musicxml	5	5	1	1	0.501643	yes	yes
cpdl_5_voice_quartet_plus_viole	158	Sento che nel partire	data/cpdl/5-voices/sources/158_sento_che_nel_partire__01_gesualdo_sento_che_nel_partire.mid	data/cpdl/5-voices/reductions/string_quartet_plus_viole/158_sento_che_nel_partire.musicxml	5	6	6	6	0.474514	yes	no
cpdl_5_voice_quartet_plus_viole	158	Sento che nel partire	data/cpdl/5-voices/sources/158_sento_che_nel_partire__01_gesualdo_sento_che_nel_partire.mid	data/cpdl/5-voices/reductions/string_quartet_plus_viole/158_sento_che_nel_partire.musicxml	5	7	1	1	0.547138	yes	no
cpdl_5_voice_quartet_plus_viole	158	Sento che nel partire	data/cpdl/5-voices/sources/158_sento_che_nel_partire__01_gesualdo_sento_che_nel_partire.mid	data/cpdl/5-voices/reductions/string_quartet_plus_viole/158_sento_che_nel_partire.musicxml	5	8	4	4	0.573008	no	no
cpdl_5_voice_quartet_plus_viole	158	Sento che nel partire	data/cpdl/5-voices/sources/158_sento_che_nel_partire__01_gesualdo_sento_che_nel_partire.mid	data/cpdl/5-voices/reductions/string_quartet_plus_viole/158_sento_che_nel_partire.musicxml	5	9	3	3	0.677813	no	no
cpdl_5_voice_quartet_plus_viole	158	Sento che nel partire	data/cpdl/5-voices/sources/158_sento_che_nel_partire__01_gesualdo_sento_che_nel_partire.mid	data/cpdl/5-voices/reductions/string_quartet_plus_viole/158_sento_che_nel_partire.musicxml	5	10	2	2	0.859516	no	no
cpdl_5_voice_quartet_plus_viole	159	Son sì belle le rose	data/cpdl/5-voices/sources/159_son_si_belle_le_rose__01_gesualdo_son_si_belle_le_rose.mxl	data/cpdl/5-voices/reductions/string_quartet_plus_viole/159_son_s_belle_le_rose.musicxml	0	-5	1	1	0.791785	no	no
cpdl_5_voice_quartet_plus_viole	159	Son sì belle le rose	data/cpdl/5-voices/sources/159_son_si_belle_le_rose__01_gesualdo_son_si_belle_le_rose.mxl	data/cpdl/5-voices/reductions/string_quartet_plus_viole/159_son_s_belle_le_rose.musicxml	0	-4	4	4	0.672113	no	no
cpdl_5_voice_quartet_plus_viole	159	Son sì belle le rose	data/cpdl/5-voices/sources/159_son_si_belle_le_rose__01_gesualdo_son_si_belle_le_rose.mxl	data/cpdl/5-voices/reductions/string_quartet_plus_viole/159_son_s_belle_le_rose.musicxml	0	-3	3	3	0.487936	no	no
cpdl_5_voice_quartet_plus_viole	159	Son sì belle le rose	data/cpdl/5-voices/sources/159_son_si_belle_le_rose__01_gesualdo_son_si_belle_le_rose.mxl	data/cpdl/5-voices/reductions/string_quartet_plus_viole/159_son_s_belle_le_rose.musicxml	0	-2	2	2	0.422354	no	no
cpdl_5_voice_quartet_plus_viole	159	Son sì belle le rose	data/cpdl/5-voices/sources/159_son_si_belle_le_rose__01_gesualdo_son_si_belle_le_rose.mxl	data/cpdl/5-voices/reductions/string_quartet_plus_viole/159_son_s_belle_le_rose.musicxml	0	-1	5	5	0.336668	yes	no
cpdl_5_voice_quartet_plus_viole	159	Son sì belle le rose	data/cpdl/5-voices/sources/159_son_si_belle_le_rose__01_gesualdo_son_si_belle_le_rose.mxl	data/cpdl/5-voices/reductions/string_quartet_plus_viole/159_son_s_belle_le_rose.musicxml	0	0	0	0	0.296837	yes	yes
cpdl_5_voice_quartet_plus_viole	159	Son sì belle le rose	data/cpdl/5-voices/sources/159_son_si_belle_le_rose__01_gesualdo_son_si_belle_le_rose.mxl	data/cpdl/5-voices/reductions/string_quartet_plus_viole/159_son_s_belle_le_rose.musicxml	0	1	5	5	0.304232	yes	no
cpdl_5_voice_quartet_plus_viole	159	Son sì belle le rose	data/cpdl/5-voices/sources/159_son_si_belle_le_rose__01_gesualdo_son_si_belle_le_rose.mxl	data/cpdl/5-voices/reductions/string_quartet_plus_viole/159_son_s_belle_le_rose.musicxml	0	2	2	2	0.33812	yes	no
cpdl_5_voice_quartet_plus_viole	159	Son sì belle le rose	data/cpdl/5-voices/sources/159_son_si_belle_le_rose__01_gesualdo_son_si_belle_le_rose.mxl	data/cpdl/5-voices/reductions/string_quartet_plus_viole/159_son_s_belle_le_rose.musicxml	0	3	3	3	0.348434	no	no
cpdl_5_voice_quartet_plus_viole	159	Son sì belle le rose	data/cpdl/5-voices/sources/159_son_si_belle_le_rose__01_gesualdo_son_si_belle_le_rose.mxl	data/cpdl/5-voices/reductions/string_quartet_plus_viole/159_son_s_belle_le_rose.musicxml	0	4	4	4	0.390867	no	no
cpdl_5_voice_quartet_plus_viole	159	Son sì belle le rose	data/cpdl/5-voices/sources/159_son_si_belle_le_rose__01_gesualdo_son_si_belle_le_rose.mxl	data/cpdl/5-voices/reductions/string_quartet_plus_viole/159_son_s_belle_le_rose.musicxml	0	5	1	1	0.524748	no	no
cpdl_5_voice_quartet_plus_viole	160	Sospirava	data/cpdl/5-voices/sources/160_sospirava__02_sospirava_gesualdo.mxl	data/cpdl/5-voices/reductions/string_quartet_plus_viole/160_sospirava.musicxml	0	-5	1	1	1.48241	no	no
cpdl_5_voice_quartet_plus_viole	160	Sospirava	data/cpdl/5-voices/sources/160_sospirava__02_sospirava_gesualdo.mxl	data/cpdl/5-voices/reductions/string_quartet_plus_viole/160_sospirava.musicxml	0	-4	4	4	1.2882	no	no
cpdl_5_voice_quartet_plus_viole	160	Sospirava	data/cpdl/5-voices/sources/160_sospirava__02_sospirava_gesualdo.mxl	data/cpdl/5-voices/reductions/string_quartet_plus_viole/160_sospirava.musicxml	0	-3	3	3	0.794224	no	no
cpdl_5_voice_quartet_plus_viole	160	Sospirava	data/cpdl/5-voices/sources/160_sospirava__02_sospirava_gesualdo.mxl	data/cpdl/5-voices/reductions/string_quartet_plus_viole/160_sospirava.musicxml	0	-2	2	2	0.662878	no	no
cpdl_5_voice_quartet_plus_viole	160	Sospirava	data/cpdl/5-voices/sources/160_sospirava__02_sospirava_gesualdo.mxl	data/cpdl/5-voices/reductions/string_quartet_plus_viole/160_sospirava.musicxml	0	-1	5	5	0.41995	no	no
cpdl_5_voice_quartet_plus_viole	160	Sospirava	data/cpdl/5-voices/sources/160_sospirava__02_sospirava_gesualdo.mxl	data/cpdl/5-voices/reductions/string_quartet_plus_viole/160_sospirava.musicxml	0	0	0	0	0.341163	yes	yes
cpdl_5_voice_quartet_plus_viole	160	Sospirava	data/cpdl/5-voices/sources/160_sospirava__02_sospirava_gesualdo.mxl	data/cpdl/5-voices/reductions/string_quartet_plus_viole/160_sospirava.musicxml	0	1	5	5	0.326831	yes	no
cpdl_5_voice_quartet_plus_viole	160	Sospirava	data/cpdl/5-voices/sources/160_sospirava__02_sospirava_gesualdo.mxl	data/cpdl/5-voices/reductions/string_quartet_plus_viole/160_sospirava.musicxml	0	2	2	2	0.346079	yes	no
cpdl_5_voice_quartet_plus_viole	160	Sospirava	data/cpdl/5-voices/sources/160_sospirava__02_sospirava_gesualdo.mxl	data/cpdl/5-voices/reductions/string_quartet_plus_viole/160_sospirava.musicxml	0	3	3	3	0.367091	yes	no
cpdl_5_voice_quartet_plus_viole	160	Sospirava	data/cpdl/5-voices/sources/160_sospirava__02_sospirava_gesualdo.mxl	data/cpdl/5-voices/reductions/string_quartet_plus_viole/160_sospirava.musicxml	0	4	4	4	0.403896	no	no
cpdl_5_voice_quartet_plus_viole	160	Sospirava	data/cpdl/5-voices/sources/160_sospirava__02_sospirava_gesualdo.mxl	data/cpdl/5-voices/reductions/string_quartet_plus_viole/160_sospirava.musicxml	0	5	1	1	0.499935	no	no
cpdl_5_voice_quartet_plus_viole	161	Sparge la morte	data/cpdl/5-voices/sources/161_sparge_la_morte__02_sparge_la_morte_gesualdo.mxl	data/cpdl/5-voices/reductions/string_quartet_plus_viole/161_sparge_la_morte.musicxml	7	2	2	2	0.704118	no	no
cpdl_5_voice_quartet_plus_viole	161	Sparge la morte	data/cpdl/5-voices/sources/161_sparge_la_morte__02_sparge_la_morte_gesualdo.mxl	data/cpdl/5-voices/reductions/string_quartet_plus_viole/161_sparge_la_morte.musicxml	7	3	3	3	0.626658	no	no
cpdl_5_voice_quartet_plus_viole	161	Sparge la morte	data/cpdl/5-voices/sources/161_sparge_la_morte__02_sparge_la_morte_gesualdo.mxl	data/cpdl/5-voices/reductions/string_quartet_plus_viole/161_sparge_la_morte.musicxml	7	4	4	4	0.492662	no	no
cpdl_5_voice_quartet_plus_viole	161	Sparge la morte	data/cpdl/5-voices/sources/161_sparge_la_morte__02_sparge_la_morte_gesualdo.mxl	data/cpdl/5-voices/reductions/string_quartet_plus_viole/161_sparge_la_morte.musicxml	7	5	1	1	0.455022	no	no
cpdl_5_voice_quartet_plus_viole	161	Sparge la morte	data/cpdl/5-voices/sources/161_sparge_la_morte__02_sparge_la_morte_gesualdo.mxl	data/cpdl/5-voices/reductions/string_quartet_plus_viole/161_sparge_la_morte.musicxml	7	6	6	6	0.383759	yes	no
cpdl_5_voice_quartet_plus_viole	161	Sparge la morte	data/cpdl/5-voices/sources/161_sparge_la_morte__02_sparge_la_morte_gesualdo.mxl	data/cpdl/5-voices/reductions/string_quartet_plus_viole/161_sparge_la_morte.musicxml	7	7	1	1	0.371178	yes	yes
cpdl_5_voice_quartet_plus_viole	161	Sparge la morte	data/cpdl/5-voices/sources/161_sparge_la_morte__02_sparge_la_morte_gesualdo.mxl	data/cpdl/5-voices/reductions/string_quartet_plus_viole/161_sparge_la_morte.musicxml	7	8	4	4	0.372207	yes	no
cpdl_5_voice_quartet_plus_viole	161	Sparge la morte	data/cpdl/5-voices/sources/161_sparge_la_morte__02_sparge_la_morte_gesualdo.mxl	data/cpdl/5-voices/reductions/string_quartet_plus_viole/161_sparge_la_morte.musicxml	7	9	3	3	0.399377	yes	no
cpdl_5_voice_quartet_plus_viole	161	Sparge la morte	data/cpdl/5-voices/sources/161_sparge_la_morte__02_sparge_la_morte_gesualdo.mxl	data/cpdl/5-voices/reductions/string_quartet_plus_viole/161_sparge_la_morte.musicxml	7	10	2	2	0.508808	no	no
cpdl_5_voice_quartet_plus_viole	161	Sparge la morte	data/cpdl/5-voices/sources/161_sparge_la_morte__02_sparge_la_morte_gesualdo.mxl	data/cpdl/5-voices/reductions/string_quartet_plus_viole/161_sparge_la_morte.musicxml	7	11	5	5	0.563469	no	no
cpdl_5_voice_quartet_plus_viole	161	Sparge la morte	data/cpdl/5-voices/sources/161_sparge_la_morte__02_sparge_la_morte_gesualdo.mxl	data/cpdl/5-voices/reductions/string_quartet_plus_viole/161_sparge_la_morte.musicxml	7	12	0	0	0.788722	no	no
cpdl_5_voice_quartet_plus_viole	162	Sì gioioso mi fanno i dolor miei	data/cpdl/5-voices/sources/162_si_gioioso_mi_fanno_i_dolor_miei__01_gesualdo_si_gioioso_mi_fanno_i_dolor_miei.mxl	data/cpdl/5-voices/reductions/string_quartet_plus_viole/162_s_gioioso_mi_fanno_i_dolor_miei.musicxml	5	0	0	0	0.5795	no	no
cpdl_5_voice_quartet_plus_viole	162	Sì gioioso mi fanno i dolor miei	data/cpdl/5-voices/sources/162_si_gioioso_mi_fanno_i_dolor_miei__01_gesualdo_si_gioioso_mi_fanno_i_dolor_miei.mxl	data/cpdl/5-voices/reductions/string_quartet_plus_viole/162_s_gioioso_mi_fanno_i_dolor_miei.musicxml	5	1	5	5	0.493763	no	no
cpdl_5_voice_quartet_plus_viole	162	Sì gioioso mi fanno i dolor miei	data/cpdl/5-voices/sources/162_si_gioioso_mi_fanno_i_dolor_miei__01_gesualdo_si_gioioso_mi_fanno_i_dolor_miei.mxl	data/cpdl/5-voices/reductions/string_quartet_plus_viole/162_s_gioioso_mi_fanno_i_dolor_miei.musicxml	5	2	2	2	0.408695	yes	no
cpdl_5_voice_quartet_plus_viole	162	Sì gioioso mi fanno i dolor miei	data/cpdl/5-voices/sources/162_si_gioioso_mi_fanno_i_dolor_miei__01_gesualdo_si_gioioso_mi_fanno_i_dolor_miei.mxl	data/cpdl/5-voices/reductions/string_quartet_plus_viole/162_s_gioioso_mi_fanno_i_dolor_miei.musicxml	5	3	3	3	0.386235	yes	no
cpdl_5_voice_quartet_plus_viole	162	Sì gioioso mi fanno i dolor miei	data/cpdl/5-voices/sources/162_si_gioioso_mi_fanno_i_dolor_miei__01_gesualdo_si_gioioso_mi_fanno_i_dolor_miei.mxl	data/cpdl/5-voices/reductions/string_quartet_plus_viole/162_s_gioioso_mi_fanno_i_dolor_miei.musicxml	5	4	4	4	0.35904	yes	no
cpdl_5_voice_quartet_plus_viole	162	Sì gioioso mi fanno i dolor miei	data/cpdl/5-voices/sources/162_si_gioioso_mi_fanno_i_dolor_miei__01_gesualdo_si_gioioso_mi_fanno_i_dolor_miei.mxl	data/cpdl/5-voices/reductions/string_quartet_plus_viole/162_s_gioioso_mi_fanno_i_dolor_miei.musicxml	5	5	1	1	0.39074	yes	yes
cpdl_5_voice_quartet_plus_viole	162	Sì gioioso mi fanno i dolor miei	data/cpdl/5-voices/sources/162_si_gioioso_mi_fanno_i_dolor_miei__01_gesualdo_si_gioioso_mi_fanno_i_dolor_miei.mxl	data/cpdl/5-voices/reductions/string_quartet_plus_viole/162_s_gioioso_mi_fanno_i_dolor_miei.musicxml	5	6	6	6	0.41596	yes	no
cpdl_5_voice_quartet_plus_viole	162	Sì gioioso mi fanno i dolor miei	data/cpdl/5-voices/sources/162_si_gioioso_mi_fanno_i_dolor_miei__01_gesualdo_si_gioioso_mi_fanno_i_dolor_miei.mxl	data/cpdl/5-voices/reductions/string_quartet_plus_viole/162_s_gioioso_mi_fanno_i_dolor_miei.musicxml	5	7	1	1	0.600045	no	no
cpdl_5_voice_quartet_plus_viole	162	Sì gioioso mi fanno i dolor miei	data/cpdl/5-voices/sources/162_si_gioioso_mi_fanno_i_dolor_miei__01_gesualdo_si_gioioso_mi_fanno_i_dolor_miei.mxl	data/cpdl/5-voices/reductions/string_quartet_plus_viole/162_s_gioioso_mi_fanno_i_dolor_miei.musicxml	5	8	4	4	0.636494	no	no
cpdl_5_voice_quartet_plus_viole	162	Sì gioioso mi fanno i dolor miei	data/cpdl/5-voices/sources/162_si_gioioso_mi_fanno_i_dolor_miei__01_gesualdo_si_gioioso_mi_fanno_i_dolor_miei.mxl	data/cpdl/5-voices/reductions/string_quartet_plus_viole/162_s_gioioso_mi_fanno_i_dolor_miei.musicxml	5	9	3	3	0.772226	no	no
cpdl_5_voice_quartet_plus_viole	162	Sì gioioso mi fanno i dolor miei	data/cpdl/5-voices/sources/162_si_gioioso_mi_fanno_i_dolor_miei__01_gesualdo_si_gioioso_mi_fanno_i_dolor_miei.mxl	data/cpdl/5-voices/reductions/string_quartet_plus_viole/162_s_gioioso_mi_fanno_i_dolor_miei.musicxml	5	10	2	2	1.01759	no	no
cpdl_5_voice_quartet_plus_viole	163	T'amo, mia vita	data/cpdl/5-voices/sources/163_t_amo_mia_vita__02_t_amo_mia_vita_gesualdo.mxl	data/cpdl/5-voices/reductions/string_quartet_plus_viole/163_t_amo_mia_vita.musicxml	2	-3	2	2	0.50796	no	no
cpdl_5_voice_quartet_plus_viole	163	T'amo, mia vita	data/cpdl/5-voices/sources/163_t_amo_mia_vita__02_t_amo_mia_vita_gesualdo.mxl	data/cpdl/5-voices/reductions/string_quartet_plus_viole/163_t_amo_mia_vita.musicxml	2	-2	3	3	0.427757	no	no
cpdl_5_voice_quartet_plus_viole	163	T'amo, mia vita	data/cpdl/5-voices/sources/163_t_amo_mia_vita__02_t_amo_mia_vita_gesualdo.mxl	data/cpdl/5-voices/reductions/string_quartet_plus_viole/163_t_amo_mia_vita.musicxml	2	-1	4	4	0.390966	yes	no
cpdl_5_voice_quartet_plus_viole	163	T'amo, mia vita	data/cpdl/5-voices/sources/163_t_amo_mia_vita__02_t_amo_mia_vita_gesualdo.mxl	data/cpdl/5-voices/reductions/string_quartet_plus_viole/163_t_amo_mia_vita.musicxml	2	0	1	1	0.393716	yes	no
cpdl_5_voice_quartet_plus_viole	163	T'amo, mia vita	data/cpdl/5-voices/sources/163_t_amo_mia_vita__02_t_amo_mia_vita_gesualdo.mxl	data/cpdl/5-voices/reductions/string_quartet_plus_viole/163_t_amo_mia_vita.musicxml	2	1	6	6	0.346736	yes	no
cpdl_5_voice_quartet_plus_viole	163	T'amo, mia vita	data/cpdl/5-voices/sources/163_t_amo_mia_vita__02_t_amo_mia_vita_gesualdo.mxl	data/cpdl/5-voices/reductions/string_quartet_plus_viole/163_t_amo_mia_vita.musicxml	2	2	1	1	0.369438	yes	yes
cpdl_5_voice_quartet_plus_viole	163	T'amo, mia vita	data/cpdl/5-voices/sources/163_t_amo_mia_vita__02_t_amo_mia_vita_gesualdo.mxl	data/cpdl/5-voices/reductions/string_quartet_plus_viole/163_t_amo_mia_vita.musicxml	2	3	4	4	0.382909	yes	no
cpdl_5_voice_quartet_plus_viole	163	T'amo, mia vita	data/cpdl/5-voices/sources/163_t_amo_mia_vita__02_t_amo_mia_vita_gesualdo.mxl	data/cpdl/5-voices/reductions/string_quartet_plus_viole/163_t_amo_mia_vita.musicxml	2	4	3	3	0.438621	no	no
cpdl_5_voice_quartet_plus_viole	163	T'amo, mia vita	data/cpdl/5-voices/sources/163_t_amo_mia_vita__02_t_amo_mia_vita_gesualdo.mxl	data/cpdl/5-voices/reductions/string_quartet_plus_viole/163_t_amo_mia_vita.musicxml	2	5	2	2	0.577371	no	no
cpdl_5_voice_quartet_plus_viole	163	T'amo, mia vita	data/cpdl/5-voices/sources/163_t_amo_mia_vita__02_t_amo_mia_vita_gesualdo.mxl	data/cpdl/5-voices/reductions/string_quartet_plus_viole/163_t_amo_mia_vita.musicxml	2	6	5	5	0.639947	no	no
cpdl_5_voice_quartet_plus_viole	163	T'amo, mia vita	data/cpdl/5-voices/sources/163_t_amo_mia_vita__02_t_amo_mia_vita_gesualdo.mxl	data/cpdl/5-voices/reductions/string_quartet_plus_viole/163_t_amo_mia_vita.musicxml	2	7	0	0	0.847171	no	no
cpdl_5_voice_quartet_plus_viole	164	Tall'or sano desio	data/cpdl/5-voices/sources/164_tall_or_sano_desio__02_tall_or_sano_desio_gesualdo.mxl	data/cpdl/5-voices/reductions/string_quartet_plus_viole/164_tall_or_sano_desio.musicxml	0	-5	0	0	1.13208	no	no
cpdl_5_voice_quartet_plus_viole	164	Tall'or sano desio	data/cpdl/5-voices/sources/164_tall_or_sano_desio__02_tall_or_sano_desio_gesualdo.mxl	data/cpdl/5-voices/reductions/string_quartet_plus_viole/164_tall_or_sano_desio.musicxml	0	-4	5	5	0.792068	no	no
cpdl_5_voice_quartet_plus_viole	164	Tall'or sano desio	data/cpdl/5-voices/sources/164_tall_or_sano_desio__02_tall_or_sano_desio_gesualdo.mxl	data/cpdl/5-voices/reductions/string_quartet_plus_viole/164_tall_or_sano_desio.musicxml	0	-3	2	2	0.560973	no	no
cpdl_5_voice_quartet_plus_viole	164	Tall'or sano desio	data/cpdl/5-voices/sources/164_tall_or_sano_desio__02_tall_or_sano_desio_gesualdo.mxl	data/cpdl/5-voices/reductions/string_quartet_plus_viole/164_tall_or_sano_desio.musicxml	0	-2	3	3	0.485678	no	no
cpdl_5_voice_quartet_plus_viole	164	Tall'or sano desio	data/cpdl/5-voices/sources/164_tall_or_sano_desio__02_tall_or_sano_desio_gesualdo.mxl	data/cpdl/5-voices/reductions/string_quartet_plus_viole/164_tall_or_sano_desio.musicxml	0	-1	4	4	0.382867	yes	no
cpdl_5_voice_quartet_plus_viole	164	Tall'or sano desio	data/cpdl/5-voices/sources/164_tall_or_sano_desio__02_tall_or_sano_desio_gesualdo.mxl	data/cpdl/5-voices/reductions/string_quartet_plus_viole/164_tall_or_sano_desio.musicxml	0	0	1	1	0.39423	yes	yes
cpdl_5_voice_quartet_plus_viole	164	Tall'or sano desio	data/cpdl/5-voices/sources/164_tall_or_sano_desio__02_tall_or_sano_desio_gesualdo.mxl	data/cpdl/5-voices/reductions/string_quartet_plus_viole/164_tall_or_sano_desio.musicxml	0	1	6	6	0.400158	yes	no
cpdl_5_voice_quartet_plus_viole	164	Tall'or sano desio	data/cpdl/5-voices/sources/164_tall_or_sano_desio__02_tall_or_sano_desio_gesualdo.mxl	data/cpdl/5-voices/reductions/string_quartet_plus_viole/164_tall_or_sano_desio.musicxml	0	2	1	1	0.488411	no	no
cpdl_5_voice_quartet_plus_viole	164	Tall'or sano desio	data/cpdl/5-voices/sources/164_tall_or_sano_desio__02_tall_or_sano_desio_gesualdo.mxl	data/cpdl/5-voices/reductions/string_quartet_plus_viole/164_tall_or_sano_desio.musicxml	0	3	4	4	0.512703	no	no
cpdl_5_voice_quartet_plus_viole	164	Tall'or sano desio	data/cpdl/5-voices/sources/164_tall_or_sano_desio__02_tall_or_sano_desio_gesualdo.mxl	data/cpdl/5-voices/reductions/string_quartet_plus_viole/164_tall_or_sano_desio.musicxml	0	4	3	3	0.624614	no	no
cpdl_5_voice_quartet_plus_viole	164	Tall'or sano desio	data/cpdl/5-voices/sources/164_tall_or_sano_desio__02_tall_or_sano_desio_gesualdo.mxl	data/cpdl/5-voices/reductions/string_quartet_plus_viole/164_tall_or_sano_desio.musicxml	0	5	2	2	0.744036	no	no
cpdl_5_voice_quartet_plus_viole	165	Tirsi morir volea	data/cpdl/5-voices/sources/165_tirsi_morir_volea__03_gesualdo_tirsi_morir_volea.mxl	data/cpdl/5-voices/reductions/string_quartet_plus_viole/165_tirsi_morir_volea.musicxml	3	-2	2	2	0.879303	no	no
cpdl_5_voice_quartet_plus_viole	165	Tirsi morir volea	data/cpdl/5-voices/sources/165_tirsi_morir_volea__03_gesualdo_tirsi_morir_volea.mxl	data/cpdl/5-voices/reductions/string_quartet_plus_viole/165_tirsi_morir_volea.musicxml	3	-1	5	5	0.600511	no	no
cpdl_5_voice_quartet_plus_viole	165	Tirsi morir volea	data/cpdl/5-voices/sources/165_tirsi_morir_volea__03_gesualdo_tirsi_morir_volea.mxl	data/cpdl/5-voices/reductions/string_quartet_plus_viole/165_tirsi_morir_volea.musicxml	3	0	0	0	0.528961	no	no
cpdl_5_voice_quartet_plus_viole	165	Tirsi morir volea	data/cpdl/5-voices/sources/165_tirsi_morir_volea__03_gesualdo_tirsi_morir_volea.mxl	data/cpdl/5-voices/reductions/string_quartet_plus_viole/165_tirsi_morir_volea.musicxml	3	1	5	5	0.445648	no	no
cpdl_5_voice_quartet_plus_viole	165	Tirsi morir volea	data/cpdl/5-voices/sources/165_tirsi_morir_volea__03_gesualdo_tirsi_morir_volea.mxl	data/cpdl/5-voices/reductions/string_quartet_plus_viole/165_tirsi_morir_volea.musicxml	3	2	2	2	0.380368	yes	no
cpdl_5_voice_quartet_plus_viole	165	Tirsi morir volea	data/cpdl/5-voices/sources/165_tirsi_morir_volea__03_gesualdo_tirsi_morir_volea.mxl	data/cpdl/5-voices/reductions/string_quartet_plus_viole/165_tirsi_morir_volea.musicxml	3	3	3	3	0.371359	yes	yes
cpdl_5_voice_quartet_plus_viole	165	Tirsi morir volea	data/cpdl/5-voices/sources/165_tirsi_morir_volea__03_gesualdo_tirsi_morir_volea.mxl	data/cpdl/5-voices/reductions/string_quartet_plus_viole/165_tirsi_morir_volea.musicxml	3	4	4	4	0.380148	yes	no
cpdl_5_voice_quartet_plus_viole	165	Tirsi morir volea	data/cpdl/5-voices/sources/165_tirsi_morir_volea__03_gesualdo_tirsi_morir_volea.mxl	data/cpdl/5-voices/reductions/string_quartet_plus_viole/165_tirsi_morir_volea.musicxml	3	5	1	1	0.480487	no	no
cpdl_5_voice_quartet_plus_viole	165	Tirsi morir volea	data/cpdl/5-voices/sources/165_tirsi_morir_volea__03_gesualdo_tirsi_morir_volea.mxl	data/cpdl/5-voices/reductions/string_quartet_plus_viole/165_tirsi_morir_volea.musicxml	3	6	6	6	0.554179	no	no
cpdl_5_voice_quartet_plus_viole	165	Tirsi morir volea	data/cpdl/5-voices/sources/165_tirsi_morir_volea__03_gesualdo_tirsi_morir_volea.mxl	data/cpdl/5-voices/reductions/string_quartet_plus_viole/165_tirsi_morir_volea.musicxml	3	7	1	1	0.824707	no	no
cpdl_5_voice_quartet_plus_viole	165	Tirsi morir volea	data/cpdl/5-voices/sources/165_tirsi_morir_volea__03_gesualdo_tirsi_morir_volea.mxl	data/cpdl/5-voices/reductions/string_quartet_plus_viole/165_tirsi_morir_volea.musicxml	3	8	4	4	0.887163	no	no
cpdl_5_voice_quartet_plus_viole	166	Tu m'uccidi, o crudele	data/cpdl/5-voices/sources/166_tu_m_uccidi_o_crudele__04_gesu_15tu.mxl	data/cpdl/5-voices/reductions/string_quartet_plus_viole/166_tu_m_uccidi_o_crudele.musicxml	3	-2	2	2	0.700443	no	no
cpdl_5_voice_quartet_plus_viole	166	Tu m'uccidi, o crudele	data/cpdl/5-voices/sources/166_tu_m_uccidi_o_crudele__04_gesu_15tu.mxl	data/cpdl/5-voices/reductions/string_quartet_plus_viole/166_tu_m_uccidi_o_crudele.musicxml	3	-1	5	5	0.549272	no	no
cpdl_5_voice_quartet_plus_viole	166	Tu m'uccidi, o crudele	data/cpdl/5-voices/sources/166_tu_m_uccidi_o_crudele__04_gesu_15tu.mxl	data/cpdl/5-voices/reductions/string_quartet_plus_viole/166_tu_m_uccidi_o_crudele.musicxml	3	0	0	0	0.462512	no	no
cpdl_5_voice_quartet_plus_viole	166	Tu m'uccidi, o crudele	data/cpdl/5-voices/sources/166_tu_m_uccidi_o_crudele__04_gesu_15tu.mxl	data/cpdl/5-voices/reductions/string_quartet_plus_viole/166_tu_m_uccidi_o_crudele.musicxml	3	1	5	5	0.400556	yes	no
cpdl_5_voice_quartet_plus_viole	166	Tu m'uccidi, o crudele	data/cpdl/5-voices/sources/166_tu_m_uccidi_o_crudele__04_gesu_15tu.mxl	data/cpdl/5-voices/reductions/string_quartet_plus_viole/166_tu_m_uccidi_o_crudele.musicxml	3	2	2	2	0.359558	yes	no
cpdl_5_voice_quartet_plus_viole	166	Tu m'uccidi, o crudele	data/cpdl/5-voices/sources/166_tu_m_uccidi_o_crudele__04_gesu_15tu.mxl	data/cpdl/5-voices/reductions/string_quartet_plus_viole/166_tu_m_uccidi_o_crudele.musicxml	3	3	3	3	0.353137	yes	yes
cpdl_5_voice_quartet_plus_viole	166	Tu m'uccidi, o crudele	data/cpdl/5-voices/sources/166_tu_m_uccidi_o_crudele__04_gesu_15tu.mxl	data/cpdl/5-voices/reductions/string_quartet_plus_viole/166_tu_m_uccidi_o_crudele.musicxml	3	4	4	4	0.368037	yes	no
cpdl_5_voice_quartet_plus_viole	166	Tu m'uccidi, o crudele	data/cpdl/5-voices/sources/166_tu_m_uccidi_o_crudele__04_gesu_15tu.mxl	data/cpdl/5-voices/reductions/string_quartet_plus_viole/166_tu_m_uccidi_o_crudele.musicxml	3	5	1	1	0.425008	no	no
cpdl_5_voice_quartet_plus_viole	166	Tu m'uccidi, o crudele	data/cpdl/5-voices/sources/166_tu_m_uccidi_o_crudele__04_gesu_15tu.mxl	data/cpdl/5-voices/reductions/string_quartet_plus_viole/166_tu_m_uccidi_o_crudele.musicxml	3	6	6	6	0.477603	no	no
cpdl_5_voice_quartet_plus_viole	166	Tu m'uccidi, o crudele	data/cpdl/5-voices/sources/166_tu_m_uccidi_o_crudele__04_gesu_15tu.mxl	data/cpdl/5-voices/reductions/string_quartet_plus_viole/166_tu_m_uccidi_o_crudele.musicxml	3	7	1	1	0.728256	no	no
cpdl_5_voice_quartet_plus_viole	166	Tu m'uccidi, o crudele	data/cpdl/5-voices/sources/166_tu_m_uccidi_o_crudele__04_gesu_15tu.mxl	data/cpdl/5-voices/reductions/string_quartet_plus_viole/166_tu_m_uccidi_o_crudele.musicxml	3	8	4	4	0.807807	no	no
cpdl_5_voice_quartet_plus_viole	167	Tu piangi, o Filli mia	data/cpdl/5-voices/sources/167_tu_piangi_o_filli_mia__02_tu_piangi_o_filli_mia_gesualdo.mxl	data/cpdl/5-voices/reductions/string_quartet_plus_viole/167_tu_piangi_o_filli_mia.musicxml	2	-3	2	2	0.67895	no	no
cpdl_5_voice_quartet_plus_viole	167	Tu piangi, o Filli mia	data/cpdl/5-voices/sources/167_tu_piangi_o_filli_mia__02_tu_piangi_o_filli_mia_gesualdo.mxl	data/cpdl/5-voices/reductions/string_quartet_plus_viole/167_tu_piangi_o_filli_mia.musicxml	2	-2	3	3	0.593402	no	no
cpdl_5_voice_quartet_plus_viole	167	Tu piangi, o Filli mia	data/cpdl/5-voices/sources/167_tu_piangi_o_filli_mia__02_tu_piangi_o_filli_mia_gesualdo.mxl	data/cpdl/5-voices/reductions/string_quartet_plus_viole/167_tu_piangi_o_filli_mia.musicxml	2	-1	4	4	0.446309	no	no
cpdl_5_voice_quartet_plus_viole	167	Tu piangi, o Filli mia	data/cpdl/5-voices/sources/167_tu_piangi_o_filli_mia__02_tu_piangi_o_filli_mia_gesualdo.mxl	data/cpdl/5-voices/reductions/string_quartet_plus_viole/167_tu_piangi_o_filli_mia.musicxml	2	0	1	1	0.401078	no	no
cpdl_5_voice_quartet_plus_viole	167	Tu piangi, o Filli mia	data/cpdl/5-voices/sources/167_tu_piangi_o_filli_mia__02_tu_piangi_o_filli_mia_gesualdo.mxl	data/cpdl/5-voices/reductions/string_quartet_plus_viole/167_tu_piangi_o_filli_mia.musicxml	2	1	6	6	0.36616	yes	no
cpdl_5_voice_quartet_plus_viole	167	Tu piangi, o Filli mia	data/cpdl/5-voices/sources/167_tu_piangi_o_filli_mia__02_tu_piangi_o_filli_mia_gesualdo.mxl	data/cpdl/5-voices/reductions/string_quartet_plus_viole/167_tu_piangi_o_filli_mia.musicxml	2	2	1	1	0.345929	yes	yes
cpdl_5_voice_quartet_plus_viole	167	Tu piangi, o Filli mia	data/cpdl/5-voices/sources/167_tu_piangi_o_filli_mia__02_tu_piangi_o_filli_mia_gesualdo.mxl	data/cpdl/5-voices/reductions/string_quartet_plus_viole/167_tu_piangi_o_filli_mia.musicxml	2	3	4	4	0.356623	yes	no
cpdl_5_voice_quartet_plus_viole	167	Tu piangi, o Filli mia	data/cpdl/5-voices/sources/167_tu_piangi_o_filli_mia__02_tu_piangi_o_filli_mia_gesualdo.mxl	data/cpdl/5-voices/reductions/string_quartet_plus_viole/167_tu_piangi_o_filli_mia.musicxml	2	4	3	3	0.406941	no	no
cpdl_5_voice_quartet_plus_viole	167	Tu piangi, o Filli mia	data/cpdl/5-voices/sources/167_tu_piangi_o_filli_mia__02_tu_piangi_o_filli_mia_gesualdo.mxl	data/cpdl/5-voices/reductions/string_quartet_plus_viole/167_tu_piangi_o_filli_mia.musicxml	2	5	2	2	0.494427	no	no
cpdl_5_voice_quartet_plus_viole	167	Tu piangi, o Filli mia	data/cpdl/5-voices/sources/167_tu_piangi_o_filli_mia__02_tu_piangi_o_filli_mia_gesualdo.mxl	data/cpdl/5-voices/reductions/string_quartet_plus_viole/167_tu_piangi_o_filli_mia.musicxml	2	6	5	5	0.584823	no	no
cpdl_5_voice_quartet_plus_viole	167	Tu piangi, o Filli mia	data/cpdl/5-voices/sources/167_tu_piangi_o_filli_mia__02_tu_piangi_o_filli_mia_gesualdo.mxl	data/cpdl/5-voices/reductions/string_quartet_plus_viole/167_tu_piangi_o_filli_mia.musicxml	2	7	0	0	0.805318	no	no
cpdl_5_voice_quartet_plus_viole	168	Tu segui, o bella Clori	data/cpdl/5-voices/sources/168_tu_segui_o_bella_clori__02_tu_segui_o_bella_clori_gesualdo.mxl	data/cpdl/5-voices/reductions/string_quartet_plus_viole/168_tu_segui_o_bella_clori.musicxml	2	-3	3	3	0.767368	no	no
cpdl_5_voice_quartet_plus_viole	168	Tu segui, o bella Clori	data/cpdl/5-voices/sources/168_tu_segui_o_bella_clori__02_tu_segui_o_bella_clori_gesualdo.mxl	data/cpdl/5-voices/reductions/string_quartet_plus_viole/168_tu_segui_o_bella_clori.musicxml	2	-2	2	2	0.662346	no	no
cpdl_5_voice_quartet_plus_viole	168	Tu segui, o bella Clori	data/cpdl/5-voices/sources/168_tu_segui_o_bella_clori__02_tu_segui_o_bella_clori_gesualdo.mxl	data/cpdl/5-voices/reductions/string_quartet_plus_viole/168_tu_segui_o_bella_clori.musicxml	2	-1	5	5	0.50813	no	no
cpdl_5_voice_quartet_plus_viole	168	Tu segui, o bella Clori	data/cpdl/5-voices/sources/168_tu_segui_o_bella_clori__02_tu_segui_o_bella_clori_gesualdo.mxl	data/cpdl/5-voices/reductions/string_quartet_plus_viole/168_tu_segui_o_bella_clori.musicxml	2	0	0	0	0.434366	no	no
cpdl_5_voice_quartet_plus_viole	168	Tu segui, o bella Clori	data/cpdl/5-voices/sources/168_tu_segui_o_bella_clori__02_tu_segui_o_bella_clori_gesualdo.mxl	data/cpdl/5-voices/reductions/string_quartet_plus_viole/168_tu_segui_o_bella_clori.musicxml	2	1	5	5	0.418386	yes	no
cpdl_5_voice_quartet_plus_viole	168	Tu segui, o bella Clori	data/cpdl/5-voices/sources/168_tu_segui_o_bella_clori__02_tu_segui_o_bella_clori_gesualdo.mxl	data/cpdl/5-voices/reductions/string_quartet_plus_viole/168_tu_segui_o_bella_clori.musicxml	2	2	2	2	0.368598	yes	yes
cpdl_5_voice_quartet_plus_viole	168	Tu segui, o bella Clori	data/cpdl/5-voices/sources/168_tu_segui_o_bella_clori__02_tu_segui_o_bella_clori_gesualdo.mxl	data/cpdl/5-voices/reductions/string_quartet_plus_viole/168_tu_segui_o_bella_clori.musicxml	2	3	3	3	0.36944	yes	no
cpdl_5_voice_quartet_plus_viole	168	Tu segui, o bella Clori	data/cpdl/5-voices/sources/168_tu_segui_o_bella_clori__02_tu_segui_o_bella_clori_gesualdo.mxl	data/cpdl/5-voices/reductions/string_quartet_plus_viole/168_tu_segui_o_bella_clori.musicxml	2	4	4	4	0.406885	yes	no
cpdl_5_voice_quartet_plus_viole	168	Tu segui, o bella Clori	data/cpdl/5-voices/sources/168_tu_segui_o_bella_clori__02_tu_segui_o_bella_clori_gesualdo.mxl	data/cpdl/5-voices/reductions/string_quartet_plus_viole/168_tu_segui_o_bella_clori.musicxml	2	5	1	1	0.545947	no	no
cpdl_5_voice_quartet_plus_viole	168	Tu segui, o bella Clori	data/cpdl/5-voices/sources/168_tu_segui_o_bella_clori__02_tu_segui_o_bella_clori_gesualdo.mxl	data/cpdl/5-voices/reductions/string_quartet_plus_viole/168_tu_segui_o_bella_clori.musicxml	2	6	6	6	0.601139	no	no
cpdl_5_voice_quartet_plus_viole	168	Tu segui, o bella Clori	data/cpdl/5-voices/sources/168_tu_segui_o_bella_clori__02_tu_segui_o_bella_clori_gesualdo.mxl	data/cpdl/5-voices/reductions/string_quartet_plus_viole/168_tu_segui_o_bella_clori.musicxml	2	7	1	1	0.805513	no	no
cpdl_5_voice_quartet_plus_viole	170	Voi volete ch'io mora	data/cpdl/5-voices/sources/170_voi_volete_ch_io_mora__01_gesualdo_voi_volete_ch_io_mora.mxl	data/cpdl/5-voices/reductions/string_quartet_plus_viole/170_voi_volete_ch_io_mora.musicxml	4	-1	5	5	1.24531	no	no
cpdl_5_voice_quartet_plus_viole	170	Voi volete ch'io mora	data/cpdl/5-voices/sources/170_voi_volete_ch_io_mora__01_gesualdo_voi_volete_ch_io_mora.mxl	data/cpdl/5-voices/reductions/string_quartet_plus_viole/170_voi_volete_ch_io_mora.musicxml	4	0	0	0	1.05589	no	no
cpdl_5_voice_quartet_plus_viole	170	Voi volete ch'io mora	data/cpdl/5-voices/sources/170_voi_volete_ch_io_mora__01_gesualdo_voi_volete_ch_io_mora.mxl	data/cpdl/5-voices/reductions/string_quartet_plus_viole/170_voi_volete_ch_io_mora.musicxml	4	1	5	5	0.836416	no	no
cpdl_5_voice_quartet_plus_viole	170	Voi volete ch'io mora	data/cpdl/5-voices/sources/170_voi_volete_ch_io_mora__01_gesualdo_voi_volete_ch_io_mora.mxl	data/cpdl/5-voices/reductions/string_quartet_plus_viole/170_voi_volete_ch_io_mora.musicxml	4	2	2	2	0.711114	no	no
cpdl_5_voice_quartet_plus_viole	170	Voi volete ch'io mora	data/cpdl/5-voices/sources/170_voi_volete_ch_io_mora__01_gesualdo_voi_volete_ch_io_mora.mxl	data/cpdl/5-voices/reductions/string_quartet_plus_viole/170_voi_volete_ch_io_mora.musicxml	4	3	3	3	0.682071	no	no
cpdl_5_voice_quartet_plus_viole	170	Voi volete ch'io mora	data/cpdl/5-voices/sources/170_voi_volete_ch_io_mora__01_gesualdo_voi_volete_ch_io_mora.mxl	data/cpdl/5-voices/reductions/string_quartet_plus_viole/170_voi_volete_ch_io_mora.musicxml	4	4	4	4	0.587434	yes	yes
cpdl_5_voice_quartet_plus_viole	170	Voi volete ch'io mora	data/cpdl/5-voices/sources/170_voi_volete_ch_io_mora__01_gesualdo_voi_volete_ch_io_mora.mxl	data/cpdl/5-voices/reductions/string_quartet_plus_viole/170_voi_volete_ch_io_mora.musicxml	4	5	1	1	0.657838	no	no
cpdl_5_voice_quartet_plus_viole	170	Voi volete ch'io mora	data/cpdl/5-voices/sources/170_voi_volete_ch_io_mora__01_gesualdo_voi_volete_ch_io_mora.mxl	data/cpdl/5-voices/reductions/string_quartet_plus_viole/170_voi_volete_ch_io_mora.musicxml	4	6	6	6	0.630651	yes	no
cpdl_5_voice_quartet_plus_viole	170	Voi volete ch'io mora	data/cpdl/5-voices/sources/170_voi_volete_ch_io_mora__01_gesualdo_voi_volete_ch_io_mora.mxl	data/cpdl/5-voices/reductions/string_quartet_plus_viole/170_voi_volete_ch_io_mora.musicxml	4	7	1	1	0.718496	no	no
cpdl_5_voice_quartet_plus_viole	170	Voi volete ch'io mora	data/cpdl/5-voices/sources/170_voi_volete_ch_io_mora__01_gesualdo_voi_volete_ch_io_mora.mxl	data/cpdl/5-voices/reductions/string_quartet_plus_viole/170_voi_volete_ch_io_mora.musicxml	4	8	4	4	0.719651	no	no
cpdl_5_voice_quartet_plus_viole	170	Voi volete ch'io mora	data/cpdl/5-voices/sources/170_voi_volete_ch_io_mora__01_gesualdo_voi_volete_ch_io_mora.mxl	data/cpdl/5-voices/reductions/string_quartet_plus_viole/170_voi_volete_ch_io_mora.musicxml	4	9	3	3	0.825065	no	no
cpdl_5_voice_quartet_plus_viole	171	Volan quasi farfalle	data/cpdl/5-voices/sources/171_volan_quasi_farfalle__02_volan_quasi_farfalle_gesualdo.mxl	data/cpdl/5-voices/reductions/string_quartet_plus_viole/171_volan_quasi_farfalle.musicxml	0	-5	0	0	1.24897	no	no
cpdl_5_voice_quartet_plus_viole	171	Volan quasi farfalle	data/cpdl/5-voices/sources/171_volan_quasi_farfalle__02_volan_quasi_farfalle_gesualdo.mxl	data/cpdl/5-voices/reductions/string_quartet_plus_viole/171_volan_quasi_farfalle.musicxml	0	-4	5	5	0.944677	no	no
cpdl_5_voice_quartet_plus_viole	171	Volan quasi farfalle	data/cpdl/5-voices/sources/171_volan_quasi_farfalle__02_volan_quasi_farfalle_gesualdo.mxl	data/cpdl/5-voices/reductions/string_quartet_plus_viole/171_volan_quasi_farfalle.musicxml	0	-3	2	2	0.701918	no	no
cpdl_5_voice_quartet_plus_viole	171	Volan quasi farfalle	data/cpdl/5-voices/sources/171_volan_quasi_farfalle__02_volan_quasi_farfalle_gesualdo.mxl	data/cpdl/5-voices/reductions/string_quartet_plus_viole/171_volan_quasi_farfalle.musicxml	0	-2	3	3	0.636386	no	no
cpdl_5_voice_quartet_plus_viole	171	Volan quasi farfalle	data/cpdl/5-voices/sources/171_volan_quasi_farfalle__02_volan_quasi_farfalle_gesualdo.mxl	data/cpdl/5-voices/reductions/string_quartet_plus_viole/171_volan_quasi_farfalle.musicxml	0	-1	4	4	0.491432	yes	no
cpdl_5_voice_quartet_plus_viole	171	Volan quasi farfalle	data/cpdl/5-voices/sources/171_volan_quasi_farfalle__02_volan_quasi_farfalle_gesualdo.mxl	data/cpdl/5-voices/reductions/string_quartet_plus_viole/171_volan_quasi_farfalle.musicxml	0	0	1	1	0.478399	yes	yes
cpdl_5_voice_quartet_plus_viole	171	Volan quasi farfalle	data/cpdl/5-voices/sources/171_volan_quasi_farfalle__02_volan_quasi_farfalle_gesualdo.mxl	data/cpdl/5-voices/reductions/string_quartet_plus_viole/171_volan_quasi_farfalle.musicxml	0	1	6	6	0.450905	yes	no
cpdl_5_voice_quartet_plus_viole	171	Volan quasi farfalle	data/cpdl/5-voices/sources/171_volan_quasi_farfalle__02_volan_quasi_farfalle_gesualdo.mxl	data/cpdl/5-voices/reductions/string_quartet_plus_viole/171_volan_quasi_farfalle.musicxml	0	2	1	1	0.529317	no	no
cpdl_5_voice_quartet_plus_viole	171	Volan quasi farfalle	data/cpdl/5-voices/sources/171_volan_quasi_farfalle__02_volan_quasi_farfalle_gesualdo.mxl	data/cpdl/5-voices/reductions/string_quartet_plus_viole/171_volan_quasi_farfalle.musicxml	0	3	4	4	0.536974	no	no
cpdl_5_voice_quartet_plus_viole	171	Volan quasi farfalle	data/cpdl/5-voices/sources/171_volan_quasi_farfalle__02_volan_quasi_farfalle_gesualdo.mxl	data/cpdl/5-voices/reductions/string_quartet_plus_viole/171_volan_quasi_farfalle.musicxml	0	4	3	3	0.686036	no	no
cpdl_5_voice_quartet_plus_viole	171	Volan quasi farfalle	data/cpdl/5-voices/sources/171_volan_quasi_farfalle__02_volan_quasi_farfalle_gesualdo.mxl	data/cpdl/5-voices/reductions/string_quartet_plus_viole/171_volan_quasi_farfalle.musicxml	0	5	2	2	0.927075	no	no
cpdl_6_voice_string_quartet	21	Ad te levavi animam meam	data/cpdl/6-voices/sources/021_ad_te_levavi_animam_meam__02_17_ad_te_levavi_animam_meam.mxl	data/cpdl/6-voices/reductions/string_quartet/021_ad_te_levavi_animam_meam.musicxml	-1	-6		0	1.07844	no	no
cpdl_6_voice_string_quartet	21	Ad te levavi animam meam	data/cpdl/6-voices/sources/021_ad_te_levavi_animam_meam__02_17_ad_te_levavi_animam_meam.mxl	data/cpdl/6-voices/reductions/string_quartet/021_ad_te_levavi_animam_meam.musicxml	-1	-5		0	0.857694	no	no
cpdl_6_voice_string_quartet	21	Ad te levavi animam meam	data/cpdl/6-voices/sources/021_ad_te_levavi_animam_meam__02_17_ad_te_levavi_animam_meam.mxl	data/cpdl/6-voices/reductions/string_quartet/021_ad_te_levavi_animam_meam.musicxml	-1	-4		0	0.706299	no	no
cpdl_6_voice_string_quartet	21	Ad te levavi animam meam	data/cpdl/6-voices/sources/021_ad_te_levavi_animam_meam__02_17_ad_te_levavi_animam_meam.mxl	data/cpdl/6-voices/reductions/string_quartet/021_ad_te_levavi_animam_meam.musicxml	-1	-3		0	0.520824	no	no
cpdl_6_voice_string_quartet	21	Ad te levavi animam meam	data/cpdl/6-voices/sources/021_ad_te_levavi_animam_meam__02_17_ad_te_levavi_animam_meam.mxl	data/cpdl/6-voices/reductions/string_quartet/021_ad_te_levavi_animam_meam.musicxml	-1	-2		0	0.426609	yes	no
cpdl_6_voice_string_quartet	21	Ad te levavi animam meam	data/cpdl/6-voices/sources/021_ad_te_levavi_animam_meam__02_17_ad_te_levavi_animam_meam.mxl	data/cpdl/6-voices/reductions/string_quartet/021_ad_te_levavi_animam_meam.musicxml	-1	-1		0	0.409979	yes	yes
cpdl_6_voice_string_quartet	21	Ad te levavi animam meam	data/cpdl/6-voices/sources/021_ad_te_levavi_animam_meam__02_17_ad_te_levavi_animam_meam.mxl	data/cpdl/6-voices/reductions/string_quartet/021_ad_te_levavi_animam_meam.musicxml	-1	0		0	0.415854	yes	no
cpdl_6_voice_string_quartet	21	Ad te levavi animam meam	data/cpdl/6-voices/sources/021_ad_te_levavi_animam_meam__02_17_ad_te_levavi_animam_meam.mxl	data/cpdl/6-voices/reductions/string_quartet/021_ad_te_levavi_animam_meam.musicxml	-1	1		0	0.4566	yes	no
cpdl_6_voice_string_quartet	21	Ad te levavi animam meam	data/cpdl/6-voices/sources/021_ad_te_levavi_animam_meam__02_17_ad_te_levavi_animam_meam.mxl	data/cpdl/6-voices/reductions/string_quartet/021_ad_te_levavi_animam_meam.musicxml	-1	2		0	0.603222	no	no
cpdl_6_voice_string_quartet	21	Ad te levavi animam meam	data/cpdl/6-voices/sources/021_ad_te_levavi_animam_meam__02_17_ad_te_levavi_animam_meam.mxl	data/cpdl/6-voices/reductions/string_quartet/021_ad_te_levavi_animam_meam.musicxml	-1	3		0	0.737498	no	no
cpdl_6_voice_string_quartet	21	Ad te levavi animam meam	data/cpdl/6-voices/sources/021_ad_te_levavi_animam_meam__02_17_ad_te_levavi_animam_meam.mxl	data/cpdl/6-voices/reductions/string_quartet/021_ad_te_levavi_animam_meam.musicxml	-1	4		0	0.857808	no	no
cpdl_6_voice_string_quartet	22	Adoramus te Christe	data/cpdl/6-voices/sources/022_adoramus_te_christe__01_10_adoramus_te_christe.mxl	data/cpdl/6-voices/reductions/string_quartet/022_adoramus_te_christe.musicxml	2	-3		0	0.853171	no	no
cpdl_6_voice_string_quartet	22	Adoramus te Christe	data/cpdl/6-voices/sources/022_adoramus_te_christe__01_10_adoramus_te_christe.mxl	data/cpdl/6-voices/reductions/string_quartet/022_adoramus_te_christe.musicxml	2	-2		0	0.662402	no	no
cpdl_6_voice_string_quartet	22	Adoramus te Christe	data/cpdl/6-voices/sources/022_adoramus_te_christe__01_10_adoramus_te_christe.mxl	data/cpdl/6-voices/reductions/string_quartet/022_adoramus_te_christe.musicxml	2	-1		0	0.480249	no	no
cpdl_6_voice_string_quartet	22	Adoramus te Christe	data/cpdl/6-voices/sources/022_adoramus_te_christe__01_10_adoramus_te_christe.mxl	data/cpdl/6-voices/reductions/string_quartet/022_adoramus_te_christe.musicxml	2	0		0	0.399159	no	no
cpdl_6_voice_string_quartet	22	Adoramus te Christe	data/cpdl/6-voices/sources/022_adoramus_te_christe__01_10_adoramus_te_christe.mxl	data/cpdl/6-voices/reductions/string_quartet/022_adoramus_te_christe.musicxml	2	1		0	0.374113	yes	no
cpdl_6_voice_string_quartet	22	Adoramus te Christe	data/cpdl/6-voices/sources/022_adoramus_te_christe__01_10_adoramus_te_christe.mxl	data/cpdl/6-voices/reductions/string_quartet/022_adoramus_te_christe.musicxml	2	2		0	0.34256	yes	yes
cpdl_6_voice_string_quartet	22	Adoramus te Christe	data/cpdl/6-voices/sources/022_adoramus_te_christe__01_10_adoramus_te_christe.mxl	data/cpdl/6-voices/reductions/string_quartet/022_adoramus_te_christe.musicxml	2	3		0	0.351596	yes	no
cpdl_6_voice_string_quartet	22	Adoramus te Christe	data/cpdl/6-voices/sources/022_adoramus_te_christe__01_10_adoramus_te_christe.mxl	data/cpdl/6-voices/reductions/string_quartet/022_adoramus_te_christe.musicxml	2	4		0	0.367726	yes	no
cpdl_6_voice_string_quartet	22	Adoramus te Christe	data/cpdl/6-voices/sources/022_adoramus_te_christe__01_10_adoramus_te_christe.mxl	data/cpdl/6-voices/reductions/string_quartet/022_adoramus_te_christe.musicxml	2	5		0	0.455317	no	no
cpdl_6_voice_string_quartet	22	Adoramus te Christe	data/cpdl/6-voices/sources/022_adoramus_te_christe__01_10_adoramus_te_christe.mxl	data/cpdl/6-voices/reductions/string_quartet/022_adoramus_te_christe.musicxml	2	6		0	0.53598	no	no
cpdl_6_voice_string_quartet	22	Adoramus te Christe	data/cpdl/6-voices/sources/022_adoramus_te_christe__01_10_adoramus_te_christe.mxl	data/cpdl/6-voices/reductions/string_quartet/022_adoramus_te_christe.musicxml	2	7		0	0.83584	no	no
cpdl_6_voice_string_quartet	23	Aestimatus sum	data/cpdl/6-voices/sources/023_aestimatus_sum__02_aestimatus_sum_gesualdo.mxl	data/cpdl/6-voices/reductions/string_quartet/023_aestimatus_sum.musicxml	2	-3	3	3	1.10684	no	no
cpdl_6_voice_string_quartet	23	Aestimatus sum	data/cpdl/6-voices/sources/023_aestimatus_sum__02_aestimatus_sum_gesualdo.mxl	data/cpdl/6-voices/reductions/string_quartet/023_aestimatus_sum.musicxml	2	-2	2	2	0.941701	no	no
cpdl_6_voice_string_quartet	23	Aestimatus sum	data/cpdl/6-voices/sources/023_aestimatus_sum__02_aestimatus_sum_gesualdo.mxl	data/cpdl/6-voices/reductions/string_quartet/023_aestimatus_sum.musicxml	2	-1	5	5	0.763367	no	no
cpdl_6_voice_string_quartet	23	Aestimatus sum	data/cpdl/6-voices/sources/023_aestimatus_sum__02_aestimatus_sum_gesualdo.mxl	data/cpdl/6-voices/reductions/string_quartet/023_aestimatus_sum.musicxml	2	0	0	0	0.617141	no	no
cpdl_6_voice_string_quartet	23	Aestimatus sum	data/cpdl/6-voices/sources/023_aestimatus_sum__02_aestimatus_sum_gesualdo.mxl	data/cpdl/6-voices/reductions/string_quartet/023_aestimatus_sum.musicxml	2	1	5	5	0.562143	no	no
cpdl_6_voice_string_quartet	23	Aestimatus sum	data/cpdl/6-voices/sources/023_aestimatus_sum__02_aestimatus_sum_gesualdo.mxl	data/cpdl/6-voices/reductions/string_quartet/023_aestimatus_sum.musicxml	2	2	2	2	0.48739	yes	yes
cpdl_6_voice_string_quartet	23	Aestimatus sum	data/cpdl/6-voices/sources/023_aestimatus_sum__02_aestimatus_sum_gesualdo.mxl	data/cpdl/6-voices/reductions/string_quartet/023_aestimatus_sum.musicxml	2	3	3	3	0.510532	yes	no
cpdl_6_voice_string_quartet	23	Aestimatus sum	data/cpdl/6-voices/sources/023_aestimatus_sum__02_aestimatus_sum_gesualdo.mxl	data/cpdl/6-voices/reductions/string_quartet/023_aestimatus_sum.musicxml	2	4	4	4	0.522493	yes	no
cpdl_6_voice_string_quartet	23	Aestimatus sum	data/cpdl/6-voices/sources/023_aestimatus_sum__02_aestimatus_sum_gesualdo.mxl	data/cpdl/6-voices/reductions/string_quartet/023_aestimatus_sum.musicxml	2	5	1	1	0.588295	no	no
cpdl_6_voice_string_quartet	23	Aestimatus sum	data/cpdl/6-voices/sources/023_aestimatus_sum__02_aestimatus_sum_gesualdo.mxl	data/cpdl/6-voices/reductions/string_quartet/023_aestimatus_sum.musicxml	2	6	6	6	0.610049	no	no
cpdl_6_voice_string_quartet	23	Aestimatus sum	data/cpdl/6-voices/sources/023_aestimatus_sum__02_aestimatus_sum_gesualdo.mxl	data/cpdl/6-voices/reductions/string_quartet/023_aestimatus_sum.musicxml	2	7	1	1	0.707574	no	no
cpdl_6_voice_string_quartet	24	Ardens est cor meum	data/cpdl/6-voices/sources/024_ardens_est_cor_meum__01_14_ardens_est_cor_meum.mxl	data/cpdl/6-voices/reductions/string_quartet/024_ardens_est_cor_meum.musicxml	2	-3		0	0.834949	no	no
cpdl_6_voice_string_quartet	24	Ardens est cor meum	data/cpdl/6-voices/sources/024_ardens_est_cor_meum__01_14_ardens_est_cor_meum.mxl	data/cpdl/6-voices/reductions/string_quartet/024_ardens_est_cor_meum.musicxml	2	-2		0	0.639434	no	no
cpdl_6_voice_string_quartet	24	Ardens est cor meum	data/cpdl/6-voices/sources/024_ardens_est_cor_meum__01_14_ardens_est_cor_meum.mxl	data/cpdl/6-voices/reductions/string_quartet/024_ardens_est_cor_meum.musicxml	2	-1		0	0.500508	no	no
cpdl_6_voice_string_quartet	24	Ardens est cor meum	data/cpdl/6-voices/sources/024_ardens_est_cor_meum__01_14_ardens_est_cor_meum.mxl	data/cpdl/6-voices/reductions/string_quartet/024_ardens_est_cor_meum.musicxml	2	0		0	0.400078	no	no
cpdl_6_voice_string_quartet	24	Ardens est cor meum	data/cpdl/6-voices/sources/024_ardens_est_cor_meum__01_14_ardens_est_cor_meum.mxl	data/cpdl/6-voices/reductions/string_quartet/024_ardens_est_cor_meum.musicxml	2	1		0	0.376891	yes	no
cpdl_6_voice_string_quartet	24	Ardens est cor meum	data/cpdl/6-voices/sources/024_ardens_est_cor_meum__01_14_ardens_est_cor_meum.mxl	data/cpdl/6-voices/reductions/string_quartet/024_ardens_est_cor_meum.musicxml	2	2		0	0.330036	yes	yes
cpdl_6_voice_string_quartet	24	Ardens est cor meum	data/cpdl/6-voices/sources/024_ardens_est_cor_meum__01_14_ardens_est_cor_meum.mxl	data/cpdl/6-voices/reductions/string_quartet/024_ardens_est_cor_meum.musicxml	2	3		0	0.330144	yes	no
cpdl_6_voice_string_quartet	24	Ardens est cor meum	data/cpdl/6-voices/sources/024_ardens_est_cor_meum__01_14_ardens_est_cor_meum.mxl	data/cpdl/6-voices/reductions/string_quartet/024_ardens_est_cor_meum.musicxml	2	4		0	0.340736	yes	no
cpdl_6_voice_string_quartet	24	Ardens est cor meum	data/cpdl/6-voices/sources/024_ardens_est_cor_meum__01_14_ardens_est_cor_meum.mxl	data/cpdl/6-voices/reductions/string_quartet/024_ardens_est_cor_meum.musicxml	2	5		0	0.373469	yes	no
cpdl_6_voice_string_quartet	24	Ardens est cor meum	data/cpdl/6-voices/sources/024_ardens_est_cor_meum__01_14_ardens_est_cor_meum.mxl	data/cpdl/6-voices/reductions/string_quartet/024_ardens_est_cor_meum.musicxml	2	6		0	0.438045	no	no
cpdl_6_voice_string_quartet	24	Ardens est cor meum	data/cpdl/6-voices/sources/024_ardens_est_cor_meum__01_14_ardens_est_cor_meum.mxl	data/cpdl/6-voices/reductions/string_quartet/024_ardens_est_cor_meum.musicxml	2	7		0	0.639492	no	no
cpdl_6_voice_string_quartet	25	Assumpta est Maria	data/cpdl/6-voices/sources/025_assumpta_est_maria__02_12_assumpta_est_maria.mxl	data/cpdl/6-voices/reductions/string_quartet/025_assumpta_est_maria.musicxml	2	-3	1.95918	2	0.968824	no	no
cpdl_6_voice_string_quartet	25	Assumpta est Maria	data/cpdl/6-voices/sources/025_assumpta_est_maria__02_12_assumpta_est_maria.mxl	data/cpdl/6-voices/reductions/string_quartet/025_assumpta_est_maria.musicxml	2	-2	3.04082	4	0.846562	no	no
cpdl_6_voice_string_quartet	25	Assumpta est Maria	data/cpdl/6-voices/sources/025_assumpta_est_maria__02_12_assumpta_est_maria.mxl	data/cpdl/6-voices/reductions/string_quartet/025_assumpta_est_maria.musicxml	2	-1	3.95918	4	0.721095	no	no
cpdl_6_voice_string_quartet	25	Assumpta est Maria	data/cpdl/6-voices/sources/025_assumpta_est_maria__02_12_assumpta_est_maria.mxl	data/cpdl/6-voices/reductions/string_quartet/025_assumpta_est_maria.musicxml	2	0	1.04082	2	0.615171	no	no
cpdl_6_voice_string_quartet	25	Assumpta est Maria	data/cpdl/6-voices/sources/025_assumpta_est_maria__02_12_assumpta_est_maria.mxl	data/cpdl/6-voices/reductions/string_quartet/025_assumpta_est_maria.musicxml	2	1	5.95918	6	0.517079	yes	no
cpdl_6_voice_string_quartet	25	Assumpta est Maria	data/cpdl/6-voices/sources/025_assumpta_est_maria__02_12_assumpta_est_maria.mxl	data/cpdl/6-voices/reductions/string_quartet/025_assumpta_est_maria.musicxml	2	2	0.959184	1	0.492765	yes	yes
cpdl_6_voice_string_quartet	25	Assumpta est Maria	data/cpdl/6-voices/sources/025_assumpta_est_maria__02_12_assumpta_est_maria.mxl	data/cpdl/6-voices/reductions/string_quartet/025_assumpta_est_maria.musicxml	2	3	4.04082	5	0.501594	yes	no
cpdl_6_voice_string_quartet	25	Assumpta est Maria	data/cpdl/6-voices/sources/025_assumpta_est_maria__02_12_assumpta_est_maria.mxl	data/cpdl/6-voices/reductions/string_quartet/025_assumpta_est_maria.musicxml	2	4	2.95918	3	0.504311	yes	no
cpdl_6_voice_string_quartet	25	Assumpta est Maria	data/cpdl/6-voices/sources/025_assumpta_est_maria__02_12_assumpta_est_maria.mxl	data/cpdl/6-voices/reductions/string_quartet/025_assumpta_est_maria.musicxml	2	5	2.04082	3	0.59599	no	no
cpdl_6_voice_string_quartet	25	Assumpta est Maria	data/cpdl/6-voices/sources/025_assumpta_est_maria__02_12_assumpta_est_maria.mxl	data/cpdl/6-voices/reductions/string_quartet/025_assumpta_est_maria.musicxml	2	6	4.95918	5	0.626731	no	no
cpdl_6_voice_string_quartet	25	Assumpta est Maria	data/cpdl/6-voices/sources/025_assumpta_est_maria__02_12_assumpta_est_maria.mxl	data/cpdl/6-voices/reductions/string_quartet/025_assumpta_est_maria.musicxml	2	7	0.0408163	1	0.806986	no	no
cpdl_6_voice_string_quartet	26	Astiterunt reges terrae	data/cpdl/6-voices/sources/026_astiterunt_reges_terrae__02_astiterunt_reges_gesualdo.mxl	data/cpdl/6-voices/reductions/string_quartet/026_astiterunt_reges_terrae.musicxml	2	-3	3	3	0.81167	no	no
cpdl_6_voice_string_quartet	26	Astiterunt reges terrae	data/cpdl/6-voices/sources/026_astiterunt_reges_terrae__02_astiterunt_reges_gesualdo.mxl	data/cpdl/6-voices/reductions/string_quartet/026_astiterunt_reges_terrae.musicxml	2	-2	2	2	0.633492	no	no
cpdl_6_voice_string_quartet	26	Astiterunt reges terrae	data/cpdl/6-voices/sources/026_astiterunt_reges_terrae__02_astiterunt_reges_gesualdo.mxl	data/cpdl/6-voices/reductions/string_quartet/026_astiterunt_reges_terrae.musicxml	2	-1	5	5	0.519181	no	no
cpdl_6_voice_string_quartet	26	Astiterunt reges terrae	data/cpdl/6-voices/sources/026_astiterunt_reges_terrae__02_astiterunt_reges_gesualdo.mxl	data/cpdl/6-voices/reductions/string_quartet/026_astiterunt_reges_terrae.musicxml	2	0	0	0	0.41683	no	no
cpdl_6_voice_string_quartet	26	Astiterunt reges terrae	data/cpdl/6-voices/sources/026_astiterunt_reges_terrae__02_astiterunt_reges_gesualdo.mxl	data/cpdl/6-voices/reductions/string_quartet/026_astiterunt_reges_terrae.musicxml	2	1	5	5	0.393431	yes	no
cpdl_6_voice_string_quartet	26	Astiterunt reges terrae	data/cpdl/6-voices/sources/026_astiterunt_reges_terrae__02_astiterunt_reges_gesualdo.mxl	data/cpdl/6-voices/reductions/string_quartet/026_astiterunt_reges_terrae.musicxml	2	2	2	2	0.358729	yes	yes
cpdl_6_voice_string_quartet	26	Astiterunt reges terrae	data/cpdl/6-voices/sources/026_astiterunt_reges_terrae__02_astiterunt_reges_gesualdo.mxl	data/cpdl/6-voices/reductions/string_quartet/026_astiterunt_reges_terrae.musicxml	2	3	3	3	0.365004	yes	no
cpdl_6_voice_string_quartet	26	Astiterunt reges terrae	data/cpdl/6-voices/sources/026_astiterunt_reges_terrae__02_astiterunt_reges_gesualdo.mxl	data/cpdl/6-voices/reductions/string_quartet/026_astiterunt_reges_terrae.musicxml	2	4	4	4	0.361956	yes	no
cpdl_6_voice_string_quartet	26	Astiterunt reges terrae	data/cpdl/6-voices/sources/026_astiterunt_reges_terrae__02_astiterunt_reges_gesualdo.mxl	data/cpdl/6-voices/reductions/string_quartet/026_astiterunt_reges_terrae.musicxml	2	5	1	1	0.466911	no	no
cpdl_6_voice_string_quartet	26	Astiterunt reges terrae	data/cpdl/6-voices/sources/026_astiterunt_reges_terrae__02_astiterunt_reges_gesualdo.mxl	data/cpdl/6-voices/reductions/string_quartet/026_astiterunt_reges_terrae.musicxml	2	6	6	6	0.522726	no	no
cpdl_6_voice_string_quartet	26	Astiterunt reges terrae	data/cpdl/6-voices/sources/026_astiterunt_reges_terrae__02_astiterunt_reges_gesualdo.mxl	data/cpdl/6-voices/reductions/string_quartet/026_astiterunt_reges_terrae.musicxml	2	7	1	1	0.655584	no	no
cpdl_6_voice_string_quartet	27	Ave sanctissima	data/cpdl/6-voices/sources/027_ave_sanctissima__02_04_ave_sanctissima.mxl	data/cpdl/6-voices/reductions/string_quartet/027_ave_sanctissima.musicxml	2	-3	2	2	0.819214	no	no
cpdl_6_voice_string_quartet	27	Ave sanctissima	data/cpdl/6-voices/sources/027_ave_sanctissima__02_04_ave_sanctissima.mxl	data/cpdl/6-voices/reductions/string_quartet/027_ave_sanctissima.musicxml	2	-2	3	3	0.616631	no	no
cpdl_6_voice_string_quartet	27	Ave sanctissima	data/cpdl/6-voices/sources/027_ave_sanctissima__02_04_ave_sanctissima.mxl	data/cpdl/6-voices/reductions/string_quartet/027_ave_sanctissima.musicxml	2	-1	4	4	0.477146	no	no
cpdl_6_voice_string_quartet	27	Ave sanctissima	data/cpdl/6-voices/sources/027_ave_sanctissima__02_04_ave_sanctissima.mxl	data/cpdl/6-voices/reductions/string_quartet/027_ave_sanctissima.musicxml	2	0	1	1	0.427152	no	no
cpdl_6_voice_string_quartet	27	Ave sanctissima	data/cpdl/6-voices/sources/027_ave_sanctissima__02_04_ave_sanctissima.mxl	data/cpdl/6-voices/reductions/string_quartet/027_ave_sanctissima.musicxml	2	1	6	6	0.385955	yes	no
cpdl_6_voice_string_quartet	27	Ave sanctissima	data/cpdl/6-voices/sources/027_ave_sanctissima__02_04_ave_sanctissima.mxl	data/cpdl/6-voices/reductions/string_quartet/027_ave_sanctissima.musicxml	2	2	1	1	0.376681	yes	yes
cpdl_6_voice_string_quartet	27	Ave sanctissima	data/cpdl/6-voices/sources/027_ave_sanctissima__02_04_ave_sanctissima.mxl	data/cpdl/6-voices/reductions/string_quartet/027_ave_sanctissima.musicxml	2	3	4	4	0.390069	yes	no
cpdl_6_voice_string_quartet	27	Ave sanctissima	data/cpdl/6-voices/sources/027_ave_sanctissima__02_04_ave_sanctissima.mxl	data/cpdl/6-voices/reductions/string_quartet/027_ave_sanctissima.musicxml	2	4	3	3	0.446761	no	no
cpdl_6_voice_string_quartet	27	Ave sanctissima	data/cpdl/6-voices/sources/027_ave_sanctissima__02_04_ave_sanctissima.mxl	data/cpdl/6-voices/reductions/string_quartet/027_ave_sanctissima.musicxml	2	5	2	2	0.545577	no	no
cpdl_6_voice_string_quartet	27	Ave sanctissima	data/cpdl/6-voices/sources/027_ave_sanctissima__02_04_ave_sanctissima.mxl	data/cpdl/6-voices/reductions/string_quartet/027_ave_sanctissima.musicxml	2	6	5	5	0.60593	no	no
cpdl_6_voice_string_quartet	27	Ave sanctissima	data/cpdl/6-voices/sources/027_ave_sanctissima__02_04_ave_sanctissima.mxl	data/cpdl/6-voices/reductions/string_quartet/027_ave_sanctissima.musicxml	2	7	0	0	0.816735	no	no
cpdl_6_voice_string_quartet	28	Da pacem Domine	data/cpdl/6-voices/sources/028_da_pacem_domine__02_02_da_pacem_domine.mxl	data/cpdl/6-voices/reductions/string_quartet/028_da_pacem_domine.musicxml	2	-3	3	3	0.967131	no	no
cpdl_6_voice_string_quartet	28	Da pacem Domine	data/cpdl/6-voices/sources/028_da_pacem_domine__02_02_da_pacem_domine.mxl	data/cpdl/6-voices/reductions/string_quartet/028_da_pacem_domine.musicxml	2	-2	2	2	0.728112	no	no
cpdl_6_voice_string_quartet	28	Da pacem Domine	data/cpdl/6-voices/sources/028_da_pacem_domine__02_02_da_pacem_domine.mxl	data/cpdl/6-voices/reductions/string_quartet/028_da_pacem_domine.musicxml	2	-1	5	5	0.561269	no	no
cpdl_6_voice_string_quartet	28	Da pacem Domine	data/cpdl/6-voices/sources/028_da_pacem_domine__02_02_da_pacem_domine.mxl	data/cpdl/6-voices/reductions/string_quartet/028_da_pacem_domine.musicxml	2	0	0	0	0.451982	no	no
cpdl_6_voice_string_quartet	28	Da pacem Domine	data/cpdl/6-voices/sources/028_da_pacem_domine__02_02_da_pacem_domine.mxl	data/cpdl/6-voices/reductions/string_quartet/028_da_pacem_domine.musicxml	2	1	5	5	0.413449	yes	no
cpdl_6_voice_string_quartet	28	Da pacem Domine	data/cpdl/6-voices/sources/028_da_pacem_domine__02_02_da_pacem_domine.mxl	data/cpdl/6-voices/reductions/string_quartet/028_da_pacem_domine.musicxml	2	2	2	2	0.392221	yes	yes
cpdl_6_voice_string_quartet	28	Da pacem Domine	data/cpdl/6-voices/sources/028_da_pacem_domine__02_02_da_pacem_domine.mxl	data/cpdl/6-voices/reductions/string_quartet/028_da_pacem_domine.musicxml	2	3	3	3	0.412157	yes	no
cpdl_6_voice_string_quartet	28	Da pacem Domine	data/cpdl/6-voices/sources/028_da_pacem_domine__02_02_da_pacem_domine.mxl	data/cpdl/6-voices/reductions/string_quartet/028_da_pacem_domine.musicxml	2	4	4	4	0.428307	yes	no
cpdl_6_voice_string_quartet	28	Da pacem Domine	data/cpdl/6-voices/sources/028_da_pacem_domine__02_02_da_pacem_domine.mxl	data/cpdl/6-voices/reductions/string_quartet/028_da_pacem_domine.musicxml	2	5	1	1	0.545346	no	no
cpdl_6_voice_string_quartet	28	Da pacem Domine	data/cpdl/6-voices/sources/028_da_pacem_domine__02_02_da_pacem_domine.mxl	data/cpdl/6-voices/reductions/string_quartet/028_da_pacem_domine.musicxml	2	6	6	6	0.608125	no	no
cpdl_6_voice_string_quartet	28	Da pacem Domine	data/cpdl/6-voices/sources/028_da_pacem_domine__02_02_da_pacem_domine.mxl	data/cpdl/6-voices/reductions/string_quartet/028_da_pacem_domine.musicxml	2	7	1	1	0.822934	no	no
cpdl_6_voice_string_quartet	29	Discedite a me	data/cpdl/6-voices/sources/029_discedite_a_me__01_06_discedite_a_me.mxl	data/cpdl/6-voices/reductions/string_quartet/029_discedite_a_me.musicxml	2	-3	3	3	0.906738	no	no
cpdl_6_voice_string_quartet	29	Discedite a me	data/cpdl/6-voices/sources/029_discedite_a_me__01_06_discedite_a_me.mxl	data/cpdl/6-voices/reductions/string_quartet/029_discedite_a_me.musicxml	2	-2	2	2	0.721192	no	no
cpdl_6_voice_string_quartet	29	Discedite a me	data/cpdl/6-voices/sources/029_discedite_a_me__01_06_discedite_a_me.mxl	data/cpdl/6-voices/reductions/string_quartet/029_discedite_a_me.musicxml	2	-1	5	5	0.553206	no	no
cpdl_6_voice_string_quartet	29	Discedite a me	data/cpdl/6-voices/sources/029_discedite_a_me__01_06_discedite_a_me.mxl	data/cpdl/6-voices/reductions/string_quartet/029_discedite_a_me.musicxml	2	0	0	0	0.47988	no	no
cpdl_6_voice_string_quartet	29	Discedite a me	data/cpdl/6-voices/sources/029_discedite_a_me__01_06_discedite_a_me.mxl	data/cpdl/6-voices/reductions/string_quartet/029_discedite_a_me.musicxml	2	1	5	5	0.463966	no	no
cpdl_6_voice_string_quartet	29	Discedite a me	data/cpdl/6-voices/sources/029_discedite_a_me__01_06_discedite_a_me.mxl	data/cpdl/6-voices/reductions/string_quartet/029_discedite_a_me.musicxml	2	2	2	2	0.391865	yes	yes
cpdl_6_voice_string_quartet	29	Discedite a me	data/cpdl/6-voices/sources/029_discedite_a_me__01_06_discedite_a_me.mxl	data/cpdl/6-voices/reductions/string_quartet/029_discedite_a_me.musicxml	2	3	3	3	0.398507	yes	no
cpdl_6_voice_string_quartet	29	Discedite a me	data/cpdl/6-voices/sources/029_discedite_a_me__01_06_discedite_a_me.mxl	data/cpdl/6-voices/reductions/string_quartet/029_discedite_a_me.musicxml	2	4	4	4	0.414449	yes	no
cpdl_6_voice_string_quartet	29	Discedite a me	data/cpdl/6-voices/sources/029_discedite_a_me__01_06_discedite_a_me.mxl	data/cpdl/6-voices/reductions/string_quartet/029_discedite_a_me.musicxml	2	5	1	1	0.496035	no	no
cpdl_6_voice_string_quartet	29	Discedite a me	data/cpdl/6-voices/sources/029_discedite_a_me__01_06_discedite_a_me.mxl	data/cpdl/6-voices/reductions/string_quartet/029_discedite_a_me.musicxml	2	6	6	6	0.607356	no	no
cpdl_6_voice_string_quartet	29	Discedite a me	data/cpdl/6-voices/sources/029_discedite_a_me__01_06_discedite_a_me.mxl	data/cpdl/6-voices/reductions/string_quartet/029_discedite_a_me.musicxml	2	7	1	1	0.918912	no	no
cpdl_6_voice_string_quartet	30	Domine Deus	data/cpdl/6-voices/sources/030_domine_deus__02_15_domine_deus.mxl	data/cpdl/6-voices/reductions/string_quartet/030_domine_deus.musicxml	4	-1		0	0.598397	no	no
cpdl_6_voice_string_quartet	30	Domine Deus	data/cpdl/6-voices/sources/030_domine_deus__02_15_domine_deus.mxl	data/cpdl/6-voices/reductions/string_quartet/030_domine_deus.musicxml	4	0		0	0.511157	no	no
cpdl_6_voice_string_quartet	30	Domine Deus	data/cpdl/6-voices/sources/030_domine_deus__02_15_domine_deus.mxl	data/cpdl/6-voices/reductions/string_quartet/030_domine_deus.musicxml	4	1		0	0.483589	yes	no
cpdl_6_voice_string_quartet	30	Domine Deus	data/cpdl/6-voices/sources/030_domine_deus__02_15_domine_deus.mxl	data/cpdl/6-voices/reductions/string_quartet/030_domine_deus.musicxml	4	2		0	0.440477	yes	no
cpdl_6_voice_string_quartet	30	Domine Deus	data/cpdl/6-voices/sources/030_domine_deus__02_15_domine_deus.mxl	data/cpdl/6-voices/reductions/string_quartet/030_domine_deus.musicxml	4	3		0	0.449605	yes	no
cpdl_6_voice_string_quartet	30	Domine Deus	data/cpdl/6-voices/sources/030_domine_deus__02_15_domine_deus.mxl	data/cpdl/6-voices/reductions/string_quartet/030_domine_deus.musicxml	4	4		0	0.435485	yes	yes
cpdl_6_voice_string_quartet	30	Domine Deus	data/cpdl/6-voices/sources/030_domine_deus__02_15_domine_deus.mxl	data/cpdl/6-voices/reductions/string_quartet/030_domine_deus.musicxml	4	5		0	0.561742	no	no
cpdl_6_voice_string_quartet	30	Domine Deus	data/cpdl/6-voices/sources/030_domine_deus__02_15_domine_deus.mxl	data/cpdl/6-voices/reductions/string_quartet/030_domine_deus.musicxml	4	6		0	0.625255	no	no
cpdl_6_voice_string_quartet	30	Domine Deus	data/cpdl/6-voices/sources/030_domine_deus__02_15_domine_deus.mxl	data/cpdl/6-voices/reductions/string_quartet/030_domine_deus.musicxml	4	7		0	0.884596	no	no
cpdl_6_voice_string_quartet	30	Domine Deus	data/cpdl/6-voices/sources/030_domine_deus__02_15_domine_deus.mxl	data/cpdl/6-voices/reductions/string_quartet/030_domine_deus.musicxml	4	8		0	1.01502	no	no
cpdl_6_voice_string_quartet	30	Domine Deus	data/cpdl/6-voices/sources/030_domine_deus__02_15_domine_deus.mxl	data/cpdl/6-voices/reductions/string_quartet/030_domine_deus.musicxml	4	9		0	1.27201	no	no
cpdl_6_voice_string_quartet	31	Ecce quomodo moritur justus	data/cpdl/6-voices/sources/031_ecce_quomodo_moritur_justus__02_ecce_quomodo_gesualdo.mxl	data/cpdl/6-voices/reductions/string_quartet/031_ecce_quomodo_moritur_justus.musicxml	0	-5	1	1	1.0299	no	no
cpdl_6_voice_string_quartet	31	Ecce quomodo moritur justus	data/cpdl/6-voices/sources/031_ecce_quomodo_moritur_justus__02_ecce_quomodo_gesualdo.mxl	data/cpdl/6-voices/reductions/string_quartet/031_ecce_quomodo_moritur_justus.musicxml	0	-4	4	4	0.779997	no	no
cpdl_6_voice_string_quartet	31	Ecce quomodo moritur justus	data/cpdl/6-voices/sources/031_ecce_quomodo_moritur_justus__02_ecce_quomodo_gesualdo.mxl	data/cpdl/6-voices/reductions/string_quartet/031_ecce_quomodo_moritur_justus.musicxml	0	-3	3	3	0.622311	no	no
cpdl_6_voice_string_quartet	31	Ecce quomodo moritur justus	data/cpdl/6-voices/sources/031_ecce_quomodo_moritur_justus__02_ecce_quomodo_gesualdo.mxl	data/cpdl/6-voices/reductions/string_quartet/031_ecce_quomodo_moritur_justus.musicxml	0	-2	2	2	0.449786	no	no
cpdl_6_voice_string_quartet	31	Ecce quomodo moritur justus	data/cpdl/6-voices/sources/031_ecce_quomodo_moritur_justus__02_ecce_quomodo_gesualdo.mxl	data/cpdl/6-voices/reductions/string_quartet/031_ecce_quomodo_moritur_justus.musicxml	0	-1	5	5	0.379626	no	no
cpdl_6_voice_string_quartet	31	Ecce quomodo moritur justus	data/cpdl/6-voices/sources/031_ecce_quomodo_moritur_justus__02_ecce_quomodo_gesualdo.mxl	data/cpdl/6-voices/reductions/string_quartet/031_ecce_quomodo_moritur_justus.musicxml	0	0	0	0	0.320995	yes	yes
cpdl_6_voice_string_quartet	31	Ecce quomodo moritur justus	data/cpdl/6-voices/sources/031_ecce_quomodo_moritur_justus__02_ecce_quomodo_gesualdo.mxl	data/cpdl/6-voices/reductions/string_quartet/031_ecce_quomodo_moritur_justus.musicxml	0	1	5	5	0.318228	yes	no
cpdl_6_voice_string_quartet	31	Ecce quomodo moritur justus	data/cpdl/6-voices/sources/031_ecce_quomodo_moritur_justus__02_ecce_quomodo_gesualdo.mxl	data/cpdl/6-voices/reductions/string_quartet/031_ecce_quomodo_moritur_justus.musicxml	0	2	2	2	0.317326	yes	no
cpdl_6_voice_string_quartet	31	Ecce quomodo moritur justus	data/cpdl/6-voices/sources/031_ecce_quomodo_moritur_justus__02_ecce_quomodo_gesualdo.mxl	data/cpdl/6-voices/reductions/string_quartet/031_ecce_quomodo_moritur_justus.musicxml	0	3	3	3	0.331543	yes	no
cpdl_6_voice_string_quartet	31	Ecce quomodo moritur justus	data/cpdl/6-voices/sources/031_ecce_quomodo_moritur_justus__02_ecce_quomodo_gesualdo.mxl	data/cpdl/6-voices/reductions/string_quartet/031_ecce_quomodo_moritur_justus.musicxml	0	4	4	4	0.358543	yes	no
cpdl_6_voice_string_quartet	31	Ecce quomodo moritur justus	data/cpdl/6-voices/sources/031_ecce_quomodo_moritur_justus__02_ecce_quomodo_gesualdo.mxl	data/cpdl/6-voices/reductions/string_quartet/031_ecce_quomodo_moritur_justus.musicxml	0	5	1	1	0.468255	no	no
cpdl_6_voice_string_quartet	32	Ecce vidimus eum	data/cpdl/6-voices/sources/032_ecce_vidimus_eum__01_gesualdo_ecce_vidimus.mxl	data/cpdl/6-voices/reductions/string_quartet/032_ecce_vidimus_eum.musicxml	7	2	2	2	1.23338	no	no
cpdl_6_voice_string_quartet	32	Ecce vidimus eum	data/cpdl/6-voices/sources/032_ecce_vidimus_eum__01_gesualdo_ecce_vidimus.mxl	data/cpdl/6-voices/reductions/string_quartet/032_ecce_vidimus_eum.musicxml	7	3	3	3	0.859295	no	no
cpdl_6_voice_string_quartet	32	Ecce vidimus eum	data/cpdl/6-voices/sources/032_ecce_vidimus_eum__01_gesualdo_ecce_vidimus.mxl	data/cpdl/6-voices/reductions/string_quartet/032_ecce_vidimus_eum.musicxml	7	4	4	4	0.786943	no	no
cpdl_6_voice_string_quartet	32	Ecce vidimus eum	data/cpdl/6-voices/sources/032_ecce_vidimus_eum__01_gesualdo_ecce_vidimus.mxl	data/cpdl/6-voices/reductions/string_quartet/032_ecce_vidimus_eum.musicxml	7	5	1	1	0.553281	no	no
cpdl_6_voice_string_quartet	32	Ecce vidimus eum	data/cpdl/6-voices/sources/032_ecce_vidimus_eum__01_gesualdo_ecce_vidimus.mxl	data/cpdl/6-voices/reductions/string_quartet/032_ecce_vidimus_eum.musicxml	7	6	6	6	0.495395	no	no
cpdl_6_voice_string_quartet	32	Ecce vidimus eum	data/cpdl/6-voices/sources/032_ecce_vidimus_eum__01_gesualdo_ecce_vidimus.mxl	data/cpdl/6-voices/reductions/string_quartet/032_ecce_vidimus_eum.musicxml	7	7	1	1	0.388069	yes	yes
cpdl_6_voice_string_quartet	32	Ecce vidimus eum	data/cpdl/6-voices/sources/032_ecce_vidimus_eum__01_gesualdo_ecce_vidimus.mxl	data/cpdl/6-voices/reductions/string_quartet/032_ecce_vidimus_eum.musicxml	7	8	4	4	0.355821	yes	no
cpdl_6_voice_string_quartet	32	Ecce vidimus eum	data/cpdl/6-voices/sources/032_ecce_vidimus_eum__01_gesualdo_ecce_vidimus.mxl	data/cpdl/6-voices/reductions/string_quartet/032_ecce_vidimus_eum.musicxml	7	9	3	3	0.379046	yes	no
cpdl_6_voice_string_quartet	32	Ecce vidimus eum	data/cpdl/6-voices/sources/032_ecce_vidimus_eum__01_gesualdo_ecce_vidimus.mxl	data/cpdl/6-voices/reductions/string_quartet/032_ecce_vidimus_eum.musicxml	7	10	2	2	0.433037	yes	no
cpdl_6_voice_string_quartet	32	Ecce vidimus eum	data/cpdl/6-voices/sources/032_ecce_vidimus_eum__01_gesualdo_ecce_vidimus.mxl	data/cpdl/6-voices/reductions/string_quartet/032_ecce_vidimus_eum.musicxml	7	11	5	5	0.473553	no	no
cpdl_6_voice_string_quartet	32	Ecce vidimus eum	data/cpdl/6-voices/sources/032_ecce_vidimus_eum__01_gesualdo_ecce_vidimus.mxl	data/cpdl/6-voices/reductions/string_quartet/032_ecce_vidimus_eum.musicxml	7	12	0	0	0.575508	no	no
cpdl_6_voice_string_quartet	33	Franciscus humilis	data/cpdl/6-voices/sources/033_franciscus_humilis__01_18_franciscus_humilis.mxl	data/cpdl/6-voices/reductions/string_quartet/033_franciscus_humilis.musicxml	2	-3	2	2	1.10233	no	no
cpdl_6_voice_string_quartet	33	Franciscus humilis	data/cpdl/6-voices/sources/033_franciscus_humilis__01_18_franciscus_humilis.mxl	data/cpdl/6-voices/reductions/string_quartet/033_franciscus_humilis.musicxml	2	-2	3	3	0.828855	no	no
cpdl_6_voice_string_quartet	33	Franciscus humilis	data/cpdl/6-voices/sources/033_franciscus_humilis__01_18_franciscus_humilis.mxl	data/cpdl/6-voices/reductions/string_quartet/033_franciscus_humilis.musicxml	2	-1	4	4	0.624707	no	no
cpdl_6_voice_string_quartet	33	Franciscus humilis	data/cpdl/6-voices/sources/033_franciscus_humilis__01_18_franciscus_humilis.mxl	data/cpdl/6-voices/reductions/string_quartet/033_franciscus_humilis.musicxml	2	0	1	1	0.517481	no	no
cpdl_6_voice_string_quartet	33	Franciscus humilis	data/cpdl/6-voices/sources/033_franciscus_humilis__01_18_franciscus_humilis.mxl	data/cpdl/6-voices/reductions/string_quartet/033_franciscus_humilis.musicxml	2	1	6	6	0.410519	yes	no
cpdl_6_voice_string_quartet	33	Franciscus humilis	data/cpdl/6-voices/sources/033_franciscus_humilis__01_18_franciscus_humilis.mxl	data/cpdl/6-voices/reductions/string_quartet/033_franciscus_humilis.musicxml	2	2	1	1	0.374715	yes	yes
cpdl_6_voice_string_quartet	33	Franciscus humilis	data/cpdl/6-voices/sources/033_franciscus_humilis__01_18_franciscus_humilis.mxl	data/cpdl/6-voices/reductions/string_quartet/033_franciscus_humilis.musicxml	2	3	4	4	0.363584	yes	no
cpdl_6_voice_string_quartet	33	Franciscus humilis	data/cpdl/6-voices/sources/033_franciscus_humilis__01_18_franciscus_humilis.mxl	data/cpdl/6-voices/reductions/string_quartet/033_franciscus_humilis.musicxml	2	4	3	3	0.355805	yes	no
cpdl_6_voice_string_quartet	33	Franciscus humilis	data/cpdl/6-voices/sources/033_franciscus_humilis__01_18_franciscus_humilis.mxl	data/cpdl/6-voices/reductions/string_quartet/033_franciscus_humilis.musicxml	2	5	2	2	0.40128	yes	no
cpdl_6_voice_string_quartet	33	Franciscus humilis	data/cpdl/6-voices/sources/033_franciscus_humilis__01_18_franciscus_humilis.mxl	data/cpdl/6-voices/reductions/string_quartet/033_franciscus_humilis.musicxml	2	6	5	5	0.427868	no	no
cpdl_6_voice_string_quartet	33	Franciscus humilis	data/cpdl/6-voices/sources/033_franciscus_humilis__01_18_franciscus_humilis.mxl	data/cpdl/6-voices/reductions/string_quartet/033_franciscus_humilis.musicxml	2	7	0	0	0.521286	no	no
cpdl_6_voice_string_quartet	34	Gaudeamus omnes	data/cpdl/6-voices/sources/034_gaudeamus_omnes__01_07_gaudeamus_omnes.mxl	data/cpdl/6-voices/reductions/string_quartet/034_gaudeamus_omnes.musicxml	0	-5	1	1	0.859622	no	no
cpdl_6_voice_string_quartet	34	Gaudeamus omnes	data/cpdl/6-voices/sources/034_gaudeamus_omnes__01_07_gaudeamus_omnes.mxl	data/cpdl/6-voices/reductions/string_quartet/034_gaudeamus_omnes.musicxml	0	-4	4	4	0.677273	no	no
cpdl_6_voice_string_quartet	34	Gaudeamus omnes	data/cpdl/6-voices/sources/034_gaudeamus_omnes__01_07_gaudeamus_omnes.mxl	data/cpdl/6-voices/reductions/string_quartet/034_gaudeamus_omnes.musicxml	0	-3	3	3	0.518154	no	no
cpdl_6_voice_string_quartet	34	Gaudeamus omnes	data/cpdl/6-voices/sources/034_gaudeamus_omnes__01_07_gaudeamus_omnes.mxl	data/cpdl/6-voices/reductions/string_quartet/034_gaudeamus_omnes.musicxml	0	-2	2	2	0.426828	no	no
cpdl_6_voice_string_quartet	34	Gaudeamus omnes	data/cpdl/6-voices/sources/034_gaudeamus_omnes__01_07_gaudeamus_omnes.mxl	data/cpdl/6-voices/reductions/string_quartet/034_gaudeamus_omnes.musicxml	0	-1	5	5	0.310904	yes	no
cpdl_6_voice_string_quartet	34	Gaudeamus omnes	data/cpdl/6-voices/sources/034_gaudeamus_omnes__01_07_gaudeamus_omnes.mxl	data/cpdl/6-voices/reductions/string_quartet/034_gaudeamus_omnes.musicxml	0	0	0	0	0.264122	yes	yes
cpdl_6_voice_string_quartet	34	Gaudeamus omnes	data/cpdl/6-voices/sources/034_gaudeamus_omnes__01_07_gaudeamus_omnes.mxl	data/cpdl/6-voices/reductions/string_quartet/034_gaudeamus_omnes.musicxml	0	1	5	5	0.263334	yes	no
cpdl_6_voice_string_quartet	34	Gaudeamus omnes	data/cpdl/6-voices/sources/034_gaudeamus_omnes__01_07_gaudeamus_omnes.mxl	data/cpdl/6-voices/reductions/string_quartet/034_gaudeamus_omnes.musicxml	0	2	2	2	0.272035	yes	no
cpdl_6_voice_string_quartet	34	Gaudeamus omnes	data/cpdl/6-voices/sources/034_gaudeamus_omnes__01_07_gaudeamus_omnes.mxl	data/cpdl/6-voices/reductions/string_quartet/034_gaudeamus_omnes.musicxml	0	3	3	3	0.284153	yes	no
cpdl_6_voice_string_quartet	34	Gaudeamus omnes	data/cpdl/6-voices/sources/034_gaudeamus_omnes__01_07_gaudeamus_omnes.mxl	data/cpdl/6-voices/reductions/string_quartet/034_gaudeamus_omnes.musicxml	0	4	4	4	0.322731	no	no
cpdl_6_voice_string_quartet	34	Gaudeamus omnes	data/cpdl/6-voices/sources/034_gaudeamus_omnes__01_07_gaudeamus_omnes.mxl	data/cpdl/6-voices/reductions/string_quartet/034_gaudeamus_omnes.musicxml	0	5	1	1	0.442069	no	no
cpdl_6_voice_string_quartet	35	In monte Oliveti	data/cpdl/6-voices/sources/035_in_monte_oliveti__01_in_monte_oliveti_gesualdo.mxl	data/cpdl/6-voices/reductions/string_quartet/035_in_monte_oliveti.musicxml	0	-5	1	1	1.49042	no	no
cpdl_6_voice_string_quartet	35	In monte Oliveti	data/cpdl/6-voices/sources/035_in_monte_oliveti__01_in_monte_oliveti_gesualdo.mxl	data/cpdl/6-voices/reductions/string_quartet/035_in_monte_oliveti.musicxml	0	-4	4	4	1.29024	no	no
cpdl_6_voice_string_quartet	35	In monte Oliveti	data/cpdl/6-voices/sources/035_in_monte_oliveti__01_in_monte_oliveti_gesualdo.mxl	data/cpdl/6-voices/reductions/string_quartet/035_in_monte_oliveti.musicxml	0	-3	3	3	1.01378	no	no
cpdl_6_voice_string_quartet	35	In monte Oliveti	data/cpdl/6-voices/sources/035_in_monte_oliveti__01_in_monte_oliveti_gesualdo.mxl	data/cpdl/6-voices/reductions/string_quartet/035_in_monte_oliveti.musicxml	0	-2	2	2	0.880377	no	no
cpdl_6_voice_string_quartet	35	In monte Oliveti	data/cpdl/6-voices/sources/035_in_monte_oliveti__01_in_monte_oliveti_gesualdo.mxl	data/cpdl/6-voices/reductions/string_quartet/035_in_monte_oliveti.musicxml	0	-1	5	5	0.674029	no	no
cpdl_6_voice_string_quartet	35	In monte Oliveti	data/cpdl/6-voices/sources/035_in_monte_oliveti__01_in_monte_oliveti_gesualdo.mxl	data/cpdl/6-voices/reductions/string_quartet/035_in_monte_oliveti.musicxml	0	0	0	0	0.612145	yes	yes
cpdl_6_voice_string_quartet	35	In monte Oliveti	data/cpdl/6-voices/sources/035_in_monte_oliveti__01_in_monte_oliveti_gesualdo.mxl	data/cpdl/6-voices/reductions/string_quartet/035_in_monte_oliveti.musicxml	0	1	5	5	0.577615	yes	no
cpdl_6_voice_string_quartet	35	In monte Oliveti	data/cpdl/6-voices/sources/035_in_monte_oliveti__01_in_monte_oliveti_gesualdo.mxl	data/cpdl/6-voices/reductions/string_quartet/035_in_monte_oliveti.musicxml	0	2	2	2	0.568342	yes	no
cpdl_6_voice_string_quartet	35	In monte Oliveti	data/cpdl/6-voices/sources/035_in_monte_oliveti__01_in_monte_oliveti_gesualdo.mxl	data/cpdl/6-voices/reductions/string_quartet/035_in_monte_oliveti.musicxml	0	3	3	3	0.615345	yes	no
cpdl_6_voice_string_quartet	35	In monte Oliveti	data/cpdl/6-voices/sources/035_in_monte_oliveti__01_in_monte_oliveti_gesualdo.mxl	data/cpdl/6-voices/reductions/string_quartet/035_in_monte_oliveti.musicxml	0	4	4	4	0.664017	yes	no
cpdl_6_voice_string_quartet	35	In monte Oliveti	data/cpdl/6-voices/sources/035_in_monte_oliveti__01_in_monte_oliveti_gesualdo.mxl	data/cpdl/6-voices/reductions/string_quartet/035_in_monte_oliveti.musicxml	0	5	1	1	0.799061	no	no
cpdl_6_voice_string_quartet	36	Jerusalem, surge	data/cpdl/6-voices/sources/036_jerusalem_surge__01_tenebrae2.mid	data/cpdl/6-voices/reductions/string_quartet/036_jerusalem_surge.musicxml	5	0	0	0	0.50882	no	no
cpdl_6_voice_string_quartet	36	Jerusalem, surge	data/cpdl/6-voices/sources/036_jerusalem_surge__01_tenebrae2.mid	data/cpdl/6-voices/reductions/string_quartet/036_jerusalem_surge.musicxml	5	1	5	5	0.481366	no	no
cpdl_6_voice_string_quartet	36	Jerusalem, surge	data/cpdl/6-voices/sources/036_jerusalem_surge__01_tenebrae2.mid	data/cpdl/6-voices/reductions/string_quartet/036_jerusalem_surge.musicxml	5	2	2	2	0.416817	yes	no
cpdl_6_voice_string_quartet	36	Jerusalem, surge	data/cpdl/6-voices/sources/036_jerusalem_surge__01_tenebrae2.mid	data/cpdl/6-voices/reductions/string_quartet/036_jerusalem_surge.musicxml	5	3	3	3	0.404233	yes	no
cpdl_6_voice_string_quartet	36	Jerusalem, surge	data/cpdl/6-voices/sources/036_jerusalem_surge__01_tenebrae2.mid	data/cpdl/6-voices/reductions/string_quartet/036_jerusalem_surge.musicxml	5	4	4	4	0.37054	yes	no
cpdl_6_voice_string_quartet	36	Jerusalem, surge	data/cpdl/6-voices/sources/036_jerusalem_surge__01_tenebrae2.mid	data/cpdl/6-voices/reductions/string_quartet/036_jerusalem_surge.musicxml	5	5	1	1	0.414206	yes	yes
cpdl_6_voice_string_quartet	36	Jerusalem, surge	data/cpdl/6-voices/sources/036_jerusalem_surge__01_tenebrae2.mid	data/cpdl/6-voices/reductions/string_quartet/036_jerusalem_surge.musicxml	5	6	6	6	0.492121	no	no
cpdl_6_voice_string_quartet	36	Jerusalem, surge	data/cpdl/6-voices/sources/036_jerusalem_surge__01_tenebrae2.mid	data/cpdl/6-voices/reductions/string_quartet/036_jerusalem_surge.musicxml	5	7	1	1	0.657317	no	no
cpdl_6_voice_string_quartet	36	Jerusalem, surge	data/cpdl/6-voices/sources/036_jerusalem_surge__01_tenebrae2.mid	data/cpdl/6-voices/reductions/string_quartet/036_jerusalem_surge.musicxml	5	8	4	4	0.718866	no	no
cpdl_6_voice_string_quartet	36	Jerusalem, surge	data/cpdl/6-voices/sources/036_jerusalem_surge__01_tenebrae2.mid	data/cpdl/6-voices/reductions/string_quartet/036_jerusalem_surge.musicxml	5	9	3	3	0.834979	no	no
cpdl_6_voice_string_quartet	36	Jerusalem, surge	data/cpdl/6-voices/sources/036_jerusalem_surge__01_tenebrae2.mid	data/cpdl/6-voices/reductions/string_quartet/036_jerusalem_surge.musicxml	5	10	2	2	1.24004	no	no
cpdl_6_voice_string_quartet	37	O anima sanctissima	data/cpdl/6-voices/sources/037_o_anima_sanctissima__01_19_o_anima_sanctissima.mxl	data/cpdl/6-voices/reductions/string_quartet/037_o_anima_sanctissima.musicxml	2	-3	2	2	1.14554	no	no
cpdl_6_voice_string_quartet	37	O anima sanctissima	data/cpdl/6-voices/sources/037_o_anima_sanctissima__01_19_o_anima_sanctissima.mxl	data/cpdl/6-voices/reductions/string_quartet/037_o_anima_sanctissima.musicxml	2	-2	3	3	0.876783	no	no
cpdl_6_voice_string_quartet	37	O anima sanctissima	data/cpdl/6-voices/sources/037_o_anima_sanctissima__01_19_o_anima_sanctissima.mxl	data/cpdl/6-voices/reductions/string_quartet/037_o_anima_sanctissima.musicxml	2	-1	4	4	0.679744	no	no
cpdl_6_voice_string_quartet	37	O anima sanctissima	data/cpdl/6-voices/sources/037_o_anima_sanctissima__01_19_o_anima_sanctissima.mxl	data/cpdl/6-voices/reductions/string_quartet/037_o_anima_sanctissima.musicxml	2	0	1	1	0.519505	no	no
cpdl_6_voice_string_quartet	37	O anima sanctissima	data/cpdl/6-voices/sources/037_o_anima_sanctissima__01_19_o_anima_sanctissima.mxl	data/cpdl/6-voices/reductions/string_quartet/037_o_anima_sanctissima.musicxml	2	1	6	6	0.452743	no	no
cpdl_6_voice_string_quartet	37	O anima sanctissima	data/cpdl/6-voices/sources/037_o_anima_sanctissima__01_19_o_anima_sanctissima.mxl	data/cpdl/6-voices/reductions/string_quartet/037_o_anima_sanctissima.musicxml	2	2	1	1	0.401635	yes	yes
cpdl_6_voice_string_quartet	37	O anima sanctissima	data/cpdl/6-voices/sources/037_o_anima_sanctissima__01_19_o_anima_sanctissima.mxl	data/cpdl/6-voices/reductions/string_quartet/037_o_anima_sanctissima.musicxml	2	3	4	4	0.384543	yes	no
cpdl_6_voice_string_quartet	37	O anima sanctissima	data/cpdl/6-voices/sources/037_o_anima_sanctissima__01_19_o_anima_sanctissima.mxl	data/cpdl/6-voices/reductions/string_quartet/037_o_anima_sanctissima.musicxml	2	4	3	3	0.370838	yes	no
cpdl_6_voice_string_quartet	37	O anima sanctissima	data/cpdl/6-voices/sources/037_o_anima_sanctissima__01_19_o_anima_sanctissima.mxl	data/cpdl/6-voices/reductions/string_quartet/037_o_anima_sanctissima.musicxml	2	5	2	2	0.475946	no	no
cpdl_6_voice_string_quartet	37	O anima sanctissima	data/cpdl/6-voices/sources/037_o_anima_sanctissima__01_19_o_anima_sanctissima.mxl	data/cpdl/6-voices/reductions/string_quartet/037_o_anima_sanctissima.musicxml	2	6	5	5	0.512712	no	no
cpdl_6_voice_string_quartet	37	O anima sanctissima	data/cpdl/6-voices/sources/037_o_anima_sanctissima__01_19_o_anima_sanctissima.mxl	data/cpdl/6-voices/reductions/string_quartet/037_o_anima_sanctissima.musicxml	2	7	0	0	0.613543	no	no
cpdl_6_voice_string_quartet	38	O Beata Mater	data/cpdl/6-voices/sources/038_o_beata_mater__02_16_o_beata_mater.mxl	data/cpdl/6-voices/reductions/string_quartet/038_o_beata_mater.musicxml	0	-5		0	0.711189	no	no
cpdl_6_voice_string_quartet	38	O Beata Mater	data/cpdl/6-voices/sources/038_o_beata_mater__02_16_o_beata_mater.mxl	data/cpdl/6-voices/reductions/string_quartet/038_o_beata_mater.musicxml	0	-4		0	0.630117	no	no
cpdl_6_voice_string_quartet	38	O Beata Mater	data/cpdl/6-voices/sources/038_o_beata_mater__02_16_o_beata_mater.mxl	data/cpdl/6-voices/reductions/string_quartet/038_o_beata_mater.musicxml	0	-3		0	0.49447	no	no
cpdl_6_voice_string_quartet	38	O Beata Mater	data/cpdl/6-voices/sources/038_o_beata_mater__02_16_o_beata_mater.mxl	data/cpdl/6-voices/reductions/string_quartet/038_o_beata_mater.musicxml	0	-2		0	0.455975	no	no
cpdl_6_voice_string_quartet	38	O Beata Mater	data/cpdl/6-voices/sources/038_o_beata_mater__02_16_o_beata_mater.mxl	data/cpdl/6-voices/reductions/string_quartet/038_o_beata_mater.musicxml	0	-1		0	0.37464	yes	no
cpdl_6_voice_string_quartet	38	O Beata Mater	data/cpdl/6-voices/sources/038_o_beata_mater__02_16_o_beata_mater.mxl	data/cpdl/6-voices/reductions/string_quartet/038_o_beata_mater.musicxml	0	0		0	0.360914	yes	yes
cpdl_6_voice_string_quartet	38	O Beata Mater	data/cpdl/6-voices/sources/038_o_beata_mater__02_16_o_beata_mater.mxl	data/cpdl/6-voices/reductions/string_quartet/038_o_beata_mater.musicxml	0	1		0	0.376891	yes	no
cpdl_6_voice_string_quartet	38	O Beata Mater	data/cpdl/6-voices/sources/038_o_beata_mater__02_16_o_beata_mater.mxl	data/cpdl/6-voices/reductions/string_quartet/038_o_beata_mater.musicxml	0	2		0	0.469858	no	no
cpdl_6_voice_string_quartet	38	O Beata Mater	data/cpdl/6-voices/sources/038_o_beata_mater__02_16_o_beata_mater.mxl	data/cpdl/6-voices/reductions/string_quartet/038_o_beata_mater.musicxml	0	3		0	0.567631	no	no
cpdl_6_voice_string_quartet	38	O Beata Mater	data/cpdl/6-voices/sources/038_o_beata_mater__02_16_o_beata_mater.mxl	data/cpdl/6-voices/reductions/string_quartet/038_o_beata_mater.musicxml	0	4		0	0.688298	no	no
cpdl_6_voice_string_quartet	38	O Beata Mater	data/cpdl/6-voices/sources/038_o_beata_mater__02_16_o_beata_mater.mxl	data/cpdl/6-voices/reductions/string_quartet/038_o_beata_mater.musicxml	0	5		0	1.07709	no	no
cpdl_6_voice_string_quartet	39	O Oriens	data/cpdl/6-voices/sources/039_o_oriens__02_05_o_oriens.mxl	data/cpdl/6-voices/reductions/string_quartet/039_o_oriens.musicxml	2	-3	2.5	3	0.995533	no	no
cpdl_6_voice_string_quartet	39	O Oriens	data/cpdl/6-voices/sources/039_o_oriens__02_05_o_oriens.mxl	data/cpdl/6-voices/reductions/string_quartet/039_o_oriens.musicxml	2	-2	2.5	3	0.741781	no	no
cpdl_6_voice_string_quartet	39	O Oriens	data/cpdl/6-voices/sources/039_o_oriens__02_05_o_oriens.mxl	data/cpdl/6-voices/reductions/string_quartet/039_o_oriens.musicxml	2	-1	4.5	5	0.562964	no	no
cpdl_6_voice_string_quartet	39	O Oriens	data/cpdl/6-voices/sources/039_o_oriens__02_05_o_oriens.mxl	data/cpdl/6-voices/reductions/string_quartet/039_o_oriens.musicxml	2	0	0.5	1	0.474638	no	no
cpdl_6_voice_string_quartet	39	O Oriens	data/cpdl/6-voices/sources/039_o_oriens__02_05_o_oriens.mxl	data/cpdl/6-voices/reductions/string_quartet/039_o_oriens.musicxml	2	1	5.5	6	0.420798	no	no
cpdl_6_voice_string_quartet	39	O Oriens	data/cpdl/6-voices/sources/039_o_oriens__02_05_o_oriens.mxl	data/cpdl/6-voices/reductions/string_quartet/039_o_oriens.musicxml	2	2	1.5	2	0.366916	yes	yes
cpdl_6_voice_string_quartet	39	O Oriens	data/cpdl/6-voices/sources/039_o_oriens__02_05_o_oriens.mxl	data/cpdl/6-voices/reductions/string_quartet/039_o_oriens.musicxml	2	3	3.5	4	0.359781	yes	no
cpdl_6_voice_string_quartet	39	O Oriens	data/cpdl/6-voices/sources/039_o_oriens__02_05_o_oriens.mxl	data/cpdl/6-voices/reductions/string_quartet/039_o_oriens.musicxml	2	4	3.5	4	0.345948	yes	no
cpdl_6_voice_string_quartet	39	O Oriens	data/cpdl/6-voices/sources/039_o_oriens__02_05_o_oriens.mxl	data/cpdl/6-voices/reductions/string_quartet/039_o_oriens.musicxml	2	5	1.5	2	0.380364	yes	no
cpdl_6_voice_string_quartet	39	O Oriens	data/cpdl/6-voices/sources/039_o_oriens__02_05_o_oriens.mxl	data/cpdl/6-voices/reductions/string_quartet/039_o_oriens.musicxml	2	6	5.5	6	0.436655	no	no
cpdl_6_voice_string_quartet	39	O Oriens	data/cpdl/6-voices/sources/039_o_oriens__02_05_o_oriens.mxl	data/cpdl/6-voices/reductions/string_quartet/039_o_oriens.musicxml	2	7	0.5	1	0.575815	no	no
cpdl_6_voice_string_quartet	40	O sacrum convivium	data/cpdl/6-voices/sources/040_o_sacrum_convivium__02_09_o_sacrum_convivium.mxl	data/cpdl/6-voices/reductions/string_quartet/040_o_sacrum_convivium.musicxml	2	-3		0	0.983029	no	no
cpdl_6_voice_string_quartet	40	O sacrum convivium	data/cpdl/6-voices/sources/040_o_sacrum_convivium__02_09_o_sacrum_convivium.mxl	data/cpdl/6-voices/reductions/string_quartet/040_o_sacrum_convivium.musicxml	2	-2		0	0.779098	no	no
cpdl_6_voice_string_quartet	40	O sacrum convivium	data/cpdl/6-voices/sources/040_o_sacrum_convivium__02_09_o_sacrum_convivium.mxl	data/cpdl/6-voices/reductions/string_quartet/040_o_sacrum_convivium.musicxml	2	-1		0	0.590339	no	no
cpdl_6_voice_string_quartet	40	O sacrum convivium	data/cpdl/6-voices/sources/040_o_sacrum_convivium__02_09_o_sacrum_convivium.mxl	data/cpdl/6-voices/reductions/string_quartet/040_o_sacrum_convivium.musicxml	2	0		0	0.473636	no	no
cpdl_6_voice_string_quartet	40	O sacrum convivium	data/cpdl/6-voices/sources/040_o_sacrum_convivium__02_09_o_sacrum_convivium.mxl	data/cpdl/6-voices/reductions/string_quartet/040_o_sacrum_convivium.musicxml	2	1		0	0.44043	yes	no
cpdl_6_voice_string_quartet	40	O sacrum convivium	data/cpdl/6-voices/sources/040_o_sacrum_convivium__02_09_o_sacrum_convivium.mxl	data/cpdl/6-voices/reductions/string_quartet/040_o_sacrum_convivium.musicxml	2	2		0	0.403984	yes	yes
cpdl_6_voice_string_quartet	40	O sacrum convivium	data/cpdl/6-voices/sources/040_o_sacrum_convivium__02_09_o_sacrum_convivium.mxl	data/cpdl/6-voices/reductions/string_quartet/040_o_sacrum_convivium.musicxml	2	3		0	0.425046	yes	no
cpdl_6_voice_string_quartet	40	O sacrum convivium	data/cpdl/6-voices/sources/040_o_sacrum_convivium__02_09_o_sacrum_convivium.mxl	data/cpdl/6-voices/reductions/string_quartet/040_o_sacrum_convivium.musicxml	2	4		0	0.441228	yes	no
cpdl_6_voice_string_quartet	40	O sacrum convivium	data/cpdl/6-voices/sources/040_o_sacrum_convivium__02_09_o_sacrum_convivium.mxl	data/cpdl/6-voices/reductions/string_quartet/040_o_sacrum_convivium.musicxml	2	5		0	0.548613	no	no
cpdl_6_voice_string_quartet	40	O sacrum convivium	data/cpdl/6-voices/sources/040_o_sacrum_convivium__02_09_o_sacrum_convivium.mxl	data/cpdl/6-voices/reductions/string_quartet/040_o_sacrum_convivium.musicxml	2	6		0	0.603537	no	no
cpdl_6_voice_string_quartet	40	O sacrum convivium	data/cpdl/6-voices/sources/040_o_sacrum_convivium__02_09_o_sacrum_convivium.mxl	data/cpdl/6-voices/reductions/string_quartet/040_o_sacrum_convivium.musicxml	2	7		0	0.779936	no	no
cpdl_6_voice_string_quartet	41	O vos omnes (1611)	data/cpdl/6-voices/sources/041_o_vos_omnes_1611__01_gesualdo_o_vos_omnes_a_6.mxl	data/cpdl/6-voices/reductions/string_quartet/041_o_vos_omnes_1611.musicxml	7	2	2	2	1.59133	no	no
cpdl_6_voice_string_quartet	41	O vos omnes (1611)	data/cpdl/6-voices/sources/041_o_vos_omnes_1611__01_gesualdo_o_vos_omnes_a_6.mxl	data/cpdl/6-voices/reductions/string_quartet/041_o_vos_omnes_1611.musicxml	7	3	3	3	1.16769	no	no
cpdl_6_voice_string_quartet	41	O vos omnes (1611)	data/cpdl/6-voices/sources/041_o_vos_omnes_1611__01_gesualdo_o_vos_omnes_a_6.mxl	data/cpdl/6-voices/reductions/string_quartet/041_o_vos_omnes_1611.musicxml	7	4	4	4	1.10367	no	no
cpdl_6_voice_string_quartet	41	O vos omnes (1611)	data/cpdl/6-voices/sources/041_o_vos_omnes_1611__01_gesualdo_o_vos_omnes_a_6.mxl	data/cpdl/6-voices/reductions/string_quartet/041_o_vos_omnes_1611.musicxml	7	5	1	1	0.832151	no	no
cpdl_6_voice_string_quartet	41	O vos omnes (1611)	data/cpdl/6-voices/sources/041_o_vos_omnes_1611__01_gesualdo_o_vos_omnes_a_6.mxl	data/cpdl/6-voices/reductions/string_quartet/041_o_vos_omnes_1611.musicxml	7	6	6	6	0.706007	no	no
cpdl_6_voice_string_quartet	41	O vos omnes (1611)	data/cpdl/6-voices/sources/041_o_vos_omnes_1611__01_gesualdo_o_vos_omnes_a_6.mxl	data/cpdl/6-voices/reductions/string_quartet/041_o_vos_omnes_1611.musicxml	7	7	1	1	0.598831	yes	yes
cpdl_6_voice_string_quartet	41	O vos omnes (1611)	data/cpdl/6-voices/sources/041_o_vos_omnes_1611__01_gesualdo_o_vos_omnes_a_6.mxl	data/cpdl/6-voices/reductions/string_quartet/041_o_vos_omnes_1611.musicxml	7	8	4	4	0.463708	yes	no
cpdl_6_voice_string_quartet	41	O vos omnes (1611)	data/cpdl/6-voices/sources/041_o_vos_omnes_1611__01_gesualdo_o_vos_omnes_a_6.mxl	data/cpdl/6-voices/reductions/string_quartet/041_o_vos_omnes_1611.musicxml	7	9	3	3	0.494533	yes	no
cpdl_6_voice_string_quartet	41	O vos omnes (1611)	data/cpdl/6-voices/sources/041_o_vos_omnes_1611__01_gesualdo_o_vos_omnes_a_6.mxl	data/cpdl/6-voices/reductions/string_quartet/041_o_vos_omnes_1611.musicxml	7	10	2	2	0.407043	yes	no
cpdl_6_voice_string_quartet	41	O vos omnes (1611)	data/cpdl/6-voices/sources/041_o_vos_omnes_1611__01_gesualdo_o_vos_omnes_a_6.mxl	data/cpdl/6-voices/reductions/string_quartet/041_o_vos_omnes_1611.musicxml	7	11	5	5	0.419781	yes	no
cpdl_6_voice_string_quartet	41	O vos omnes (1611)	data/cpdl/6-voices/sources/041_o_vos_omnes_1611__01_gesualdo_o_vos_omnes_a_6.mxl	data/cpdl/6-voices/reductions/string_quartet/041_o_vos_omnes_1611.musicxml	7	12	0	0	0.449051	yes	no
cpdl_6_voice_string_quartet	42	Plange quasi virgo	data/cpdl/6-voices/sources/042_plange_quasi_virgo__02_plange_quasi_virgo_gesualdo_tr.mxl	data/cpdl/6-voices/reductions/string_quartet/042_plange_quasi_virgo.musicxml	2	-3	0	0	0.633666	no	no
cpdl_6_voice_string_quartet	42	Plange quasi virgo	data/cpdl/6-voices/sources/042_plange_quasi_virgo__02_plange_quasi_virgo_gesualdo_tr.mxl	data/cpdl/6-voices/reductions/string_quartet/042_plange_quasi_virgo.musicxml	2	-2	5	5	0.575732	no	no
cpdl_6_voice_string_quartet	42	Plange quasi virgo	data/cpdl/6-voices/sources/042_plange_quasi_virgo__02_plange_quasi_virgo_gesualdo_tr.mxl	data/cpdl/6-voices/reductions/string_quartet/042_plange_quasi_virgo.musicxml	2	-1	2	2	0.441959	yes	no
cpdl_6_voice_string_quartet	42	Plange quasi virgo	data/cpdl/6-voices/sources/042_plange_quasi_virgo__02_plange_quasi_virgo_gesualdo_tr.mxl	data/cpdl/6-voices/reductions/string_quartet/042_plange_quasi_virgo.musicxml	2	0	3	3	0.436667	yes	no
cpdl_6_voice_string_quartet	42	Plange quasi virgo	data/cpdl/6-voices/sources/042_plange_quasi_virgo__02_plange_quasi_virgo_gesualdo_tr.mxl	data/cpdl/6-voices/reductions/string_quartet/042_plange_quasi_virgo.musicxml	2	1	4	4	0.418632	yes	no
cpdl_6_voice_string_quartet	42	Plange quasi virgo	data/cpdl/6-voices/sources/042_plange_quasi_virgo__02_plange_quasi_virgo_gesualdo_tr.mxl	data/cpdl/6-voices/reductions/string_quartet/042_plange_quasi_virgo.musicxml	2	2	1	1	0.421288	yes	yes
cpdl_6_voice_string_quartet	42	Plange quasi virgo	data/cpdl/6-voices/sources/042_plange_quasi_virgo__02_plange_quasi_virgo_gesualdo_tr.mxl	data/cpdl/6-voices/reductions/string_quartet/042_plange_quasi_virgo.musicxml	2	3	6	6	0.461421	yes	no
cpdl_6_voice_string_quartet	42	Plange quasi virgo	data/cpdl/6-voices/sources/042_plange_quasi_virgo__02_plange_quasi_virgo_gesualdo_tr.mxl	data/cpdl/6-voices/reductions/string_quartet/042_plange_quasi_virgo.musicxml	2	4	1	1	0.5245	no	no
cpdl_6_voice_string_quartet	42	Plange quasi virgo	data/cpdl/6-voices/sources/042_plange_quasi_virgo__02_plange_quasi_virgo_gesualdo_tr.mxl	data/cpdl/6-voices/reductions/string_quartet/042_plange_quasi_virgo.musicxml	2	5	4	4	0.65242	no	no
cpdl_6_voice_string_quartet	42	Plange quasi virgo	data/cpdl/6-voices/sources/042_plange_quasi_virgo__02_plange_quasi_virgo_gesualdo_tr.mxl	data/cpdl/6-voices/reductions/string_quartet/042_plange_quasi_virgo.musicxml	2	6	3	3	0.845242	no	no
cpdl_6_voice_string_quartet	42	Plange quasi virgo	data/cpdl/6-voices/sources/042_plange_quasi_virgo__02_plange_quasi_virgo_gesualdo_tr.mxl	data/cpdl/6-voices/reductions/string_quartet/042_plange_quasi_virgo.musicxml	2	7	2	2	1.21177	no	no
cpdl_6_voice_string_quartet	43	Recessit pastor noster	data/cpdl/6-voices/sources/043_recessit_pastor_noster__01_recessit_pastor_gesualdo.mid	data/cpdl/6-voices/reductions/string_quartet/043_recessit_pastor_noster.musicxml	2	-3	3	3	1.01366	no	no
cpdl_6_voice_string_quartet	43	Recessit pastor noster	data/cpdl/6-voices/sources/043_recessit_pastor_noster__01_recessit_pastor_gesualdo.mid	data/cpdl/6-voices/reductions/string_quartet/043_recessit_pastor_noster.musicxml	2	-2	2	2	0.744105	no	no
cpdl_6_voice_string_quartet	43	Recessit pastor noster	data/cpdl/6-voices/sources/043_recessit_pastor_noster__01_recessit_pastor_gesualdo.mid	data/cpdl/6-voices/reductions/string_quartet/043_recessit_pastor_noster.musicxml	2	-1	5	5	0.646739	no	no
cpdl_6_voice_string_quartet	43	Recessit pastor noster	data/cpdl/6-voices/sources/043_recessit_pastor_noster__01_recessit_pastor_gesualdo.mid	data/cpdl/6-voices/reductions/string_quartet/043_recessit_pastor_noster.musicxml	2	0	0	0	0.507991	no	no
cpdl_6_voice_string_quartet	43	Recessit pastor noster	data/cpdl/6-voices/sources/043_recessit_pastor_noster__01_recessit_pastor_gesualdo.mid	data/cpdl/6-voices/reductions/string_quartet/043_recessit_pastor_noster.musicxml	2	1	5	5	0.456095	no	no
cpdl_6_voice_string_quartet	43	Recessit pastor noster	data/cpdl/6-voices/sources/043_recessit_pastor_noster__01_recessit_pastor_gesualdo.mid	data/cpdl/6-voices/reductions/string_quartet/043_recessit_pastor_noster.musicxml	2	2	2	2	0.402198	yes	yes
cpdl_6_voice_string_quartet	43	Recessit pastor noster	data/cpdl/6-voices/sources/043_recessit_pastor_noster__01_recessit_pastor_gesualdo.mid	data/cpdl/6-voices/reductions/string_quartet/043_recessit_pastor_noster.musicxml	2	3	3	3	0.41133	yes	no
cpdl_6_voice_string_quartet	43	Recessit pastor noster	data/cpdl/6-voices/sources/043_recessit_pastor_noster__01_recessit_pastor_gesualdo.mid	data/cpdl/6-voices/reductions/string_quartet/043_recessit_pastor_noster.musicxml	2	4	4	4	0.426042	yes	no
cpdl_6_voice_string_quartet	43	Recessit pastor noster	data/cpdl/6-voices/sources/043_recessit_pastor_noster__01_recessit_pastor_gesualdo.mid	data/cpdl/6-voices/reductions/string_quartet/043_recessit_pastor_noster.musicxml	2	5	1	1	0.547129	no	no
cpdl_6_voice_string_quartet	43	Recessit pastor noster	data/cpdl/6-voices/sources/043_recessit_pastor_noster__01_recessit_pastor_gesualdo.mid	data/cpdl/6-voices/reductions/string_quartet/043_recessit_pastor_noster.musicxml	2	6	6	6	0.628672	no	no
cpdl_6_voice_string_quartet	43	Recessit pastor noster	data/cpdl/6-voices/sources/043_recessit_pastor_noster__01_recessit_pastor_gesualdo.mid	data/cpdl/6-voices/reductions/string_quartet/043_recessit_pastor_noster.musicxml	2	7	1	1	0.899991	no	no
cpdl_6_voice_string_quartet	44	Sana me Domine	data/cpdl/6-voices/sources/044_sana_me_domine__02_03_sana_me_domine.mxl	data/cpdl/6-voices/reductions/string_quartet/044_sana_me_domine.musicxml	2	-3	1.9569	2	0.945414	no	no
cpdl_6_voice_string_quartet	44	Sana me Domine	data/cpdl/6-voices/sources/044_sana_me_domine__02_03_sana_me_domine.mxl	data/cpdl/6-voices/reductions/string_quartet/044_sana_me_domine.musicxml	2	-2	3.0431	4	0.717679	no	no
cpdl_6_voice_string_quartet	44	Sana me Domine	data/cpdl/6-voices/sources/044_sana_me_domine__02_03_sana_me_domine.mxl	data/cpdl/6-voices/reductions/string_quartet/044_sana_me_domine.musicxml	2	-1	3.9569	4	0.561896	no	no
cpdl_6_voice_string_quartet	44	Sana me Domine	data/cpdl/6-voices/sources/044_sana_me_domine__02_03_sana_me_domine.mxl	data/cpdl/6-voices/reductions/string_quartet/044_sana_me_domine.musicxml	2	0	1.0431	2	0.493924	no	no
cpdl_6_voice_string_quartet	44	Sana me Domine	data/cpdl/6-voices/sources/044_sana_me_domine__02_03_sana_me_domine.mxl	data/cpdl/6-voices/reductions/string_quartet/044_sana_me_domine.musicxml	2	1	5.9569	6	0.393031	yes	no
cpdl_6_voice_string_quartet	44	Sana me Domine	data/cpdl/6-voices/sources/044_sana_me_domine__02_03_sana_me_domine.mxl	data/cpdl/6-voices/reductions/string_quartet/044_sana_me_domine.musicxml	2	2	0.956897	1	0.376322	yes	yes
cpdl_6_voice_string_quartet	44	Sana me Domine	data/cpdl/6-voices/sources/044_sana_me_domine__02_03_sana_me_domine.mxl	data/cpdl/6-voices/reductions/string_quartet/044_sana_me_domine.musicxml	2	3	4.0431	5	0.362523	yes	no
cpdl_6_voice_string_quartet	44	Sana me Domine	data/cpdl/6-voices/sources/044_sana_me_domine__02_03_sana_me_domine.mxl	data/cpdl/6-voices/reductions/string_quartet/044_sana_me_domine.musicxml	2	4	2.9569	3	0.386135	yes	no
cpdl_6_voice_string_quartet	44	Sana me Domine	data/cpdl/6-voices/sources/044_sana_me_domine__02_03_sana_me_domine.mxl	data/cpdl/6-voices/reductions/string_quartet/044_sana_me_domine.musicxml	2	5	2.0431	3	0.496731	no	no
cpdl_6_voice_string_quartet	44	Sana me Domine	data/cpdl/6-voices/sources/044_sana_me_domine__02_03_sana_me_domine.mxl	data/cpdl/6-voices/reductions/string_quartet/044_sana_me_domine.musicxml	2	6	4.9569	5	0.574364	no	no
cpdl_6_voice_string_quartet	44	Sana me Domine	data/cpdl/6-voices/sources/044_sana_me_domine__02_03_sana_me_domine.mxl	data/cpdl/6-voices/reductions/string_quartet/044_sana_me_domine.musicxml	2	7	0.0431034	1	0.866936	no	no
cpdl_6_voice_string_quartet	45	Sepulto Domino	data/cpdl/6-voices/sources/045_sepulto_domino__02_sepulto_domino_gesualdo.mxl	data/cpdl/6-voices/reductions/string_quartet/045_sepulto_domino.musicxml	3	-2	2	2	0.801074	no	no
cpdl_6_voice_string_quartet	45	Sepulto Domino	data/cpdl/6-voices/sources/045_sepulto_domino__02_sepulto_domino_gesualdo.mxl	data/cpdl/6-voices/reductions/string_quartet/045_sepulto_domino.musicxml	3	-1	5	5	0.649229	no	no
cpdl_6_voice_string_quartet	45	Sepulto Domino	data/cpdl/6-voices/sources/045_sepulto_domino__02_sepulto_domino_gesualdo.mxl	data/cpdl/6-voices/reductions/string_quartet/045_sepulto_domino.musicxml	3	0	0	0	0.498223	no	no
cpdl_6_voice_string_quartet	45	Sepulto Domino	data/cpdl/6-voices/sources/045_sepulto_domino__02_sepulto_domino_gesualdo.mxl	data/cpdl/6-voices/reductions/string_quartet/045_sepulto_domino.musicxml	3	1	5	5	0.462113	no	no
cpdl_6_voice_string_quartet	45	Sepulto Domino	data/cpdl/6-voices/sources/045_sepulto_domino__02_sepulto_domino_gesualdo.mxl	data/cpdl/6-voices/reductions/string_quartet/045_sepulto_domino.musicxml	3	2	2	2	0.392206	yes	no
cpdl_6_voice_string_quartet	45	Sepulto Domino	data/cpdl/6-voices/sources/045_sepulto_domino__02_sepulto_domino_gesualdo.mxl	data/cpdl/6-voices/reductions/string_quartet/045_sepulto_domino.musicxml	3	3	3	3	0.384105	yes	yes
cpdl_6_voice_string_quartet	45	Sepulto Domino	data/cpdl/6-voices/sources/045_sepulto_domino__02_sepulto_domino_gesualdo.mxl	data/cpdl/6-voices/reductions/string_quartet/045_sepulto_domino.musicxml	3	4	4	4	0.394274	yes	no
cpdl_6_voice_string_quartet	45	Sepulto Domino	data/cpdl/6-voices/sources/045_sepulto_domino__02_sepulto_domino_gesualdo.mxl	data/cpdl/6-voices/reductions/string_quartet/045_sepulto_domino.musicxml	3	5	1	1	0.514779	no	no
cpdl_6_voice_string_quartet	45	Sepulto Domino	data/cpdl/6-voices/sources/045_sepulto_domino__02_sepulto_domino_gesualdo.mxl	data/cpdl/6-voices/reductions/string_quartet/045_sepulto_domino.musicxml	3	6	6	6	0.596498	no	no
cpdl_6_voice_string_quartet	45	Sepulto Domino	data/cpdl/6-voices/sources/045_sepulto_domino__02_sepulto_domino_gesualdo.mxl	data/cpdl/6-voices/reductions/string_quartet/045_sepulto_domino.musicxml	3	7	1	1	0.823598	no	no
cpdl_6_voice_string_quartet	45	Sepulto Domino	data/cpdl/6-voices/sources/045_sepulto_domino__02_sepulto_domino_gesualdo.mxl	data/cpdl/6-voices/reductions/string_quartet/045_sepulto_domino.musicxml	3	8	4	4	0.889646	no	no
cpdl_6_voice_string_quartet	46	Sicut ovis ad occisionem	data/cpdl/6-voices/sources/046_sicut_ovis_ad_occisionem__02_sicut_ovis_gesualdo.mxl	data/cpdl/6-voices/reductions/string_quartet/046_sicut_ovis_ad_occisionem.musicxml	2	-3	3	3	1.05352	no	no
cpdl_6_voice_string_quartet	46	Sicut ovis ad occisionem	data/cpdl/6-voices/sources/046_sicut_ovis_ad_occisionem__02_sicut_ovis_gesualdo.mxl	data/cpdl/6-voices/reductions/string_quartet/046_sicut_ovis_ad_occisionem.musicxml	2	-2	2	2	0.832779	no	no
cpdl_6_voice_string_quartet	46	Sicut ovis ad occisionem	data/cpdl/6-voices/sources/046_sicut_ovis_ad_occisionem__02_sicut_ovis_gesualdo.mxl	data/cpdl/6-voices/reductions/string_quartet/046_sicut_ovis_ad_occisionem.musicxml	2	-1	5	5	0.669711	no	no
cpdl_6_voice_string_quartet	46	Sicut ovis ad occisionem	data/cpdl/6-voices/sources/046_sicut_ovis_ad_occisionem__02_sicut_ovis_gesualdo.mxl	data/cpdl/6-voices/reductions/string_quartet/046_sicut_ovis_ad_occisionem.musicxml	2	0	0	0	0.528575	no	no
cpdl_6_voice_string_quartet	46	Sicut ovis ad occisionem	data/cpdl/6-voices/sources/046_sicut_ovis_ad_occisionem__02_sicut_ovis_gesualdo.mxl	data/cpdl/6-voices/reductions/string_quartet/046_sicut_ovis_ad_occisionem.musicxml	2	1	5	5	0.461015	no	no
cpdl_6_voice_string_quartet	46	Sicut ovis ad occisionem	data/cpdl/6-voices/sources/046_sicut_ovis_ad_occisionem__02_sicut_ovis_gesualdo.mxl	data/cpdl/6-voices/reductions/string_quartet/046_sicut_ovis_ad_occisionem.musicxml	2	2	2	2	0.397086	yes	yes
cpdl_6_voice_string_quartet	46	Sicut ovis ad occisionem	data/cpdl/6-voices/sources/046_sicut_ovis_ad_occisionem__02_sicut_ovis_gesualdo.mxl	data/cpdl/6-voices/reductions/string_quartet/046_sicut_ovis_ad_occisionem.musicxml	2	3	3	3	0.384597	yes	no
cpdl_6_voice_string_quartet	46	Sicut ovis ad occisionem	data/cpdl/6-voices/sources/046_sicut_ovis_ad_occisionem__02_sicut_ovis_gesualdo.mxl	data/cpdl/6-voices/reductions/string_quartet/046_sicut_ovis_ad_occisionem.musicxml	2	4	4	4	0.368752	yes	no
cpdl_6_voice_string_quartet	46	Sicut ovis ad occisionem	data/cpdl/6-voices/sources/046_sicut_ovis_ad_occisionem__02_sicut_ovis_gesualdo.mxl	data/cpdl/6-voices/reductions/string_quartet/046_sicut_ovis_ad_occisionem.musicxml	2	5	1	1	0.445807	yes	no
cpdl_6_voice_string_quartet	46	Sicut ovis ad occisionem	data/cpdl/6-voices/sources/046_sicut_ovis_ad_occisionem__02_sicut_ovis_gesualdo.mxl	data/cpdl/6-voices/reductions/string_quartet/046_sicut_ovis_ad_occisionem.musicxml	2	6	6	6	0.500517	no	no
cpdl_6_voice_string_quartet	46	Sicut ovis ad occisionem	data/cpdl/6-voices/sources/046_sicut_ovis_ad_occisionem__02_sicut_ovis_gesualdo.mxl	data/cpdl/6-voices/reductions/string_quartet/046_sicut_ovis_ad_occisionem.musicxml	2	7	1	1	0.63161	no	no
cpdl_6_voice_string_quartet	50	Tenebræ factæ sunt	data/cpdl/6-voices/sources/050_tenebr_fact_sunt__01_gesualdo_tenebrae_factae_sunt.mxl	data/cpdl/6-voices/reductions/string_quartet/050_tenebr_fact_sunt.musicxml	7	2	1.00699	2	1.68021	no	no
cpdl_6_voice_string_quartet	50	Tenebræ factæ sunt	data/cpdl/6-voices/sources/050_tenebr_fact_sunt__01_gesualdo_tenebrae_factae_sunt.mxl	data/cpdl/6-voices/reductions/string_quartet/050_tenebr_fact_sunt.musicxml	7	3	3.99301	4	1.31096	no	no
cpdl_6_voice_string_quartet	50	Tenebræ factæ sunt	data/cpdl/6-voices/sources/050_tenebr_fact_sunt__01_gesualdo_tenebrae_factae_sunt.mxl	data/cpdl/6-voices/reductions/string_quartet/050_tenebr_fact_sunt.musicxml	7	4	3.00699	4	1.21634	no	no
cpdl_6_voice_string_quartet	50	Tenebræ factæ sunt	data/cpdl/6-voices/sources/050_tenebr_fact_sunt__01_gesualdo_tenebrae_factae_sunt.mxl	data/cpdl/6-voices/reductions/string_quartet/050_tenebr_fact_sunt.musicxml	7	5	1.99301	2	0.824335	no	no
cpdl_6_voice_string_quartet	50	Tenebræ factæ sunt	data/cpdl/6-voices/sources/050_tenebr_fact_sunt__01_gesualdo_tenebrae_factae_sunt.mxl	data/cpdl/6-voices/reductions/string_quartet/050_tenebr_fact_sunt.musicxml	7	6	5.00699	6	0.750077	no	no
cpdl_6_voice_string_quartet	50	Tenebræ factæ sunt	data/cpdl/6-voices/sources/050_tenebr_fact_sunt__01_gesualdo_tenebrae_factae_sunt.mxl	data/cpdl/6-voices/reductions/string_quartet/050_tenebr_fact_sunt.musicxml	7	7	0.00699301	1	0.577435	yes	yes
cpdl_6_voice_string_quartet	50	Tenebræ factæ sunt	data/cpdl/6-voices/sources/050_tenebr_fact_sunt__01_gesualdo_tenebrae_factae_sunt.mxl	data/cpdl/6-voices/reductions/string_quartet/050_tenebr_fact_sunt.musicxml	7	8	4.99301	5	0.512102	yes	no
cpdl_6_voice_string_quartet	50	Tenebræ factæ sunt	data/cpdl/6-voices/sources/050_tenebr_fact_sunt__01_gesualdo_tenebrae_factae_sunt.mxl	data/cpdl/6-voices/reductions/string_quartet/050_tenebr_fact_sunt.musicxml	7	9	2.00699	3	0.41975	yes	no
cpdl_6_voice_string_quartet	50	Tenebræ factæ sunt	data/cpdl/6-voices/sources/050_tenebr_fact_sunt__01_gesualdo_tenebrae_factae_sunt.mxl	data/cpdl/6-voices/reductions/string_quartet/050_tenebr_fact_sunt.musicxml	7	10	2.99301	3	0.391051	yes	no
cpdl_6_voice_string_quartet	50	Tenebræ factæ sunt	data/cpdl/6-voices/sources/050_tenebr_fact_sunt__01_gesualdo_tenebrae_factae_sunt.mxl	data/cpdl/6-voices/reductions/string_quartet/050_tenebr_fact_sunt.musicxml	7	11	4.00699	5	0.412742	yes	no
cpdl_6_voice_string_quartet	50	Tenebræ factæ sunt	data/cpdl/6-voices/sources/050_tenebr_fact_sunt__01_gesualdo_tenebrae_factae_sunt.mxl	data/cpdl/6-voices/reductions/string_quartet/050_tenebr_fact_sunt.musicxml	7	12	0.993007	1	0.429005	yes	no
cpdl_6_voice_string_quartet	51	Tristis est anima mea	data/cpdl/6-voices/sources/051_tristis_est_anima_mea__01_tristis_est_anima_mea_2_2_original_key.mxl	data/cpdl/6-voices/reductions/string_quartet/051_tristis_est_anima_mea.musicxml	3	-2	2	2	0.751279	no	no
cpdl_6_voice_string_quartet	51	Tristis est anima mea	data/cpdl/6-voices/sources/051_tristis_est_anima_mea__01_tristis_est_anima_mea_2_2_original_key.mxl	data/cpdl/6-voices/reductions/string_quartet/051_tristis_est_anima_mea.musicxml	3	-1	5	5	0.609192	no	no
cpdl_6_voice_string_quartet	51	Tristis est anima mea	data/cpdl/6-voices/sources/051_tristis_est_anima_mea__01_tristis_est_anima_mea_2_2_original_key.mxl	data/cpdl/6-voices/reductions/string_quartet/051_tristis_est_anima_mea.musicxml	3	0	0	0	0.481349	no	no
cpdl_6_voice_string_quartet	51	Tristis est anima mea	data/cpdl/6-voices/sources/051_tristis_est_anima_mea__01_tristis_est_anima_mea_2_2_original_key.mxl	data/cpdl/6-voices/reductions/string_quartet/051_tristis_est_anima_mea.musicxml	3	1	5	5	0.445288	no	no
cpdl_6_voice_string_quartet	51	Tristis est anima mea	data/cpdl/6-voices/sources/051_tristis_est_anima_mea__01_tristis_est_anima_mea_2_2_original_key.mxl	data/cpdl/6-voices/reductions/string_quartet/051_tristis_est_anima_mea.musicxml	3	2	2	2	0.354894	yes	no
cpdl_6_voice_string_quartet	51	Tristis est anima mea	data/cpdl/6-voices/sources/051_tristis_est_anima_mea__01_tristis_est_anima_mea_2_2_original_key.mxl	data/cpdl/6-voices/reductions/string_quartet/051_tristis_est_anima_mea.musicxml	3	3	3	3	0.338486	yes	yes
cpdl_6_voice_string_quartet	51	Tristis est anima mea	data/cpdl/6-voices/sources/051_tristis_est_anima_mea__01_tristis_est_anima_mea_2_2_original_key.mxl	data/cpdl/6-voices/reductions/string_quartet/051_tristis_est_anima_mea.musicxml	3	4	4	4	0.353794	yes	no
cpdl_6_voice_string_quartet	51	Tristis est anima mea	data/cpdl/6-voices/sources/051_tristis_est_anima_mea__01_tristis_est_anima_mea_2_2_original_key.mxl	data/cpdl/6-voices/reductions/string_quartet/051_tristis_est_anima_mea.musicxml	3	5	1	1	0.465181	no	no
cpdl_6_voice_string_quartet	51	Tristis est anima mea	data/cpdl/6-voices/sources/051_tristis_est_anima_mea__01_tristis_est_anima_mea_2_2_original_key.mxl	data/cpdl/6-voices/reductions/string_quartet/051_tristis_est_anima_mea.musicxml	3	6	6	6	0.511494	no	no
cpdl_6_voice_string_quartet	51	Tristis est anima mea	data/cpdl/6-voices/sources/051_tristis_est_anima_mea__01_tristis_est_anima_mea_2_2_original_key.mxl	data/cpdl/6-voices/reductions/string_quartet/051_tristis_est_anima_mea.musicxml	3	7	1	1	0.595556	no	no
cpdl_6_voice_string_quartet	51	Tristis est anima mea	data/cpdl/6-voices/sources/051_tristis_est_anima_mea__01_tristis_est_anima_mea_2_2_original_key.mxl	data/cpdl/6-voices/reductions/string_quartet/051_tristis_est_anima_mea.musicxml	3	8	4	4	0.677155	no	no
cpdl_6_voice_string_quartet	52	Veni Creator Spiritus, reple	data/cpdl/6-voices/sources/052_veni_creator_spiritus_reple__02_08_veni_creator_spiritus.mxl	data/cpdl/6-voices/reductions/string_quartet/052_veni_creator_spiritus_reple.musicxml	0	-5	2	2	1.07829	no	no
cpdl_6_voice_string_quartet	52	Veni Creator Spiritus, reple	data/cpdl/6-voices/sources/052_veni_creator_spiritus_reple__02_08_veni_creator_spiritus.mxl	data/cpdl/6-voices/reductions/string_quartet/052_veni_creator_spiritus_reple.musicxml	0	-4	3	3	0.802679	no	no
cpdl_6_voice_string_quartet	52	Veni Creator Spiritus, reple	data/cpdl/6-voices/sources/052_veni_creator_spiritus_reple__02_08_veni_creator_spiritus.mxl	data/cpdl/6-voices/reductions/string_quartet/052_veni_creator_spiritus_reple.musicxml	0	-3	4	4	0.664885	no	no
cpdl_6_voice_string_quartet	52	Veni Creator Spiritus, reple	data/cpdl/6-voices/sources/052_veni_creator_spiritus_reple__02_08_veni_creator_spiritus.mxl	data/cpdl/6-voices/reductions/string_quartet/052_veni_creator_spiritus_reple.musicxml	0	-2	1	1	0.526361	no	no
cpdl_6_voice_string_quartet	52	Veni Creator Spiritus, reple	data/cpdl/6-voices/sources/052_veni_creator_spiritus_reple__02_08_veni_creator_spiritus.mxl	data/cpdl/6-voices/reductions/string_quartet/052_veni_creator_spiritus_reple.musicxml	0	-1	6	6	0.418521	no	no
cpdl_6_voice_string_quartet	52	Veni Creator Spiritus, reple	data/cpdl/6-voices/sources/052_veni_creator_spiritus_reple__02_08_veni_creator_spiritus.mxl	data/cpdl/6-voices/reductions/string_quartet/052_veni_creator_spiritus_reple.musicxml	0	0	1	1	0.356387	yes	yes
cpdl_6_voice_string_quartet	52	Veni Creator Spiritus, reple	data/cpdl/6-voices/sources/052_veni_creator_spiritus_reple__02_08_veni_creator_spiritus.mxl	data/cpdl/6-voices/reductions/string_quartet/052_veni_creator_spiritus_reple.musicxml	0	1	4	4	0.3474	yes	no
cpdl_6_voice_string_quartet	52	Veni Creator Spiritus, reple	data/cpdl/6-voices/sources/052_veni_creator_spiritus_reple__02_08_veni_creator_spiritus.mxl	data/cpdl/6-voices/reductions/string_quartet/052_veni_creator_spiritus_reple.musicxml	0	2	3	3	0.39718	yes	no
cpdl_6_voice_string_quartet	52	Veni Creator Spiritus, reple	data/cpdl/6-voices/sources/052_veni_creator_spiritus_reple__02_08_veni_creator_spiritus.mxl	data/cpdl/6-voices/reductions/string_quartet/052_veni_creator_spiritus_reple.musicxml	0	3	2	2	0.447898	no	no
cpdl_6_voice_string_quartet	52	Veni Creator Spiritus, reple	data/cpdl/6-voices/sources/052_veni_creator_spiritus_reple__02_08_veni_creator_spiritus.mxl	data/cpdl/6-voices/reductions/string_quartet/052_veni_creator_spiritus_reple.musicxml	0	4	5	5	0.517206	no	no
cpdl_6_voice_string_quartet	52	Veni Creator Spiritus, reple	data/cpdl/6-voices/sources/052_veni_creator_spiritus_reple__02_08_veni_creator_spiritus.mxl	data/cpdl/6-voices/reductions/string_quartet/052_veni_creator_spiritus_reple.musicxml	0	5	0	0	0.715297	no	no
cpdl_6_voice_string_quartet	53	Veni sponsa Christi	data/cpdl/6-voices/sources/053_veni_sponsa_christi__01_11_veni_sponsa_christi.mxl	data/cpdl/6-voices/reductions/string_quartet/053_veni_sponsa_christi.musicxml	2	-3	2	2	1.112	no	no
cpdl_6_voice_string_quartet	53	Veni sponsa Christi	data/cpdl/6-voices/sources/053_veni_sponsa_christi__01_11_veni_sponsa_christi.mxl	data/cpdl/6-voices/reductions/string_quartet/053_veni_sponsa_christi.musicxml	2	-2	3	3	0.813862	no	no
cpdl_6_voice_string_quartet	53	Veni sponsa Christi	data/cpdl/6-voices/sources/053_veni_sponsa_christi__01_11_veni_sponsa_christi.mxl	data/cpdl/6-voices/reductions/string_quartet/053_veni_sponsa_christi.musicxml	2	-1	4	4	0.58736	no	no
cpdl_6_voice_string_quartet	53	Veni sponsa Christi	data/cpdl/6-voices/sources/053_veni_sponsa_christi__01_11_veni_sponsa_christi.mxl	data/cpdl/6-voices/reductions/string_quartet/053_veni_sponsa_christi.musicxml	2	0	1	1	0.476523	no	no
cpdl_6_voice_string_quartet	53	Veni sponsa Christi	data/cpdl/6-voices/sources/053_veni_sponsa_christi__01_11_veni_sponsa_christi.mxl	data/cpdl/6-voices/reductions/string_quartet/053_veni_sponsa_christi.musicxml	2	1	6	6	0.395895	yes	no
cpdl_6_voice_string_quartet	53	Veni sponsa Christi	data/cpdl/6-voices/sources/053_veni_sponsa_christi__01_11_veni_sponsa_christi.mxl	data/cpdl/6-voices/reductions/string_quartet/053_veni_sponsa_christi.musicxml	2	2	1	1	0.376437	yes	yes
cpdl_6_voice_string_quartet	53	Veni sponsa Christi	data/cpdl/6-voices/sources/053_veni_sponsa_christi__01_11_veni_sponsa_christi.mxl	data/cpdl/6-voices/reductions/string_quartet/053_veni_sponsa_christi.musicxml	2	3	4	4	0.379944	yes	no
cpdl_6_voice_string_quartet	53	Veni sponsa Christi	data/cpdl/6-voices/sources/053_veni_sponsa_christi__01_11_veni_sponsa_christi.mxl	data/cpdl/6-voices/reductions/string_quartet/053_veni_sponsa_christi.musicxml	2	4	3	3	0.38039	yes	no
cpdl_6_voice_string_quartet	53	Veni sponsa Christi	data/cpdl/6-voices/sources/053_veni_sponsa_christi__01_11_veni_sponsa_christi.mxl	data/cpdl/6-voices/reductions/string_quartet/053_veni_sponsa_christi.musicxml	2	5	2	2	0.432177	no	no
cpdl_6_voice_string_quartet	53	Veni sponsa Christi	data/cpdl/6-voices/sources/053_veni_sponsa_christi__01_11_veni_sponsa_christi.mxl	data/cpdl/6-voices/reductions/string_quartet/053_veni_sponsa_christi.musicxml	2	6	5	5	0.454849	no	no
cpdl_6_voice_string_quartet	53	Veni sponsa Christi	data/cpdl/6-voices/sources/053_veni_sponsa_christi__01_11_veni_sponsa_christi.mxl	data/cpdl/6-voices/reductions/string_quartet/053_veni_sponsa_christi.musicxml	2	7	0	0	0.56237	no	no
cpdl_6_voice_string_quartet	54	Verba mea	data/cpdl/6-voices/sources/054_verba_mea__02_13_verba_mea.mxl	data/cpdl/6-voices/reductions/string_quartet/054_verba_mea.musicxml	2	-3		0	1.08804	no	no
cpdl_6_voice_string_quartet	54	Verba mea	data/cpdl/6-voices/sources/054_verba_mea__02_13_verba_mea.mxl	data/cpdl/6-voices/reductions/string_quartet/054_verba_mea.musicxml	2	-2		0	0.832509	no	no
cpdl_6_voice_string_quartet	54	Verba mea	data/cpdl/6-voices/sources/054_verba_mea__02_13_verba_mea.mxl	data/cpdl/6-voices/reductions/string_quartet/054_verba_mea.musicxml	2	-1		0	0.67152	no	no
cpdl_6_voice_string_quartet	54	Verba mea	data/cpdl/6-voices/sources/054_verba_mea__02_13_verba_mea.mxl	data/cpdl/6-voices/reductions/string_quartet/054_verba_mea.musicxml	2	0		0	0.545429	no	no
cpdl_6_voice_string_quartet	54	Verba mea	data/cpdl/6-voices/sources/054_verba_mea__02_13_verba_mea.mxl	data/cpdl/6-voices/reductions/string_quartet/054_verba_mea.musicxml	2	1		0	0.513161	no	no
cpdl_6_voice_string_quartet	54	Verba mea	data/cpdl/6-voices/sources/054_verba_mea__02_13_verba_mea.mxl	data/cpdl/6-voices/reductions/string_quartet/054_verba_mea.musicxml	2	2		0	0.419055	yes	yes
cpdl_6_voice_string_quartet	54	Verba mea	data/cpdl/6-voices/sources/054_verba_mea__02_13_verba_mea.mxl	data/cpdl/6-voices/reductions/string_quartet/054_verba_mea.musicxml	2	3		0	0.422045	yes	no
cpdl_6_voice_string_quartet	54	Verba mea	data/cpdl/6-voices/sources/054_verba_mea__02_13_verba_mea.mxl	data/cpdl/6-voices/reductions/string_quartet/054_verba_mea.musicxml	2	4		0	0.434753	yes	no
cpdl_6_voice_string_quartet	54	Verba mea	data/cpdl/6-voices/sources/054_verba_mea__02_13_verba_mea.mxl	data/cpdl/6-voices/reductions/string_quartet/054_verba_mea.musicxml	2	5		0	0.541426	no	no
cpdl_6_voice_string_quartet	54	Verba mea	data/cpdl/6-voices/sources/054_verba_mea__02_13_verba_mea.mxl	data/cpdl/6-voices/reductions/string_quartet/054_verba_mea.musicxml	2	6		0	0.579864	no	no
cpdl_6_voice_string_quartet	54	Verba mea	data/cpdl/6-voices/sources/054_verba_mea__02_13_verba_mea.mxl	data/cpdl/6-voices/reductions/string_quartet/054_verba_mea.musicxml	2	7		0	0.761868	no	no
cpdl_6_voice_string_quartet	55	Virgo benedicta	data/cpdl/6-voices/sources/055_virgo_benedicta__01_01_virgo_benedicta.mxl	data/cpdl/6-voices/reductions/string_quartet/055_virgo_benedicta.musicxml	2	-3	3	3	1.08611	no	no
cpdl_6_voice_string_quartet	55	Virgo benedicta	data/cpdl/6-voices/sources/055_virgo_benedicta__01_01_virgo_benedicta.mxl	data/cpdl/6-voices/reductions/string_quartet/055_virgo_benedicta.musicxml	2	-2	2	2	0.780797	no	no
cpdl_6_voice_string_quartet	55	Virgo benedicta	data/cpdl/6-voices/sources/055_virgo_benedicta__01_01_virgo_benedicta.mxl	data/cpdl/6-voices/reductions/string_quartet/055_virgo_benedicta.musicxml	2	-1	5	5	0.628537	no	no
cpdl_6_voice_string_quartet	55	Virgo benedicta	data/cpdl/6-voices/sources/055_virgo_benedicta__01_01_virgo_benedicta.mxl	data/cpdl/6-voices/reductions/string_quartet/055_virgo_benedicta.musicxml	2	0	0	0	0.559537	no	no
cpdl_6_voice_string_quartet	55	Virgo benedicta	data/cpdl/6-voices/sources/055_virgo_benedicta__01_01_virgo_benedicta.mxl	data/cpdl/6-voices/reductions/string_quartet/055_virgo_benedicta.musicxml	2	1	5	5	0.507256	no	no
cpdl_6_voice_string_quartet	55	Virgo benedicta	data/cpdl/6-voices/sources/055_virgo_benedicta__01_01_virgo_benedicta.mxl	data/cpdl/6-voices/reductions/string_quartet/055_virgo_benedicta.musicxml	2	2	2	2	0.428441	yes	yes
cpdl_6_voice_string_quartet	55	Virgo benedicta	data/cpdl/6-voices/sources/055_virgo_benedicta__01_01_virgo_benedicta.mxl	data/cpdl/6-voices/reductions/string_quartet/055_virgo_benedicta.musicxml	2	3	3	3	0.424718	yes	no
cpdl_6_voice_string_quartet	55	Virgo benedicta	data/cpdl/6-voices/sources/055_virgo_benedicta__01_01_virgo_benedicta.mxl	data/cpdl/6-voices/reductions/string_quartet/055_virgo_benedicta.musicxml	2	4	4	4	0.398596	yes	no
cpdl_6_voice_string_quartet	55	Virgo benedicta	data/cpdl/6-voices/sources/055_virgo_benedicta__01_01_virgo_benedicta.mxl	data/cpdl/6-voices/reductions/string_quartet/055_virgo_benedicta.musicxml	2	5	1	1	0.474796	yes	no
cpdl_6_voice_string_quartet	55	Virgo benedicta	data/cpdl/6-voices/sources/055_virgo_benedicta__01_01_virgo_benedicta.mxl	data/cpdl/6-voices/reductions/string_quartet/055_virgo_benedicta.musicxml	2	6	6	6	0.496418	no	no
cpdl_6_voice_string_quartet	55	Virgo benedicta	data/cpdl/6-voices/sources/055_virgo_benedicta__01_01_virgo_benedicta.mxl	data/cpdl/6-voices/reductions/string_quartet/055_virgo_benedicta.musicxml	2	7	1	1	0.627319	no	no
cpdl_6_voice_string_quartet	172	Donna, se m'ancidete	data/cpdl/6-voices/sources/172_donna_se_m_ancidete__01_gesualdo_donna_se_m_ancidete.mxl	data/cpdl/6-voices/reductions/string_quartet/172_donna_se_m_ancidete.musicxml	0	-5	0	0	0.886159	no	no
cpdl_6_voice_string_quartet	172	Donna, se m'ancidete	data/cpdl/6-voices/sources/172_donna_se_m_ancidete__01_gesualdo_donna_se_m_ancidete.mxl	data/cpdl/6-voices/reductions/string_quartet/172_donna_se_m_ancidete.musicxml	0	-4	5	5	0.724233	no	no
cpdl_6_voice_string_quartet	172	Donna, se m'ancidete	data/cpdl/6-voices/sources/172_donna_se_m_ancidete__01_gesualdo_donna_se_m_ancidete.mxl	data/cpdl/6-voices/reductions/string_quartet/172_donna_se_m_ancidete.musicxml	0	-3	2	2	0.570519	no	no
cpdl_6_voice_string_quartet	172	Donna, se m'ancidete	data/cpdl/6-voices/sources/172_donna_se_m_ancidete__01_gesualdo_donna_se_m_ancidete.mxl	data/cpdl/6-voices/reductions/string_quartet/172_donna_se_m_ancidete.musicxml	0	-2	3	3	0.516508	no	no
cpdl_6_voice_string_quartet	172	Donna, se m'ancidete	data/cpdl/6-voices/sources/172_donna_se_m_ancidete__01_gesualdo_donna_se_m_ancidete.mxl	data/cpdl/6-voices/reductions/string_quartet/172_donna_se_m_ancidete.musicxml	0	-1	4	4	0.362085	yes	no
cpdl_6_voice_string_quartet	172	Donna, se m'ancidete	data/cpdl/6-voices/sources/172_donna_se_m_ancidete__01_gesualdo_donna_se_m_ancidete.mxl	data/cpdl/6-voices/reductions/string_quartet/172_donna_se_m_ancidete.musicxml	0	0	1	1	0.352206	yes	yes
cpdl_6_voice_string_quartet	172	Donna, se m'ancidete	data/cpdl/6-voices/sources/172_donna_se_m_ancidete__01_gesualdo_donna_se_m_ancidete.mxl	data/cpdl/6-voices/reductions/string_quartet/172_donna_se_m_ancidete.musicxml	0	1	6	6	0.367782	yes	no
cpdl_6_voice_string_quartet	172	Donna, se m'ancidete	data/cpdl/6-voices/sources/172_donna_se_m_ancidete__01_gesualdo_donna_se_m_ancidete.mxl	data/cpdl/6-voices/reductions/string_quartet/172_donna_se_m_ancidete.musicxml	0	2	1	1	0.395162	yes	no
cpdl_6_voice_string_quartet	172	Donna, se m'ancidete	data/cpdl/6-voices/sources/172_donna_se_m_ancidete__01_gesualdo_donna_se_m_ancidete.mxl	data/cpdl/6-voices/reductions/string_quartet/172_donna_se_m_ancidete.musicxml	0	3	4	4	0.434623	no	no
cpdl_6_voice_string_quartet	172	Donna, se m'ancidete	data/cpdl/6-voices/sources/172_donna_se_m_ancidete__01_gesualdo_donna_se_m_ancidete.mxl	data/cpdl/6-voices/reductions/string_quartet/172_donna_se_m_ancidete.musicxml	0	4	3	3	0.579031	no	no
cpdl_6_voice_string_quartet	172	Donna, se m'ancidete	data/cpdl/6-voices/sources/172_donna_se_m_ancidete__01_gesualdo_donna_se_m_ancidete.mxl	data/cpdl/6-voices/reductions/string_quartet/172_donna_se_m_ancidete.musicxml	0	5	2	2	0.678065	no	no
cpdl_6_voice_string_quartet	173	Il sol, qual or più splende	data/cpdl/6-voices/sources/173_il_sol_qual_or_piu_splende__01_il_sol_qual_or_piu_splende.mxl	data/cpdl/6-voices/reductions/string_quartet/173_il_sol_qual_or_pi_splende.musicxml	0	-5	1	1	0.642559	no	no
cpdl_6_voice_string_quartet	173	Il sol, qual or più splende	data/cpdl/6-voices/sources/173_il_sol_qual_or_piu_splende__01_il_sol_qual_or_piu_splende.mxl	data/cpdl/6-voices/reductions/string_quartet/173_il_sol_qual_or_pi_splende.musicxml	0	-4	4	4	0.551688	no	no
cpdl_6_voice_string_quartet	173	Il sol, qual or più splende	data/cpdl/6-voices/sources/173_il_sol_qual_or_piu_splende__01_il_sol_qual_or_piu_splende.mxl	data/cpdl/6-voices/reductions/string_quartet/173_il_sol_qual_or_pi_splende.musicxml	0	-3	3	3	0.415596	no	no
cpdl_6_voice_string_quartet	173	Il sol, qual or più splende	data/cpdl/6-voices/sources/173_il_sol_qual_or_piu_splende__01_il_sol_qual_or_piu_splende.mxl	data/cpdl/6-voices/reductions/string_quartet/173_il_sol_qual_or_pi_splende.musicxml	0	-2	2	2	0.372591	no	no
cpdl_6_voice_string_quartet	173	Il sol, qual or più splende	data/cpdl/6-voices/sources/173_il_sol_qual_or_piu_splende__01_il_sol_qual_or_piu_splende.mxl	data/cpdl/6-voices/reductions/string_quartet/173_il_sol_qual_or_pi_splende.musicxml	0	-1	5	5	0.316364	yes	no
cpdl_6_voice_string_quartet	173	Il sol, qual or più splende	data/cpdl/6-voices/sources/173_il_sol_qual_or_piu_splende__01_il_sol_qual_or_piu_splende.mxl	data/cpdl/6-voices/reductions/string_quartet/173_il_sol_qual_or_pi_splende.musicxml	0	0	0	0	0.295755	yes	yes
cpdl_6_voice_string_quartet	173	Il sol, qual or più splende	data/cpdl/6-voices/sources/173_il_sol_qual_or_piu_splende__01_il_sol_qual_or_piu_splende.mxl	data/cpdl/6-voices/reductions/string_quartet/173_il_sol_qual_or_pi_splende.musicxml	0	1	5	5	0.329922	yes	no
cpdl_6_voice_string_quartet	173	Il sol, qual or più splende	data/cpdl/6-voices/sources/173_il_sol_qual_or_piu_splende__01_il_sol_qual_or_piu_splende.mxl	data/cpdl/6-voices/reductions/string_quartet/173_il_sol_qual_or_pi_splende.musicxml	0	2	2	2	0.461757	no	no
cpdl_6_voice_string_quartet	173	Il sol, qual or più splende	data/cpdl/6-voices/sources/173_il_sol_qual_or_piu_splende__01_il_sol_qual_or_piu_splende.mxl	data/cpdl/6-voices/reductions/string_quartet/173_il_sol_qual_or_pi_splende.musicxml	0	3	3	3	0.539036	no	no
cpdl_6_voice_string_quartet	173	Il sol, qual or più splende	data/cpdl/6-voices/sources/173_il_sol_qual_or_piu_splende__01_il_sol_qual_or_piu_splende.mxl	data/cpdl/6-voices/reductions/string_quartet/173_il_sol_qual_or_pi_splende.musicxml	0	4	4	4	0.606043	no	no
cpdl_6_voice_string_quartet	173	Il sol, qual or più splende	data/cpdl/6-voices/sources/173_il_sol_qual_or_piu_splende__01_il_sol_qual_or_piu_splende.mxl	data/cpdl/6-voices/reductions/string_quartet/173_il_sol_qual_or_pi_splende.musicxml	0	5	1	1	0.834309	no	no
