work_index	section	work_title	work_url	download_index	format	local_path	download_url	source_filename
1	Sacred works for four voices	In te Domine speravi	https://test.cpdl.org/wiki/index.php/In_te_Domine_speravi_(Carlo_Gesualdo)	1	mid	data/cpdl/4-voices/sources/001_in_te_domine_speravi__01_gesu_int.mid	https://test.cpdl.org/wiki/images/d/d9/Gesu-int.MID	Gesu-int.MID
1	Sacred works for four voices	In te Domine speravi	https://test.cpdl.org/wiki/index.php/In_te_Domine_speravi_(Carlo_Gesualdo)	2	mxl	data/cpdl/4-voices/sources/001_in_te_domine_speravi__02_gesu_int.mxl	https://test.cpdl.org/wiki/images/8/86/Gesu-int.mxl	Gesu-int.mxl
2	Sacred works for five voices	Ave Regina coelorum	https://test.cpdl.org/wiki/index.php/Ave_Regina_coelorum_(Carlo_Gesualdo)	1	mid	data/cpdl/5-voices/sources/002_ave_regina_coelorum__01_gesualdo_ave_regina_coelorum.mid	https://test.cpdl.org/wiki/images/4/44/Gesualdo-Ave_Regina_coelorum.mid	Gesualdo-Ave_Regina_coelorum.mid
2	Sacred works for five voices	Ave Regina coelorum	https://test.cpdl.org/wiki/index.php/Ave_Regina_coelorum_(Carlo_Gesualdo)	2	mxl	data/cpdl/5-voices/sources/002_ave_regina_coelorum__02_gesualdo_ave_regina_coelorum.mxl	https://test.cpdl.org/wiki/images/3/30/Gesualdo-Ave_Regina_coelorum.mxl	Gesualdo-Ave_Regina_coelorum.mxl
3	Sacred works for five voices	Ave, dulcissima Maria	https://test.cpdl.org/wiki/index.php/Ave,_dulcissima_Maria_(Carlo_Gesualdo)	1	mid	data/cpdl/5-voices/sources/003_ave_dulcissima_maria__01_ave_dulcissima_maria_gesualdo.mid	https://test.cpdl.org/wiki/images/f/f5/Ave_dulcissima_Maria_Gesualdo.mid	Ave_dulcissima_Maria_Gesualdo.mid
3	Sacred works for five voices	Ave, dulcissima Maria	https://test.cpdl.org/wiki/index.php/Ave,_dulcissima_Maria_(Carlo_Gesualdo)	2	mxl	data/cpdl/5-voices/sources/003_ave_dulcissima_maria__02_ave_dulcissima_maria_gesualdo.mxl	https://test.cpdl.org/wiki/images/d/dd/Ave_dulcissima_Maria_Gesualdo.mxl	Ave_dulcissima_Maria_Gesualdo.mxl
3	Sacred works for five voices	Ave, dulcissima Maria	https://test.cpdl.org/wiki/index.php/Ave,_dulcissima_Maria_(Carlo_Gesualdo)	3	mid	data/cpdl/5-voices/sources/003_ave_dulcissima_maria__03_gesualdo_ave_dulcissima_maria.mid	https://test.cpdl.org/wiki/images/3/3c/Gesualdo_-_Ave%2C_dulcissima_Maria.mid	Gesualdo_-_Ave,_dulcissima_Maria.mid
3	Sacred works for five voices	Ave, dulcissima Maria	https://test.cpdl.org/wiki/index.php/Ave,_dulcissima_Maria_(Carlo_Gesualdo)	4	mxl	data/cpdl/5-voices/sources/003_ave_dulcissima_maria__04_gesualdo_ave_dulcissima_maria.mxl	https://test.cpdl.org/wiki/images/5/5e/Gesualdo_-_Ave%2C_dulcissima_Maria.mxl	Gesualdo_-_Ave,_dulcissima_Maria.mxl
4	Sacred works for five voices	Deus refugium et virtus	https://test.cpdl.org/wiki/index.php/Deus_refugium_et_virtus_(Carlo_Gesualdo)	1	mid	data/cpdl/5-voices/sources/004_deus_refugium_et_virtus__01_gesualdo_deus_refugium.mid	https://test.cpdl.org/wiki/images/0/05/Gesualdo-Deus_refugium.mid	Gesualdo-Deus_refugium.mid
4	Sacred works for five voices	Deus refugium et virtus	https://test.cpdl.org/wiki/index.php/Deus_refugium_et_virtus_(Carlo_Gesualdo)	2	mxl	data/cpdl/5-voices/sources/004_deus_refugium_et_virtus__02_gesualdo_deus_refugium.mxl	https://test.cpdl.org/wiki/images/8/86/Gesualdo-Deus_refugium.mxl	Gesualdo-Deus_refugium.mxl
5	Sacred works for five voices	Dignare me	https://test.cpdl.org/wiki/index.php/Dignare_me_(Carlo_Gesualdo)	1	mid	data/cpdl/5-voices/sources/005_dignare_me__01_gesualdo_dignare_me.mid	https://test.cpdl.org/wiki/images/f/f3/Gesualdo-Dignare_me.mid	Gesualdo-Dignare_me.mid
5	Sacred works for five voices	Dignare me	https://test.cpdl.org/wiki/index.php/Dignare_me_(Carlo_Gesualdo)	2	mxl	data/cpdl/5-voices/sources/005_dignare_me__02_gesualdo_dignare_me.mxl	https://test.cpdl.org/wiki/images/a/a7/Gesualdo-Dignare_me.mxl	Gesualdo-Dignare_me.mxl
6	Sacred works for five voices	Domine ne despicias	https://test.cpdl.org/wiki/index.php/Domine_ne_despicias_(Carlo_Gesualdo)	1	mid	data/cpdl/5-voices/sources/006_domine_ne_despicias__01_gesualdo_domine_ne_despicias.mid	https://test.cpdl.org/wiki/images/9/96/Gesualdo-Domine_ne_despicias.mid	Gesualdo-Domine_ne_despicias.mid
6	Sacred works for five voices	Domine ne despicias	https://test.cpdl.org/wiki/index.php/Domine_ne_despicias_(Carlo_Gesualdo)	2	mxl	data/cpdl/5-voices/sources/006_domine_ne_despicias__02_gesualdo_domine_ne_despicias.mxl	https://test.cpdl.org/wiki/images/7/7c/Gesualdo-Domine_ne_despicias.mxl	Gesualdo-Domine_ne_despicias.mxl
7	Sacred works for five voices	Exaudi Deus	https://test.cpdl.org/wiki/index.php/Exaudi_Deus_(Carlo_Gesualdo)	1	mid	data/cpdl/5-voices/sources/007_exaudi_deus__01_gesualdo_exaudi_deus.mid	https://test.cpdl.org/wiki/images/2/2b/Gesualdo-Exaudi_Deus.mid	Gesualdo-Exaudi_Deus.mid
7	Sacred works for five voices	Exaudi Deus	https://test.cpdl.org/wiki/index.php/Exaudi_Deus_(Carlo_Gesualdo)	2	mxl	data/cpdl/5-voices/sources/007_exaudi_deus__02_gesualdo_exaudi_deus.mxl	https://test.cpdl.org/wiki/images/5/5d/Gesualdo-Exaudi_Deus.mxl	Gesualdo-Exaudi_Deus.mxl
8	Sacred works for five voices	Hei mihi, Domine	https://test.cpdl.org/wiki/index.php/Hei_mihi,_Domine_(Carlo_Gesualdo)	1	mid	data/cpdl/5-voices/sources/008_hei_mihi_domine__01_gesu_hei.mid	https://test.cpdl.org/wiki/images/b/b9/Gesu-hei.MID	Gesu-hei.MID
8	Sacred works for five voices	Hei mihi, Domine	https://test.cpdl.org/wiki/index.php/Hei_mihi,_Domine_(Carlo_Gesualdo)	2	mxl	data/cpdl/5-voices/sources/008_hei_mihi_domine__02_gesu_hei.mxl	https://test.cpdl.org/wiki/images/f/f8/Gesu-hei.mxl	Gesu-hei.mxl
9	Sacred works for five voices	Illumina faciem tuam	https://test.cpdl.org/wiki/index.php/Illumina_faciem_tuam_(Carlo_Gesualdo)	1	mid	data/cpdl/5-voices/sources/009_illumina_faciem_tuam__01_illumina_faciem_tuam_gesualdo.mid	https://test.cpdl.org/wiki/images/9/90/Illumina_faciem_tuam_Gesualdo.mid	Illumina_faciem_tuam_Gesualdo.mid
9	Sacred works for five voices	Illumina faciem tuam	https://test.cpdl.org/wiki/index.php/Illumina_faciem_tuam_(Carlo_Gesualdo)	2	mxl	data/cpdl/5-voices/sources/009_illumina_faciem_tuam__02_illumina_faciem_tuam_gesualdo.mxl	https://test.cpdl.org/wiki/images/1/18/Illumina_faciem_tuam_Gesualdo.mxl	Illumina_faciem_tuam_Gesualdo.mxl
9	Sacred works for five voices	Illumina faciem tuam	https://test.cpdl.org/wiki/index.php/Illumina_faciem_tuam_(Carlo_Gesualdo)	3	mid	data/cpdl/5-voices/sources/009_illumina_faciem_tuam__03_gesualdo_illumina_faciem_tuam.mid	https://test.cpdl.org/wiki/images/d/d9/Gesualdo_-_Illumina_faciem_tuam.mid	Gesualdo_-_Illumina_faciem_tuam.mid
9	Sacred works for five voices	Illumina faciem tuam	https://test.cpdl.org/wiki/index.php/Illumina_faciem_tuam_(Carlo_Gesualdo)	4	mxl	data/cpdl/5-voices/sources/009_illumina_faciem_tuam__04_gesualdo_illumina_faciem_tuam.mxl	https://test.cpdl.org/wiki/images/8/86/Gesualdo_-_Illumina_faciem_tuam.mxl	Gesualdo_-_Illumina_faciem_tuam.mxl
10	Sacred works for five voices	Laboravi in gemitu meo	https://test.cpdl.org/wiki/index.php/Laboravi_in_gemitu_meo_(Carlo_Gesualdo)	1	mid	data/cpdl/5-voices/sources/010_laboravi_in_gemitu_meo__01_gesualdo_laboravi.mid	https://test.cpdl.org/wiki/images/8/85/Gesualdo-Laboravi.mid	Gesualdo-Laboravi.mid
10	Sacred works for five voices	Laboravi in gemitu meo	https://test.cpdl.org/wiki/index.php/Laboravi_in_gemitu_meo_(Carlo_Gesualdo)	2	mxl	data/cpdl/5-voices/sources/010_laboravi_in_gemitu_meo__02_gesualdo_laboravi.mxl	https://test.cpdl.org/wiki/images/1/1e/Gesualdo-Laboravi.mxl	Gesualdo-Laboravi.mxl
11	Sacred works for five voices	Maria, mater gratiae	https://test.cpdl.org/wiki/index.php/Maria,_mater_gratiae_(Carlo_Gesualdo)	1	mid	data/cpdl/5-voices/sources/011_maria_mater_gratiae__01_gesualdo_maria_mater_gratiae.mid	https://test.cpdl.org/wiki/images/5/5e/Gesualdo-Maria_mater_gratiae.mid	Gesualdo-Maria_mater_gratiae.mid
11	Sacred works for five voices	Maria, mater gratiae	https://test.cpdl.org/wiki/index.php/Maria,_mater_gratiae_(Carlo_Gesualdo)	2	mxl	data/cpdl/5-voices/sources/011_maria_mater_gratiae__02_gesualdo_maria_mater_gratiae.mxl	https://test.cpdl.org/wiki/images/3/3b/Gesualdo-Maria_mater_gratiae.mxl	Gesualdo-Maria_mater_gratiae.mxl
12	Sacred works for five voices	O Crux benedicta	https://test.cpdl.org/wiki/index.php/O_Crux_benedicta_(Carlo_Gesualdo)	1	mid	data/cpdl/5-voices/sources/012_o_crux_benedicta__01_gesualdo_o_crux_benedicta.mid	https://test.cpdl.org/wiki/images/e/e5/Gesualdo-O_Crux_benedicta.mid	Gesualdo-O_Crux_benedicta.mid
12	Sacred works for five voices	O Crux benedicta	https://test.cpdl.org/wiki/index.php/O_Crux_benedicta_(Carlo_Gesualdo)	2	mxl	data/cpdl/5-voices/sources/012_o_crux_benedicta__02_gesualdo_o_crux_benedicta.mxl	https://test.cpdl.org/wiki/images/5/57/Gesualdo-O_Crux_benedicta.mxl	Gesualdo-O_Crux_benedicta.mxl
13	Sacred works for five voices	O vos omnes (1603)	https://test.cpdl.org/wiki/index.php/O_vos_omnes_(1603)_(Carlo_Gesualdo)	1	mid	data/cpdl/5-voices/sources/013_o_vos_omnes_1603__01_gesualdo_ovosomnes.mid	https://test.cpdl.org/wiki/images/d/d7/Gesualdo_OVosOmnes.mid	Gesualdo_OVosOmnes.mid
13	Sacred works for five voices	O vos omnes (1603)	https://test.cpdl.org/wiki/index.php/O_vos_omnes_(1603)_(Carlo_Gesualdo)	2	mxl	data/cpdl/5-voices/sources/013_o_vos_omnes_1603__02_gesualdo_ovosomnes.mxl	https://test.cpdl.org/wiki/images/a/ac/Gesualdo_OVosOmnes.mxl	Gesualdo_OVosOmnes.mxl
13	Sacred works for five voices	O vos omnes (1603)	https://test.cpdl.org/wiki/index.php/O_vos_omnes_(1603)_(Carlo_Gesualdo)	3	mid	data/cpdl/5-voices/sources/013_o_vos_omnes_1603__03_o_vos_omnes_gesualdo.mid	https://test.cpdl.org/wiki/images/3/32/O_Vos_omnes_-_Gesualdo.mid	O_Vos_omnes_-_Gesualdo.mid
13	Sacred works for five voices	O vos omnes (1603)	https://test.cpdl.org/wiki/index.php/O_vos_omnes_(1603)_(Carlo_Gesualdo)	4	mxl	data/cpdl/5-voices/sources/013_o_vos_omnes_1603__04_o_vos_omnes_gesualdo.mxl	https://test.cpdl.org/wiki/images/2/2a/O_Vos_omnes_-_Gesualdo.mxl	O_Vos_omnes_-_Gesualdo.mxl
13	Sacred works for five voices	O vos omnes (1603)	https://test.cpdl.org/wiki/index.php/O_vos_omnes_(1603)_(Carlo_Gesualdo)	5	mid	data/cpdl/5-voices/sources/013_o_vos_omnes_1603__05_ws_gesu_vos.mid	https://test.cpdl.org/wiki/images/3/37/Ws-gesu-vos.mid	Ws-gesu-vos.mid
13	Sacred works for five voices	O vos omnes (1603)	https://test.cpdl.org/wiki/index.php/O_vos_omnes_(1603)_(Carlo_Gesualdo)	6	mxl	data/cpdl/5-voices/sources/013_o_vos_omnes_1603__06_ws_gesu_vos.mxl	https://test.cpdl.org/wiki/images/8/8f/Ws-gesu-vos.mxl	Ws-gesu-vos.mxl
14	Sacred works for five voices	Peccantem me quotidie	https://test.cpdl.org/wiki/index.php/Peccantem_me_quotidie_(Carlo_Gesualdo)	1	mid	data/cpdl/5-voices/sources/014_peccantem_me_quotidie__01_gesualdo_peccantum_me.mid	https://test.cpdl.org/wiki/images/c/cb/Gesualdo-Peccantum_me.mid	Gesualdo-Peccantum_me.mid
14	Sacred works for five voices	Peccantem me quotidie	https://test.cpdl.org/wiki/index.php/Peccantem_me_quotidie_(Carlo_Gesualdo)	2	mxl	data/cpdl/5-voices/sources/014_peccantem_me_quotidie__02_gesualdo_peccantum_me.mxl	https://test.cpdl.org/wiki/images/4/45/Gesualdo-Peccantum_me.mxl	Gesualdo-Peccantum_me.mxl
14	Sacred works for five voices	Peccantem me quotidie	https://test.cpdl.org/wiki/index.php/Peccantem_me_quotidie_(Carlo_Gesualdo)	3	mxl	data/cpdl/5-voices/sources/014_peccantem_me_quotidie__03_peccantem_me_quotidie_final.mxl	https://test.cpdl.org/wiki/images/2/25/Peccantem_me_quotidie_%28final%29.mxl	Peccantem_me_quotidie_(final).mxl
15	Sacred works for five voices	Precibus et meritis	https://test.cpdl.org/wiki/index.php/Precibus_et_meritis_(Carlo_Gesualdo)	1	mid	data/cpdl/5-voices/sources/015_precibus_et_meritis__01_gesualdo_precibus.mid	https://test.cpdl.org/wiki/images/f/f1/Gesualdo-Precibus.mid	Gesualdo-Precibus.mid
15	Sacred works for five voices	Precibus et meritis	https://test.cpdl.org/wiki/index.php/Precibus_et_meritis_(Carlo_Gesualdo)	2	mxl	data/cpdl/5-voices/sources/015_precibus_et_meritis__02_gesualdo_precibus.mxl	https://test.cpdl.org/wiki/images/f/f9/Gesualdo-Precibus.mxl	Gesualdo-Precibus.mxl
16	Sacred works for five voices	Reminiscere	https://test.cpdl.org/wiki/index.php/Reminiscere_(Carlo_Gesualdo)	1	mid	data/cpdl/5-voices/sources/016_reminiscere__01_gesualdo_reminiscere.mid	https://test.cpdl.org/wiki/images/e/e9/Gesualdo-Reminiscere.mid	Gesualdo-Reminiscere.mid
16	Sacred works for five voices	Reminiscere	https://test.cpdl.org/wiki/index.php/Reminiscere_(Carlo_Gesualdo)	2	mxl	data/cpdl/5-voices/sources/016_reminiscere__02_gesualdo_reminiscere.mxl	https://test.cpdl.org/wiki/images/d/d4/Gesualdo-Reminiscere.mxl	Gesualdo-Reminiscere.mxl
17	Sacred works for five voices	Sancti Spiritus Domine	https://test.cpdl.org/wiki/index.php/Sancti_Spiritus_Domine_(Carlo_Gesualdo)	1	mid	data/cpdl/5-voices/sources/017_sancti_spiritus_domine__01_gesualdo_sancti_spiritus_domine.mid	https://test.cpdl.org/wiki/images/0/0a/Gesualdo-Sancti_Spiritus_Domine.mid	Gesualdo-Sancti_Spiritus_Domine.mid
17	Sacred works for five voices	Sancti Spiritus Domine	https://test.cpdl.org/wiki/index.php/Sancti_Spiritus_Domine_(Carlo_Gesualdo)	2	mxl	data/cpdl/5-voices/sources/017_sancti_spiritus_domine__02_gesualdo_sancti_spiritus_domine.mxl	https://test.cpdl.org/wiki/images/9/99/Gesualdo-Sancti_Spiritus_Domine.mxl	Gesualdo-Sancti_Spiritus_Domine.mxl
18	Sacred works for five voices	Tribularer si nescirem	https://test.cpdl.org/wiki/index.php/Tribularer_si_nescirem_(Carlo_Gesualdo)	1	mid	data/cpdl/5-voices/sources/018_tribularer_si_nescirem__01_gesualdo_tribularer19.mid	https://test.cpdl.org/wiki/images/b/b6/Gesualdo-Tribularer19.mid	Gesualdo-Tribularer19.mid
18	Sacred works for five voices	Tribularer si nescirem	https://test.cpdl.org/wiki/index.php/Tribularer_si_nescirem_(Carlo_Gesualdo)	2	mxl	data/cpdl/5-voices/sources/018_tribularer_si_nescirem__02_gesualdo_tribularer19.mxl	https://test.cpdl.org/wiki/images/1/1a/Gesualdo-Tribularer19.mxl	Gesualdo-Tribularer19.mxl
19	Sacred works for five voices	Tribulationem et dolorem	https://test.cpdl.org/wiki/index.php/Tribulationem_et_dolorem_(Carlo_Gesualdo)	1	mid	data/cpdl/5-voices/sources/019_tribulationem_et_dolorem__01_tribulationem_et_dolorem_gesualdo.mid	https://test.cpdl.org/wiki/images/7/7b/Tribulationem_et_dolorem_Gesualdo.mid	Tribulationem_et_dolorem_Gesualdo.mid
19	Sacred works for five voices	Tribulationem et dolorem	https://test.cpdl.org/wiki/index.php/Tribulationem_et_dolorem_(Carlo_Gesualdo)	2	mxl	data/cpdl/5-voices/sources/019_tribulationem_et_dolorem__02_tribulationem_et_dolorem_gesualdo.mxl	https://test.cpdl.org/wiki/images/4/4c/Tribulationem_et_dolorem_Gesualdo.mxl	Tribulationem_et_dolorem_Gesualdo.mxl
19	Sacred works for five voices	Tribulationem et dolorem	https://test.cpdl.org/wiki/index.php/Tribulationem_et_dolorem_(Carlo_Gesualdo)	3	mid	data/cpdl/5-voices/sources/019_tribulationem_et_dolorem__03_gesualdo_tribulationem_et_dolorem.mid	https://test.cpdl.org/wiki/images/7/7c/Gesualdo_-_Tribulationem_et_dolorem.mid	Gesualdo_-_Tribulationem_et_dolorem.mid
20	Sacred works for five voices	Venit lumen tuum	https://test.cpdl.org/wiki/index.php/Venit_lumen_tuum_(Carlo_Gesualdo)	1	mid	data/cpdl/5-voices/sources/020_venit_lumen_tuum__01_gesu_ven.mid	https://test.cpdl.org/wiki/images/c/cf/Gesu-ven.MID	Gesu-ven.MID
20	Sacred works for five voices	Venit lumen tuum	https://test.cpdl.org/wiki/index.php/Venit_lumen_tuum_(Carlo_Gesualdo)	2	mxl	data/cpdl/5-voices/sources/020_venit_lumen_tuum__02_gesu_ven.mxl	https://test.cpdl.org/wiki/images/d/db/Gesu-ven.mxl	Gesu-ven.mxl
21	Sacred works for six voices	Ad te levavi animam meam	https://test.cpdl.org/wiki/index.php/Ad_te_levavi_animam_meam_(Carlo_Gesualdo)	1	midi	data/cpdl/6-voices/sources/021_ad_te_levavi_animam_meam__01_17_ad_te_levavi_animam_meam.midi	https://test.cpdl.org/wiki/images/9/97/17_Ad_te_levavi_animam_meam.midi	17_Ad_te_levavi_animam_meam.midi
21	Sacred works for six voices	Ad te levavi animam meam	https://test.cpdl.org/wiki/index.php/Ad_te_levavi_animam_meam_(Carlo_Gesualdo)	2	mxl	data/cpdl/6-voices/sources/021_ad_te_levavi_animam_meam__02_17_ad_te_levavi_animam_meam.mxl	https://test.cpdl.org/wiki/images/6/60/17_Ad_te_levavi_animam_meam.mxl	17_Ad_te_levavi_animam_meam.mxl
22	Sacred works for six voices	Adoramus te Christe	https://test.cpdl.org/wiki/index.php/Adoramus_te_Christe_(Carlo_Gesualdo)	1	mxl	data/cpdl/6-voices/sources/022_adoramus_te_christe__01_10_adoramus_te_christe.mxl	https://test.cpdl.org/wiki/images/9/9a/10_Adoramus_te_Christe.mxl	10_Adoramus_te_Christe.mxl
23	Sacred works for six voices	Aestimatus sum	https://test.cpdl.org/wiki/index.php/Aestimatus_sum_(Carlo_Gesualdo)	1	mid	data/cpdl/6-voices/sources/023_aestimatus_sum__01_aestimatus_sum_gesualdo.mid	https://test.cpdl.org/wiki/images/1/19/Aestimatus_sum_Gesualdo.mid	Aestimatus_sum_Gesualdo.mid
23	Sacred works for six voices	Aestimatus sum	https://test.cpdl.org/wiki/index.php/Aestimatus_sum_(Carlo_Gesualdo)	2	mxl	data/cpdl/6-voices/sources/023_aestimatus_sum__02_aestimatus_sum_gesualdo.mxl	https://test.cpdl.org/wiki/images/f/f6/Aestimatus_sum_Gesualdo.mxl	Aestimatus_sum_Gesualdo.mxl
23	Sacred works for six voices	Aestimatus sum	https://test.cpdl.org/wiki/index.php/Aestimatus_sum_(Carlo_Gesualdo)	3	mid	data/cpdl/6-voices/sources/023_aestimatus_sum__03_tenebrae8.mid	https://test.cpdl.org/wiki/images/6/65/Tenebrae8.mid	Tenebrae8.mid
23	Sacred works for six voices	Aestimatus sum	https://test.cpdl.org/wiki/index.php/Aestimatus_sum_(Carlo_Gesualdo)	4	mxl	data/cpdl/6-voices/sources/023_aestimatus_sum__04_gesualdo_aestimatus_sum.mxl	https://test.cpdl.org/wiki/images/9/90/Gesualdo_Aestimatus_sum.mxl	Gesualdo_Aestimatus_sum.mxl
24	Sacred works for six voices	Ardens est cor meum	https://test.cpdl.org/wiki/index.php/Ardens_est_cor_meum_(Carlo_Gesualdo)	1	mxl	data/cpdl/6-voices/sources/024_ardens_est_cor_meum__01_14_ardens_est_cor_meum.mxl	https://test.cpdl.org/wiki/images/e/eb/14_Ardens_est_cor_meum.mxl	14_Ardens_est_cor_meum.mxl
25	Sacred works for six voices	Assumpta est Maria	https://test.cpdl.org/wiki/index.php/Assumpta_est_Maria_(Carlo_Gesualdo)	1	midi	data/cpdl/6-voices/sources/025_assumpta_est_maria__01_12_assumpta_est_maria.midi	https://test.cpdl.org/wiki/images/5/57/12_Assumpta_est_Maria.midi	12_Assumpta_est_Maria.midi
25	Sacred works for six voices	Assumpta est Maria	https://test.cpdl.org/wiki/index.php/Assumpta_est_Maria_(Carlo_Gesualdo)	2	mxl	data/cpdl/6-voices/sources/025_assumpta_est_maria__02_12_assumpta_est_maria.mxl	https://test.cpdl.org/wiki/images/7/74/12_Assumpta_est_Maria.mxl	12_Assumpta_est_Maria.mxl
26	Sacred works for six voices	Astiterunt reges terrae	https://test.cpdl.org/wiki/index.php/Astiterunt_reges_terrae_(Carlo_Gesualdo)	1	mid	data/cpdl/6-voices/sources/026_astiterunt_reges_terrae__01_astiterunt_reges_gesualdo.mid	https://test.cpdl.org/wiki/images/3/31/Astiterunt_reges_Gesualdo.mid	Astiterunt_reges_Gesualdo.mid
26	Sacred works for six voices	Astiterunt reges terrae	https://test.cpdl.org/wiki/index.php/Astiterunt_reges_terrae_(Carlo_Gesualdo)	2	mxl	data/cpdl/6-voices/sources/026_astiterunt_reges_terrae__02_astiterunt_reges_gesualdo.mxl	https://test.cpdl.org/wiki/images/d/d8/Astiterunt_reges_Gesualdo.mxl	Astiterunt_reges_Gesualdo.mxl
26	Sacred works for six voices	Astiterunt reges terrae	https://test.cpdl.org/wiki/index.php/Astiterunt_reges_terrae_(Carlo_Gesualdo)	3	mid	data/cpdl/6-voices/sources/026_astiterunt_reges_terrae__03_tenebrae7.mid	https://test.cpdl.org/wiki/images/2/23/Tenebrae7.mid	Tenebrae7.mid
26	Sacred works for six voices	Astiterunt reges terrae	https://test.cpdl.org/wiki/index.php/Astiterunt_reges_terrae_(Carlo_Gesualdo)	4	mxl	data/cpdl/6-voices/sources/026_astiterunt_reges_terrae__04_gesualdo_astiterunt_reges.mxl	https://test.cpdl.org/wiki/images/0/09/Gesualdo_Astiterunt_reges.mxl	Gesualdo_Astiterunt_reges.mxl
27	Sacred works for six voices	Ave sanctissima	https://test.cpdl.org/wiki/index.php/Ave_sanctissima_(Carlo_Gesualdo)	1	midi	data/cpdl/6-voices/sources/027_ave_sanctissima__01_04_ave_sanctissima.midi	https://test.cpdl.org/wiki/images/d/d5/04_Ave_sanctissima.midi	04_Ave_sanctissima.midi
27	Sacred works for six voices	Ave sanctissima	https://test.cpdl.org/wiki/index.php/Ave_sanctissima_(Carlo_Gesualdo)	2	mxl	data/cpdl/6-voices/sources/027_ave_sanctissima__02_04_ave_sanctissima.mxl	https://test.cpdl.org/wiki/images/5/56/04_Ave_sanctissima.mxl	04_Ave_sanctissima.mxl
28	Sacred works for six voices	Da pacem Domine	https://test.cpdl.org/wiki/index.php/Da_pacem_Domine_(Carlo_Gesualdo)	1	midi	data/cpdl/6-voices/sources/028_da_pacem_domine__01_02_da_pacem_domine.midi	https://test.cpdl.org/wiki/images/6/6a/02_Da_pacem_Domine.midi	02_Da_pacem_Domine.midi
28	Sacred works for six voices	Da pacem Domine	https://test.cpdl.org/wiki/index.php/Da_pacem_Domine_(Carlo_Gesualdo)	2	mxl	data/cpdl/6-voices/sources/028_da_pacem_domine__02_02_da_pacem_domine.mxl	https://test.cpdl.org/wiki/images/0/0c/02_Da_pacem_Domine.mxl	02_Da_pacem_Domine.mxl
29	Sacred works for six voices	Discedite a me	https://test.cpdl.org/wiki/index.php/Discedite_a_me_(Carlo_Gesualdo)	1	mxl	data/cpdl/6-voices/sources/029_discedite_a_me__01_06_discedite_a_me.mxl	https://test.cpdl.org/wiki/images/d/de/06_Discedite_a_me.mxl	06_Discedite_a_me.mxl
30	Sacred works for six voices	Domine Deus	https://test.cpdl.org/wiki/index.php/Domine_Deus_(Carlo_Gesualdo)	1	midi	data/cpdl/6-voices/sources/030_domine_deus__01_15_domine_deus.midi	https://test.cpdl.org/wiki/images/c/ca/15_Domine_Deus.midi	15_Domine_Deus.midi
30	Sacred works for six voices	Domine Deus	https://test.cpdl.org/wiki/index.php/Domine_Deus_(Carlo_Gesualdo)	2	mxl	data/cpdl/6-voices/sources/030_domine_deus__02_15_domine_deus.mxl	https://test.cpdl.org/wiki/images/3/3d/15_Domine_Deus.mxl	15_Domine_Deus.mxl
31	Sacred works for six voices	Ecce quomodo moritur justus	https://test.cpdl.org/wiki/index.php/Ecce_quomodo_moritur_justus_(Carlo_Gesualdo)	1	mid	data/cpdl/6-voices/sources/031_ecce_quomodo_moritur_justus__01_ecce_quomodo_gesualdo.mid	https://test.cpdl.org/wiki/images/5/54/Ecce_quomodo_Gesualdo.mid	Ecce_quomodo_Gesualdo.mid
31	Sacred works for six voices	Ecce quomodo moritur justus	https://test.cpdl.org/wiki/index.php/Ecce_quomodo_moritur_justus_(Carlo_Gesualdo)	2	mxl	data/cpdl/6-voices/sources/031_ecce_quomodo_moritur_justus__02_ecce_quomodo_gesualdo.mxl	https://test.cpdl.org/wiki/images/3/3a/Ecce_quomodo_Gesualdo.mxl	Ecce_quomodo_Gesualdo.mxl
31	Sacred works for six voices	Ecce quomodo moritur justus	https://test.cpdl.org/wiki/index.php/Ecce_quomodo_moritur_justus_(Carlo_Gesualdo)	3	mid	data/cpdl/6-voices/sources/031_ecce_quomodo_moritur_justus__03_tenebrae6.mid	https://test.cpdl.org/wiki/images/4/4a/Tenebrae6.mid	Tenebrae6.mid
31	Sacred works for six voices	Ecce quomodo moritur justus	https://test.cpdl.org/wiki/index.php/Ecce_quomodo_moritur_justus_(Carlo_Gesualdo)	4	mxl	data/cpdl/6-voices/sources/031_ecce_quomodo_moritur_justus__04_gesualdo_ecce_quomodo.mxl	https://test.cpdl.org/wiki/images/2/2e/Gesualdo_Ecce_quomodo.mxl	Gesualdo_Ecce_quomodo.mxl
31	Sacred works for six voices	Ecce quomodo moritur justus	https://test.cpdl.org/wiki/index.php/Ecce_quomodo_moritur_justus_(Carlo_Gesualdo)	5	mid	data/cpdl/6-voices/sources/031_ecce_quomodo_moritur_justus__05_ws_gesu_re6.mid	https://test.cpdl.org/wiki/images/1/15/Ws-gesu-re6.mid	Ws-gesu-re6.mid
31	Sacred works for six voices	Ecce quomodo moritur justus	https://test.cpdl.org/wiki/index.php/Ecce_quomodo_moritur_justus_(Carlo_Gesualdo)	6	mxl	data/cpdl/6-voices/sources/031_ecce_quomodo_moritur_justus__06_ws_gesu_re6.mxl	https://test.cpdl.org/wiki/images/b/bb/Ws-gesu-re6.mxl	Ws-gesu-re6.mxl
32	Sacred works for six voices	Ecce vidimus eum	https://test.cpdl.org/wiki/index.php/Ecce_vidimus_eum_(Carlo_Gesualdo)	1	mxl	data/cpdl/6-voices/sources/032_ecce_vidimus_eum__01_gesualdo_ecce_vidimus.mxl	https://test.cpdl.org/wiki/images/1/18/Gesualdo_-_Ecce_vidimus.mxl	Gesualdo_-_Ecce_vidimus.mxl
33	Sacred works for six voices	Franciscus humilis	https://test.cpdl.org/wiki/index.php/Franciscus_humilis_(Carlo_Gesualdo)	1	mxl	data/cpdl/6-voices/sources/033_franciscus_humilis__01_18_franciscus_humilis.mxl	https://test.cpdl.org/wiki/images/9/9c/18_Franciscus_humilis.mxl	18_Franciscus_humilis.mxl
34	Sacred works for six voices	Gaudeamus omnes	https://test.cpdl.org/wiki/index.php/Gaudeamus_omnes_(Carlo_Gesualdo)	1	mxl	data/cpdl/6-voices/sources/034_gaudeamus_omnes__01_07_gaudeamus_omnes.mxl	https://test.cpdl.org/wiki/images/1/1e/07_Gaudeamus_omnes.mxl	07_Gaudeamus_omnes.mxl
35	Sacred works for six voices	In monte Oliveti	https://test.cpdl.org/wiki/index.php/In_monte_Oliveti_(Carlo_Gesualdo)	1	mxl	data/cpdl/6-voices/sources/035_in_monte_oliveti__01_in_monte_oliveti_gesualdo.mxl	https://test.cpdl.org/wiki/images/7/7d/In_monte_Oliveti_Gesualdo.mxl	In_monte_Oliveti_Gesualdo.mxl
36	Sacred works for six voices	Jerusalem, surge	https://test.cpdl.org/wiki/index.php/Jerusalem,_surge_(Carlo_Gesualdo)	1	mid	data/cpdl/6-voices/sources/036_jerusalem_surge__01_tenebrae2.mid	https://test.cpdl.org/wiki/images/0/00/Tenebrae2.mid	Tenebrae2.mid
36	Sacred works for six voices	Jerusalem, surge	https://test.cpdl.org/wiki/index.php/Jerusalem,_surge_(Carlo_Gesualdo)	2	mxl	data/cpdl/6-voices/sources/036_jerusalem_surge__02_gesualdo_jerusalem_surge.mxl	https://test.cpdl.org/wiki/images/9/94/Gesualdo_Jerusalem_surge.mxl	Gesualdo_Jerusalem_surge.mxl
37	Sacred works for six voices	O anima sanctissima	https://test.cpdl.org/wiki/index.php/O_anima_sanctissima_(Carlo_Gesualdo)	1	mxl	data/cpdl/6-voices/sources/037_o_anima_sanctissima__01_19_o_anima_sanctissima.mxl	https://test.cpdl.org/wiki/images/8/84/19_O_anima_sanctissima.mxl	19_O_anima_sanctissima.mxl
38	Sacred works for six voices	O Beata Mater	https://test.cpdl.org/wiki/index.php/O_Beata_Mater_(Carlo_Gesualdo)	1	midi	data/cpdl/6-voices/sources/038_o_beata_mater__01_16_o_beata_mater.midi	https://test.cpdl.org/wiki/images/b/b4/16_O_Beata_Mater.midi	16_O_Beata_Mater.midi
38	Sacred works for six voices	O Beata Mater	https://test.cpdl.org/wiki/index.php/O_Beata_Mater_(Carlo_Gesualdo)	2	mxl	data/cpdl/6-voices/sources/038_o_beata_mater__02_16_o_beata_mater.mxl	https://test.cpdl.org/wiki/images/4/46/16_O_Beata_Mater.mxl	16_O_Beata_Mater.mxl
39	Sacred works for six voices	O Oriens	https://test.cpdl.org/wiki/index.php/O_Oriens_(Carlo_Gesualdo)	1	midi	data/cpdl/6-voices/sources/039_o_oriens__01_05_o_oriens.midi	https://test.cpdl.org/wiki/images/e/e2/05_O_Oriens.midi	05_O_Oriens.midi
39	Sacred works for six voices	O Oriens	https://test.cpdl.org/wiki/index.php/O_Oriens_(Carlo_Gesualdo)	2	mxl	data/cpdl/6-voices/sources/039_o_oriens__02_05_o_oriens.mxl	https://test.cpdl.org/wiki/images/8/80/05_O_Oriens.mxl	05_O_Oriens.mxl
40	Sacred works for six voices	O sacrum convivium	https://test.cpdl.org/wiki/index.php/O_sacrum_convivium_(Carlo_Gesualdo)	1	midi	data/cpdl/6-voices/sources/040_o_sacrum_convivium__01_09_o_sacrum_convivium.midi	https://test.cpdl.org/wiki/images/c/c1/09_O_sacrum_convivium.midi	09_O_sacrum_convivium.midi
40	Sacred works for six voices	O sacrum convivium	https://test.cpdl.org/wiki/index.php/O_sacrum_convivium_(Carlo_Gesualdo)	2	mxl	data/cpdl/6-voices/sources/040_o_sacrum_convivium__02_09_o_sacrum_convivium.mxl	https://test.cpdl.org/wiki/images/9/95/09_O_sacrum_convivium.mxl	09_O_sacrum_convivium.mxl
41	Sacred works for six voices	O vos omnes (1611)	https://test.cpdl.org/wiki/index.php/O_vos_omnes_(1611)_(Carlo_Gesualdo)	1	mxl	data/cpdl/6-voices/sources/041_o_vos_omnes_1611__01_gesualdo_o_vos_omnes_a_6.mxl	https://test.cpdl.org/wiki/images/8/82/Gesualdo-O_vos_omnes_a_6.mxl	Gesualdo-O_vos_omnes_a_6.mxl
41	Sacred works for six voices	O vos omnes (1611)	https://test.cpdl.org/wiki/index.php/O_vos_omnes_(1611)_(Carlo_Gesualdo)	2	mxl	data/cpdl/6-voices/sources/041_o_vos_omnes_1611__02_gesulado_o_vos_omnes.mxl	https://test.cpdl.org/wiki/images/0/0a/Gesulado_-_O_vos_omnes.mxl	Gesulado_-_O_vos_omnes.mxl
41	Sacred works for six voices	O vos omnes (1611)	https://test.cpdl.org/wiki/index.php/O_vos_omnes_(1611)_(Carlo_Gesualdo)	3	mid	data/cpdl/6-voices/sources/041_o_vos_omnes_1611__03_o_vos_omnes_gesualdo.mid	https://test.cpdl.org/wiki/images/4/42/O_vos_omnes_Gesualdo.mid	O_vos_omnes_Gesualdo.mid
41	Sacred works for six voices	O vos omnes (1611)	https://test.cpdl.org/wiki/index.php/O_vos_omnes_(1611)_(Carlo_Gesualdo)	4	mxl	data/cpdl/6-voices/sources/041_o_vos_omnes_1611__04_o_vos_omnes_gesualdo.mxl	https://test.cpdl.org/wiki/images/a/a3/O_vos_omnes_Gesualdo.mxl	O_vos_omnes_Gesualdo.mxl
41	Sacred works for six voices	O vos omnes (1611)	https://test.cpdl.org/wiki/index.php/O_vos_omnes_(1611)_(Carlo_Gesualdo)	5	mxl	data/cpdl/6-voices/sources/041_o_vos_omnes_1611__05_gesualdo_o_vos_omnes.mxl	https://test.cpdl.org/wiki/images/6/60/Gesualdo-O_vos_omnes.mxl	Gesualdo-O_vos_omnes.mxl
41	Sacred works for six voices	O vos omnes (1611)	https://test.cpdl.org/wiki/index.php/O_vos_omnes_(1611)_(Carlo_Gesualdo)	6	mid	data/cpdl/6-voices/sources/041_o_vos_omnes_1611__06_tenebrae5.mid	https://test.cpdl.org/wiki/images/b/b4/Tenebrae5.mid	Tenebrae5.mid
41	Sacred works for six voices	O vos omnes (1611)	https://test.cpdl.org/wiki/index.php/O_vos_omnes_(1611)_(Carlo_Gesualdo)	7	mxl	data/cpdl/6-voices/sources/041_o_vos_omnes_1611__07_gesualdo_o_vos_omnes.mxl	https://test.cpdl.org/wiki/images/2/27/Gesualdo_O_vos_omnes.mxl	Gesualdo_O_vos_omnes.mxl
41	Sacred works for six voices	O vos omnes (1611)	https://test.cpdl.org/wiki/index.php/O_vos_omnes_(1611)_(Carlo_Gesualdo)	8	mid	data/cpdl/6-voices/sources/041_o_vos_omnes_1611__08_ws_gesu_re5.mid	https://test.cpdl.org/wiki/images/6/66/Ws-gesu-re5.mid	Ws-gesu-re5.mid
41	Sacred works for six voices	O vos omnes (1611)	https://test.cpdl.org/wiki/index.php/O_vos_omnes_(1611)_(Carlo_Gesualdo)	9	mxl	data/cpdl/6-voices/sources/041_o_vos_omnes_1611__09_ws_gesu_re5.mxl	https://test.cpdl.org/wiki/images/2/2e/Ws-gesu-re5.mxl	Ws-gesu-re5.mxl
42	Sacred works for six voices	Plange quasi virgo	https://test.cpdl.org/wiki/index.php/Plange_quasi_virgo_(Carlo_Gesualdo)	1	mid	data/cpdl/6-voices/sources/042_plange_quasi_virgo__01_plange_quasi_virgo_gesualdo_tr.mid	https://test.cpdl.org/wiki/images/c/c8/Plange_quasi_virgo_Gesualdo_tr.mid	Plange_quasi_virgo_Gesualdo_tr.mid
42	Sacred works for six voices	Plange quasi virgo	https://test.cpdl.org/wiki/index.php/Plange_quasi_virgo_(Carlo_Gesualdo)	2	mxl	data/cpdl/6-voices/sources/042_plange_quasi_virgo__02_plange_quasi_virgo_gesualdo_tr.mxl	https://test.cpdl.org/wiki/images/9/94/Plange_quasi_virgo_Gesualdo_tr.mxl	Plange_quasi_virgo_Gesualdo_tr.mxl
42	Sacred works for six voices	Plange quasi virgo	https://test.cpdl.org/wiki/index.php/Plange_quasi_virgo_(Carlo_Gesualdo)	3	mid	data/cpdl/6-voices/sources/042_plange_quasi_virgo__03_plange_quasi_virgo_gesualdo.mid	https://test.cpdl.org/wiki/images/a/a0/Plange_quasi_virgo_Gesualdo.mid	Plange_quasi_virgo_Gesualdo.mid
42	Sacred works for six voices	Plange quasi virgo	https://test.cpdl.org/wiki/index.php/Plange_quasi_virgo_(Carlo_Gesualdo)	4	mxl	data/cpdl/6-voices/sources/042_plange_quasi_virgo__04_plange_quasi_virgo_gesualdo.mxl	https://test.cpdl.org/wiki/images/5/59/Plange_quasi_virgo_Gesualdo.mxl	Plange_quasi_virgo_Gesualdo.mxl
42	Sacred works for six voices	Plange quasi virgo	https://test.cpdl.org/wiki/index.php/Plange_quasi_virgo_(Carlo_Gesualdo)	5	mid	data/cpdl/6-voices/sources/042_plange_quasi_virgo__05_tenebrae3.mid	https://test.cpdl.org/wiki/images/d/d4/Tenebrae3.mid	Tenebrae3.mid
42	Sacred works for six voices	Plange quasi virgo	https://test.cpdl.org/wiki/index.php/Plange_quasi_virgo_(Carlo_Gesualdo)	6	mxl	data/cpdl/6-voices/sources/042_plange_quasi_virgo__06_gesualdo_plange_quasi_virgo.mxl	https://test.cpdl.org/wiki/images/0/0f/Gesualdo_Plange_quasi_virgo.mxl	Gesualdo_Plange_quasi_virgo.mxl
42	Sacred works for six voices	Plange quasi virgo	https://test.cpdl.org/wiki/index.php/Plange_quasi_virgo_(Carlo_Gesualdo)	7	mxl	data/cpdl/6-voices/sources/042_plange_quasi_virgo__07_gesualdo_plange.mxl	https://test.cpdl.org/wiki/images/5/50/Gesualdo_plange.mxl	Gesualdo_plange.mxl
42	Sacred works for six voices	Plange quasi virgo	https://test.cpdl.org/wiki/index.php/Plange_quasi_virgo_(Carlo_Gesualdo)	8	mid	data/cpdl/6-voices/sources/042_plange_quasi_virgo__08_ws_gesu_re3.mid	https://test.cpdl.org/wiki/images/3/3e/Ws-gesu-re3.mid	Ws-gesu-re3.mid
42	Sacred works for six voices	Plange quasi virgo	https://test.cpdl.org/wiki/index.php/Plange_quasi_virgo_(Carlo_Gesualdo)	9	mxl	data/cpdl/6-voices/sources/042_plange_quasi_virgo__09_ws_gesu_re3.mxl	https://test.cpdl.org/wiki/images/9/96/Ws-gesu-re3.mxl	Ws-gesu-re3.mxl
43	Sacred works for six voices	Recessit pastor noster	https://test.cpdl.org/wiki/index.php/Recessit_pastor_noster_(Carlo_Gesualdo)	1	mid	data/cpdl/6-voices/sources/043_recessit_pastor_noster__01_recessit_pastor_gesualdo.mid	https://test.cpdl.org/wiki/images/2/2a/Recessit_Pastor_Gesualdo.mid	Recessit_Pastor_Gesualdo.mid
43	Sacred works for six voices	Recessit pastor noster	https://test.cpdl.org/wiki/index.php/Recessit_pastor_noster_(Carlo_Gesualdo)	2	mxl	data/cpdl/6-voices/sources/043_recessit_pastor_noster__02_recessit_pastor_gesualdo.mxl	https://test.cpdl.org/wiki/images/4/4d/Recessit_Pastor_Gesualdo.mxl	Recessit_Pastor_Gesualdo.mxl
43	Sacred works for six voices	Recessit pastor noster	https://test.cpdl.org/wiki/index.php/Recessit_pastor_noster_(Carlo_Gesualdo)	3	mid	data/cpdl/6-voices/sources/043_recessit_pastor_noster__03_tenebrae4.mid	https://test.cpdl.org/wiki/images/1/10/Tenebrae4.mid	Tenebrae4.mid
43	Sacred works for six voices	Recessit pastor noster	https://test.cpdl.org/wiki/index.php/Recessit_pastor_noster_(Carlo_Gesualdo)	4	mxl	data/cpdl/6-voices/sources/043_recessit_pastor_noster__04_gesualdo_recessit_pastor.mxl	https://test.cpdl.org/wiki/images/7/7c/Gesualdo_Recessit_pastor.mxl	Gesualdo_Recessit_pastor.mxl
44	Sacred works for six voices	Sana me Domine	https://test.cpdl.org/wiki/index.php/Sana_me_Domine_(Carlo_Gesualdo)	1	midi	data/cpdl/6-voices/sources/044_sana_me_domine__01_03_sana_me_domine.midi	https://test.cpdl.org/wiki/images/9/99/03_Sana_me_Domine.midi	03_Sana_me_Domine.midi
44	Sacred works for six voices	Sana me Domine	https://test.cpdl.org/wiki/index.php/Sana_me_Domine_(Carlo_Gesualdo)	2	mxl	data/cpdl/6-voices/sources/044_sana_me_domine__02_03_sana_me_domine.mxl	https://test.cpdl.org/wiki/images/a/a2/03_Sana_me_Domine.mxl	03_Sana_me_Domine.mxl
45	Sacred works for six voices	Sepulto Domino	https://test.cpdl.org/wiki/index.php/Sepulto_Domino_(Carlo_Gesualdo)	1	mid	data/cpdl/6-voices/sources/045_sepulto_domino__01_sepulto_domino_gesualdo.mid	https://test.cpdl.org/wiki/images/1/1e/Sepulto_Domino_Gesualdo.mid	Sepulto_Domino_Gesualdo.mid
45	Sacred works for six voices	Sepulto Domino	https://test.cpdl.org/wiki/index.php/Sepulto_Domino_(Carlo_Gesualdo)	2	mxl	data/cpdl/6-voices/sources/045_sepulto_domino__02_sepulto_domino_gesualdo.mxl	https://test.cpdl.org/wiki/images/3/39/Sepulto_Domino_Gesualdo.mxl	Sepulto_Domino_Gesualdo.mxl
45	Sacred works for six voices	Sepulto Domino	https://test.cpdl.org/wiki/index.php/Sepulto_Domino_(Carlo_Gesualdo)	3	mid	data/cpdl/6-voices/sources/045_sepulto_domino__03_tenebrae9.mid	https://test.cpdl.org/wiki/images/f/f4/Tenebrae9.mid	Tenebrae9.mid
45	Sacred works for six voices	Sepulto Domino	https://test.cpdl.org/wiki/index.php/Sepulto_Domino_(Carlo_Gesualdo)	4	mxl	data/cpdl/6-voices/sources/045_sepulto_domino__04_gesualdo_sepulto_domino.mxl	https://test.cpdl.org/wiki/images/9/9e/Gesualdo_Sepulto_Domino.mxl	Gesualdo_Sepulto_Domino.mxl
45	Sacred works for six voices	Sepulto Domino	https://test.cpdl.org/wiki/index.php/Sepulto_Domino_(Carlo_Gesualdo)	5	mid	data/cpdl/6-voices/sources/045_sepulto_domino__05_ws_gesu_re9.mid	https://test.cpdl.org/wiki/images/a/a1/Ws-gesu-re9.mid	Ws-gesu-re9.mid
45	Sacred works for six voices	Sepulto Domino	https://test.cpdl.org/wiki/index.php/Sepulto_Domino_(Carlo_Gesualdo)	6	mxl	data/cpdl/6-voices/sources/045_sepulto_domino__06_ws_gesu_re9.mxl	https://test.cpdl.org/wiki/images/c/c8/Ws-gesu-re9.mxl	Ws-gesu-re9.mxl
46	Sacred works for six voices	Sicut ovis ad occisionem	https://test.cpdl.org/wiki/index.php/Sicut_ovis_ad_occisionem_(Carlo_Gesualdo)	1	mid	data/cpdl/6-voices/sources/046_sicut_ovis_ad_occisionem__01_sicut_ovis_gesualdo.mid	https://test.cpdl.org/wiki/images/8/86/Sicut_ovis_Gesualdo.mid	Sicut_ovis_Gesualdo.mid
46	Sacred works for six voices	Sicut ovis ad occisionem	https://test.cpdl.org/wiki/index.php/Sicut_ovis_ad_occisionem_(Carlo_Gesualdo)	2	mxl	data/cpdl/6-voices/sources/046_sicut_ovis_ad_occisionem__02_sicut_ovis_gesualdo.mxl	https://test.cpdl.org/wiki/images/0/09/Sicut_ovis_Gesualdo.mxl	Sicut_ovis_Gesualdo.mxl
46	Sacred works for six voices	Sicut ovis ad occisionem	https://test.cpdl.org/wiki/index.php/Sicut_ovis_ad_occisionem_(Carlo_Gesualdo)	3	mid	data/cpdl/6-voices/sources/046_sicut_ovis_ad_occisionem__03_tenebrae1.mid	https://test.cpdl.org/wiki/images/7/79/Tenebrae1.mid	Tenebrae1.mid
46	Sacred works for six voices	Sicut ovis ad occisionem	https://test.cpdl.org/wiki/index.php/Sicut_ovis_ad_occisionem_(Carlo_Gesualdo)	4	mxl	data/cpdl/6-voices/sources/046_sicut_ovis_ad_occisionem__04_gesualdo_sicut_ovis.mxl	https://test.cpdl.org/wiki/images/1/1a/Gesualdo_Sicut_ovis.mxl	Gesualdo_Sicut_ovis.mxl
46	Sacred works for six voices	Sicut ovis ad occisionem	https://test.cpdl.org/wiki/index.php/Sicut_ovis_ad_occisionem_(Carlo_Gesualdo)	5	mid	data/cpdl/6-voices/sources/046_sicut_ovis_ad_occisionem__05_ws_gesu_re1.mid	https://test.cpdl.org/wiki/images/6/63/Ws-gesu-re1.mid	Ws-gesu-re1.mid
46	Sacred works for six voices	Sicut ovis ad occisionem	https://test.cpdl.org/wiki/index.php/Sicut_ovis_ad_occisionem_(Carlo_Gesualdo)	6	mxl	data/cpdl/6-voices/sources/046_sicut_ovis_ad_occisionem__06_ws_gesu_re1.mxl	https://test.cpdl.org/wiki/images/c/c5/Ws-gesu-re1.mxl	Ws-gesu-re1.mxl
50	Sacred works for six voices	Tenebræ factæ sunt	https://test.cpdl.org/wiki/index.php/Tenebr%C3%A6_fact%C3%A6_sunt_(Carlo_Gesualdo)	1	mxl	data/cpdl/6-voices/sources/050_tenebr_fact_sunt__01_gesualdo_tenebrae_factae_sunt.mxl	https://test.cpdl.org/wiki/images/0/0b/Gesualdo-Tenebrae_factae_sunt.mxl	Gesualdo-Tenebrae_factae_sunt.mxl
51	Sacred works for six voices	Tristis est anima mea	https://test.cpdl.org/wiki/index.php/Tristis_est_anima_mea_(Carlo_Gesualdo)	1	mxl	data/cpdl/6-voices/sources/051_tristis_est_anima_mea__01_tristis_est_anima_mea_2_2_original_key.mxl	https://test.cpdl.org/wiki/images/c/cb/Tristis_est_anima_mea_-_2-2_%28Original_Key%29.mxl	Tristis_est_anima_mea_-_2-2_(Original_Key).mxl
51	Sacred works for six voices	Tristis est anima mea	https://test.cpdl.org/wiki/index.php/Tristis_est_anima_mea_(Carlo_Gesualdo)	2	mid	data/cpdl/6-voices/sources/051_tristis_est_anima_mea__02_gesualdo_tristis.mid	https://test.cpdl.org/wiki/images/c/c2/Gesualdo_tristis.mid	Gesualdo_tristis.mid
51	Sacred works for six voices	Tristis est anima mea	https://test.cpdl.org/wiki/index.php/Tristis_est_anima_mea_(Carlo_Gesualdo)	3	mxl	data/cpdl/6-voices/sources/051_tristis_est_anima_mea__03_gesualdo_tristis.mxl	https://test.cpdl.org/wiki/images/4/4b/Gesualdo_tristis.mxl	Gesualdo_tristis.mxl
52	Sacred works for six voices	Veni Creator Spiritus, reple	https://test.cpdl.org/wiki/index.php/Veni_Creator_Spiritus,_reple_(Carlo_Gesualdo)	1	midi	data/cpdl/6-voices/sources/052_veni_creator_spiritus_reple__01_08_veni_creator_spiritus.midi	https://test.cpdl.org/wiki/images/1/12/08_Veni_creator_spiritus.midi	08_Veni_creator_spiritus.midi
52	Sacred works for six voices	Veni Creator Spiritus, reple	https://test.cpdl.org/wiki/index.php/Veni_Creator_Spiritus,_reple_(Carlo_Gesualdo)	2	mxl	data/cpdl/6-voices/sources/052_veni_creator_spiritus_reple__02_08_veni_creator_spiritus.mxl	https://test.cpdl.org/wiki/images/9/95/08_Veni_creator_spiritus.mxl	08_Veni_creator_spiritus.mxl
53	Sacred works for six voices	Veni sponsa Christi	https://test.cpdl.org/wiki/index.php/Veni_sponsa_Christi_(Carlo_Gesualdo)	1	mxl	data/cpdl/6-voices/sources/053_veni_sponsa_christi__01_11_veni_sponsa_christi.mxl	https://test.cpdl.org/wiki/images/9/9e/11_Veni_sponsa_Christi.mxl	11_Veni_sponsa_Christi.mxl
54	Sacred works for six voices	Verba mea	https://test.cpdl.org/wiki/index.php/Verba_mea_(Carlo_Gesualdo)	1	midi	data/cpdl/6-voices/sources/054_verba_mea__01_13_verba_mea.midi	https://test.cpdl.org/wiki/images/0/01/13_Verba_mea.midi	13_Verba_mea.midi
54	Sacred works for six voices	Verba mea	https://test.cpdl.org/wiki/index.php/Verba_mea_(Carlo_Gesualdo)	2	mxl	data/cpdl/6-voices/sources/054_verba_mea__02_13_verba_mea.mxl	https://test.cpdl.org/wiki/images/b/b1/13_Verba_mea.mxl	13_Verba_mea.mxl
55	Sacred works for six voices	Virgo benedicta	https://test.cpdl.org/wiki/index.php/Virgo_benedicta_(Carlo_Gesualdo)	1	mxl	data/cpdl/6-voices/sources/055_virgo_benedicta__01_01_virgo_benedicta.mxl	https://test.cpdl.org/wiki/images/a/aa/01_Virgo_benedicta.mxl	01_Virgo_benedicta.mxl
56	Sacred works for seven voices	Illumina nos	https://test.cpdl.org/wiki/index.php/Illumina_nos_(Carlo_Gesualdo)	1	midi	data/cpdl/7-voices/sources/056_illumina_nos__01_20_illumina_nos.midi	https://test.cpdl.org/wiki/images/9/93/20_Illumina_nos.midi	20_Illumina_nos.midi
56	Sacred works for seven voices	Illumina nos	https://test.cpdl.org/wiki/index.php/Illumina_nos_(Carlo_Gesualdo)	2	mxl	data/cpdl/7-voices/sources/056_illumina_nos__02_20_illumina_nos.mxl	https://test.cpdl.org/wiki/images/f/fc/20_Illumina_nos.mxl	20_Illumina_nos.mxl
57	Secular works for five voices	A voi, mentre il mio core	https://test.cpdl.org/wiki/index.php/A_voi,_mentre_il_mio_core_(Carlo_Gesualdo)	1	mid	data/cpdl/5-voices/sources/057_a_voi_mentre_il_mio_core__01_a_voi_mentre_il_mio_core_gesualdo.mid	https://test.cpdl.org/wiki/images/5/58/A_voi%2C_mentre_il_mio_core_Gesualdo.mid	A_voi,_mentre_il_mio_core_Gesualdo.mid
57	Secular works for five voices	A voi, mentre il mio core	https://test.cpdl.org/wiki/index.php/A_voi,_mentre_il_mio_core_(Carlo_Gesualdo)	2	mxl	data/cpdl/5-voices/sources/057_a_voi_mentre_il_mio_core__02_a_voi_mentre_il_mio_core_gesualdo.mxl	https://test.cpdl.org/wiki/images/0/05/A_voi%2C_mentre_il_mio_core_Gesualdo.mxl	A_voi,_mentre_il_mio_core_Gesualdo.mxl
58	Secular works for five voices	Ahi, disperata vita	https://test.cpdl.org/wiki/index.php/Ahi,_disperata_vita_(Carlo_Gesualdo)	1	mxl	data/cpdl/5-voices/sources/058_ahi_disperata_vita__01_gesualdo_ahi_disperata_vita.mxl	https://test.cpdl.org/wiki/images/7/7b/Gesualdo_Ahi%2C_disperata_vita.mxl	Gesualdo_Ahi,_disperata_vita.mxl
58	Secular works for five voices	Ahi, disperata vita	https://test.cpdl.org/wiki/index.php/Ahi,_disperata_vita_(Carlo_Gesualdo)	2	mid	data/cpdl/5-voices/sources/058_ahi_disperata_vita__02_ges_ahi.mid	https://test.cpdl.org/wiki/images/4/4a/Ges-ahi.MID	Ges-ahi.MID
58	Secular works for five voices	Ahi, disperata vita	https://test.cpdl.org/wiki/index.php/Ahi,_disperata_vita_(Carlo_Gesualdo)	3	mxl	data/cpdl/5-voices/sources/058_ahi_disperata_vita__03_ges_ahi.mxl	https://test.cpdl.org/wiki/images/2/22/Ges-ahi.mxl	Ges-ahi.mxl
59	Secular works for five voices	Ahi, dispietata e cruda	https://test.cpdl.org/wiki/index.php/Ahi,_dispietata_e_cruda_(Carlo_Gesualdo)	1	mxl	data/cpdl/5-voices/sources/059_ahi_dispietata_e_cruda__01_gesualdo_ahi_dispietata_e_cruda.mxl	https://test.cpdl.org/wiki/images/4/47/Gesualdo_Ahi_dispietata_e_cruda.mxl	Gesualdo_Ahi_dispietata_e_cruda.mxl
60	Secular works for five voices	Al mio gioir il ciel si fa sereno	https://test.cpdl.org/wiki/index.php/Al_mio_gioir_il_ciel_si_fa_sereno_(Carlo_Gesualdo)	1	mid	data/cpdl/5-voices/sources/060_al_mio_gioir_il_ciel_si_fa_sereno__01_al_mio_gioir_gesualdo.mid	https://test.cpdl.org/wiki/images/e/e7/Al_mio_gioir_Gesualdo.mid	Al_mio_gioir_Gesualdo.mid
60	Secular works for five voices	Al mio gioir il ciel si fa sereno	https://test.cpdl.org/wiki/index.php/Al_mio_gioir_il_ciel_si_fa_sereno_(Carlo_Gesualdo)	2	mxl	data/cpdl/5-voices/sources/060_al_mio_gioir_il_ciel_si_fa_sereno__02_al_mio_gioir_gesualdo.mxl	https://test.cpdl.org/wiki/images/5/51/Al_mio_gioir_Gesualdo.mxl	Al_mio_gioir_Gesualdo.mxl
61	Secular works for five voices	All' ombra de gl'allori	https://test.cpdl.org/wiki/index.php/All%27_ombra_de_gl%27allori_(Carlo_Gesualdo)	1	mid	data/cpdl/5-voices/sources/061_all_ombra_de_gl_allori__01_gesualdo_all_ombra_de_gl_allori.mid	https://test.cpdl.org/wiki/images/f/f8/Gesualdo-All%27_ombra_de_gl%27allori.mid	Gesualdo-All'_ombra_de_gl'allori.mid
61	Secular works for five voices	All' ombra de gl'allori	https://test.cpdl.org/wiki/index.php/All%27_ombra_de_gl%27allori_(Carlo_Gesualdo)	2	mxl	data/cpdl/5-voices/sources/061_all_ombra_de_gl_allori__02_gesualdo_all_ombra_de_gl_allori.mxl	https://test.cpdl.org/wiki/images/5/50/Gesualdo-All%27_ombra_de_gl%27allori.mxl	Gesualdo-All'_ombra_de_gl'allori.mxl
62	Secular works for five voices	All'apparir di quelle luci ardenti	https://test.cpdl.org/wiki/index.php/All%27apparir_di_quelle_luci_ardenti_(Carlo_Gesualdo)	1	mid	data/cpdl/5-voices/sources/062_all_apparir_di_quelle_luci_ardenti__01_gesualdo_all_apparir_di_quelle_luci_ardenti.mid	https://test.cpdl.org/wiki/images/c/c8/Gesualdo_All_apparir_di_quelle_luci_ardenti.mid	Gesualdo_All_apparir_di_quelle_luci_ardenti.mid
62	Secular works for five voices	All'apparir di quelle luci ardenti	https://test.cpdl.org/wiki/index.php/All%27apparir_di_quelle_luci_ardenti_(Carlo_Gesualdo)	2	mxl	data/cpdl/5-voices/sources/062_all_apparir_di_quelle_luci_ardenti__02_gesualdo_all_apparir_di_quelle_luci_ardenti.mxl	https://test.cpdl.org/wiki/images/1/1a/Gesualdo_All_apparir_di_quelle_luci_ardenti.mxl	Gesualdo_All_apparir_di_quelle_luci_ardenti.mxl
63	Secular works for five voices	Alme d'Amor rubelle	https://test.cpdl.org/wiki/index.php/Alme_d%27Amor_rubelle_(Carlo_Gesualdo)	1	mid	data/cpdl/5-voices/sources/063_alme_d_amor_rubelle__01_alme_d_amor_rubelle_gesualdo.mid	https://test.cpdl.org/wiki/images/8/87/Alme_d%27Amor_rubelle_Gesualdo.mid	Alme_d'Amor_rubelle_Gesualdo.mid
63	Secular works for five voices	Alme d'Amor rubelle	https://test.cpdl.org/wiki/index.php/Alme_d%27Amor_rubelle_(Carlo_Gesualdo)	2	mxl	data/cpdl/5-voices/sources/063_alme_d_amor_rubelle__02_alme_d_amor_rubelle_gesualdo.mxl	https://test.cpdl.org/wiki/images/e/ef/Alme_d%27Amor_rubelle_Gesualdo.mxl	Alme_d'Amor_rubelle_Gesualdo.mxl
64	Secular works for five voices	Amor pace non chero	https://test.cpdl.org/wiki/index.php/Amor_pace_non_chero_(Carlo_Gesualdo)	1	mxl	data/cpdl/5-voices/sources/064_amor_pace_non_chero__01_gesualdo_amor_pace_non_chero.mxl	https://test.cpdl.org/wiki/images/a/a2/Gesualdo_Amor_pace_non_chero.mxl	Gesualdo_Amor_pace_non_chero.mxl
65	Secular works for five voices	Ancide sol la morte	https://test.cpdl.org/wiki/index.php/Ancide_sol_la_morte_(Carlo_Gesualdo)	1	mid	data/cpdl/5-voices/sources/065_ancide_sol_la_morte__01_ancide_sol_la_morte_gesualdo.mid	https://test.cpdl.org/wiki/images/7/7d/Ancide_sol_la_morte_Gesualdo.mid	Ancide_sol_la_morte_Gesualdo.mid
65	Secular works for five voices	Ancide sol la morte	https://test.cpdl.org/wiki/index.php/Ancide_sol_la_morte_(Carlo_Gesualdo)	2	mxl	data/cpdl/5-voices/sources/065_ancide_sol_la_morte__02_ancide_sol_la_morte_gesualdo.mxl	https://test.cpdl.org/wiki/images/2/28/Ancide_sol_la_morte_Gesualdo.mxl	Ancide_sol_la_morte_Gesualdo.mxl
66	Secular works for five voices	Ancidetemi pur, grievi martiri	https://test.cpdl.org/wiki/index.php/Ancidetemi_pur,_grievi_martiri_(Carlo_Gesualdo)	1	mxl	data/cpdl/5-voices/sources/066_ancidetemi_pur_grievi_martiri__01_gesualdo_ancidetemi_pur_grievi_martiri.mxl	https://test.cpdl.org/wiki/images/9/9f/Gesualdo_Ancidetemi_pur_grievi_martiri.mxl	Gesualdo_Ancidetemi_pur_grievi_martiri.mxl
67	Secular works for five voices	Ancor che per amarti	https://test.cpdl.org/wiki/index.php/Ancor_che_per_amarti_(Carlo_Gesualdo)	1	mid	data/cpdl/5-voices/sources/067_ancor_che_per_amarti__01_ancor_che_per_amarti_gesualdo.mid	https://test.cpdl.org/wiki/images/b/b1/Ancor_che_per_amarti_Gesualdo.mid	Ancor_che_per_amarti_Gesualdo.mid
67	Secular works for five voices	Ancor che per amarti	https://test.cpdl.org/wiki/index.php/Ancor_che_per_amarti_(Carlo_Gesualdo)	2	mxl	data/cpdl/5-voices/sources/067_ancor_che_per_amarti__02_ancor_che_per_amarti_gesualdo.mxl	https://test.cpdl.org/wiki/images/c/ca/Ancor_che_per_amarti_Gesualdo.mxl	Ancor_che_per_amarti_Gesualdo.mxl
68	Secular works for five voices	Arde il mio cor	https://test.cpdl.org/wiki/index.php/Arde_il_mio_cor_(Carlo_Gesualdo)	1	mid	data/cpdl/5-voices/sources/068_arde_il_mio_cor__01_arde_il_mio_cor_gesualdo.mid	https://test.cpdl.org/wiki/images/f/f6/Arde_il_mio_cor_Gesualdo.mid	Arde_il_mio_cor_Gesualdo.mid
68	Secular works for five voices	Arde il mio cor	https://test.cpdl.org/wiki/index.php/Arde_il_mio_cor_(Carlo_Gesualdo)	2	mxl	data/cpdl/5-voices/sources/068_arde_il_mio_cor__02_arde_il_mio_cor_gesualdo.mxl	https://test.cpdl.org/wiki/images/6/61/Arde_il_mio_cor_Gesualdo.mxl	Arde_il_mio_cor_Gesualdo.mxl
69	Secular works for five voices	Ardita zanzaretta	https://test.cpdl.org/wiki/index.php/Ardita_zanzaretta_(Carlo_Gesualdo)	1	mid	data/cpdl/5-voices/sources/069_ardita_zanzaretta__01_ardita_zanzaretta_gesualdo.mid	https://test.cpdl.org/wiki/images/f/fe/Ardita_zanzaretta_Gesualdo.mid	Ardita_zanzaretta_Gesualdo.mid
69	Secular works for five voices	Ardita zanzaretta	https://test.cpdl.org/wiki/index.php/Ardita_zanzaretta_(Carlo_Gesualdo)	2	mxl	data/cpdl/5-voices/sources/069_ardita_zanzaretta__02_ardita_zanzaretta_gesualdo.mxl	https://test.cpdl.org/wiki/images/4/49/Ardita_zanzaretta_Gesualdo.mxl	Ardita_zanzaretta_Gesualdo.mxl
70	Secular works for five voices	Ardo per te, mio bene	https://test.cpdl.org/wiki/index.php/Ardo_per_te,_mio_bene_(Carlo_Gesualdo)	1	mid	data/cpdl/5-voices/sources/070_ardo_per_te_mio_bene__01_ardo_per_te_mio_bene_gesualdo.mid	https://test.cpdl.org/wiki/images/d/d9/Ardo_per_te%2C_mio_bene_Gesualdo.mid	Ardo_per_te,_mio_bene_Gesualdo.mid
70	Secular works for five voices	Ardo per te, mio bene	https://test.cpdl.org/wiki/index.php/Ardo_per_te,_mio_bene_(Carlo_Gesualdo)	2	mxl	data/cpdl/5-voices/sources/070_ardo_per_te_mio_bene__02_ardo_per_te_mio_bene_gesualdo.mxl	https://test.cpdl.org/wiki/images/2/2c/Ardo_per_te%2C_mio_bene_Gesualdo.mxl	Ardo_per_te,_mio_bene_Gesualdo.mxl
71	Secular works for five voices	Asciugate i begli occhi	https://test.cpdl.org/wiki/index.php/Asciugate_i_begli_occhi_(Carlo_Gesualdo)	1	mid	data/cpdl/5-voices/sources/071_asciugate_i_begli_occhi__01_gesu_14asc.mid	https://test.cpdl.org/wiki/images/5/5b/Gesu-14Asc.mid	Gesu-14Asc.mid
71	Secular works for five voices	Asciugate i begli occhi	https://test.cpdl.org/wiki/index.php/Asciugate_i_begli_occhi_(Carlo_Gesualdo)	2	mxl	data/cpdl/5-voices/sources/071_asciugate_i_begli_occhi__02_gesu_14asc.mxl	https://test.cpdl.org/wiki/images/d/d0/Gesu-14Asc.mxl	Gesu-14Asc.mxl
72	Secular works for five voices	Baci soavi e cari	https://test.cpdl.org/wiki/index.php/Baci_soavi_e_cari_(Carlo_Gesualdo)	1	mid	data/cpdl/5-voices/sources/072_baci_soavi_e_cari__01_gesualdo_baci_soavi_e_cari.mid	https://test.cpdl.org/wiki/images/e/ef/Gesualdo_Baci_soavi_e_cari.mid	Gesualdo_Baci_soavi_e_cari.mid
72	Secular works for five voices	Baci soavi e cari	https://test.cpdl.org/wiki/index.php/Baci_soavi_e_cari_(Carlo_Gesualdo)	2	mxl	data/cpdl/5-voices/sources/072_baci_soavi_e_cari__02_gesualdo_baci_soavi_e_cari.mxl	https://test.cpdl.org/wiki/images/6/60/Gesualdo_Baci_soavi_e_cari.mxl	Gesualdo_Baci_soavi_e_cari.mxl
73	Secular works for five voices	Bella Angioletta	https://test.cpdl.org/wiki/index.php/Bella_Angioletta_(Carlo_Gesualdo)	1	mxl	data/cpdl/5-voices/sources/073_bella_angioletta__01_gesualdo_bella_angioletta.mxl	https://test.cpdl.org/wiki/images/8/84/Gesualdo_Bella_Angioletta.mxl	Gesualdo_Bella_Angioletta.mxl
73	Secular works for five voices	Bella Angioletta	https://test.cpdl.org/wiki/index.php/Bella_Angioletta_(Carlo_Gesualdo)	2	mid	data/cpdl/5-voices/sources/073_bella_angioletta__02_gesualdo_bella_angioletta.mid	https://test.cpdl.org/wiki/images/6/64/Gesualdo-Bella_Angioletta.mid	Gesualdo-Bella_Angioletta.mid
74	Secular works for five voices	Beltà poi che t'assenti	https://test.cpdl.org/wiki/index.php/Belt%C3%A0_poi_che_t%27assenti_(Carlo_Gesualdo)	1	mid	data/cpdl/5-voices/sources/074_belta_poi_che_t_assenti__01_belta_poi_che_t_assenti.mid	https://test.cpdl.org/wiki/images/1/12/Belta_poi_che_t%27assenti.mid	Belta_poi_che_t'assenti.mid
74	Secular works for five voices	Beltà poi che t'assenti	https://test.cpdl.org/wiki/index.php/Belt%C3%A0_poi_che_t%27assenti_(Carlo_Gesualdo)	2	mxl	data/cpdl/5-voices/sources/074_belta_poi_che_t_assenti__02_belta_poi_che_t_assenti.mxl	https://test.cpdl.org/wiki/images/f/f4/Belta_poi_che_t%27assenti.mxl	Belta_poi_che_t'assenti.mxl
74	Secular works for five voices	Beltà poi che t'assenti	https://test.cpdl.org/wiki/index.php/Belt%C3%A0_poi_che_t%27assenti_(Carlo_Gesualdo)	3	mid	data/cpdl/5-voices/sources/074_belta_poi_che_t_assenti__03_belta_poi_che_t_assenti_gesualdo.mid	https://test.cpdl.org/wiki/images/c/c3/Belta_poi_che_t%27assenti_Gesualdo.mid	Belta_poi_che_t'assenti_Gesualdo.mid
74	Secular works for five voices	Beltà poi che t'assenti	https://test.cpdl.org/wiki/index.php/Belt%C3%A0_poi_che_t%27assenti_(Carlo_Gesualdo)	4	mxl	data/cpdl/5-voices/sources/074_belta_poi_che_t_assenti__04_belta_poi_che_t_assenti_gesualdo.mxl	https://test.cpdl.org/wiki/images/7/7f/Belta_poi_che_t%27assenti_Gesualdo.mxl	Belta_poi_che_t'assenti_Gesualdo.mxl
75	Secular works for five voices	Candida man qual neve	https://test.cpdl.org/wiki/index.php/Candida_man_qual_neve_(Carlo_Gesualdo)	1	mid	data/cpdl/5-voices/sources/075_candida_man_qual_neve__01_gesualdo_candida_man_qual_neve.mid	https://test.cpdl.org/wiki/images/8/87/Gesualdo_Candida_man_qual_neve.mid	Gesualdo_Candida_man_qual_neve.mid
75	Secular works for five voices	Candida man qual neve	https://test.cpdl.org/wiki/index.php/Candida_man_qual_neve_(Carlo_Gesualdo)	2	mxl	data/cpdl/5-voices/sources/075_candida_man_qual_neve__02_gesualdo_candida_man_qual_neve.mxl	https://test.cpdl.org/wiki/images/1/18/Gesualdo_Candida_man_qual_neve.mxl	Gesualdo_Candida_man_qual_neve.mxl
76	Secular works for five voices	Candido e verde fiore	https://test.cpdl.org/wiki/index.php/Candido_e_verde_fiore_(Carlo_Gesualdo)	1	mid	data/cpdl/5-voices/sources/076_candido_e_verde_fiore__01_candido_e_verde_fiore_gesualdo.mid	https://test.cpdl.org/wiki/images/4/4b/Candido_e_verde_fiore_Gesualdo.mid	Candido_e_verde_fiore_Gesualdo.mid
76	Secular works for five voices	Candido e verde fiore	https://test.cpdl.org/wiki/index.php/Candido_e_verde_fiore_(Carlo_Gesualdo)	2	mxl	data/cpdl/5-voices/sources/076_candido_e_verde_fiore__02_candido_e_verde_fiore_gesualdo.mxl	https://test.cpdl.org/wiki/images/8/86/Candido_e_verde_fiore_Gesualdo.mxl	Candido_e_verde_fiore_Gesualdo.mxl
77	Secular works for five voices	Caro amoroso neo	https://test.cpdl.org/wiki/index.php/Caro_amoroso_neo_(Carlo_Gesualdo)	1	mxl	data/cpdl/5-voices/sources/077_caro_amoroso_neo__01_gesualdo_caro_amoroso_neo.mxl	https://test.cpdl.org/wiki/images/4/4d/Gesualdo_Caro_amoroso_neo.mxl	Gesualdo_Caro_amoroso_neo.mxl
77	Secular works for five voices	Caro amoroso neo	https://test.cpdl.org/wiki/index.php/Caro_amoroso_neo_(Carlo_Gesualdo)	2	mid	data/cpdl/5-voices/sources/077_caro_amoroso_neo__02_1_caro_amoroso_neo.mid	https://test.cpdl.org/wiki/images/e/e8/1._Caro_amoroso_neo.mid	1._Caro_amoroso_neo.mid
78	Secular works for five voices	Che fai meco	https://test.cpdl.org/wiki/index.php/Che_fai_meco_(Carlo_Gesualdo)	1	mid	data/cpdl/5-voices/sources/078_che_fai_meco__01_che_fai_meco_gesualdo.mid	https://test.cpdl.org/wiki/images/e/eb/Che_fai_meco_Gesualdo.mid	Che_fai_meco_Gesualdo.mid
78	Secular works for five voices	Che fai meco	https://test.cpdl.org/wiki/index.php/Che_fai_meco_(Carlo_Gesualdo)	2	mxl	data/cpdl/5-voices/sources/078_che_fai_meco__02_che_fai_meco_gesualdo.mxl	https://test.cpdl.org/wiki/images/3/3c/Che_fai_meco_Gesualdo.mxl	Che_fai_meco_Gesualdo.mxl
79	Secular works for five voices	Che sentir deve il petto mio	https://test.cpdl.org/wiki/index.php/Che_sentir_deve_il_petto_mio_(Carlo_Gesualdo)	1	mid	data/cpdl/5-voices/sources/079_che_sentir_deve_il_petto_mio__01_5_che_sentir_deve.mid	https://test.cpdl.org/wiki/images/a/a7/5._Che_sentir_deve.mid	5._Che_sentir_deve.mid
80	Secular works for five voices	Chiaro risplender suole	https://test.cpdl.org/wiki/index.php/Chiaro_risplender_suole_(Carlo_Gesualdo)	1	mid	data/cpdl/5-voices/sources/080_chiaro_risplender_suole__01_chiaro_risplender_suole_gesualdo.mid	https://test.cpdl.org/wiki/images/1/1d/Chiaro_risplender_suole_Gesualdo.mid	Chiaro_risplender_suole_Gesualdo.mid
80	Secular works for five voices	Chiaro risplender suole	https://test.cpdl.org/wiki/index.php/Chiaro_risplender_suole_(Carlo_Gesualdo)	2	mxl	data/cpdl/5-voices/sources/080_chiaro_risplender_suole__02_chiaro_risplender_suole_gesualdo.mxl	https://test.cpdl.org/wiki/images/4/42/Chiaro_risplender_suole_Gesualdo.mxl	Chiaro_risplender_suole_Gesualdo.mxl
81	Secular works for five voices	Com'esser può ch'io viva	https://test.cpdl.org/wiki/index.php/Com%27esser_pu%C3%B2_ch%27io_viva_(Carlo_Gesualdo)	1	mxl	data/cpdl/5-voices/sources/081_com_esser_puo_ch_io_viva__01_gesualdo_come_esser_puo_ch_io_viva.mxl	https://test.cpdl.org/wiki/images/c/c4/Gesualdo_Come_esser_puo_ch_io_viva.mxl	Gesualdo_Come_esser_puo_ch_io_viva.mxl
82	Secular works for five voices	Come vivrai cor mio	https://test.cpdl.org/wiki/index.php/Come_vivrai_cor_mio_(Carlo_Gesualdo)	1	mid	data/cpdl/5-voices/sources/082_come_vivrai_cor_mio__01_gesualdo_come_vivrai_cor_mio.mid	https://test.cpdl.org/wiki/images/c/c3/Gesualdo-Come_vivrai_cor_mio.mid	Gesualdo-Come_vivrai_cor_mio.mid
82	Secular works for five voices	Come vivrai cor mio	https://test.cpdl.org/wiki/index.php/Come_vivrai_cor_mio_(Carlo_Gesualdo)	2	mxl	data/cpdl/5-voices/sources/082_come_vivrai_cor_mio__02_gesualdo_come_vivrai_cor_mio.mxl	https://test.cpdl.org/wiki/images/7/74/Gesualdo-Come_vivrai_cor_mio.mxl	Gesualdo-Come_vivrai_cor_mio.mxl
83	Secular works for five voices	Cor mio, deh, non piangete	https://test.cpdl.org/wiki/index.php/Cor_mio,_deh,_non_piangete_(Carlo_Gesualdo)	1	mid	data/cpdl/5-voices/sources/083_cor_mio_deh_non_piangete__01_cor_mio_deh_gesualdo.mid	https://test.cpdl.org/wiki/images/c/c1/Cor_mio%2C_deh_Gesualdo.mid	Cor_mio,_deh_Gesualdo.mid
83	Secular works for five voices	Cor mio, deh, non piangete	https://test.cpdl.org/wiki/index.php/Cor_mio,_deh,_non_piangete_(Carlo_Gesualdo)	2	mxl	data/cpdl/5-voices/sources/083_cor_mio_deh_non_piangete__02_cor_mio_deh_gesualdo.mxl	https://test.cpdl.org/wiki/images/3/34/Cor_mio%2C_deh_Gesualdo.mxl	Cor_mio,_deh_Gesualdo.mxl
83	Secular works for five voices	Cor mio, deh, non piangete	https://test.cpdl.org/wiki/index.php/Cor_mio,_deh,_non_piangete_(Carlo_Gesualdo)	3	mid	data/cpdl/5-voices/sources/083_cor_mio_deh_non_piangete__03_gesualdo_cor_mio_deh_non_piange.mid	https://test.cpdl.org/wiki/images/3/3a/Gesualdo-Cor_mio_deh_non_piange.mid	Gesualdo-Cor_mio_deh_non_piange.mid
83	Secular works for five voices	Cor mio, deh, non piangete	https://test.cpdl.org/wiki/index.php/Cor_mio,_deh,_non_piangete_(Carlo_Gesualdo)	4	mxl	data/cpdl/5-voices/sources/083_cor_mio_deh_non_piangete__04_gesualdo_cor_mio_deh_non_piange.mxl	https://test.cpdl.org/wiki/images/f/fb/Gesualdo-Cor_mio_deh_non_piange.mxl	Gesualdo-Cor_mio_deh_non_piange.mxl
84	Secular works for five voices	Correte, amanti, a prova	https://test.cpdl.org/wiki/index.php/Correte,_amanti,_a_prova_(Carlo_Gesualdo)	1	mid	data/cpdl/5-voices/sources/084_correte_amanti_a_prova__01_gesu_13cor.mid	https://test.cpdl.org/wiki/images/6/63/Gesu-13Cor.mid	Gesu-13Cor.mid
84	Secular works for five voices	Correte, amanti, a prova	https://test.cpdl.org/wiki/index.php/Correte,_amanti,_a_prova_(Carlo_Gesualdo)	2	mxl	data/cpdl/5-voices/sources/084_correte_amanti_a_prova__02_gesu_13cor.mxl	https://test.cpdl.org/wiki/images/0/03/Gesu-13Cor.mxl	Gesu-13Cor.mxl
85	Secular works for five voices	Crudelissima doglia	https://test.cpdl.org/wiki/index.php/Crudelissima_doglia_(Carlo_Gesualdo)	1	mxl	data/cpdl/5-voices/sources/085_crudelissima_doglia__01_gesualdo_crudelissima_doglia.mxl	https://test.cpdl.org/wiki/images/c/ce/Gesualdo_Crudelissima_doglia.mxl	Gesualdo_Crudelissima_doglia.mxl
86	Secular works for five voices	Dalle odorate spoglie	https://test.cpdl.org/wiki/index.php/Dalle_odorate_spoglie_(Carlo_Gesualdo)	1	mid	data/cpdl/5-voices/sources/086_dalle_odorate_spoglie__01_dalle_odorate_spoglie_gesualdo.mid	https://test.cpdl.org/wiki/images/f/f2/Dalle_odorate_spoglie_Gesualdo.mid	Dalle_odorate_spoglie_Gesualdo.mid
86	Secular works for five voices	Dalle odorate spoglie	https://test.cpdl.org/wiki/index.php/Dalle_odorate_spoglie_(Carlo_Gesualdo)	2	mxl	data/cpdl/5-voices/sources/086_dalle_odorate_spoglie__02_dalle_odorate_spoglie_gesualdo.mxl	https://test.cpdl.org/wiki/images/a/a2/Dalle_odorate_spoglie_Gesualdo.mxl	Dalle_odorate_spoglie_Gesualdo.mxl
86	Secular works for five voices	Dalle odorate spoglie	https://test.cpdl.org/wiki/index.php/Dalle_odorate_spoglie_(Carlo_Gesualdo)	3	mxl	data/cpdl/5-voices/sources/086_dalle_odorate_spoglie__03_gesualdo_dalle_odorate_spoglie.mxl	https://test.cpdl.org/wiki/images/b/b5/Gesualdo_Dalle_odorate_spoglie.mxl	Gesualdo_Dalle_odorate_spoglie.mxl
86	Secular works for five voices	Dalle odorate spoglie	https://test.cpdl.org/wiki/index.php/Dalle_odorate_spoglie_(Carlo_Gesualdo)	4	mid	data/cpdl/5-voices/sources/086_dalle_odorate_spoglie__04_gesualdo_dalle_odorate_spoglie.mid	https://test.cpdl.org/wiki/images/1/1c/Gesualdo%3BDalle_odorate_spoglie.mid	Gesualdo;Dalle_odorate_spoglie.mid
86	Secular works for five voices	Dalle odorate spoglie	https://test.cpdl.org/wiki/index.php/Dalle_odorate_spoglie_(Carlo_Gesualdo)	5	mxl	data/cpdl/5-voices/sources/086_dalle_odorate_spoglie__05_gesualdo_dalle_odorate_spoglie.mxl	https://test.cpdl.org/wiki/images/b/b5/Gesualdo%3BDalle_odorate_spoglie.mxl	Gesualdo;Dalle_odorate_spoglie.mxl
87	Secular works for five voices	Deh coprite il bel seno	https://test.cpdl.org/wiki/index.php/Deh_coprite_il_bel_seno_(Carlo_Gesualdo)	1	mid	data/cpdl/5-voices/sources/087_deh_coprite_il_bel_seno__01_gesu_16de.mid	https://test.cpdl.org/wiki/images/8/84/Gesu-16De.mid	Gesu-16De.mid
87	Secular works for five voices	Deh coprite il bel seno	https://test.cpdl.org/wiki/index.php/Deh_coprite_il_bel_seno_(Carlo_Gesualdo)	2	mxl	data/cpdl/5-voices/sources/087_deh_coprite_il_bel_seno__02_gesu_16de.mxl	https://test.cpdl.org/wiki/images/2/2b/Gesu-16De.mxl	Gesu-16De.mxl
87	Secular works for five voices	Deh coprite il bel seno	https://test.cpdl.org/wiki/index.php/Deh_coprite_il_bel_seno_(Carlo_Gesualdo)	3	mid	data/cpdl/5-voices/sources/087_deh_coprite_il_bel_seno__03_ws_gesu_deh.mid	https://test.cpdl.org/wiki/images/c/c3/Ws-gesu-deh.mid	Ws-gesu-deh.mid
87	Secular works for five voices	Deh coprite il bel seno	https://test.cpdl.org/wiki/index.php/Deh_coprite_il_bel_seno_(Carlo_Gesualdo)	4	mxl	data/cpdl/5-voices/sources/087_deh_coprite_il_bel_seno__04_ws_gesu_deh.mxl	https://test.cpdl.org/wiki/images/8/84/Ws-gesu-deh.mxl	Ws-gesu-deh.mxl
88	Secular works for five voices	Deh, come invan sospiro	https://test.cpdl.org/wiki/index.php/Deh,_come_invan_sospiro_(Carlo_Gesualdo)	1	mid	data/cpdl/5-voices/sources/088_deh_come_invan_sospiro__01_deh_come_invan_gesualdo.mid	https://test.cpdl.org/wiki/images/c/c5/Deh%2C_come_invan_Gesualdo.mid	Deh,_come_invan_Gesualdo.mid
88	Secular works for five voices	Deh, come invan sospiro	https://test.cpdl.org/wiki/index.php/Deh,_come_invan_sospiro_(Carlo_Gesualdo)	2	mxl	data/cpdl/5-voices/sources/088_deh_come_invan_sospiro__02_deh_come_invan_gesualdo.mxl	https://test.cpdl.org/wiki/images/8/87/Deh%2C_come_invan_Gesualdo.mxl	Deh,_come_invan_Gesualdo.mxl
88	Secular works for five voices	Deh, come invan sospiro	https://test.cpdl.org/wiki/index.php/Deh,_come_invan_sospiro_(Carlo_Gesualdo)	3	mxl	data/cpdl/5-voices/sources/088_deh_come_invan_sospiro__03_gesualdo_deh_come_invan.mxl	https://test.cpdl.org/wiki/images/0/0b/Gesualdo_Deh-come-invan.mxl	Gesualdo_Deh-come-invan.mxl
89	Secular works for five voices	Deh, se già fu crudele	https://test.cpdl.org/wiki/index.php/Deh,_se_gi%C3%A0_fu_crudele_(Carlo_Gesualdo)	1	mxl	data/cpdl/5-voices/sources/089_deh_se_gia_fu_crudele__01_gesualdo_deh_se_gia_fu_crudele.mxl	https://test.cpdl.org/wiki/images/2/23/Gesualdo_Deh_se_gi%C3%A0_fu_crudele.mxl	Gesualdo_Deh_se_già_fu_crudele.mxl
90	Secular works for five voices	Del bel de bei vostri occhi	https://test.cpdl.org/wiki/index.php/Del_bel_de_bei_vostri_occhi_(Carlo_Gesualdo)	1	mxl	data/cpdl/5-voices/sources/090_del_bel_de_bei_vostri_occhi__01_gesualdo_del_bel_de_bei_vostri_occhi.mxl	https://test.cpdl.org/wiki/images/e/eb/Gesualdo_Del_bel_de_bei_vostri_occhi.mxl	Gesualdo_Del_bel_de_bei_vostri_occhi.mxl
91	Secular works for five voices	Dolce spirto d'amore	https://test.cpdl.org/wiki/index.php/Dolce_spirto_d%27amore_(Carlo_Gesualdo)	1	mxl	data/cpdl/5-voices/sources/091_dolce_spirto_d_amore__01_gesualdo_dolce_spirto_d_amore.mxl	https://test.cpdl.org/wiki/images/7/7b/Gesualdo_Dolce_spirto_d_amore.mxl	Gesualdo_Dolce_spirto_d_amore.mxl
92	Secular works for five voices	Dolcissima mia vita	https://test.cpdl.org/wiki/index.php/Dolcissima_mia_vita_(Carlo_Gesualdo)	1	mid	data/cpdl/5-voices/sources/092_dolcissima_mia_vita__01_dolcissima_mia_vita_gesualdo.mid	https://test.cpdl.org/wiki/images/b/b7/Dolcissima_mia_vita_Gesualdo.mid	Dolcissima_mia_vita_Gesualdo.mid
92	Secular works for five voices	Dolcissima mia vita	https://test.cpdl.org/wiki/index.php/Dolcissima_mia_vita_(Carlo_Gesualdo)	2	mxl	data/cpdl/5-voices/sources/092_dolcissima_mia_vita__02_dolcissima_mia_vita_gesualdo.mxl	https://test.cpdl.org/wiki/images/a/a5/Dolcissima_mia_vita_Gesualdo.mxl	Dolcissima_mia_vita_Gesualdo.mxl
92	Secular works for five voices	Dolcissima mia vita	https://test.cpdl.org/wiki/index.php/Dolcissima_mia_vita_(Carlo_Gesualdo)	3	mxl	data/cpdl/5-voices/sources/092_dolcissima_mia_vita__03_gesualdo_dolcissima.mxl	https://test.cpdl.org/wiki/images/a/ab/Gesualdo_Dolcissima.mxl	Gesualdo_Dolcissima.mxl
92	Secular works for five voices	Dolcissima mia vita	https://test.cpdl.org/wiki/index.php/Dolcissima_mia_vita_(Carlo_Gesualdo)	4	mxl	data/cpdl/5-voices/sources/092_dolcissima_mia_vita__04_dolcisima.mxl	https://test.cpdl.org/wiki/images/4/42/Dolcisima.mxl	Dolcisima.mxl
92	Secular works for five voices	Dolcissima mia vita	https://test.cpdl.org/wiki/index.php/Dolcissima_mia_vita_(Carlo_Gesualdo)	5	mid	data/cpdl/5-voices/sources/092_dolcissima_mia_vita__05_gesu_4dol.mid	https://test.cpdl.org/wiki/images/e/ec/Gesu-4Dol.mid	Gesu-4Dol.mid
92	Secular works for five voices	Dolcissima mia vita	https://test.cpdl.org/wiki/index.php/Dolcissima_mia_vita_(Carlo_Gesualdo)	6	mxl	data/cpdl/5-voices/sources/092_dolcissima_mia_vita__06_gesu_4dol.mxl	https://test.cpdl.org/wiki/images/5/5f/Gesu-4Dol.mxl	Gesu-4Dol.mxl
92	Secular works for five voices	Dolcissima mia vita	https://test.cpdl.org/wiki/index.php/Dolcissima_mia_vita_(Carlo_Gesualdo)	7	mid	data/cpdl/5-voices/sources/092_dolcissima_mia_vita__07_ws_gesu_dol.mid	https://test.cpdl.org/wiki/images/2/23/Ws-gesu-dol.mid	Ws-gesu-dol.mid
93	Secular works for five voices	Dolcissimo sospiro	https://test.cpdl.org/wiki/index.php/Dolcissimo_sospiro_(Carlo_Gesualdo)	1	mxl	data/cpdl/5-voices/sources/093_dolcissimo_sospiro__01_gesualdo_dolcissimo_sospiro.mxl	https://test.cpdl.org/wiki/images/8/81/Gesualdo_Dolcissimo_sospiro.mxl	Gesualdo_Dolcissimo_sospiro.mxl
95	Secular works for five voices	Ecco, morirò dunque	https://test.cpdl.org/wiki/index.php/Ecco,_morir%C3%B2_dunque_(Carlo_Gesualdo)	1	mid	data/cpdl/5-voices/sources/095_ecco_moriro_dunque__01_ecco_moriro_dunque_gesualdo.mid	https://test.cpdl.org/wiki/images/e/e6/Ecco%2C_moriro_dunque_Gesualdo.mid	Ecco,_moriro_dunque_Gesualdo.mid
95	Secular works for five voices	Ecco, morirò dunque	https://test.cpdl.org/wiki/index.php/Ecco,_morir%C3%B2_dunque_(Carlo_Gesualdo)	2	mxl	data/cpdl/5-voices/sources/095_ecco_moriro_dunque__02_ecco_moriro_dunque_gesualdo.mxl	https://test.cpdl.org/wiki/images/6/6b/Ecco%2C_moriro_dunque_Gesualdo.mxl	Ecco,_moriro_dunque_Gesualdo.mxl
96	Secular works for five voices	Felice primavera	https://test.cpdl.org/wiki/index.php/Felice_primavera_(Carlo_Gesualdo)	1	mid	data/cpdl/5-voices/sources/096_felice_primavera__01_gesualdo_felice_primavera.mid	https://test.cpdl.org/wiki/images/5/5a/Gesualdo_Felice_primavera.mid	Gesualdo_Felice_primavera.mid
96	Secular works for five voices	Felice primavera	https://test.cpdl.org/wiki/index.php/Felice_primavera_(Carlo_Gesualdo)	2	mxl	data/cpdl/5-voices/sources/096_felice_primavera__02_gesualdo_felice_primavera.mxl	https://test.cpdl.org/wiki/images/5/5e/Gesualdo_Felice_primavera.mxl	Gesualdo_Felice_primavera.mxl
97	Secular works for five voices	Felicissimo sonno	https://test.cpdl.org/wiki/index.php/Felicissimo_sonno_(Carlo_Gesualdo)	1	mid	data/cpdl/5-voices/sources/097_felicissimo_sonno__01_gesu_7fel.mid	https://test.cpdl.org/wiki/images/7/7f/Gesu-7Fel.mid	Gesu-7Fel.mid
97	Secular works for five voices	Felicissimo sonno	https://test.cpdl.org/wiki/index.php/Felicissimo_sonno_(Carlo_Gesualdo)	2	mxl	data/cpdl/5-voices/sources/097_felicissimo_sonno__02_gesu_7fel.mxl	https://test.cpdl.org/wiki/images/c/c5/Gesu-7Fel.mxl	Gesu-7Fel.mxl
98	Secular works for five voices	Gelo ha madonna il seno	https://test.cpdl.org/wiki/index.php/Gelo_ha_madonna_il_seno_(Carlo_Gesualdo)	1	mxl	data/cpdl/5-voices/sources/098_gelo_ha_madonna_il_seno__01_gesualdo_gelo.mxl	https://test.cpdl.org/wiki/images/7/78/Gesualdo_Gelo.mxl	Gesualdo_Gelo.mxl
98	Secular works for five voices	Gelo ha madonna il seno	https://test.cpdl.org/wiki/index.php/Gelo_ha_madonna_il_seno_(Carlo_Gesualdo)	2	mxl	data/cpdl/5-voices/sources/098_gelo_ha_madonna_il_seno__02_gesualdo_gelo_ha_madonna_il_seno.mxl	https://test.cpdl.org/wiki/images/4/48/Gesualdo_Gelo_ha_madonna_il_seno.mxl	Gesualdo_Gelo_ha_madonna_il_seno.mxl
99	Secular works for five voices	Gioite voi col canto	https://test.cpdl.org/wiki/index.php/Gioite_voi_col_canto_(Carlo_Gesualdo)	1	mid	data/cpdl/5-voices/sources/099_gioite_voi_col_canto__01_gioite_voi_gesualdo.mid	https://test.cpdl.org/wiki/images/e/ed/Gioite_voi_Gesualdo.mid	Gioite_voi_Gesualdo.mid
99	Secular works for five voices	Gioite voi col canto	https://test.cpdl.org/wiki/index.php/Gioite_voi_col_canto_(Carlo_Gesualdo)	2	mxl	data/cpdl/5-voices/sources/099_gioite_voi_col_canto__02_gioite_voi_gesualdo.mxl	https://test.cpdl.org/wiki/images/9/9c/Gioite_voi_Gesualdo.mxl	Gioite_voi_Gesualdo.mxl
99	Secular works for five voices	Gioite voi col canto	https://test.cpdl.org/wiki/index.php/Gioite_voi_col_canto_(Carlo_Gesualdo)	3	mid	data/cpdl/5-voices/sources/099_gioite_voi_col_canto__03_gesu_1gio.mid	https://test.cpdl.org/wiki/images/7/7e/Gesu-1Gio.mid	Gesu-1Gio.mid
99	Secular works for five voices	Gioite voi col canto	https://test.cpdl.org/wiki/index.php/Gioite_voi_col_canto_(Carlo_Gesualdo)	4	mxl	data/cpdl/5-voices/sources/099_gioite_voi_col_canto__04_gesu_1gio.mxl	https://test.cpdl.org/wiki/images/a/af/Gesu-1Gio.mxl	Gesu-1Gio.mxl
99	Secular works for five voices	Gioite voi col canto	https://test.cpdl.org/wiki/index.php/Gioite_voi_col_canto_(Carlo_Gesualdo)	5	mid	data/cpdl/5-voices/sources/099_gioite_voi_col_canto__05_ws_gesu_501.mid	https://test.cpdl.org/wiki/images/8/88/Ws-gesu-501.mid	Ws-gesu-501.mid
100	Secular works for five voices	Già piansi nel dolore	https://test.cpdl.org/wiki/index.php/Gi%C3%A0_piansi_nel_dolore_(Carlo_Gesualdo)	1	mid	data/cpdl/5-voices/sources/100_gia_piansi_nel_dolore__01_gia_piansi_nel_dolore_gesualdo.mid	https://test.cpdl.org/wiki/images/6/65/Gia_piansi_nel_dolore_Gesualdo.mid	Gia_piansi_nel_dolore_Gesualdo.mid
100	Secular works for five voices	Già piansi nel dolore	https://test.cpdl.org/wiki/index.php/Gi%C3%A0_piansi_nel_dolore_(Carlo_Gesualdo)	2	mxl	data/cpdl/5-voices/sources/100_gia_piansi_nel_dolore__02_gia_piansi_nel_dolore_gesualdo.mxl	https://test.cpdl.org/wiki/images/b/bc/Gia_piansi_nel_dolore_Gesualdo.mxl	Gia_piansi_nel_dolore_Gesualdo.mxl
101	Secular works for five voices	Hai rotto e sciolto e spento	https://test.cpdl.org/wiki/index.php/Hai_rotto_e_sciolto_e_spento_(Carlo_Gesualdo)	1	mid	data/cpdl/5-voices/sources/101_hai_rotto_e_sciolto_e_spento__01_hai_rotto_gesualdo.mid	https://test.cpdl.org/wiki/images/e/ee/Hai_rotto_Gesualdo.mid	Hai_rotto_Gesualdo.mid
101	Secular works for five voices	Hai rotto e sciolto e spento	https://test.cpdl.org/wiki/index.php/Hai_rotto_e_sciolto_e_spento_(Carlo_Gesualdo)	2	mxl	data/cpdl/5-voices/sources/101_hai_rotto_e_sciolto_e_spento__02_hai_rotto_gesualdo.mxl	https://test.cpdl.org/wiki/images/5/5a/Hai_rotto_Gesualdo.mxl	Hai_rotto_Gesualdo.mxl
101	Secular works for five voices	Hai rotto e sciolto e spento	https://test.cpdl.org/wiki/index.php/Hai_rotto_e_sciolto_e_spento_(Carlo_Gesualdo)	3	mxl	data/cpdl/5-voices/sources/101_hai_rotto_e_sciolto_e_spento__03_gesualdo_hai_rotto_e_sciolto_e_spento.mxl	https://test.cpdl.org/wiki/images/7/79/Gesualdo_Hai_rotto_e_sciolto_e_spento.mxl	Gesualdo_Hai_rotto_e_sciolto_e_spento.mxl
101	Secular works for five voices	Hai rotto e sciolto e spento	https://test.cpdl.org/wiki/index.php/Hai_rotto_e_sciolto_e_spento_(Carlo_Gesualdo)	4	mid	data/cpdl/5-voices/sources/101_hai_rotto_e_sciolto_e_spento__04_gesual_hairot.mid	https://test.cpdl.org/wiki/images/7/7c/Gesual-Hairot.mid	Gesual-Hairot.mid
101	Secular works for five voices	Hai rotto e sciolto e spento	https://test.cpdl.org/wiki/index.php/Hai_rotto_e_sciolto_e_spento_(Carlo_Gesualdo)	5	mxl	data/cpdl/5-voices/sources/101_hai_rotto_e_sciolto_e_spento__05_gesual_hairot.mxl	https://test.cpdl.org/wiki/images/4/46/Gesual-Hairot.mxl	Gesual-Hairot.mxl
102	Secular works for five voices	In più leggiadro velo	https://test.cpdl.org/wiki/index.php/In_pi%C3%B9_leggiadro_velo_(Carlo_Gesualdo)	1	mxl	data/cpdl/5-voices/sources/102_in_piu_leggiadro_velo__01_gesualdo_in_piu_leggiadro_velo.mxl	https://test.cpdl.org/wiki/images/6/67/Gesualdo_In_pi%C3%B9_leggiadro_velo.mxl	Gesualdo_In_più_leggiadro_velo.mxl
102	Secular works for five voices	In più leggiadro velo	https://test.cpdl.org/wiki/index.php/In_pi%C3%B9_leggiadro_velo_(Carlo_Gesualdo)	2	mid	data/cpdl/5-voices/sources/102_in_piu_leggiadro_velo__02_6_in_piu_leggiadro_velo.mid	https://test.cpdl.org/wiki/images/6/62/6._In_piu_leggiadro_velo.mid	6._In_piu_leggiadro_velo.mid
103	Secular works for five voices	Io parto, e non più dissi	https://test.cpdl.org/wiki/index.php/Io_parto,_e_non_pi%C3%B9_dissi_(Carlo_Gesualdo)	1	mid	data/cpdl/5-voices/sources/103_io_parto_e_non_piu_dissi__01_io_parto_gesualdo.mid	https://test.cpdl.org/wiki/images/d/d8/Io_parto_Gesualdo.mid	Io_parto_Gesualdo.mid
103	Secular works for five voices	Io parto, e non più dissi	https://test.cpdl.org/wiki/index.php/Io_parto,_e_non_pi%C3%B9_dissi_(Carlo_Gesualdo)	2	mxl	data/cpdl/5-voices/sources/103_io_parto_e_non_piu_dissi__02_io_parto_gesualdo.mxl	https://test.cpdl.org/wiki/images/8/8a/Io_parto_Gesualdo.mxl	Io_parto_Gesualdo.mxl
104	Secular works for five voices	Io pur respiro in così gran dolore	https://test.cpdl.org/wiki/index.php/Io_pur_respiro_in_cos%C3%AC_gran_dolore_(Carlo_Gesualdo)	1	mid	data/cpdl/5-voices/sources/104_io_pur_respiro_in_cosi_gran_dolore__01_io_pur_respiro_gesualdo.mid	https://test.cpdl.org/wiki/images/6/67/Io_pur_respiro_Gesualdo.mid	Io_pur_respiro_Gesualdo.mid
104	Secular works for five voices	Io pur respiro in così gran dolore	https://test.cpdl.org/wiki/index.php/Io_pur_respiro_in_cos%C3%AC_gran_dolore_(Carlo_Gesualdo)	2	mxl	data/cpdl/5-voices/sources/104_io_pur_respiro_in_cosi_gran_dolore__02_io_pur_respiro_gesualdo.mxl	https://test.cpdl.org/wiki/images/7/75/Io_pur_respiro_Gesualdo.mxl	Io_pur_respiro_Gesualdo.mxl
105	Secular works for five voices	Io tacerò	https://test.cpdl.org/wiki/index.php/Io_tacer%C3%B2_(Carlo_Gesualdo)	1	mid	data/cpdl/5-voices/sources/105_io_tacero__01_io_tacero_gesualdo.mid	https://test.cpdl.org/wiki/images/4/41/Io_tacero_Gesualdo.mid	Io_tacero_Gesualdo.mid
105	Secular works for five voices	Io tacerò	https://test.cpdl.org/wiki/index.php/Io_tacer%C3%B2_(Carlo_Gesualdo)	2	mxl	data/cpdl/5-voices/sources/105_io_tacero__02_io_tacero_gesualdo.mxl	https://test.cpdl.org/wiki/images/3/38/Io_tacero_Gesualdo.mxl	Io_tacero_Gesualdo.mxl
105	Secular works for five voices	Io tacerò	https://test.cpdl.org/wiki/index.php/Io_tacer%C3%B2_(Carlo_Gesualdo)	3	mid	data/cpdl/5-voices/sources/105_io_tacero__03_ws_gesu_iot.mid	https://test.cpdl.org/wiki/images/4/4c/Ws-gesu-iot.mid	Ws-gesu-iot.mid
105	Secular works for five voices	Io tacerò	https://test.cpdl.org/wiki/index.php/Io_tacer%C3%B2_(Carlo_Gesualdo)	4	mxl	data/cpdl/5-voices/sources/105_io_tacero__04_ws_gesu_iot.mxl	https://test.cpdl.org/wiki/images/e/e9/Ws-gesu-iot.mxl	Ws-gesu-iot.mxl
106	Secular works for five voices	Itene o miei sospiri	https://test.cpdl.org/wiki/index.php/Itene_o_miei_sospiri_(Carlo_Gesualdo)	1	mid	data/cpdl/5-voices/sources/106_itene_o_miei_sospiri__01_gesu_3ite.mid	https://test.cpdl.org/wiki/images/a/a1/Gesu-3Ite.mid	Gesu-3Ite.mid
106	Secular works for five voices	Itene o miei sospiri	https://test.cpdl.org/wiki/index.php/Itene_o_miei_sospiri_(Carlo_Gesualdo)	2	mxl	data/cpdl/5-voices/sources/106_itene_o_miei_sospiri__02_gesu_3ite.mxl	https://test.cpdl.org/wiki/images/6/65/Gesu-3Ite.mxl	Gesu-3Ite.mxl
106	Secular works for five voices	Itene o miei sospiri	https://test.cpdl.org/wiki/index.php/Itene_o_miei_sospiri_(Carlo_Gesualdo)	3	mxl	data/cpdl/5-voices/sources/106_itene_o_miei_sospiri__03_ws_ges_ite2.mxl	https://test.cpdl.org/wiki/images/b/bd/Ws-ges-ite2.mxl	Ws-ges-ite2.mxl
106	Secular works for five voices	Itene o miei sospiri	https://test.cpdl.org/wiki/index.php/Itene_o_miei_sospiri_(Carlo_Gesualdo)	4	mid	data/cpdl/5-voices/sources/106_itene_o_miei_sospiri__04_ws_ges_iten.mid	https://test.cpdl.org/wiki/images/b/b8/Ws-ges-iten.mid	Ws-ges-iten.mid
106	Secular works for five voices	Itene o miei sospiri	https://test.cpdl.org/wiki/index.php/Itene_o_miei_sospiri_(Carlo_Gesualdo)	5	mxl	data/cpdl/5-voices/sources/106_itene_o_miei_sospiri__05_ws_ges_iten.mxl	https://test.cpdl.org/wiki/images/3/30/Ws-ges-iten.mxl	Ws-ges-iten.mxl
107	Secular works for five voices	Languisce al fin chi da la vita parte	https://test.cpdl.org/wiki/index.php/Languisce_al_fin_chi_da_la_vita_parte_(Carlo_Gesualdo)	1	mid	data/cpdl/5-voices/sources/107_languisce_al_fin_chi_da_la_vita_parte__01_gesu_10la.mid	https://test.cpdl.org/wiki/images/9/95/Gesu-10La.mid	Gesu-10La.mid
107	Secular works for five voices	Languisce al fin chi da la vita parte	https://test.cpdl.org/wiki/index.php/Languisce_al_fin_chi_da_la_vita_parte_(Carlo_Gesualdo)	2	mxl	data/cpdl/5-voices/sources/107_languisce_al_fin_chi_da_la_vita_parte__02_gesu_10la.mxl	https://test.cpdl.org/wiki/images/1/10/Gesu-10La.mxl	Gesu-10La.mxl
108	Secular works for five voices	Languisce e moro, ahi, cruda	https://test.cpdl.org/wiki/index.php/Languisce_e_moro,_ahi,_cruda_(Carlo_Gesualdo)	1	mxl	data/cpdl/5-voices/sources/108_languisce_e_moro_ahi_cruda__01_gesualdo_languisce_e_moro_ahi_cruda.mxl	https://test.cpdl.org/wiki/images/a/ad/Gesualdo_Languisce_e_moro_ahi_cruda.mxl	Gesualdo_Languisce_e_moro_ahi_cruda.mxl
109	Secular works for five voices	Luci serene e chiare	https://test.cpdl.org/wiki/index.php/Luci_serene_e_chiare_(Carlo_Gesualdo)	1	mxl	data/cpdl/5-voices/sources/109_luci_serene_e_chiare__01_gesualdo_luciserene.mxl	https://test.cpdl.org/wiki/images/6/64/Gesualdo_Luciserene.mxl	Gesualdo_Luciserene.mxl
109	Secular works for five voices	Luci serene e chiare	https://test.cpdl.org/wiki/index.php/Luci_serene_e_chiare_(Carlo_Gesualdo)	2	mid	data/cpdl/5-voices/sources/109_luci_serene_e_chiare__02_luci_serena_gesualdo.mid	https://test.cpdl.org/wiki/images/8/8f/Luci_serena_Gesualdo.mid	Luci_serena_Gesualdo.mid
109	Secular works for five voices	Luci serene e chiare	https://test.cpdl.org/wiki/index.php/Luci_serene_e_chiare_(Carlo_Gesualdo)	3	mxl	data/cpdl/5-voices/sources/109_luci_serene_e_chiare__03_luci_serena_gesualdo.mxl	https://test.cpdl.org/wiki/images/9/94/Luci_serena_Gesualdo.mxl	Luci_serena_Gesualdo.mxl
109	Secular works for five voices	Luci serene e chiare	https://test.cpdl.org/wiki/index.php/Luci_serene_e_chiare_(Carlo_Gesualdo)	4	mxl	data/cpdl/5-voices/sources/109_luci_serene_e_chiare__04_luci_serene_e_chiare.mxl	https://test.cpdl.org/wiki/images/d/de/Luci_serene_e_chiare.mxl	Luci_serene_e_chiare.mxl
109	Secular works for five voices	Luci serene e chiare	https://test.cpdl.org/wiki/index.php/Luci_serene_e_chiare_(Carlo_Gesualdo)	5	mid	data/cpdl/5-voices/sources/109_luci_serene_e_chiare__05_br_597.mid	https://test.cpdl.org/wiki/images/0/0e/Br-597.mid	Br-597.mid
109	Secular works for five voices	Luci serene e chiare	https://test.cpdl.org/wiki/index.php/Luci_serene_e_chiare_(Carlo_Gesualdo)	6	mxl	data/cpdl/5-voices/sources/109_luci_serene_e_chiare__06_br_597.mxl	https://test.cpdl.org/wiki/images/b/ba/Br-597.mxl	Br-597.mxl
110	Secular works for five voices	Ma se avverrà ch'io moia	https://test.cpdl.org/wiki/index.php/Ma_se_avverr%C3%A0_ch%27io_moia_(Carlo_Gesualdo)	1	mid	data/cpdl/5-voices/sources/110_ma_se_avverra_ch_io_moia__01_8_ma_se_averra.mid	https://test.cpdl.org/wiki/images/6/67/8._Ma_se_averra.mid	8._Ma_se_averra.mid
111	Secular works for five voices	Ma se tale ha costei	https://test.cpdl.org/wiki/index.php/Ma_se_tale_ha_costei_(Carlo_Gesualdo)	1	mid	data/cpdl/5-voices/sources/111_ma_se_tale_ha_costei__01_ma_se_tale_ha_costei.mid	https://test.cpdl.org/wiki/images/4/43/Ma_se_tale_ha_costei.mid	Ma_se_tale_ha_costei.mid
112	Secular works for five voices	Ma tu, cagion di quella atroce pena	https://test.cpdl.org/wiki/index.php/Ma_tu,_cagion_di_quella_atroce_pena_(Carlo_Gesualdo)	1	mid	data/cpdl/5-voices/sources/112_ma_tu_cagion_di_quella_atroce_pena__01_gesu_18ma.mid	https://test.cpdl.org/wiki/images/d/de/Gesu-18Ma.mid	Gesu-18Ma.mid
112	Secular works for five voices	Ma tu, cagion di quella atroce pena	https://test.cpdl.org/wiki/index.php/Ma_tu,_cagion_di_quella_atroce_pena_(Carlo_Gesualdo)	2	mxl	data/cpdl/5-voices/sources/112_ma_tu_cagion_di_quella_atroce_pena__02_gesu_18ma.mxl	https://test.cpdl.org/wiki/images/c/cc/Gesu-18Ma.mxl	Gesu-18Ma.mxl
113	Secular works for five voices	Madonna, io ben vorrei	https://test.cpdl.org/wiki/index.php/Madonna,_io_ben_vorrei_(Carlo_Gesualdo)	1	mid	data/cpdl/5-voices/sources/113_madonna_io_ben_vorrei__01_gesualdo_madonna_io_ben_vorrei.mid	https://test.cpdl.org/wiki/images/f/fb/Gesualdo-Madonna_io_ben_vorrei.mid	Gesualdo-Madonna_io_ben_vorrei.mid
113	Secular works for five voices	Madonna, io ben vorrei	https://test.cpdl.org/wiki/index.php/Madonna,_io_ben_vorrei_(Carlo_Gesualdo)	2	mxl	data/cpdl/5-voices/sources/113_madonna_io_ben_vorrei__02_gesualdo_madonna_io_ben_vorrei.mxl	https://test.cpdl.org/wiki/images/9/95/Gesualdo-Madonna_io_ben_vorrei.mxl	Gesualdo-Madonna_io_ben_vorrei.mxl
114	Secular works for five voices	Mentre gira costei	https://test.cpdl.org/wiki/index.php/Mentre_gira_costei_(Carlo_Gesualdo)	1	mid	data/cpdl/5-voices/sources/114_mentre_gira_costei__01_mentre_gira_costei_gesualdo.mid	https://test.cpdl.org/wiki/images/b/b8/Mentre_gira_costei_Gesualdo.mid	Mentre_gira_costei_Gesualdo.mid
114	Secular works for five voices	Mentre gira costei	https://test.cpdl.org/wiki/index.php/Mentre_gira_costei_(Carlo_Gesualdo)	2	mxl	data/cpdl/5-voices/sources/114_mentre_gira_costei__02_mentre_gira_costei_gesualdo.mxl	https://test.cpdl.org/wiki/images/0/06/Mentre_gira_costei_Gesualdo.mxl	Mentre_gira_costei_Gesualdo.mxl
115	Secular works for five voices	Mentre madonna il lasso fianco posa	https://test.cpdl.org/wiki/index.php/Mentre_madonna_il_lasso_fianco_posa_(Carlo_Gesualdo)	1	mid	data/cpdl/5-voices/sources/115_mentre_madonna_il_lasso_fianco_posa__01_gesualdo_mentre_madonna_il_lasso_fianco_posa.mid	https://test.cpdl.org/wiki/images/f/ff/Gesualdo_Mentre_madonna_il_lasso_fianco_posa.mid	Gesualdo_Mentre_madonna_il_lasso_fianco_posa.mid
115	Secular works for five voices	Mentre madonna il lasso fianco posa	https://test.cpdl.org/wiki/index.php/Mentre_madonna_il_lasso_fianco_posa_(Carlo_Gesualdo)	2	mxl	data/cpdl/5-voices/sources/115_mentre_madonna_il_lasso_fianco_posa__02_gesualdo_mentre_madonna_il_lasso_fianco_posa.mxl	https://test.cpdl.org/wiki/images/9/96/Gesualdo_Mentre_madonna_il_lasso_fianco_posa.mxl	Gesualdo_Mentre_madonna_il_lasso_fianco_posa.mxl
116	Secular works for five voices	Mentre, mia stella, miri	https://test.cpdl.org/wiki/index.php/Mentre,_mia_stella,_miri_(Carlo_Gesualdo)	1	mxl	data/cpdl/5-voices/sources/116_mentre_mia_stella_miri__01_gesualdo_mentre_mia_stella_miri.mxl	https://test.cpdl.org/wiki/images/2/28/Gesualdo_Mentre_mia_stella_miri.mxl	Gesualdo_Mentre_mia_stella_miri.mxl
117	Secular works for five voices	Meraviglia d'Amore	https://test.cpdl.org/wiki/index.php/Meraviglia_d%27Amore_(Carlo_Gesualdo)	1	mxl	data/cpdl/5-voices/sources/117_meraviglia_d_amore__01_gesualdo_meraviglia_d_amore.mxl	https://test.cpdl.org/wiki/images/a/ab/Gesualdo_Meraviglia_d_Amore.mxl	Gesualdo_Meraviglia_d_Amore.mxl
118	Secular works for five voices	Mercè grido piangendo	https://test.cpdl.org/wiki/index.php/Merc%C3%A8_grido_piangendo_(Carlo_Gesualdo)	1	mid	data/cpdl/5-voices/sources/118_merce_grido_piangendo__01_gesu_11me.mid	https://test.cpdl.org/wiki/images/5/5b/Gesu-11Me.mid	Gesu-11Me.mid
118	Secular works for five voices	Mercè grido piangendo	https://test.cpdl.org/wiki/index.php/Merc%C3%A8_grido_piangendo_(Carlo_Gesualdo)	2	mxl	data/cpdl/5-voices/sources/118_merce_grido_piangendo__02_gesu_11me.mxl	https://test.cpdl.org/wiki/images/1/13/Gesu-11Me.mxl	Gesu-11Me.mxl
119	Secular works for five voices	Mille volte il di	https://test.cpdl.org/wiki/index.php/Mille_volte_il_di_(Carlo_Gesualdo)	1	mid	data/cpdl/5-voices/sources/119_mille_volte_il_di__01_mille_volte_il_di_gesualdo.mid	https://test.cpdl.org/wiki/images/9/9f/Mille_volte_il_di_Gesualdo.mid	Mille_volte_il_di_Gesualdo.mid
119	Secular works for five voices	Mille volte il di	https://test.cpdl.org/wiki/index.php/Mille_volte_il_di_(Carlo_Gesualdo)	2	mxl	data/cpdl/5-voices/sources/119_mille_volte_il_di__02_mille_volte_il_di_gesualdo.mxl	https://test.cpdl.org/wiki/images/6/60/Mille_volte_il_di_Gesualdo.mxl	Mille_volte_il_di_Gesualdo.mxl
120	Secular works for five voices	Moro, e mentre sospiro	https://test.cpdl.org/wiki/index.php/Moro,_e_mentre_sospiro_(Carlo_Gesualdo)	1	mid	data/cpdl/5-voices/sources/120_moro_e_mentre_sospiro__01_moro_e_mentre_sospiro_gesualdo.mid	https://test.cpdl.org/wiki/images/2/27/Moro%2C_e_mentre_sospiro_Gesualdo.mid	Moro,_e_mentre_sospiro_Gesualdo.mid
120	Secular works for five voices	Moro, e mentre sospiro	https://test.cpdl.org/wiki/index.php/Moro,_e_mentre_sospiro_(Carlo_Gesualdo)	2	mxl	data/cpdl/5-voices/sources/120_moro_e_mentre_sospiro__02_moro_e_mentre_sospiro_gesualdo.mxl	https://test.cpdl.org/wiki/images/4/41/Moro%2C_e_mentre_sospiro_Gesualdo.mxl	Moro,_e_mentre_sospiro_Gesualdo.mxl
120	Secular works for five voices	Moro, e mentre sospiro	https://test.cpdl.org/wiki/index.php/Moro,_e_mentre_sospiro_(Carlo_Gesualdo)	3	mid	data/cpdl/5-voices/sources/120_moro_e_mentre_sospiro__03_gesualdo_moro_e_mentre_sospiro.mid	https://test.cpdl.org/wiki/images/7/7c/Gesualdo-Moro_e_mentre_sospiro.mid	Gesualdo-Moro_e_mentre_sospiro.mid
120	Secular works for five voices	Moro, e mentre sospiro	https://test.cpdl.org/wiki/index.php/Moro,_e_mentre_sospiro_(Carlo_Gesualdo)	4	mxl	data/cpdl/5-voices/sources/120_moro_e_mentre_sospiro__04_gesualdo_moro_e_mentre_sospiro.mxl	https://test.cpdl.org/wiki/images/4/4d/Gesualdo-Moro_e_mentre_sospiro.mxl	Gesualdo-Moro_e_mentre_sospiro.mxl
121	Secular works for five voices	Moro, lasso, al mio duolo	https://test.cpdl.org/wiki/index.php/Moro,_lasso,_al_mio_duolo_(Carlo_Gesualdo)	1	mid	data/cpdl/5-voices/sources/121_moro_lasso_al_mio_duolo__01_moro_lasso_gesualdo.mid	https://test.cpdl.org/wiki/images/c/c5/Moro_lasso_Gesualdo.mid	Moro_lasso_Gesualdo.mid
121	Secular works for five voices	Moro, lasso, al mio duolo	https://test.cpdl.org/wiki/index.php/Moro,_lasso,_al_mio_duolo_(Carlo_Gesualdo)	2	mxl	data/cpdl/5-voices/sources/121_moro_lasso_al_mio_duolo__02_moro_lasso_gesualdo.mxl	https://test.cpdl.org/wiki/images/b/b3/Moro_lasso_Gesualdo.mxl	Moro_lasso_Gesualdo.mxl
121	Secular works for five voices	Moro, lasso, al mio duolo	https://test.cpdl.org/wiki/index.php/Moro,_lasso,_al_mio_duolo_(Carlo_Gesualdo)	3	mid	data/cpdl/5-voices/sources/121_moro_lasso_al_mio_duolo__03_gesualdo_jhf_moro_lasso.mid	https://test.cpdl.org/wiki/images/8/84/Gesualdo-jhf-Moro_Lasso.mid	Gesualdo-jhf-Moro_Lasso.mid
121	Secular works for five voices	Moro, lasso, al mio duolo	https://test.cpdl.org/wiki/index.php/Moro,_lasso,_al_mio_duolo_(Carlo_Gesualdo)	4	mxl	data/cpdl/5-voices/sources/121_moro_lasso_al_mio_duolo__04_gesualdo_jhf_moro_lasso.mxl	https://test.cpdl.org/wiki/images/8/88/Gesualdo-jhf-Moro_Lasso.mxl	Gesualdo-jhf-Moro_Lasso.mxl
121	Secular works for five voices	Moro, lasso, al mio duolo	https://test.cpdl.org/wiki/index.php/Moro,_lasso,_al_mio_duolo_(Carlo_Gesualdo)	5	mid	data/cpdl/5-voices/sources/121_moro_lasso_al_mio_duolo__05_gesualdo_moro_lasso.mid	https://test.cpdl.org/wiki/images/9/9d/Gesualdo_Moro_lasso.mid	Gesualdo_Moro_lasso.mid
121	Secular works for five voices	Moro, lasso, al mio duolo	https://test.cpdl.org/wiki/index.php/Moro,_lasso,_al_mio_duolo_(Carlo_Gesualdo)	6	mxl	data/cpdl/5-voices/sources/121_moro_lasso_al_mio_duolo__06_gesualdo_moro_lasso.mxl	https://test.cpdl.org/wiki/images/7/7a/Gesualdo_Moro_lasso.mxl	Gesualdo_Moro_lasso.mxl
123	Secular works for five voices	Non mai non cangerò stato	https://test.cpdl.org/wiki/index.php/Non_mai_non_canger%C3%B2_stato_(Carlo_Gesualdo)	1	mid	data/cpdl/5-voices/sources/123_non_mai_non_cangero_stato__01_gesualdo_non_mai_non_cangero.mid	https://test.cpdl.org/wiki/images/7/79/Gesualdo_Non_mai_non_canger%C3%B2.mid	Gesualdo_Non_mai_non_cangerò.mid
123	Secular works for five voices	Non mai non cangerò stato	https://test.cpdl.org/wiki/index.php/Non_mai_non_canger%C3%B2_stato_(Carlo_Gesualdo)	2	mxl	data/cpdl/5-voices/sources/123_non_mai_non_cangero_stato__02_gesualdo_non_mai_non_cangero.mxl	https://test.cpdl.org/wiki/images/d/d3/Gesualdo_Non_mai_non_canger%C3%B2.mxl	Gesualdo_Non_mai_non_cangerò.mxl
124	Secular works for five voices	Non mi toglia il ben mio	https://test.cpdl.org/wiki/index.php/Non_mi_toglia_il_ben_mio_(Carlo_Gesualdo)	1	mxl	data/cpdl/5-voices/sources/124_non_mi_toglia_il_ben_mio__01_gesualdo_nonmitoglia.mxl	https://test.cpdl.org/wiki/images/b/b5/Gesualdo_Nonmitoglia.mxl	Gesualdo_Nonmitoglia.mxl
124	Secular works for five voices	Non mi toglia il ben mio	https://test.cpdl.org/wiki/index.php/Non_mi_toglia_il_ben_mio_(Carlo_Gesualdo)	2	mid	data/cpdl/5-voices/sources/124_non_mi_toglia_il_ben_mio__02_gesualdo_non_mi_toglia_il_ben_mio.mid	https://test.cpdl.org/wiki/images/9/97/Gesualdo_Non_mi_toglia_il_ben_mio.mid	Gesualdo_Non_mi_toglia_il_ben_mio.mid
124	Secular works for five voices	Non mi toglia il ben mio	https://test.cpdl.org/wiki/index.php/Non_mi_toglia_il_ben_mio_(Carlo_Gesualdo)	3	mxl	data/cpdl/5-voices/sources/124_non_mi_toglia_il_ben_mio__03_gesualdo_non_mi_toglia_il_ben_mio.mxl	https://test.cpdl.org/wiki/images/e/ea/Gesualdo_Non_mi_toglia_il_ben_mio.mxl	Gesualdo_Non_mi_toglia_il_ben_mio.mxl
125	Secular works for five voices	Non mirar, non mirare	https://test.cpdl.org/wiki/index.php/Non_mirar,_non_mirare_(Carlo_Gesualdo)	1	mxl	data/cpdl/5-voices/sources/125_non_mirar_non_mirare__01_gesualdo_non_mirar_non_mirare.mxl	https://test.cpdl.org/wiki/images/e/eb/Gesualdo_Non_mirar_non_mirare.mxl	Gesualdo_Non_mirar_non_mirare.mxl
126	Secular works for five voices	Non t'amo, o voce ingrata	https://test.cpdl.org/wiki/index.php/Non_t%27amo,_o_voce_ingrata_(Carlo_Gesualdo)	1	mxl	data/cpdl/5-voices/sources/126_non_t_amo_o_voce_ingrata__01_gesualdo_non_t_amo_o_voce_ingrata.mxl	https://test.cpdl.org/wiki/images/2/2d/Gesualdo_Non_t_amo_o_voce_ingrata.mxl	Gesualdo_Non_t_amo_o_voce_ingrata.mxl
127	Secular works for five voices	Non è questa la mano	https://test.cpdl.org/wiki/index.php/Non_%C3%A8_questa_la_mano_(Carlo_Gesualdo)	1	mxl	data/cpdl/5-voices/sources/127_non_e_questa_la_mano__01_gesualdo_non_e_questa_la_mano.mxl	https://test.cpdl.org/wiki/images/8/8c/Gesualdo_Non_%C3%A8_questa_la_mano.mxl	Gesualdo_Non_è_questa_la_mano.mxl
128	Secular works for five voices	O com'è gran martire	https://test.cpdl.org/wiki/index.php/O_com%27%C3%A8_gran_martire_(Carlo_Gesualdo)	1	mxl	data/cpdl/5-voices/sources/128_o_com_e_gran_martire__01_gesualdo_o_com_e_gran_martire.mxl	https://test.cpdl.org/wiki/images/d/da/Gesualdo_O_com_%C3%A8_gran_martire.mxl	Gesualdo_O_com_è_gran_martire.mxl
128	Secular works for five voices	O com'è gran martire	https://test.cpdl.org/wiki/index.php/O_com%27%C3%A8_gran_martire_(Carlo_Gesualdo)	2	mid	data/cpdl/5-voices/sources/128_o_com_e_gran_martire__02_10_o_come_e_gran_martire.mid	https://test.cpdl.org/wiki/images/b/b5/10._O_come_e_gran_martire.mid	10._O_come_e_gran_martire.mid
129	Secular works for five voices	O dolce mio martire	https://test.cpdl.org/wiki/index.php/O_dolce_mio_martire_(Carlo_Gesualdo)	1	mxl	data/cpdl/5-voices/sources/129_o_dolce_mio_martire__01_gesualdo_o_dolce_mio_martire.mxl	https://test.cpdl.org/wiki/images/f/fb/Gesualdo_O_dolce_mio_martire.mxl	Gesualdo_O_dolce_mio_martire.mxl
130	Secular works for five voices	O dolce mio tesoro	https://test.cpdl.org/wiki/index.php/O_dolce_mio_tesoro_(Carlo_Gesualdo)	1	mid	data/cpdl/5-voices/sources/130_o_dolce_mio_tesoro__01_o_dolce_mio_tesoro_gesualdo.mid	https://test.cpdl.org/wiki/images/7/78/O_dolce_mio_tesoro_Gesualdo.mid	O_dolce_mio_tesoro_Gesualdo.mid
130	Secular works for five voices	O dolce mio tesoro	https://test.cpdl.org/wiki/index.php/O_dolce_mio_tesoro_(Carlo_Gesualdo)	2	mxl	data/cpdl/5-voices/sources/130_o_dolce_mio_tesoro__02_o_dolce_mio_tesoro_gesualdo.mxl	https://test.cpdl.org/wiki/images/0/02/O_dolce_mio_tesoro_Gesualdo.mxl	O_dolce_mio_tesoro_Gesualdo.mxl
131	Secular works for five voices	O dolorosa gioia	https://test.cpdl.org/wiki/index.php/O_dolorosa_gioia_(Carlo_Gesualdo)	1	mid	data/cpdl/5-voices/sources/131_o_dolorosa_gioia__01_gesu_5odo.mid	https://test.cpdl.org/wiki/images/0/0b/Gesu-5ODo.mid	Gesu-5ODo.mid
131	Secular works for five voices	O dolorosa gioia	https://test.cpdl.org/wiki/index.php/O_dolorosa_gioia_(Carlo_Gesualdo)	2	mxl	data/cpdl/5-voices/sources/131_o_dolorosa_gioia__02_gesu_5odo.mxl	https://test.cpdl.org/wiki/images/e/e5/Gesu-5ODo.mxl	Gesu-5ODo.mxl
132	Secular works for five voices	O mal nati messagi	https://test.cpdl.org/wiki/index.php/O_mal_nati_messagi_(Carlo_Gesualdo)	1	mid	data/cpdl/5-voices/sources/132_o_mal_nati_messagi__01_o_mal_nati_messagi_gesualdo.mid	https://test.cpdl.org/wiki/images/3/31/O_mal_nati_messagi_Gesualdo.mid	O_mal_nati_messagi_Gesualdo.mid
132	Secular works for five voices	O mal nati messagi	https://test.cpdl.org/wiki/index.php/O_mal_nati_messagi_(Carlo_Gesualdo)	2	mxl	data/cpdl/5-voices/sources/132_o_mal_nati_messagi__02_o_mal_nati_messagi_gesualdo.mxl	https://test.cpdl.org/wiki/images/1/1e/O_mal_nati_messagi_Gesualdo.mxl	O_mal_nati_messagi_Gesualdo.mxl
132	Secular works for five voices	O mal nati messagi	https://test.cpdl.org/wiki/index.php/O_mal_nati_messagi_(Carlo_Gesualdo)	3	mid	data/cpdl/5-voices/sources/132_o_mal_nati_messagi__03_ws_gesu_oma.mid	https://test.cpdl.org/wiki/images/5/53/Ws-gesu-oma.mid	Ws-gesu-oma.mid
132	Secular works for five voices	O mal nati messagi	https://test.cpdl.org/wiki/index.php/O_mal_nati_messagi_(Carlo_Gesualdo)	4	mxl	data/cpdl/5-voices/sources/132_o_mal_nati_messagi__04_ws_gesu_oma.mxl	https://test.cpdl.org/wiki/images/1/17/Ws-gesu-oma.mxl	Ws-gesu-oma.mxl
134	Secular works for five voices	O tenebroso giorno	https://test.cpdl.org/wiki/index.php/O_tenebroso_giorno_(Carlo_Gesualdo)	1	mid	data/cpdl/5-voices/sources/134_o_tenebroso_giorno__01_gesu_19ote.mid	https://test.cpdl.org/wiki/images/2/29/Gesu-19OTe.mid	Gesu-19OTe.mid
134	Secular works for five voices	O tenebroso giorno	https://test.cpdl.org/wiki/index.php/O_tenebroso_giorno_(Carlo_Gesualdo)	2	mxl	data/cpdl/5-voices/sources/134_o_tenebroso_giorno__02_gesu_19ote.mxl	https://test.cpdl.org/wiki/images/a/a0/Gesu-19OTe.mxl	Gesu-19OTe.mxl
135	Secular works for five voices	O voi troppo felici	https://test.cpdl.org/wiki/index.php/O_voi_troppo_felici_(Carlo_Gesualdo)	1	mid	data/cpdl/5-voices/sources/135_o_voi_troppo_felici__01_gesu_12ovoi.mid	https://test.cpdl.org/wiki/images/0/0b/Gesu-12OVoi.mid	Gesu-12OVoi.mid
135	Secular works for five voices	O voi troppo felici	https://test.cpdl.org/wiki/index.php/O_voi_troppo_felici_(Carlo_Gesualdo)	2	mxl	data/cpdl/5-voices/sources/135_o_voi_troppo_felici__02_gesu_12ovoi.mxl	https://test.cpdl.org/wiki/images/0/05/Gesu-12OVoi.mxl	Gesu-12OVoi.mxl
136	Secular works for five voices	Occhi del mio cor vita	https://test.cpdl.org/wiki/index.php/Occhi_del_mio_cor_vita_(Carlo_Gesualdo)	1	mid	data/cpdl/5-voices/sources/136_occhi_del_mio_cor_vita__01_gesu_9occhisattb.mid	https://test.cpdl.org/wiki/images/2/2e/Gesu-9OcchiSATTB.mid	Gesu-9OcchiSATTB.mid
136	Secular works for five voices	Occhi del mio cor vita	https://test.cpdl.org/wiki/index.php/Occhi_del_mio_cor_vita_(Carlo_Gesualdo)	2	mxl	data/cpdl/5-voices/sources/136_occhi_del_mio_cor_vita__02_gesu_9occhisattb.mxl	https://test.cpdl.org/wiki/images/e/e2/Gesu-9OcchiSATTB.mxl	Gesu-9OcchiSATTB.mxl
137	Secular works for five voices	Or, che in gioia	https://test.cpdl.org/wiki/index.php/Or,_che_in_gioia_(Carlo_Gesualdo)	1	mid	data/cpdl/5-voices/sources/137_or_che_in_gioia__01_or_che_in_gioia_gesualdo.mid	https://test.cpdl.org/wiki/images/d/d9/Or%2C_che_in_gioia_Gesualdo.mid	Or,_che_in_gioia_Gesualdo.mid
137	Secular works for five voices	Or, che in gioia	https://test.cpdl.org/wiki/index.php/Or,_che_in_gioia_(Carlo_Gesualdo)	2	mxl	data/cpdl/5-voices/sources/137_or_che_in_gioia__02_or_che_in_gioia_gesualdo.mxl	https://test.cpdl.org/wiki/images/f/f4/Or%2C_che_in_gioia_Gesualdo.mxl	Or,_che_in_gioia_Gesualdo.mxl
138	Secular works for five voices	Poichè l'avida sete	https://test.cpdl.org/wiki/index.php/Poich%C3%A8_l%27avida_sete_(Carlo_Gesualdo)	1	mid	data/cpdl/5-voices/sources/138_poiche_l_avida_sete__01_gesu_17poi.mid	https://test.cpdl.org/wiki/images/6/65/Gesu-17Poi.mid	Gesu-17Poi.mid
138	Secular works for five voices	Poichè l'avida sete	https://test.cpdl.org/wiki/index.php/Poich%C3%A8_l%27avida_sete_(Carlo_Gesualdo)	2	mxl	data/cpdl/5-voices/sources/138_poiche_l_avida_sete__02_gesu_17poi.mxl	https://test.cpdl.org/wiki/images/4/49/Gesu-17Poi.mxl	Gesu-17Poi.mxl
139	Secular works for five voices	Qual fora, donna	https://test.cpdl.org/wiki/index.php/Qual_fora,_donna_(Carlo_Gesualdo)	1	mid	data/cpdl/5-voices/sources/139_qual_fora_donna__01_gesu_6qu.mid	https://test.cpdl.org/wiki/images/6/65/Gesu-6Qu.mid	Gesu-6Qu.mid
139	Secular works for five voices	Qual fora, donna	https://test.cpdl.org/wiki/index.php/Qual_fora,_donna_(Carlo_Gesualdo)	2	mxl	data/cpdl/5-voices/sources/139_qual_fora_donna__02_gesu_6qu.mxl	https://test.cpdl.org/wiki/images/8/85/Gesu-6Qu.mxl	Gesu-6Qu.mxl
140	Secular works for five voices	Quando l'alba novella	https://test.cpdl.org/wiki/index.php/Quando_l%27alba_novella_(Carlo_Gesualdo)	1	mid	data/cpdl/5-voices/sources/140_quando_l_alba_novella__01_gesualdo_quando_l_alba_novella.mid	https://test.cpdl.org/wiki/images/1/1a/Gesualdo-Quando_l%27alba_novella.mid	Gesualdo-Quando_l'alba_novella.mid
140	Secular works for five voices	Quando l'alba novella	https://test.cpdl.org/wiki/index.php/Quando_l%27alba_novella_(Carlo_Gesualdo)	2	mxl	data/cpdl/5-voices/sources/140_quando_l_alba_novella__02_gesualdo_quando_l_alba_novella.mxl	https://test.cpdl.org/wiki/images/9/91/Gesualdo-Quando_l%27alba_novella.mxl	Gesualdo-Quando_l'alba_novella.mxl
141	Secular works for five voices	Quando ridente e bella	https://test.cpdl.org/wiki/index.php/Quando_ridente_e_bella_(Carlo_Gesualdo)	1	mid	data/cpdl/5-voices/sources/141_quando_ridente_e_bella__01_quando_ridente_e_bella_gesualdo.mid	https://test.cpdl.org/wiki/images/0/0f/Quando_ridente_e_bella_Gesualdo.mid	Quando_ridente_e_bella_Gesualdo.mid
141	Secular works for five voices	Quando ridente e bella	https://test.cpdl.org/wiki/index.php/Quando_ridente_e_bella_(Carlo_Gesualdo)	2	mxl	data/cpdl/5-voices/sources/141_quando_ridente_e_bella__02_quando_ridente_e_bella_gesualdo.mxl	https://test.cpdl.org/wiki/images/2/2d/Quando_ridente_e_bella_Gesualdo.mxl	Quando_ridente_e_bella_Gesualdo.mxl
143	Secular works for five voices	Quel 'no' crudel che la mia speme ancise	https://test.cpdl.org/wiki/index.php/Quel_%27no%27_crudel_che_la_mia_speme_ancise_(Carlo_Gesualdo)	1	mid	data/cpdl/5-voices/sources/143_quel_no_crudel_che_la_mia_speme_ancise__01_quel_no_crudel_gesualdo.mid	https://test.cpdl.org/wiki/images/3/34/Quel_no_crudel_Gesualdo.mid	Quel_no_crudel_Gesualdo.mid
143	Secular works for five voices	Quel 'no' crudel che la mia speme ancise	https://test.cpdl.org/wiki/index.php/Quel_%27no%27_crudel_che_la_mia_speme_ancise_(Carlo_Gesualdo)	2	mxl	data/cpdl/5-voices/sources/143_quel_no_crudel_che_la_mia_speme_ancise__02_quel_no_crudel_gesualdo.mxl	https://test.cpdl.org/wiki/images/0/09/Quel_no_crudel_Gesualdo.mxl	Quel_no_crudel_Gesualdo.mxl
144	Secular works for five voices	Questa crudele e pia	https://test.cpdl.org/wiki/index.php/Questa_crudele_e_pia_(Carlo_Gesualdo)	1	mid	data/cpdl/5-voices/sources/144_questa_crudele_e_pia__01_questa_crudele_et_pia_gesualdo.mid	https://test.cpdl.org/wiki/images/a/aa/Questa_crudele_et_pia_Gesualdo.mid	Questa_crudele_et_pia_Gesualdo.mid
144	Secular works for five voices	Questa crudele e pia	https://test.cpdl.org/wiki/index.php/Questa_crudele_e_pia_(Carlo_Gesualdo)	2	mxl	data/cpdl/5-voices/sources/144_questa_crudele_e_pia__02_questa_crudele_et_pia_gesualdo.mxl	https://test.cpdl.org/wiki/images/d/d7/Questa_crudele_et_pia_Gesualdo.mxl	Questa_crudele_et_pia_Gesualdo.mxl
145	Secular works for five voices	Questi leggiadri odorosetti fiori	https://test.cpdl.org/wiki/index.php/Questi_leggiadri_odorosetti_fiori_(Carlo_Gesualdo)	1	mid	data/cpdl/5-voices/sources/145_questi_leggiadri_odorosetti_fiori__01_gesualdo_questi.mid	https://test.cpdl.org/wiki/images/9/94/Gesualdo_Questi.mid	Gesualdo_Questi.mid
145	Secular works for five voices	Questi leggiadri odorosetti fiori	https://test.cpdl.org/wiki/index.php/Questi_leggiadri_odorosetti_fiori_(Carlo_Gesualdo)	2	mxl	data/cpdl/5-voices/sources/145_questi_leggiadri_odorosetti_fiori__02_gesualdo_questi_cpdl.mxl	https://test.cpdl.org/wiki/images/d/d4/Gesualdo_Questi_cpdl.mxl	Gesualdo_Questi_cpdl.mxl
145	Secular works for five voices	Questi leggiadri odorosetti fiori	https://test.cpdl.org/wiki/index.php/Questi_leggiadri_odorosetti_fiori_(Carlo_Gesualdo)	3	mxl	data/cpdl/5-voices/sources/145_questi_leggiadri_odorosetti_fiori__03_gesualdo_questi_leggiadri_odorosetti_fiori.mxl	https://test.cpdl.org/wiki/images/f/fb/Gesualdo_Questi_leggiadri_odorosetti_fiori.mxl	Gesualdo_Questi_leggiadri_odorosetti_fiori.mxl
146	Secular works for five voices	Resta di darmi noia	https://test.cpdl.org/wiki/index.php/Resta_di_darmi_noia_(Carlo_Gesualdo)	1	mid	data/cpdl/5-voices/sources/146_resta_di_darmi_noia__01_resta_di_darmi_noia_gesualdo.mid	https://test.cpdl.org/wiki/images/8/82/Resta_di_darmi_noia_Gesualdo.mid	Resta_di_darmi_noia_Gesualdo.mid
146	Secular works for five voices	Resta di darmi noia	https://test.cpdl.org/wiki/index.php/Resta_di_darmi_noia_(Carlo_Gesualdo)	2	mxl	data/cpdl/5-voices/sources/146_resta_di_darmi_noia__02_resta_di_darmi_noia_gesualdo.mxl	https://test.cpdl.org/wiki/images/a/a4/Resta_di_darmi_noia_Gesualdo.mxl	Resta_di_darmi_noia_Gesualdo.mxl
146	Secular works for five voices	Resta di darmi noia	https://test.cpdl.org/wiki/index.php/Resta_di_darmi_noia_(Carlo_Gesualdo)	3	mid	data/cpdl/5-voices/sources/146_resta_di_darmi_noia__03_ges_6_04.mid	https://test.cpdl.org/wiki/images/d/d4/Ges-6-04.mid	Ges-6-04.mid
147	Secular works for five voices	S'io non miro non moro	https://test.cpdl.org/wiki/index.php/S%27io_non_miro_non_moro_(Carlo_Gesualdo)	1	mid	data/cpdl/5-voices/sources/147_s_io_non_miro_non_moro__01_sio_non_miro_gesualdo.mid	https://test.cpdl.org/wiki/images/5/57/Sio_non_miro_Gesualdo.mid	Sio_non_miro_Gesualdo.mid
147	Secular works for five voices	S'io non miro non moro	https://test.cpdl.org/wiki/index.php/S%27io_non_miro_non_moro_(Carlo_Gesualdo)	2	mxl	data/cpdl/5-voices/sources/147_s_io_non_miro_non_moro__02_sio_non_miro_gesualdo.mxl	https://test.cpdl.org/wiki/images/6/69/Sio_non_miro_Gesualdo.mxl	Sio_non_miro_Gesualdo.mxl
147	Secular works for five voices	S'io non miro non moro	https://test.cpdl.org/wiki/index.php/S%27io_non_miro_non_moro_(Carlo_Gesualdo)	3	mid	data/cpdl/5-voices/sources/147_s_io_non_miro_non_moro__03_gesu_2sio.mid	https://test.cpdl.org/wiki/images/8/8f/Gesu-2Sio.mid	Gesu-2Sio.mid
147	Secular works for five voices	S'io non miro non moro	https://test.cpdl.org/wiki/index.php/S%27io_non_miro_non_moro_(Carlo_Gesualdo)	4	mxl	data/cpdl/5-voices/sources/147_s_io_non_miro_non_moro__04_gesu_2sio.mxl	https://test.cpdl.org/wiki/images/0/0c/Gesu-2Sio.mxl	Gesu-2Sio.mxl
147	Secular works for five voices	S'io non miro non moro	https://test.cpdl.org/wiki/index.php/S%27io_non_miro_non_moro_(Carlo_Gesualdo)	5	mid	data/cpdl/5-voices/sources/147_s_io_non_miro_non_moro__05_ws_gesu_sio.mid	https://test.cpdl.org/wiki/images/1/1f/Ws-gesu-sio.mid	Ws-gesu-sio.mid
147	Secular works for five voices	S'io non miro non moro	https://test.cpdl.org/wiki/index.php/S%27io_non_miro_non_moro_(Carlo_Gesualdo)	6	mxl	data/cpdl/5-voices/sources/147_s_io_non_miro_non_moro__06_ws_gesu_sio.mxl	https://test.cpdl.org/wiki/images/d/d7/Ws-gesu-sio.mxl	Ws-gesu-sio.mxl
148	Secular works for five voices	Se chiudete nel core	https://test.cpdl.org/wiki/index.php/Se_chiudete_nel_core_(Carlo_Gesualdo)	1	mid	data/cpdl/5-voices/sources/148_se_chiudete_nel_core__01_se_chiudete_nel_core_gesualdo.mid	https://test.cpdl.org/wiki/images/6/6b/Se_chiudete_nel_core_Gesualdo.mid	Se_chiudete_nel_core_Gesualdo.mid
148	Secular works for five voices	Se chiudete nel core	https://test.cpdl.org/wiki/index.php/Se_chiudete_nel_core_(Carlo_Gesualdo)	2	mxl	data/cpdl/5-voices/sources/148_se_chiudete_nel_core__02_se_chiudete_nel_core_gesualdo.mxl	https://test.cpdl.org/wiki/images/3/32/Se_chiudete_nel_core_Gesualdo.mxl	Se_chiudete_nel_core_Gesualdo.mxl
149	Secular works for five voices	Se così dolce è il duolo	https://test.cpdl.org/wiki/index.php/Se_cos%C3%AC_dolce_%C3%A8_il_duolo_(Carlo_Gesualdo)	1	mxl	data/cpdl/5-voices/sources/149_se_cosi_dolce_e_il_duolo__01_gesualdo_se_cosi_dolce_e_il_duolo.mxl	https://test.cpdl.org/wiki/images/b/b4/Gesualdo_Se_cos%C3%AC_dolce_%C3%A8_il_duolo.mxl	Gesualdo_Se_così_dolce_è_il_duolo.mxl
149	Secular works for five voices	Se così dolce è il duolo	https://test.cpdl.org/wiki/index.php/Se_cos%C3%AC_dolce_%C3%A8_il_duolo_(Carlo_Gesualdo)	2	mid	data/cpdl/5-voices/sources/149_se_cosi_dolce_e_il_duolo__02_7_se_cosi_dolce.mid	https://test.cpdl.org/wiki/images/2/20/7._Se_cosi_dolce.mid	7._Se_cosi_dolce.mid
150	Secular works for five voices	Se da sì nobil mano	https://test.cpdl.org/wiki/index.php/Se_da_s%C3%AC_nobil_mano_(Carlo_Gesualdo)	1	mxl	data/cpdl/5-voices/sources/150_se_da_si_nobil_mano__01_gesualdo_se_da_si_nobil_mano.mxl	https://test.cpdl.org/wiki/images/1/1d/Gesualdo_Se_da_s%C3%AC_nobil_mano.mxl	Gesualdo_Se_da_sì_nobil_mano.mxl
151	Secular works for five voices	Se la mia morte brami	https://test.cpdl.org/wiki/index.php/Se_la_mia_morte_brami_(Carlo_Gesualdo)	1	midi	data/cpdl/5-voices/sources/151_se_la_mia_morte_brami__01_gesualdo_se_la_mia_morte_brami.midi	https://test.cpdl.org/wiki/images/9/91/Gesualdo_-_Se_la_mia_morte_brami.midi	Gesualdo_-_Se_la_mia_morte_brami.midi
151	Secular works for five voices	Se la mia morte brami	https://test.cpdl.org/wiki/index.php/Se_la_mia_morte_brami_(Carlo_Gesualdo)	2	mxl	data/cpdl/5-voices/sources/151_se_la_mia_morte_brami__02_gesualdo_se_la_mia_morte_brami.mxl	https://test.cpdl.org/wiki/images/3/3a/Gesualdo_-_Se_la_mia_morte_brami.mxl	Gesualdo_-_Se_la_mia_morte_brami.mxl
151	Secular works for five voices	Se la mia morte brami	https://test.cpdl.org/wiki/index.php/Se_la_mia_morte_brami_(Carlo_Gesualdo)	3	midi	data/cpdl/5-voices/sources/151_se_la_mia_morte_brami__03_gesualdo_se_la_mia_morte_brami_down_a_fourth.midi	https://test.cpdl.org/wiki/images/1/16/Gesualdo_-_Se_la_mia_morte_brami_-_down_a_fourth.midi	Gesualdo_-_Se_la_mia_morte_brami_-_down_a_fourth.midi
151	Secular works for five voices	Se la mia morte brami	https://test.cpdl.org/wiki/index.php/Se_la_mia_morte_brami_(Carlo_Gesualdo)	4	mid	data/cpdl/5-voices/sources/151_se_la_mia_morte_brami__04_se_la_mia_morte_brami_gesualdo.mid	https://test.cpdl.org/wiki/images/2/2c/Se_la_mia_morte_brami_Gesualdo.mid	Se_la_mia_morte_brami_Gesualdo.mid
151	Secular works for five voices	Se la mia morte brami	https://test.cpdl.org/wiki/index.php/Se_la_mia_morte_brami_(Carlo_Gesualdo)	5	mxl	data/cpdl/5-voices/sources/151_se_la_mia_morte_brami__05_se_la_mia_morte_brami_gesualdo.mxl	https://test.cpdl.org/wiki/images/a/a8/Se_la_mia_morte_brami_Gesualdo.mxl	Se_la_mia_morte_brami_Gesualdo.mxl
152	Secular works for five voices	Se per lieve ferita	https://test.cpdl.org/wiki/index.php/Se_per_lieve_ferita_(Carlo_Gesualdo)	1	mxl	data/cpdl/5-voices/sources/152_se_per_lieve_ferita__01_gesualdo_se_per_lieve.mxl	https://test.cpdl.org/wiki/images/e/e4/Gesualdo_Se_per_lieve.mxl	Gesualdo_Se_per_lieve.mxl
152	Secular works for five voices	Se per lieve ferita	https://test.cpdl.org/wiki/index.php/Se_per_lieve_ferita_(Carlo_Gesualdo)	2	mid	data/cpdl/5-voices/sources/152_se_per_lieve_ferita__02_4_se_per_lieve_ferita.mid	https://test.cpdl.org/wiki/images/8/88/4._Se_per_lieve_ferita.mid	4._Se_per_lieve_ferita.mid
153	Secular works for five voices	Se piange, ahimè, la donna del mio core	https://test.cpdl.org/wiki/index.php/Se_piange,_ahim%C3%A8,_la_donna_del_mio_core_(Carlo_Gesualdo)	1	mxl	data/cpdl/5-voices/sources/153_se_piange_ahime_la_donna_del_mio_core__01_gesualdo_se_piange_oime_la_donna_del_mio_core.mxl	https://test.cpdl.org/wiki/images/e/ec/Gesualdo_Se_piange_oime_la_donna_del_mio_core.mxl	Gesualdo_Se_piange_oime_la_donna_del_mio_core.mxl
154	Secular works for five voices	Se taccio, il duol s'avanza	https://test.cpdl.org/wiki/index.php/Se_taccio,_il_duol_s%27avanza_(Carlo_Gesualdo)	1	mid	data/cpdl/5-voices/sources/154_se_taccio_il_duol_s_avanza__01_gesualdo_se_taccio_il_duol_s_avanza.mid	https://test.cpdl.org/wiki/images/a/a8/Gesualdo-Se_taccio%2C_il_duol_s%27avanza.mid	Gesualdo-Se_taccio,_il_duol_s'avanza.mid
154	Secular works for five voices	Se taccio, il duol s'avanza	https://test.cpdl.org/wiki/index.php/Se_taccio,_il_duol_s%27avanza_(Carlo_Gesualdo)	2	mxl	data/cpdl/5-voices/sources/154_se_taccio_il_duol_s_avanza__02_gesualdo_se_taccio_il_duol_s_avanza.mxl	https://test.cpdl.org/wiki/images/7/7a/Gesualdo-Se_taccio%2C_il_duol_s%27avanza.mxl	Gesualdo-Se_taccio,_il_duol_s'avanza.mxl
154	Secular works for five voices	Se taccio, il duol s'avanza	https://test.cpdl.org/wiki/index.php/Se_taccio,_il_duol_s%27avanza_(Carlo_Gesualdo)	3	mxl	data/cpdl/5-voices/sources/154_se_taccio_il_duol_s_avanza__03_gesualdo_se_taccio_il_duol_s_avanza.mxl	https://test.cpdl.org/wiki/images/9/94/Gesualdo_Se_taccio_il_duol_s_avanza.mxl	Gesualdo_Se_taccio_il_duol_s_avanza.mxl
154	Secular works for five voices	Se taccio, il duol s'avanza	https://test.cpdl.org/wiki/index.php/Se_taccio,_il_duol_s%27avanza_(Carlo_Gesualdo)	4	mid	data/cpdl/5-voices/sources/154_se_taccio_il_duol_s_avanza__04_9_se_taccio_il_duol_s_avanza.mid	https://test.cpdl.org/wiki/images/d/d1/9._Se_taccio_il_duol_s%27avanza.mid	9._Se_taccio_il_duol_s'avanza.mid
155	Secular works for five voices	Se tu fuggi	https://test.cpdl.org/wiki/index.php/Se_tu_fuggi_(Carlo_Gesualdo)	1	mid	data/cpdl/5-voices/sources/155_se_tu_fuggi__01_gesu_20se.mid	https://test.cpdl.org/wiki/images/1/13/Gesu-20Se.mid	Gesu-20Se.mid
155	Secular works for five voices	Se tu fuggi	https://test.cpdl.org/wiki/index.php/Se_tu_fuggi_(Carlo_Gesualdo)	2	mxl	data/cpdl/5-voices/sources/155_se_tu_fuggi__02_gesu_20se.mxl	https://test.cpdl.org/wiki/images/c/c2/Gesu-20Se.mxl	Gesu-20Se.mxl
156	Secular works for five voices	Se vi duol il mio duolo	https://test.cpdl.org/wiki/index.php/Se_vi_duol_il_mio_duolo_(Carlo_Gesualdo)	1	mid	data/cpdl/5-voices/sources/156_se_vi_duol_il_mio_duolo__01_gesu_8se.mid	https://test.cpdl.org/wiki/images/e/e3/Gesu-8Se.mid	Gesu-8Se.mid
156	Secular works for five voices	Se vi duol il mio duolo	https://test.cpdl.org/wiki/index.php/Se_vi_duol_il_mio_duolo_(Carlo_Gesualdo)	2	mxl	data/cpdl/5-voices/sources/156_se_vi_duol_il_mio_duolo__02_gesu_8se.mxl	https://test.cpdl.org/wiki/images/f/f1/Gesu-8Se.mxl	Gesu-8Se.mxl
157	Secular works for five voices	Se vi miro pietosa	https://test.cpdl.org/wiki/index.php/Se_vi_miro_pietosa_(Carlo_Gesualdo)	1	mxl	data/cpdl/5-voices/sources/157_se_vi_miro_pietosa__01_gesualdo_se_vi_miro_pietosa.mxl	https://test.cpdl.org/wiki/images/c/cf/Gesualdo_Se_vi_miro_pietosa.mxl	Gesualdo_Se_vi_miro_pietosa.mxl
158	Secular works for five voices	Sento che nel partire	https://test.cpdl.org/wiki/index.php/Sento_che_nel_partire_(Carlo_Gesualdo)	1	mid	data/cpdl/5-voices/sources/158_sento_che_nel_partire__01_gesualdo_sento_che_nel_partire.mid	https://test.cpdl.org/wiki/images/f/f7/Gesualdo_Sento_che_nel_partire.mid	Gesualdo_Sento_che_nel_partire.mid
158	Secular works for five voices	Sento che nel partire	https://test.cpdl.org/wiki/index.php/Sento_che_nel_partire_(Carlo_Gesualdo)	2	mxl	data/cpdl/5-voices/sources/158_sento_che_nel_partire__02_gesualdo_sento_che_nel_partire.mxl	https://test.cpdl.org/wiki/images/a/ac/Gesualdo_Sento_che_nel_partire.mxl	Gesualdo_Sento_che_nel_partire.mxl
159	Secular works for five voices	Son sì belle le rose	https://test.cpdl.org/wiki/index.php/Son_s%C3%AC_belle_le_rose_(Carlo_Gesualdo)	1	mxl	data/cpdl/5-voices/sources/159_son_si_belle_le_rose__01_gesualdo_son_si_belle_le_rose.mxl	https://test.cpdl.org/wiki/images/8/8d/Gesualdo_Son_si_belle_le_rose.mxl	Gesualdo_Son_si_belle_le_rose.mxl
160	Secular works for five voices	Sospirava	https://test.cpdl.org/wiki/index.php/Sospirava_(Carlo_Gesualdo)	1	mid	data/cpdl/5-voices/sources/160_sospirava__01_sospirava_gesualdo.mid	https://test.cpdl.org/wiki/images/4/41/Sospirava_Gesualdo.mid	Sospirava_Gesualdo.mid
160	Secular works for five voices	Sospirava	https://test.cpdl.org/wiki/index.php/Sospirava_(Carlo_Gesualdo)	2	mxl	data/cpdl/5-voices/sources/160_sospirava__02_sospirava_gesualdo.mxl	https://test.cpdl.org/wiki/images/0/03/Sospirava_Gesualdo.mxl	Sospirava_Gesualdo.mxl
160	Secular works for five voices	Sospirava	https://test.cpdl.org/wiki/index.php/Sospirava_(Carlo_Gesualdo)	3	mid	data/cpdl/5-voices/sources/160_sospirava__03_ws_gesu_sos.mid	https://test.cpdl.org/wiki/images/a/af/Ws-gesu-sos.mid	Ws-gesu-sos.mid
160	Secular works for five voices	Sospirava	https://test.cpdl.org/wiki/index.php/Sospirava_(Carlo_Gesualdo)	4	mxl	data/cpdl/5-voices/sources/160_sospirava__04_ws_gesu_sos.mxl	https://test.cpdl.org/wiki/images/9/93/Ws-gesu-sos.mxl	Ws-gesu-sos.mxl
161	Secular works for five voices	Sparge la morte	https://test.cpdl.org/wiki/index.php/Sparge_la_morte_(Carlo_Gesualdo)	1	mid	data/cpdl/5-voices/sources/161_sparge_la_morte__01_sparge_la_morte_gesualdo.mid	https://test.cpdl.org/wiki/images/2/28/Sparge_la_morte_Gesualdo.mid	Sparge_la_morte_Gesualdo.mid
161	Secular works for five voices	Sparge la morte	https://test.cpdl.org/wiki/index.php/Sparge_la_morte_(Carlo_Gesualdo)	2	mxl	data/cpdl/5-voices/sources/161_sparge_la_morte__02_sparge_la_morte_gesualdo.mxl	https://test.cpdl.org/wiki/images/1/12/Sparge_la_morte_Gesualdo.mxl	Sparge_la_morte_Gesualdo.mxl
162	Secular works for five voices	Sì gioioso mi fanno i dolor miei	https://test.cpdl.org/wiki/index.php/S%C3%AC_gioioso_mi_fanno_i_dolor_miei_(Carlo_Gesualdo)	1	mxl	data/cpdl/5-voices/sources/162_si_gioioso_mi_fanno_i_dolor_miei__01_gesualdo_si_gioioso_mi_fanno_i_dolor_miei.mxl	https://test.cpdl.org/wiki/images/4/4a/Gesualdo_S%C3%AC_gioioso_mi_fanno_i_dolor_miei.mxl	Gesualdo_Sì_gioioso_mi_fanno_i_dolor_miei.mxl
163	Secular works for five voices	T'amo, mia vita	https://test.cpdl.org/wiki/index.php/T%27amo,_mia_vita_(Carlo_Gesualdo)	1	mid	data/cpdl/5-voices/sources/163_t_amo_mia_vita__01_t_amo_mia_vita_gesualdo.mid	https://test.cpdl.org/wiki/images/3/3d/T%27amo%2C_mia_vita_Gesualdo.mid	T'amo,_mia_vita_Gesualdo.mid
163	Secular works for five voices	T'amo, mia vita	https://test.cpdl.org/wiki/index.php/T%27amo,_mia_vita_(Carlo_Gesualdo)	2	mxl	data/cpdl/5-voices/sources/163_t_amo_mia_vita__02_t_amo_mia_vita_gesualdo.mxl	https://test.cpdl.org/wiki/images/2/25/T%27amo%2C_mia_vita_Gesualdo.mxl	T'amo,_mia_vita_Gesualdo.mxl
163	Secular works for five voices	T'amo, mia vita	https://test.cpdl.org/wiki/index.php/T%27amo,_mia_vita_(Carlo_Gesualdo)	3	mxl	data/cpdl/5-voices/sources/163_t_amo_mia_vita__03_gesu_tam.mxl	https://test.cpdl.org/wiki/images/1/10/Gesu_tam.mxl	Gesu_tam.mxl
163	Secular works for five voices	T'amo, mia vita	https://test.cpdl.org/wiki/index.php/T%27amo,_mia_vita_(Carlo_Gesualdo)	4	mid	data/cpdl/5-voices/sources/163_t_amo_mia_vita__04_gesu_21ta.mid	https://test.cpdl.org/wiki/images/a/a7/Gesu-21TA.mid	Gesu-21TA.mid
163	Secular works for five voices	T'amo, mia vita	https://test.cpdl.org/wiki/index.php/T%27amo,_mia_vita_(Carlo_Gesualdo)	5	mxl	data/cpdl/5-voices/sources/163_t_amo_mia_vita__05_gesu_21ta.mxl	https://test.cpdl.org/wiki/images/0/0e/Gesu-21TA.mxl	Gesu-21TA.mxl
164	Secular works for five voices	Tall'or sano desio	https://test.cpdl.org/wiki/index.php/Tall%27or_sano_desio_(Carlo_Gesualdo)	1	mid	data/cpdl/5-voices/sources/164_tall_or_sano_desio__01_tall_or_sano_desio_gesualdo.mid	https://test.cpdl.org/wiki/images/2/29/Tall%27or_sano_desio_Gesualdo.mid	Tall'or_sano_desio_Gesualdo.mid
164	Secular works for five voices	Tall'or sano desio	https://test.cpdl.org/wiki/index.php/Tall%27or_sano_desio_(Carlo_Gesualdo)	2	mxl	data/cpdl/5-voices/sources/164_tall_or_sano_desio__02_tall_or_sano_desio_gesualdo.mxl	https://test.cpdl.org/wiki/images/a/a9/Tall%27or_sano_desio_Gesualdo.mxl	Tall'or_sano_desio_Gesualdo.mxl
164	Secular works for five voices	Tall'or sano desio	https://test.cpdl.org/wiki/index.php/Tall%27or_sano_desio_(Carlo_Gesualdo)	3	mid	data/cpdl/5-voices/sources/164_tall_or_sano_desio__03_gesualdo_tall_hor_sano_desio.mid	https://test.cpdl.org/wiki/images/3/3b/Gesualdo-Tall%27hor_sano_desio.mid	Gesualdo-Tall'hor_sano_desio.mid
164	Secular works for five voices	Tall'or sano desio	https://test.cpdl.org/wiki/index.php/Tall%27or_sano_desio_(Carlo_Gesualdo)	4	mxl	data/cpdl/5-voices/sources/164_tall_or_sano_desio__04_gesualdo_tall_hor_sano_desio.mxl	https://test.cpdl.org/wiki/images/e/eb/Gesualdo-Tall%27hor_sano_desio.mxl	Gesualdo-Tall'hor_sano_desio.mxl
165	Secular works for five voices	Tirsi morir volea	https://test.cpdl.org/wiki/index.php/Tirsi_morir_volea_(Carlo_Gesualdo)	1	mxl	data/cpdl/5-voices/sources/165_tirsi_morir_volea__01_gesualdo_tirsi_morir_volea.mxl	https://test.cpdl.org/wiki/images/d/d4/Gesualdo_Tirsi_morir_volea.mxl	Gesualdo_Tirsi_morir_volea.mxl
165	Secular works for five voices	Tirsi morir volea	https://test.cpdl.org/wiki/index.php/Tirsi_morir_volea_(Carlo_Gesualdo)	2	mid	data/cpdl/5-voices/sources/165_tirsi_morir_volea__02_gesualdo_tirsi_morir_volea.mid	https://test.cpdl.org/wiki/images/9/9c/Gesualdo-Tirsi_morir_volea.mid	Gesualdo-Tirsi_morir_volea.mid
165	Secular works for five voices	Tirsi morir volea	https://test.cpdl.org/wiki/index.php/Tirsi_morir_volea_(Carlo_Gesualdo)	3	mxl	data/cpdl/5-voices/sources/165_tirsi_morir_volea__03_gesualdo_tirsi_morir_volea.mxl	https://test.cpdl.org/wiki/images/0/0b/Gesualdo-Tirsi_morir_volea.mxl	Gesualdo-Tirsi_morir_volea.mxl
166	Secular works for five voices	Tu m'uccidi, o crudele	https://test.cpdl.org/wiki/index.php/Tu_m%27uccidi,_o_crudele_(Carlo_Gesualdo)	1	mxl	data/cpdl/5-voices/sources/166_tu_m_uccidi_o_crudele__01_gesu_tum.mxl	https://test.cpdl.org/wiki/images/5/51/Gesu_tum.mxl	Gesu_tum.mxl
166	Secular works for five voices	Tu m'uccidi, o crudele	https://test.cpdl.org/wiki/index.php/Tu_m%27uccidi,_o_crudele_(Carlo_Gesualdo)	2	midi	data/cpdl/5-voices/sources/166_tu_m_uccidi_o_crudele__02_gesu_tum.midi	https://test.cpdl.org/wiki/images/5/56/Gesu-tum.midi	Gesu-tum.midi
166	Secular works for five voices	Tu m'uccidi, o crudele	https://test.cpdl.org/wiki/index.php/Tu_m%27uccidi,_o_crudele_(Carlo_Gesualdo)	3	mid	data/cpdl/5-voices/sources/166_tu_m_uccidi_o_crudele__03_gesu_15tu.mid	https://test.cpdl.org/wiki/images/4/4b/Gesu-15Tu.mid	Gesu-15Tu.mid
166	Secular works for five voices	Tu m'uccidi, o crudele	https://test.cpdl.org/wiki/index.php/Tu_m%27uccidi,_o_crudele_(Carlo_Gesualdo)	4	mxl	data/cpdl/5-voices/sources/166_tu_m_uccidi_o_crudele__04_gesu_15tu.mxl	https://test.cpdl.org/wiki/images/1/1c/Gesu-15Tu.mxl	Gesu-15Tu.mxl
167	Secular works for five voices	Tu piangi, o Filli mia	https://test.cpdl.org/wiki/index.php/Tu_piangi,_o_Filli_mia_(Carlo_Gesualdo)	1	mid	data/cpdl/5-voices/sources/167_tu_piangi_o_filli_mia__01_tu_piangi_o_filli_mia_gesualdo.mid	https://test.cpdl.org/wiki/images/8/81/Tu_piangi%2C_O_Filli_mia_Gesualdo.mid	Tu_piangi,_O_Filli_mia_Gesualdo.mid
167	Secular works for five voices	Tu piangi, o Filli mia	https://test.cpdl.org/wiki/index.php/Tu_piangi,_o_Filli_mia_(Carlo_Gesualdo)	2	mxl	data/cpdl/5-voices/sources/167_tu_piangi_o_filli_mia__02_tu_piangi_o_filli_mia_gesualdo.mxl	https://test.cpdl.org/wiki/images/6/64/Tu_piangi%2C_O_Filli_mia_Gesualdo.mxl	Tu_piangi,_O_Filli_mia_Gesualdo.mxl
168	Secular works for five voices	Tu segui, o bella Clori	https://test.cpdl.org/wiki/index.php/Tu_segui,_o_bella_Clori_(Carlo_Gesualdo)	1	mid	data/cpdl/5-voices/sources/168_tu_segui_o_bella_clori__01_tu_segui_o_bella_clori_gesualdo.mid	https://test.cpdl.org/wiki/images/f/fd/Tu_segui%2C_o_bella_Clori_Gesualdo.mid	Tu_segui,_o_bella_Clori_Gesualdo.mid
168	Secular works for five voices	Tu segui, o bella Clori	https://test.cpdl.org/wiki/index.php/Tu_segui,_o_bella_Clori_(Carlo_Gesualdo)	2	mxl	data/cpdl/5-voices/sources/168_tu_segui_o_bella_clori__02_tu_segui_o_bella_clori_gesualdo.mxl	https://test.cpdl.org/wiki/images/4/49/Tu_segui%2C_o_bella_Clori_Gesualdo.mxl	Tu_segui,_o_bella_Clori_Gesualdo.mxl
169	Secular works for five voices	Veggio sì, dal mio sole	https://test.cpdl.org/wiki/index.php/Veggio_s%C3%AC,_dal_mio_sole_(Carlo_Gesualdo)	1	mxl	data/cpdl/5-voices/sources/169_veggio_si_dal_mio_sole__01_gesualdo_veggio_si_dal_mio_sole.mxl	https://test.cpdl.org/wiki/images/2/24/Gesualdo_Veggio_s%C3%AC_dal_mio_sole.mxl	Gesualdo_Veggio_sì_dal_mio_sole.mxl
170	Secular works for five voices	Voi volete ch'io mora	https://test.cpdl.org/wiki/index.php/Voi_volete_ch%27io_mora_(Carlo_Gesualdo)	1	mxl	data/cpdl/5-voices/sources/170_voi_volete_ch_io_mora__01_gesualdo_voi_volete_ch_io_mora.mxl	https://test.cpdl.org/wiki/images/2/2f/Gesualdo_Voi_volete_ch_io_mora.mxl	Gesualdo_Voi_volete_ch_io_mora.mxl
171	Secular works for five voices	Volan quasi farfalle	https://test.cpdl.org/wiki/index.php/Volan_quasi_farfalle_(Carlo_Gesualdo)	1	mid	data/cpdl/5-voices/sources/171_volan_quasi_farfalle__01_volan_quasi_farfalle_gesualdo.mid	https://test.cpdl.org/wiki/images/a/a6/Volan_quasi_farfalle_Gesualdo.mid	Volan_quasi_farfalle_Gesualdo.mid
171	Secular works for five voices	Volan quasi farfalle	https://test.cpdl.org/wiki/index.php/Volan_quasi_farfalle_(Carlo_Gesualdo)	2	mxl	data/cpdl/5-voices/sources/171_volan_quasi_farfalle__02_volan_quasi_farfalle_gesualdo.mxl	https://test.cpdl.org/wiki/images/e/e5/Volan_quasi_farfalle_Gesualdo.mxl	Volan_quasi_farfalle_Gesualdo.mxl
172	Secular works for six voices	Donna, se m'ancidete	https://test.cpdl.org/wiki/index.php/Donna,_se_m%27ancidete_(Carlo_Gesualdo)	1	mxl	data/cpdl/6-voices/sources/172_donna_se_m_ancidete__01_gesualdo_donna_se_m_ancidete.mxl	https://test.cpdl.org/wiki/images/a/a3/Gesualdo_Donna_se_m_ancidete.mxl	Gesualdo_Donna_se_m_ancidete.mxl
173	Secular works for six voices	Il sol, qual or più splende	https://test.cpdl.org/wiki/index.php/Il_sol,_qual_or_pi%C3%B9_splende_(Carlo_Gesualdo)	1	mxl	data/cpdl/6-voices/sources/173_il_sol_qual_or_piu_splende__01_il_sol_qual_or_piu_splende.mxl	https://test.cpdl.org/wiki/images/c/cd/Il_sol_qual_or_pi%C3%B9_splende.mxl	Il_sol_qual_or_più_splende.mxl
